image_name,segmentation_method,object_id,centroid_y_px,centroid_x_px,area_px,perimeter_px,mean_intensity,equivalent_radius_px,circularity,segmentation_file
Condição 1 - 1_.jpg,ConvPaint,1,1.0,1574.0,8.0,6.621320343559642,0.513235330581665,1.5957691216057308,2.293034829362367,C:\Users\sophi\napari-organoid-segmentation\reports\segmentations\organoid_measurements_aspirina_1_sparse_segmentations\Condição 1 - 1__labels.tif
Condição 1 - 1_.jpg,ConvPaint,2,0.0,1580.0,1.0,0.0,0.47843137383461,0.5641895835477563,,C:\Users\sophi\napari-organoid-segmentation\reports\segmentations\organoid_measurements_aspirina_1_sparse_segmentations\Condição 1 - 1__labels.tif
Condição 1 - 1_.jpg,ConvPaint,3,2.711340206185567,1618.233676975945,291.0,116.38477631085023,0.4544841945171356,9.624353322664494,0.26996688816449205,C:\Users\sophi\napari-organoid-segmentation\reports\segmentations\organoid_measurements_aspirina_1_sparse_segmentations\Condição 1 - 1__labels.tif
Condição 1 - 1_.jpg,ConvPaint,4,2.5,1562.0,2.0,0.0,0.545098066329956,0.7978845608028654,,C:\Users\sophi\napari-organoid-segmentation\reports\segmentations\organoid_measurements_aspirina_1_sparse_segmentations\Condição 1 - 1__labels.tif
Condição 1 - 1_.jpg,ConvPaint,5,12.0,1606.0,1.0,0.0,0.5098039507865906,0.5641895835477563,,C:\Users\sophi\napari-organoid-segmentation\reports\segmentations\organoid_measurements_aspirina_1_sparse_segmentations\Condição 1 - 1__labels.tif
Condição 1 - 1_.jpg,ConvPaint,6,252.1478528991502,324.70688877190344,26594.0,1499.2600640985715,0.2910013794898987,92.00615801766602,0.14867555994268203,C:\Users\sophi\napari-organoid-segmentation\reports\segmentations\organoid_measurements_aspirina_1_sparse_segmentations\Condição 1 - 1__labels.tif
Condição 1 - 1_.jpg,ConvPaint,7,162.15,286.65,20.0,14.278174593052022,0.5149019360542297,2.5231325220201604,1.2328052730110581,C:\Users\sophi\napari-organoid-segmentation\reports\segmentations\organoid_measurements_aspirina_1_sparse_segmentations\Condição 1 - 1__labels.tif
Condição 1 - 1_.jpg,ConvPaint,8,166.22222222222223,329.0,9.0,8.414213562373096,0.3642701804637909,1.692568750643269,1.597442784589879,C:\Users\sophi\napari-organoid-segmentation\reports\segmentations\organoid_measurements_aspirina_1_sparse_segmentations\Condição 1 - 1__labels.tif
Condição 1 - 1_.jpg,ConvPaint,9,168.0,284.0,1.0,0.0,0.5529412031173706,0.5641895835477563,,C:\Users\sophi\napari-organoid-segmentation\reports\segmentations\organoid_measurements_aspirina_1_sparse_segmentations\Condição 1 - 1__labels.tif
Condição 1 - 1_.jpg,ConvPaint,10,284.8740199335548,741.9533111849391,22575.0,1159.1879502661795,0.2887945771217346,84.7693675840458,0.21112025754070446,C:\Users\sophi\napari-organoid-segmentation\reports\segmentations\organoid_measurements_aspirina_1_sparse_segmentations\Condição 1 - 1__labels.tif
Condição 1 - 1_.jpg,ConvPaint,11,217.0,394.0,1.0,0.0,0.34117648005485535,0.5641895835477563,,C:\Users\sophi\napari-organoid-segmentation\reports\segmentations\organoid_measurements_aspirina_1_sparse_segmentations\Condição 1 - 1__labels.tif
Condição 1 - 1_.jpg,ConvPaint,12,222.0,413.0,1.0,0.0,0.7803921699523926,0.5641895835477563,,C:\Users\sophi\napari-organoid-segmentation\reports\segmentations\organoid_measurements_aspirina_1_sparse_segmentations\Condição 1 - 1__labels.tif
Condição 1 - 1_.jpg,ConvPaint,13,224.8,1195.2,5.0,4.207106781186548,0.5466667413711548,1.2615662610100802,3.5498728546441756,C:\Users\sophi\napari-organoid-segmentation\reports\segmentations\organoid_measurements_aspirina_1_sparse_segmentations\Condição 1 - 1__labels.tif
Condição 1 - 1_.jpg,ConvPaint,14,320.7986634437651,1172.7850846011659,28132.0,1558.331131910437,0.27898508310317993,94.62924346164034,0.1455764011521984,C:\Users\sophi\napari-organoid-segmentation\reports\segmentations\organoid_measurements_aspirina_1_sparse_segmentations\Condição 1 - 1__labels.tif
Condição 1 - 1_.jpg,ConvPaint,15,226.0,1192.0,1.0,0.0,0.5372549295425415,0.5641895835477563,,C:\Users\sophi\napari-organoid-segmentation\reports\segmentations\organoid_measurements_aspirina_1_sparse_segmentations\Condição 1 - 1__labels.tif
Condição 1 - 1_.jpg,ConvPaint,16,226.5,1199.0,2.0,0.0,0.6607843637466431,0.7978845608028654,,C:\Users\sophi\napari-organoid-segmentation\reports\segmentations\organoid_measurements_aspirina_1_sparse_segmentations\Condição 1 - 1__labels.tif
Condição 1 - 1_.jpg,ConvPaint,17,228.0,1196.0,1.0,0.0,0.5568627715110779,0.5641895835477563,,C:\Users\sophi\napari-organoid-segmentation\reports\segmentations\organoid_measurements_aspirina_1_sparse_segmentations\Condição 1 - 1__labels.tif
Condição 1 - 1_.jpg,ConvPaint,18,230.0,817.0,1.0,0.0,0.6784313917160034,0.5641895835477563,,C:\Users\sophi\napari-organoid-segmentation\reports\segmentations\organoid_measurements_aspirina_1_sparse_segmentations\Condição 1 - 1__labels.tif
Condição 1 - 1_.jpg,ConvPaint,19,241.0,248.0,1.0,0.0,0.364705890417099,0.5641895835477563,,C:\Users\sophi\napari-organoid-segmentation\reports\segmentations\organoid_measurements_aspirina_1_sparse_segmentations\Condição 1 - 1__labels.tif
Condição 1 - 1_.jpg,ConvPaint,20,245.0,653.0,1.0,0.0,0.7254902124404907,0.5641895835477563,,C:\Users\sophi\napari-organoid-segmentation\reports\segmentations\organoid_measurements_aspirina_1_sparse_segmentations\Condição 1 - 1__labels.tif
Condição 1 - 1_.jpg,ConvPaint,21,246.0,1217.0,1.0,0.0,0.3803921639919281,0.5641895835477563,,C:\Users\sophi\napari-organoid-segmentation\reports\segmentations\organoid_measurements_aspirina_1_sparse_segmentations\Condição 1 - 1__labels.tif
Condição 1 - 1_.jpg,ConvPaint,22,352.1573942343692,1592.3708348932985,26710.0,1970.5453813665602,0.2819186747074127,92.20659987207559,0.08643922609872881,C:\Users\sophi\napari-organoid-segmentation\reports\segmentations\organoid_measurements_aspirina_1_sparse_segmentations\Condição 1 - 1__labels.tif
Condição 1 - 1_.jpg,ConvPaint,23,254.0,1246.0,1.0,0.0,0.7098039388656616,0.5641895835477563,,C:\Users\sophi\napari-organoid-segmentation\reports\segmentations\organoid_measurements_aspirina_1_sparse_segmentations\Condição 1 - 1__labels.tif
Condição 1 - 1_.jpg,ConvPaint,24,260.5,1250.0,2.0,0.0,0.7431372404098511,0.7978845608028654,,C:\Users\sophi\napari-organoid-segmentation\reports\segmentations\organoid_measurements_aspirina_1_sparse_segmentations\Condição 1 - 1__labels.tif
Condição 1 - 1_.jpg,ConvPaint,25,262.0,1616.0,1.0,0.0,0.3960784375667572,0.5641895835477563,,C:\Users\sophi\napari-organoid-segmentation\reports\segmentations\organoid_measurements_aspirina_1_sparse_segmentations\Condição 1 - 1__labels.tif
Condição 1 - 1_.jpg,ConvPaint,26,271.0,1609.0,1.0,0.0,0.33725491166114807,0.5641895835477563,,C:\Users\sophi\napari-organoid-segmentation\reports\segmentations\organoid_measurements_aspirina_1_sparse_segmentations\Condição 1 - 1__labels.tif
Condição 1 - 1_.jpg,ConvPaint,27,292.0,1073.0,1.0,0.0,0.45098039507865906,0.5641895835477563,,C:\Users\sophi\napari-organoid-segmentation\reports\segmentations\organoid_measurements_aspirina_1_sparse_segmentations\Condição 1 - 1__labels.tif
Condição 1 - 1_.jpg,ConvPaint,28,364.5263157894737,1261.3157894736842,19.0,14.863961030678928,0.5188854336738586,2.4592453796829674,1.0806731191351695,C:\Users\sophi\napari-organoid-segmentation\reports\segmentations\organoid_measurements_aspirina_1_sparse_segmentations\Condição 1 - 1__labels.tif
Condição 1 - 1_.jpg,ConvPaint,29,370.0,1489.0,1.0,0.0,0.6431372761726379,0.5641895835477563,,C:\Users\sophi\napari-organoid-segmentation\reports\segmentations\organoid_measurements_aspirina_1_sparse_segmentations\Condição 1 - 1__labels.tif
Condição 1 - 1_.jpg,ConvPaint,30,374.5,1499.0,2.0,0.0,0.4117647111415863,0.7978845608028654,,C:\Users\sophi\napari-organoid-segmentation\reports\segmentations\organoid_measurements_aspirina_1_sparse_segmentations\Condição 1 - 1__labels.tif
Condição 1 - 1_.jpg,ConvPaint,31,374.0,1502.5,2.0,0.0,0.41960784792900085,0.7978845608028654,,C:\Users\sophi\napari-organoid-segmentation\reports\segmentations\organoid_measurements_aspirina_1_sparse_segmentations\Condição 1 - 1__labels.tif
Condição 1 - 1_.jpg,ConvPaint,32,379.4736842105263,1505.0526315789473,19.0,16.449747468305834,0.42827656865119934,2.4592453796829674,0.8823583392907938,C:\Users\sophi\napari-organoid-segmentation\reports\segmentations\organoid_measurements_aspirina_1_sparse_segmentations\Condição 1 - 1__labels.tif
Condição 1 - 1_.jpg,ConvPaint,33,393.0,1506.0,1.0,0.0,0.43529412150382996,0.5641895835477563,,C:\Users\sophi\napari-organoid-segmentation\reports\segmentations\organoid_measurements_aspirina_1_sparse_segmentations\Condição 1 - 1__labels.tif
Condição 1 - 1_.jpg,ConvPaint,34,395.0,1510.0,1.0,0.0,0.43529412150382996,0.5641895835477563,,C:\Users\sophi\napari-organoid-segmentation\reports\segmentations\organoid_measurements_aspirina_1_sparse_segmentations\Condição 1 - 1__labels.tif
Condição 1 - 1_.jpg,ConvPaint,35,396.0,1484.0,1.0,0.0,0.5098039507865906,0.5641895835477563,,C:\Users\sophi\napari-organoid-segmentation\reports\segmentations\organoid_measurements_aspirina_1_sparse_segmentations\Condição 1 - 1__labels.tif
Condição 1 - 1_.jpg,ConvPaint,36,405.5285714285714,1510.6142857142856,70.0,38.76345596729059,0.43176472187042236,4.720348719413148,0.5854137577418366,C:\Users\sophi\napari-organoid-segmentation\reports\segmentations\organoid_measurements_aspirina_1_sparse_segmentations\Condição 1 - 1__labels.tif
Condição 1 - 1_.jpg,ConvPaint,37,400.3333333333333,1512.8333333333333,6.0,6.414213562373095,0.4045751392841339,1.381976597885342,1.8326278532479736,C:\Users\sophi\napari-organoid-segmentation\reports\segmentations\organoid_measurements_aspirina_1_sparse_segmentations\Condição 1 - 1__labels.tif
Condição 1 - 1_.jpg,ConvPaint,38,405.0,1503.5,2.0,0.0,0.47843137383461,0.7978845608028654,,C:\Users\sophi\napari-organoid-segmentation\reports\segmentations\organoid_measurements_aspirina_1_sparse_segmentations\Condição 1 - 1__labels.tif
Condição 1 - 1_.jpg,ConvPaint,39,407.0,1504.0,1.0,0.0,0.47058823704719543,0.5641895835477563,,C:\Users\sophi\napari-organoid-segmentation\reports\segmentations\organoid_measurements_aspirina_1_sparse_segmentations\Condição 1 - 1__labels.tif
Condição 1 - 1_.jpg,ConvPaint,40,407.0,1653.0,1.0,0.0,0.3686274588108063,0.5641895835477563,,C:\Users\sophi\napari-organoid-segmentation\reports\segmentations\organoid_measurements_aspirina_1_sparse_segmentations\Condição 1 - 1__labels.tif
Condição 1 - 1_.jpg,ConvPaint,41,409.0,1497.0,1.0,0.0,0.4745098054409027,0.5641895835477563,,C:\Users\sophi\napari-organoid-segmentation\reports\segmentations\organoid_measurements_aspirina_1_sparse_segmentations\Condição 1 - 1__labels.tif
Condição 1 - 1_.jpg,ConvPaint,42,410.0,1499.0,1.0,0.0,0.47843137383461,0.5641895835477563,,C:\Users\sophi\napari-organoid-segmentation\reports\segmentations\organoid_measurements_aspirina_1_sparse_segmentations\Condição 1 - 1__labels.tif
Condição 1 - 1_.jpg,ConvPaint,43,413.0,1535.25,8.0,8.414213562373096,0.3950980305671692,1.5957691216057308,1.4199491418576702,C:\Users\sophi\napari-organoid-segmentation\reports\segmentations\organoid_measurements_aspirina_1_sparse_segmentations\Condição 1 - 1__labels.tif
Condição 1 - 1_.jpg,ConvPaint,44,414.25,1515.0,4.0,4.621320343559642,0.45588237047195435,1.1283791670955126,2.3536273758173025,C:\Users\sophi\napari-organoid-segmentation\reports\segmentations\organoid_measurements_aspirina_1_sparse_segmentations\Condição 1 - 1__labels.tif
Condição 1 - 1_.jpg,ConvPaint,45,418.94117647058823,1518.8235294117646,17.0,13.621320343559644,0.47197234630584717,2.326213245840639,1.1513844823089348,C:\Users\sophi\napari-organoid-segmentation\reports\segmentations\organoid_measurements_aspirina_1_sparse_segmentations\Condição 1 - 1__labels.tif
Condição 1 - 1_.jpg,ConvPaint,46,416.6,1524.8,5.0,5.207106781186548,0.4564705789089203,1.2615662610100802,2.3173247538676778,C:\Users\sophi\napari-organoid-segmentation\reports\segmentations\organoid_measurements_aspirina_1_sparse_segmentations\Condição 1 - 1__labels.tif
Condição 1 - 1_.jpg,ConvPaint,47,416.3333333333333,1530.3333333333333,3.0,3.414213562373095,0.4326797425746918,0.9772050238058398,3.2340725067158833,C:\Users\sophi\napari-organoid-segmentation\reports\segmentations\organoid_measurements_aspirina_1_sparse_segmentations\Condição 1 - 1__labels.tif
Condição 1 - 1_.jpg,ConvPaint,48,418.0,1538.0,1.0,0.0,0.38823530077934265,0.5641895835477563,,C:\Users\sophi\napari-organoid-segmentation\reports\segmentations\organoid_measurements_aspirina_1_sparse_segmentations\Condição 1 - 1__labels.tif
Condição 1 - 1_.jpg,ConvPaint,49,420.0,1523.0,1.0,0.0,0.43529412150382996,0.5641895835477563,,C:\Users\sophi\napari-organoid-segmentation\reports\segmentations\organoid_measurements_aspirina_1_sparse_segmentations\Condição 1 - 1__labels.tif
Condição 1 - 1_.jpg,ConvPaint,50,422.5,1522.0,2.0,0.0,0.45686274766921997,0.7978845608028654,,C:\Users\sophi\napari-organoid-segmentation\reports\segmentations\organoid_measurements_aspirina_1_sparse_segmentations\Condição 1 - 1__labels.tif
Condição 1 - 1_.jpg,ConvPaint,51,423.0,1515.0,1.0,0.0,0.47843137383461,0.5641895835477563,,C:\Users\sophi\napari-organoid-segmentation\reports\segmentations\organoid_measurements_aspirina_1_sparse_segmentations\Condição 1 - 1__labels.tif
Condição 1 - 1_.jpg,ConvPaint,52,423.0,1517.0,1.0,0.0,0.4941176474094391,0.5641895835477563,,C:\Users\sophi\napari-organoid-segmentation\reports\segmentations\organoid_measurements_aspirina_1_sparse_segmentations\Condição 1 - 1__labels.tif
Condição 1 - 1_.jpg,ConvPaint,53,435.0,1530.0,1.0,0.0,0.5921568870544434,0.5641895835477563,,C:\Users\sophi\napari-organoid-segmentation\reports\segmentations\organoid_measurements_aspirina_1_sparse_segmentations\Condição 1 - 1__labels.tif
Condição 1 - 1_.jpg,ConvPaint,54,439.0,1532.0,1.0,0.0,0.5764706134796143,0.5641895835477563,,C:\Users\sophi\napari-organoid-segmentation\reports\segmentations\organoid_measurements_aspirina_1_sparse_segmentations\Condição 1 - 1__labels.tif
Condição 1 - 1_.jpg,ConvPaint,55,664.4885042046877,275.53667919126855,22356.0,1806.3504678941933,0.3206700086593628,84.35719184233686,0.0860993619628296,C:\Users\sophi\napari-organoid-segmentation\reports\segmentations\organoid_measurements_aspirina_1_sparse_segmentations\Condição 1 - 1__labels.tif
Condição 1 - 1_.jpg,ConvPaint,56,578.0,238.0,1.0,0.0,0.5490196347236633,0.5641895835477563,,C:\Users\sophi\napari-organoid-segmentation\reports\segmentations\organoid_measurements_aspirina_1_sparse_segmentations\Condição 1 - 1__labels.tif
Condição 1 - 1_.jpg,ConvPaint,57,586.0,305.0,1.0,0.0,0.6078431606292725,0.5641895835477563,,C:\Users\sophi\napari-organoid-segmentation\reports\segmentations\organoid_measurements_aspirina_1_sparse_segmentations\Condição 1 - 1__labels.tif
Condição 1 - 1_.jpg,ConvPaint,58,599.0,225.0,1.0,0.0,0.3960784375667572,0.5641895835477563,,C:\Users\sophi\napari-organoid-segmentation\reports\segmentations\organoid_measurements_aspirina_1_sparse_segmentations\Condição 1 - 1__labels.tif
Condição 1 - 1_.jpg,ConvPaint,59,600.5,322.5,2.0,0.0,0.7411764860153198,0.7978845608028654,,C:\Users\sophi\napari-organoid-segmentation\reports\segmentations\organoid_measurements_aspirina_1_sparse_segmentations\Condição 1 - 1__labels.tif
Condição 1 - 1_.jpg,ConvPaint,60,708.1079594790159,719.1899937978086,24185.0,1567.0773439350246,0.31029394268989563,87.74009686201046,0.12375851572215807,C:\Users\sophi\napari-organoid-segmentation\reports\segmentations\organoid_measurements_aspirina_1_sparse_segmentations\Condição 1 - 1__labels.tif
Condição 1 - 1_.jpg,ConvPaint,61,613.0,719.0,1.0,0.0,0.7019608020782471,0.5641895835477563,,C:\Users\sophi\napari-organoid-segmentation\reports\segmentations\organoid_measurements_aspirina_1_sparse_segmentations\Condição 1 - 1__labels.tif
Condição 1 - 1_.jpg,ConvPaint,62,625.6666666666666,697.6666666666666,3.0,3.414213562373095,0.43529412150382996,0.9772050238058398,3.2340725067158833,C:\Users\sophi\napari-organoid-segmentation\reports\segmentations\organoid_measurements_aspirina_1_sparse_segmentations\Condição 1 - 1__labels.tif
Condição 1 - 1_.jpg,ConvPaint,63,628.0,1111.0,1.0,0.0,0.4901960790157318,0.5641895835477563,,C:\Users\sophi\napari-organoid-segmentation\reports\segmentations\organoid_measurements_aspirina_1_sparse_segmentations\Condição 1 - 1__labels.tif
Condição 1 - 1_.jpg,ConvPaint,64,629.0,720.0,1.0,0.0,0.33725491166114807,0.5641895835477563,,C:\Users\sophi\napari-organoid-segmentation\reports\segmentations\organoid_measurements_aspirina_1_sparse_segmentations\Condição 1 - 1__labels.tif
Condição 1 - 1_.jpg,ConvPaint,65,646.0,361.0,1.0,0.0,0.8117647171020508,0.5641895835477563,,C:\Users\sophi\napari-organoid-segmentation\reports\segmentations\organoid_measurements_aspirina_1_sparse_segmentations\Condição 1 - 1__labels.tif
Condição 1 - 1_.jpg,ConvPaint,66,745.3731474019831,1147.9233383553485,28541.0,1302.0052301026326,0.2772955000400543,95.31464977416415,0.21156975932717717,C:\Users\sophi\napari-organoid-segmentation\reports\segmentations\organoid_measurements_aspirina_1_sparse_segmentations\Condição 1 - 1__labels.tif
Condição 1 - 1_.jpg,ConvPaint,67,651.2,798.8,5.0,4.207106781186548,0.7513725757598877,1.2615662610100802,3.5498728546441756,C:\Users\sophi\napari-organoid-segmentation\reports\segmentations\organoid_measurements_aspirina_1_sparse_segmentations\Condição 1 - 1__labels.tif
Condição 1 - 1_.jpg,ConvPaint,68,656.0,1106.0,1.0,0.0,0.6941176652908325,0.5641895835477563,,C:\Users\sophi\napari-organoid-segmentation\reports\segmentations\organoid_measurements_aspirina_1_sparse_segmentations\Condição 1 - 1__labels.tif
Condição 1 - 1_.jpg,ConvPaint,69,660.0,1201.0,1.0,0.0,0.6705882549285889,0.5641895835477563,,C:\Users\sophi\napari-organoid-segmentation\reports\segmentations\organoid_measurements_aspirina_1_sparse_segmentations\Condição 1 - 1__labels.tif
Condição 1 - 1_.jpg,ConvPaint,70,661.0,802.0,1.0,0.0,0.7607843279838562,0.5641895835477563,,C:\Users\sophi\napari-organoid-segmentation\reports\segmentations\organoid_measurements_aspirina_1_sparse_segmentations\Condição 1 - 1__labels.tif
Condição 1 - 1_.jpg,ConvPaint,71,690.5,806.0,4.0,4.414213562373095,0.6578431725502014,1.1283791670955126,2.5796641830326625,C:\Users\sophi\napari-organoid-segmentation\reports\segmentations\organoid_measurements_aspirina_1_sparse_segmentations\Condição 1 - 1__labels.tif
Condição 1 - 1_.jpg,ConvPaint,72,792.5901418236808,1566.8583398046349,24467.0,1488.7159082212875,0.29125314950942993,88.25014439228305,0.13872889516742068,C:\Users\sophi\napari-organoid-segmentation\reports\segmentations\organoid_measurements_aspirina_1_sparse_segmentations\Condição 1 - 1__labels.tif
Condição 1 - 1_.jpg,ConvPaint,73,708.5,802.0,2.0,0.0,0.7803921699523926,0.7978845608028654,,C:\Users\sophi\napari-organoid-segmentation\reports\segmentations\organoid_measurements_aspirina_1_sparse_segmentations\Condição 1 - 1__labels.tif
Condição 1 - 1_.jpg,ConvPaint,74,717.0,327.0,1.0,0.0,0.40392157435417175,0.5641895835477563,,C:\Users\sophi\napari-organoid-segmentation\reports\segmentations\organoid_measurements_aspirina_1_sparse_segmentations\Condição 1 - 1__labels.tif
Condição 1 - 1_.jpg,ConvPaint,75,721.0,345.0,1.0,0.0,0.6431372761726379,0.5641895835477563,,C:\Users\sophi\napari-organoid-segmentation\reports\segmentations\organoid_measurements_aspirina_1_sparse_segmentations\Condição 1 - 1__labels.tif
Condição 1 - 1_.jpg,ConvPaint,76,730.0,244.0,1.0,0.0,0.40392157435417175,0.5641895835477563,,C:\Users\sophi\napari-organoid-segmentation\reports\segmentations\organoid_measurements_aspirina_1_sparse_segmentations\Condição 1 - 1__labels.tif
Condição 1 - 1_.jpg,ConvPaint,77,794.0,652.0,1.0,0.0,0.8078431487083435,0.5641895835477563,,C:\Users\sophi\napari-organoid-segmentation\reports\segmentations\organoid_measurements_aspirina_1_sparse_segmentations\Condição 1 - 1__labels.tif
Condição 1 - 1_.jpg,ConvPaint,78,804.0,1919.0,1.0,0.0,0.47843137383461,0.5641895835477563,,C:\Users\sophi\napari-organoid-segmentation\reports\segmentations\organoid_measurements_aspirina_1_sparse_segmentations\Condição 1 - 1__labels.tif
Condição 1 - 1_.jpg,ConvPaint,79,805.0,1470.0,1.0,0.0,0.5764706134796143,0.5641895835477563,,C:\Users\sophi\napari-organoid-segmentation\reports\segmentations\organoid_measurements_aspirina_1_sparse_segmentations\Condição 1 - 1__labels.tif
Condição 1 - 1_.jpg,ConvPaint,80,825.9285714285714,1917.7857142857142,14.0,11.035533905932738,0.49719884991645813,2.111004122822376,1.4446119424982908,C:\Users\sophi\napari-organoid-segmentation\reports\segmentations\organoid_measurements_aspirina_1_sparse_segmentations\Condição 1 - 1__labels.tif
Condição 1 - 1_.jpg,ConvPaint,81,861.5,1615.0,2.0,0.0,0.6176470518112183,0.7978845608028654,,C:\Users\sophi\napari-organoid-segmentation\reports\segmentations\organoid_measurements_aspirina_1_sparse_segmentations\Condição 1 - 1__labels.tif
Condição 1 - 1_.jpg,ConvPaint,82,863.0,1613.0,1.0,0.0,0.5803921818733215,0.5641895835477563,,C:\Users\sophi\napari-organoid-segmentation\reports\segmentations\organoid_measurements_aspirina_1_sparse_segmentations\Condição 1 - 1__labels.tif
Condição 1 - 1_.jpg,ConvPaint,83,885.0,1544.0,1.0,0.0,0.5607843399047852,0.5641895835477563,,C:\Users\sophi\napari-organoid-segmentation\reports\segmentations\organoid_measurements_aspirina_1_sparse_segmentations\Condição 1 - 1__labels.tif
Condição 1 - 1_.jpg,ConvPaint,84,970.4423076923077,1767.0961538461538,52.0,39.55634918610405,0.3760935366153717,4.068428945128219,0.41761953325753304,C:\Users\sophi\napari-organoid-segmentation\reports\segmentations\organoid_measurements_aspirina_1_sparse_segmentations\Condição 1 - 1__labels.tif
Condição 1 - 1_.jpg,ConvPaint,85,969.6744186046511,1793.860465116279,43.0,27.242640687119287,0.36379390954971313,3.6996385101659595,0.7280813638130027,C:\Users\sophi\napari-organoid-segmentation\reports\segmentations\organoid_measurements_aspirina_1_sparse_segmentations\Condição 1 - 1__labels.tif
Condição 1 - 1_.jpg,ConvPaint,86,970.0,1740.0,1.0,0.0,0.6745098233222961,0.5641895835477563,,C:\Users\sophi\napari-organoid-segmentation\reports\segmentations\organoid_measurements_aspirina_1_sparse_segmentations\Condição 1 - 1__labels.tif
Condição 1 - 1_.jpg,ConvPaint,87,973.375,1736.9166666666667,24.0,16.242640687119284,0.3294117748737335,2.763953195770684,1.1431621365632298,C:\Users\sophi\napari-organoid-segmentation\reports\segmentations\organoid_measurements_aspirina_1_sparse_segmentations\Condição 1 - 1__labels.tif
Condição 1 - 1_.jpg,ConvPaint,88,972.5,1802.0,4.0,4.414213562373095,0.6068627834320068,1.1283791670955126,2.5796641830326625,C:\Users\sophi\napari-organoid-segmentation\reports\segmentations\organoid_measurements_aspirina_1_sparse_segmentations\Condição 1 - 1__labels.tif
Condição 1 - 1_.jpg,ConvPaint,89,975.0,1766.0,3.0,1.0,0.35424837470054626,0.9772050238058398,37.69911184307752,C:\Users\sophi\napari-organoid-segmentation\reports\segmentations\organoid_measurements_aspirina_1_sparse_segmentations\Condição 1 - 1__labels.tif
Condição 1 - 1_.jpg,ConvPaint,90,975.0,1796.0,1.0,0.0,0.007843137718737125,0.5641895835477563,,C:\Users\sophi\napari-organoid-segmentation\reports\segmentations\organoid_measurements_aspirina_1_sparse_segmentations\Condição 1 - 1__labels.tif
Condição 1 - 1_.jpg,ConvPaint,91,990.2352941176471,1747.8823529411766,34.0,30.207106781186546,0.43367934226989746,3.2897623212397704,0.46824216534854074,C:\Users\sophi\napari-organoid-segmentation\reports\segmentations\organoid_measurements_aspirina_1_sparse_segmentations\Condição 1 - 1__labels.tif
Condição 1 - 1_.jpg,ConvPaint,92,976.5,1779.0,2.0,0.0,0.6686275005340576,0.7978845608028654,,C:\Users\sophi\napari-organoid-segmentation\reports\segmentations\organoid_measurements_aspirina_1_sparse_segmentations\Condição 1 - 1__labels.tif
Condição 1 - 1_.jpg,ConvPaint,93,976.5,1782.0,2.0,0.0,0.6666666865348816,0.7978845608028654,,C:\Users\sophi\napari-organoid-segmentation\reports\segmentations\organoid_measurements_aspirina_1_sparse_segmentations\Condição 1 - 1__labels.tif
Condição 1 - 1_.jpg,ConvPaint,94,977.5,1789.0,4.0,2.0,0.18137255311012268,1.1283791670955126,12.566370614359172,C:\Users\sophi\napari-organoid-segmentation\reports\segmentations\organoid_measurements_aspirina_1_sparse_segmentations\Condição 1 - 1__labels.tif
Condição 1 - 1_.jpg,ConvPaint,95,979.5135135135135,1864.2837837837837,74.0,58.9350288425444,0.34006357192993164,4.853342309955121,0.2677284865304497,C:\Users\sophi\napari-organoid-segmentation\reports\segmentations\organoid_measurements_aspirina_1_sparse_segmentations\Condição 1 - 1__labels.tif
Condição 1 - 1_.jpg,ConvPaint,96,978.4,1737.6,5.0,4.621320343559642,0.4023529589176178,1.2615662610100802,2.9420342197716285,C:\Users\sophi\napari-organoid-segmentation\reports\segmentations\organoid_measurements_aspirina_1_sparse_segmentations\Condição 1 - 1__labels.tif
Condição 1 - 1_.jpg,ConvPaint,97,979.0,1763.0,1.0,0.0,0.03921568766236305,0.5641895835477563,,C:\Users\sophi\napari-organoid-segmentation\reports\segmentations\organoid_measurements_aspirina_1_sparse_segmentations\Condição 1 - 1__labels.tif
Condição 1 - 1_.jpg,ConvPaint,98,979.0,1772.0,1.0,0.0,0.2980392277240753,0.5641895835477563,,C:\Users\sophi\napari-organoid-segmentation\reports\segmentations\organoid_measurements_aspirina_1_sparse_segmentations\Condição 1 - 1__labels.tif
Condição 1 - 1_.jpg,ConvPaint,99,979.0,1780.5,2.0,0.0,0.658823549747467,0.7978845608028654,,C:\Users\sophi\napari-organoid-segmentation\reports\segmentations\organoid_measurements_aspirina_1_sparse_segmentations\Condição 1 - 1__labels.tif
Condição 1 - 1_.jpg,ConvPaint,100,979.5,1827.0,2.0,0.0,0.6490195989608765,0.7978845608028654,,C:\Users\sophi\napari-organoid-segmentation\reports\segmentations\organoid_measurements_aspirina_1_sparse_segmentations\Condição 1 - 1__labels.tif
Condição 1 - 1_.jpg,ConvPaint,101,980.7,1821.4,10.0,8.207106781186548,0.22117647528648376,1.7841241161527712,1.8656479534119152,C:\Users\sophi\napari-organoid-segmentation\reports\segmentations\organoid_measurements_aspirina_1_sparse_segmentations\Condição 1 - 1__labels.tif
Condição 1 - 1_.jpg,ConvPaint,102,981.3529411764706,1834.8235294117646,17.0,14.242640687119286,0.34878894686698914,2.326213245840639,1.0531197300295012,C:\Users\sophi\napari-organoid-segmentation\reports\segmentations\organoid_measurements_aspirina_1_sparse_segmentations\Condição 1 - 1__labels.tif
Condição 1 - 1_.jpg,ConvPaint,103,981.5,1848.0,4.0,2.0,0.4735293984413147,1.1283791670955126,12.566370614359172,C:\Users\sophi\napari-organoid-segmentation\reports\segmentations\organoid_measurements_aspirina_1_sparse_segmentations\Condição 1 - 1__labels.tif
Condição 1 - 1_.jpg,ConvPaint,104,980.6666666666666,1882.3333333333333,3.0,3.414213562373095,0.6274510025978088,0.9772050238058398,3.2340725067158833,C:\Users\sophi\napari-organoid-segmentation\reports\segmentations\organoid_measurements_aspirina_1_sparse_segmentations\Condição 1 - 1__labels.tif
Condição 1 - 1_.jpg,ConvPaint,105,982.0,1779.0,3.0,1.0,0.3660130798816681,0.9772050238058398,37.69911184307752,C:\Users\sophi\napari-organoid-segmentation\reports\segmentations\organoid_measurements_aspirina_1_sparse_segmentations\Condição 1 - 1__labels.tif
Condição 1 - 1_.jpg,ConvPaint,106,982.5,1826.0,2.0,0.0,0.12156862765550613,0.7978845608028654,,C:\Users\sophi\napari-organoid-segmentation\reports\segmentations\organoid_measurements_aspirina_1_sparse_segmentations\Condição 1 - 1__labels.tif
Condição 1 - 1_.jpg,ConvPaint,107,985.0,1861.25,4.0,2.621320343559643,0.3549019694328308,1.1283791670955126,7.315258195544552,C:\Users\sophi\napari-organoid-segmentation\reports\segmentations\organoid_measurements_aspirina_1_sparse_segmentations\Condição 1 - 1__labels.tif
Condição 1 - 1_.jpg,ConvPaint,108,986.2,1854.6,5.0,5.207106781186548,0.16549019515514374,1.2615662610100802,2.3173247538676778,C:\Users\sophi\napari-organoid-segmentation\reports\segmentations\organoid_measurements_aspirina_1_sparse_segmentations\Condição 1 - 1__labels.tif
Condição 1 - 1_.jpg,ConvPaint,109,988.0,1883.0,7.0,5.0,0.3204481899738312,1.4927053303604616,3.5185837720205684,C:\Users\sophi\napari-organoid-segmentation\reports\segmentations\organoid_measurements_aspirina_1_sparse_segmentations\Condição 1 - 1__labels.tif
Condição 1 - 1_.jpg,ConvPaint,110,989.5,1779.0,4.0,2.0,0.34215685725212097,1.1283791670955126,12.566370614359172,C:\Users\sophi\napari-organoid-segmentation\reports\segmentations\organoid_measurements_aspirina_1_sparse_segmentations\Condição 1 - 1__labels.tif
Condição 1 - 1_.jpg,ConvPaint,111,990.0,1756.0,3.0,1.0,0.6313726305961609,0.9772050238058398,37.69911184307752,C:\Users\sophi\napari-organoid-segmentation\reports\segmentations\organoid_measurements_aspirina_1_sparse_segmentations\Condição 1 - 1__labels.tif
Condição 1 - 1_.jpg,ConvPaint,112,990.5,1763.0,2.0,0.0,0.2666666805744171,0.7978845608028654,,C:\Users\sophi\napari-organoid-segmentation\reports\segmentations\organoid_measurements_aspirina_1_sparse_segmentations\Condição 1 - 1__labels.tif
Condição 1 - 1_.jpg,ConvPaint,113,994.0,1739.8,5.0,3.2071067811865475,0.5043137669563293,1.2615662610100802,6.108759510826579,C:\Users\sophi\napari-organoid-segmentation\reports\segmentations\organoid_measurements_aspirina_1_sparse_segmentations\Condição 1 - 1__labels.tif
Condição 1 - 1_.jpg,ConvPaint,114,996.92,1767.92,25.0,19.899494936611667,0.4238431453704834,2.8209479177387813,0.7933517151946657,C:\Users\sophi\napari-organoid-segmentation\reports\segmentations\organoid_measurements_aspirina_1_sparse_segmentations\Condição 1 - 1__labels.tif
Condição 1 - 1_.jpg,ConvPaint,115,993.0,1820.0,3.0,1.0,0.32549020648002625,0.9772050238058398,37.69911184307752,C:\Users\sophi\napari-organoid-segmentation\reports\segmentations\organoid_measurements_aspirina_1_sparse_segmentations\Condição 1 - 1__labels.tif
Condição 1 - 1_.jpg,ConvPaint,116,992.5,1826.0,2.0,0.0,0.11568627506494522,0.7978845608028654,,C:\Users\sophi\napari-organoid-segmentation\reports\segmentations\organoid_measurements_aspirina_1_sparse_segmentations\Condição 1 - 1__labels.tif
Condição 1 - 1_.jpg,ConvPaint,117,993.0,1757.0,1.0,0.0,0.1921568661928177,0.5641895835477563,,C:\Users\sophi\napari-organoid-segmentation\reports\segmentations\organoid_measurements_aspirina_1_sparse_segmentations\Condição 1 - 1__labels.tif
Condição 1 - 1_.jpg,ConvPaint,118,998.0,1776.8235294117646,17.0,13.82842712474619,0.3280276954174042,2.326213245840639,1.1171544370208972,C:\Users\sophi\napari-organoid-segmentation\reports\segmentations\organoid_measurements_aspirina_1_sparse_segmentations\Condição 1 - 1__labels.tif
Condição 1 - 1_.jpg,ConvPaint,119,995.0,1756.0,1.0,0.0,0.6745098233222961,0.5641895835477563,,C:\Users\sophi\napari-organoid-segmentation\reports\segmentations\organoid_measurements_aspirina_1_sparse_segmentations\Condição 1 - 1__labels.tif
Condição 1 - 1_.jpg,ConvPaint,120,997.3333333333334,1792.5714285714287,21.0,17.071067811865476,0.45266109704971313,2.5854414729132054,0.9055403018804473,C:\Users\sophi\napari-organoid-segmentation\reports\segmentations\organoid_measurements_aspirina_1_sparse_segmentations\Condição 1 - 1__labels.tif
Condição 1 - 1_.jpg,ConvPaint,121,999.6590909090909,1828.7045454545455,44.0,32.69238815542512,0.2292335033416748,3.742410318509555,0.5173318860567622,C:\Users\sophi\napari-organoid-segmentation\reports\segmentations\organoid_measurements_aspirina_1_sparse_segmentations\Condição 1 - 1__labels.tif
Condição 1 - 1_.jpg,ConvPaint,122,997.2,1842.4,5.0,5.207106781186548,0.617254912853241,1.2615662610100802,2.3173247538676778,C:\Users\sophi\napari-organoid-segmentation\reports\segmentations\organoid_measurements_aspirina_1_sparse_segmentations\Condição 1 - 1__labels.tif
Condição 1 - 1_.jpg,ConvPaint,123,1000.1,1882.8,10.0,9.0,0.35411763191223145,1.7841241161527712,1.5514037795505151,C:\Users\sophi\napari-organoid-segmentation\reports\segmentations\organoid_measurements_aspirina_1_sparse_segmentations\Condição 1 - 1__labels.tif
Condição 1 - 1_.jpg,ConvPaint,124,998.125,1735.375,16.0,13.621320343559642,0.2593137323856354,2.256758334191025,1.0836559833495856,C:\Users\sophi\napari-organoid-segmentation\reports\segmentations\organoid_measurements_aspirina_1_sparse_segmentations\Condição 1 - 1__labels.tif
Condição 1 - 1_.jpg,ConvPaint,125,999.0,1846.0,1.0,0.0,0.6470588445663452,0.5641895835477563,,C:\Users\sophi\napari-organoid-segmentation\reports\segmentations\organoid_measurements_aspirina_1_sparse_segmentations\Condição 1 - 1__labels.tif
Condição 1 - 1_.jpg,ConvPaint,126,1001.8333333333334,1753.1666666666667,6.0,5.621320343559642,0.5647059082984924,1.381976597885342,2.3860769419719228,C:\Users\sophi\napari-organoid-segmentation\reports\segmentations\organoid_measurements_aspirina_1_sparse_segmentations\Condição 1 - 1__labels.tif
Condição 1 - 1_.jpg,ConvPaint,127,1000.6666666666666,1760.3333333333333,3.0,3.414213562373095,0.1594771295785904,0.9772050238058398,3.2340725067158833,C:\Users\sophi\napari-organoid-segmentation\reports\segmentations\organoid_measurements_aspirina_1_sparse_segmentations\Condição 1 - 1__labels.tif
Condição 1 - 1_.jpg,ConvPaint,128,1000.6,1785.6,5.0,4.414213562373095,0.17568626999855042,1.2615662610100802,3.224580228790828,C:\Users\sophi\napari-organoid-segmentation\reports\segmentations\organoid_measurements_aspirina_1_sparse_segmentations\Condição 1 - 1__labels.tif
Condição 1 - 1_.jpg,ConvPaint,129,1001.4285714285714,1799.7857142857142,14.0,12.035533905932738,0.4394958019256592,2.111004122822376,1.2145270120957958,C:\Users\sophi\napari-organoid-segmentation\reports\segmentations\organoid_measurements_aspirina_1_sparse_segmentations\Condição 1 - 1__labels.tif
Condição 1 - 1_.jpg,ConvPaint,130,1000.5,1848.0,2.0,0.0,0.43921568989753723,0.7978845608028654,,C:\Users\sophi\napari-organoid-segmentation\reports\segmentations\organoid_measurements_aspirina_1_sparse_segmentations\Condição 1 - 1__labels.tif
Condição 1 - 1_.jpg,ConvPaint,131,1001.8181818181819,1853.6363636363637,11.0,9.035533905932738,0.4267379641532898,1.8712051592547776,1.6931479507424014,C:\Users\sophi\napari-organoid-segmentation\reports\segmentations\organoid_measurements_aspirina_1_sparse_segmentations\Condição 1 - 1__labels.tif
Condição 1 - 1_.jpg,ConvPaint,132,1001.5,1869.0,12.0,10.0,0.44019606709480286,1.9544100476116797,1.5079644737231006,C:\Users\sophi\napari-organoid-segmentation\reports\segmentations\organoid_measurements_aspirina_1_sparse_segmentations\Condição 1 - 1__labels.tif
Condição 1 - 1_.jpg,ConvPaint,133,1001.4,1876.8,5.0,3.414213562373095,0.3309803903102875,1.2615662610100802,5.390120844526472,C:\Users\sophi\napari-organoid-segmentation\reports\segmentations\organoid_measurements_aspirina_1_sparse_segmentations\Condição 1 - 1__labels.tif
Condição 1 - 1_.jpg,ConvPaint,134,1001.0,1836.0,1.0,0.0,0.21568627655506134,0.5641895835477563,,C:\Users\sophi\napari-organoid-segmentation\reports\segmentations\organoid_measurements_aspirina_1_sparse_segmentations\Condição 1 - 1__labels.tif
Condição 1 - 1_.jpg,ConvPaint,135,1003.0,1741.5,4.0,2.0,0.6745098233222961,1.1283791670955126,12.566370614359172,C:\Users\sophi\napari-organoid-segmentation\reports\segmentations\organoid_measurements_aspirina_1_sparse_segmentations\Condição 1 - 1__labels.tif
Condição 1 - 1_.jpg,ConvPaint,136,1003.0,1746.5,2.0,0.0,0.6745098233222961,0.7978845608028654,,C:\Users\sophi\napari-organoid-segmentation\reports\segmentations\organoid_measurements_aspirina_1_sparse_segmentations\Condição 1 - 1__labels.tif
Condição 1 - 1_.jpg,ConvPaint,137,1003.0,1786.0,1.0,0.0,0.6666666865348816,0.5641895835477563,,C:\Users\sophi\napari-organoid-segmentation\reports\segmentations\organoid_measurements_aspirina_1_sparse_segmentations\Condição 1 - 1__labels.tif
Condição 1 - 1_.jpg,ConvPaint,138,1003.0,1848.0,1.0,0.0,0.6352941393852234,0.5641895835477563,,C:\Users\sophi\napari-organoid-segmentation\reports\segmentations\organoid_measurements_aspirina_1_sparse_segmentations\Condição 1 - 1__labels.tif
Condição 1 - 1_.jpg,ConvPaint,139,1007.0,1826.0,1.0,0.0,0.11764705926179886,0.5641895835477563,,C:\Users\sophi\napari-organoid-segmentation\reports\segmentations\organoid_measurements_aspirina_1_sparse_segmentations\Condição 1 - 1__labels.tif
Condição 1 - 1_.jpg,ConvPaint,140,1010.0,1826.0,1.0,0.0,0.11764705926179886,0.5641895835477563,,C:\Users\sophi\napari-organoid-segmentation\reports\segmentations\organoid_measurements_aspirina_1_sparse_segmentations\Condição 1 - 1__labels.tif
Condição 1 - 1_.jpg,ConvPaint,141,1012.0,1819.0,1.0,0.0,0.6470588445663452,0.5641895835477563,,C:\Users\sophi\napari-organoid-segmentation\reports\segmentations\organoid_measurements_aspirina_1_sparse_segmentations\Condição 1 - 1__labels.tif
Condição 1 - 1_.jpg,ConvPaint,142,1012.0,1826.0,1.0,0.0,0.6509804129600525,0.5641895835477563,,C:\Users\sophi\napari-organoid-segmentation\reports\segmentations\organoid_measurements_aspirina_1_sparse_segmentations\Condição 1 - 1__labels.tif
Condição 1 - 1_.jpg,ConvPaint,143,1053.1986058301648,260.876299112801,7890.0,726.1858582251266,0.3178115487098694,50.114518874175666,0.18801447781861044,C:\Users\sophi\napari-organoid-segmentation\reports\segmentations\organoid_measurements_aspirina_1_sparse_segmentations\Condição 1 - 1__labels.tif
Condição 1 - 1_.jpg,ConvPaint,144,1016.0,1805.2666666666667,120.0,117.82842712474618,0.06241830438375473,6.180387232371033,0.1086152858008918,C:\Users\sophi\napari-organoid-segmentation\reports\segmentations\organoid_measurements_aspirina_1_sparse_segmentations\Condição 1 - 1__labels.tif
Condição 1 - 1_.jpg,ConvPaint,145,1016.5,1862.5,4.0,4.0,0.5117647051811218,1.1283791670955126,3.141592653589793,C:\Users\sophi\napari-organoid-segmentation\reports\segmentations\organoid_measurements_aspirina_1_sparse_segmentations\Condição 1 - 1__labels.tif
Condição 1 - 1_.jpg,ConvPaint,146,1026.5355029585799,1807.7958579881656,1352.0,222.20710678118655,5.801137376693077e-06,20.7449985808745,0.3440889025876092,C:\Users\sophi\napari-organoid-segmentation\reports\segmentations\organoid_measurements_aspirina_1_sparse_segmentations\Condição 1 - 1__labels.tif
Condição 1 - 1_.jpg,ConvPaint,147,1024.0,281.0,1.0,0.0,0.7098039388656616,0.5641895835477563,,C:\Users\sophi\napari-organoid-segmentation\reports\segmentations\organoid_measurements_aspirina_1_sparse_segmentations\Condição 1 - 1__labels.tif
Condição 1 - 1_.jpg,ConvPaint,148,1034.0,1862.0,1.0,0.0,0.3921568691730499,0.5641895835477563,,C:\Users\sophi\napari-organoid-segmentation\reports\segmentations\organoid_measurements_aspirina_1_sparse_segmentations\Condição 1 - 1__labels.tif
Condição 1 - 1_.jpg,ConvPaint,149,1063.4556741991557,696.2540352619816,4027.0,435.10155108391484,0.3609810471534729,35.802708161005434,0.2673069377108228,C:\Users\sophi\napari-organoid-segmentation\reports\segmentations\organoid_measurements_aspirina_1_sparse_segmentations\Condição 1 - 1__labels.tif
Condição 1 - 1_.jpg,ConvPaint,150,1057.0,337.0,1.0,0.0,0.5529412031173706,0.5641895835477563,,C:\Users\sophi\napari-organoid-segmentation\reports\segmentations\organoid_measurements_aspirina_1_sparse_segmentations\Condição 1 - 1__labels.tif
Condição 1 - 1_.jpg,ConvPaint,151,1064.0,629.0,1.0,0.0,0.6705882549285889,0.5641895835477563,,C:\Users\sophi\napari-organoid-segmentation\reports\segmentations\organoid_measurements_aspirina_1_sparse_segmentations\Condição 1 - 1__labels.tif
Condição 1 - 1_.jpg,ConvPaint,152,1065.0,349.0,1.0,0.0,0.7019608020782471,0.5641895835477563,,C:\Users\sophi\napari-organoid-segmentation\reports\segmentations\organoid_measurements_aspirina_1_sparse_segmentations\Condição 1 - 1__labels.tif
Condição 1 - 1_.jpg,ConvPaint,153,1074.4831932773109,1122.0882352941176,476.0,143.66904755831214,0.49426594376564026,12.309163489997376,0.2897946686089753,C:\Users\sophi\napari-organoid-segmentation\reports\segmentations\organoid_measurements_aspirina_1_sparse_segmentations\Condição 1 - 1__labels.tif
Condição 1 - 2.jpg,ConvPaint,1,204.24289998889176,292.9842633391343,27007.0,1612.473267534168,0.2857150435447693,92.71782512637812,0.1305272420185194,C:\Users\sophi\napari-organoid-segmentation\reports\segmentations\organoid_measurements_aspirina_1_sparse_segmentations\Condição 1 - 2_labels.tif
Condição 1 - 2.jpg,ConvPaint,2,132.5,252.0,2.0,0.0,0.4215686321258545,0.7978845608028654,,C:\Users\sophi\napari-organoid-segmentation\reports\segmentations\organoid_measurements_aspirina_1_sparse_segmentations\Condição 1 - 2_labels.tif
Condição 1 - 2.jpg,ConvPaint,3,133.0,254.0,1.0,0.0,0.41960784792900085,0.5641895835477563,,C:\Users\sophi\napari-organoid-segmentation\reports\segmentations\organoid_measurements_aspirina_1_sparse_segmentations\Condição 1 - 2_labels.tif
Condição 1 - 2.jpg,ConvPaint,4,236.4099088991608,694.3604541578782,22283.0,1891.8946237714777,0.3180924952030182,84.21935165882843,0.07823293762153463,C:\Users\sophi\napari-organoid-segmentation\reports\segmentations\organoid_measurements_aspirina_1_sparse_segmentations\Condição 1 - 2_labels.tif
Condição 1 - 2.jpg,ConvPaint,5,150.0,366.0,1.0,0.0,0.6980392336845398,0.5641895835477563,,C:\Users\sophi\napari-organoid-segmentation\reports\segmentations\organoid_measurements_aspirina_1_sparse_segmentations\Condição 1 - 2_labels.tif
Condição 1 - 2.jpg,ConvPaint,6,161.0,655.0,1.0,0.0,0.4274509847164154,0.5641895835477563,,C:\Users\sophi\napari-organoid-segmentation\reports\segmentations\organoid_measurements_aspirina_1_sparse_segmentations\Condição 1 - 2_labels.tif
Condição 1 - 2.jpg,ConvPaint,7,167.0,716.0,1.0,0.0,0.4274509847164154,0.5641895835477563,,C:\Users\sophi\napari-organoid-segmentation\reports\segmentations\organoid_measurements_aspirina_1_sparse_segmentations\Condição 1 - 2_labels.tif
Condição 1 - 2.jpg,ConvPaint,8,170.0,641.0,1.0,0.0,0.4156862795352936,0.5641895835477563,,C:\Users\sophi\napari-organoid-segmentation\reports\segmentations\organoid_measurements_aspirina_1_sparse_segmentations\Condição 1 - 2_labels.tif
Condição 1 - 2.jpg,ConvPaint,9,171.0,643.0,1.0,0.0,0.38823530077934265,0.5641895835477563,,C:\Users\sophi\napari-organoid-segmentation\reports\segmentations\organoid_measurements_aspirina_1_sparse_segmentations\Condição 1 - 2_labels.tif
Condição 1 - 2.jpg,ConvPaint,10,174.0,622.0,1.0,0.0,0.6431372761726379,0.5641895835477563,,C:\Users\sophi\napari-organoid-segmentation\reports\segmentations\organoid_measurements_aspirina_1_sparse_segmentations\Condição 1 - 2_labels.tif
Condição 1 - 2.jpg,ConvPaint,11,279.1187773999263,1138.1325029704592,24407.0,1374.6559876977153,0.2984625995159149,88.14187082248583,0.16230661073527106,C:\Users\sophi\napari-organoid-segmentation\reports\segmentations\organoid_measurements_aspirina_1_sparse_segmentations\Condição 1 - 2_labels.tif
Condição 1 - 2.jpg,ConvPaint,12,200.5,1531.0,2.0,0.0,0.5078431367874146,0.7978845608028654,,C:\Users\sophi\napari-organoid-segmentation\reports\segmentations\organoid_measurements_aspirina_1_sparse_segmentations\Condição 1 - 2_labels.tif
Condição 1 - 2.jpg,ConvPaint,13,214.0,763.0,1.0,0.0,0.3960784375667572,0.5641895835477563,,C:\Users\sophi\napari-organoid-segmentation\reports\segmentations\organoid_measurements_aspirina_1_sparse_segmentations\Condição 1 - 2_labels.tif
Condição 1 - 2.jpg,ConvPaint,14,215.0,212.0,1.0,0.0,0.3960784375667572,0.5641895835477563,,C:\Users\sophi\napari-organoid-segmentation\reports\segmentations\organoid_measurements_aspirina_1_sparse_segmentations\Condição 1 - 2_labels.tif
Condição 1 - 2.jpg,ConvPaint,15,315.7487442337263,1567.0014351614557,29265.0,1140.0752518939714,0.2653420567512512,96.51600291748842,0.28293804980300313,C:\Users\sophi\napari-organoid-segmentation\reports\segmentations\organoid_measurements_aspirina_1_sparse_segmentations\Condição 1 - 2_labels.tif
Condição 1 - 2.jpg,ConvPaint,16,262.0,766.0,1.0,0.0,0.37254902720451355,0.5641895835477563,,C:\Users\sophi\napari-organoid-segmentation\reports\segmentations\organoid_measurements_aspirina_1_sparse_segmentations\Condição 1 - 2_labels.tif
Condição 1 - 2.jpg,ConvPaint,17,262.0,1226.0,1.0,0.0,0.49803921580314636,0.5641895835477563,,C:\Users\sophi\napari-organoid-segmentation\reports\segmentations\organoid_measurements_aspirina_1_sparse_segmentations\Condição 1 - 2_labels.tif
Condição 1 - 2.jpg,ConvPaint,18,267.0,1064.0,1.0,0.0,0.7764706015586853,0.5641895835477563,,C:\Users\sophi\napari-organoid-segmentation\reports\segmentations\organoid_measurements_aspirina_1_sparse_segmentations\Condição 1 - 2_labels.tif
Condição 1 - 2.jpg,ConvPaint,19,270.0,343.0,1.0,0.0,0.3686274588108063,0.5641895835477563,,C:\Users\sophi\napari-organoid-segmentation\reports\segmentations\organoid_measurements_aspirina_1_sparse_segmentations\Condição 1 - 2_labels.tif
Condição 1 - 2.jpg,ConvPaint,20,272.2,1656.0,5.0,3.6213203435596424,0.48941177129745483,1.2615662610100802,4.791218528467976,C:\Users\sophi\napari-organoid-segmentation\reports\segmentations\organoid_measurements_aspirina_1_sparse_segmentations\Condição 1 - 2_labels.tif
Condição 1 - 2.jpg,ConvPaint,21,272.5,1651.0,2.0,0.0,0.6352941393852234,0.7978845608028654,,C:\Users\sophi\napari-organoid-segmentation\reports\segmentations\organoid_measurements_aspirina_1_sparse_segmentations\Condição 1 - 2_labels.tif
Condição 1 - 2.jpg,ConvPaint,22,274.0,330.0,1.0,0.0,0.34117648005485535,0.5641895835477563,,C:\Users\sophi\napari-organoid-segmentation\reports\segmentations\organoid_measurements_aspirina_1_sparse_segmentations\Condição 1 - 2_labels.tif
Condição 1 - 2.jpg,ConvPaint,23,275.0,616.0,1.0,0.0,0.7450980544090271,0.5641895835477563,,C:\Users\sophi\napari-organoid-segmentation\reports\segmentations\organoid_measurements_aspirina_1_sparse_segmentations\Condição 1 - 2_labels.tif
Condição 1 - 2.jpg,ConvPaint,24,276.0,248.0,1.0,0.0,0.43921568989753723,0.5641895835477563,,C:\Users\sophi\napari-organoid-segmentation\reports\segmentations\organoid_measurements_aspirina_1_sparse_segmentations\Condição 1 - 2_labels.tif
Condição 1 - 2.jpg,ConvPaint,25,280.5,252.5,4.0,4.0,0.3911764621734619,1.1283791670955126,3.141592653589793,C:\Users\sophi\napari-organoid-segmentation\reports\segmentations\organoid_measurements_aspirina_1_sparse_segmentations\Condição 1 - 2_labels.tif
Condição 1 - 2.jpg,ConvPaint,26,288.0,1919.0,1.0,0.0,0.501960813999176,0.5641895835477563,,C:\Users\sophi\napari-organoid-segmentation\reports\segmentations\organoid_measurements_aspirina_1_sparse_segmentations\Condição 1 - 2_labels.tif
Condição 1 - 2.jpg,ConvPaint,27,293.0,742.0,1.0,0.0,0.3764705955982208,0.5641895835477563,,C:\Users\sophi\napari-organoid-segmentation\reports\segmentations\organoid_measurements_aspirina_1_sparse_segmentations\Condição 1 - 2_labels.tif
Condição 1 - 2.jpg,ConvPaint,28,296.0,737.0,1.0,0.0,0.3843137323856354,0.5641895835477563,,C:\Users\sophi\napari-organoid-segmentation\reports\segmentations\organoid_measurements_aspirina_1_sparse_segmentations\Condição 1 - 2_labels.tif
Condição 1 - 2.jpg,ConvPaint,29,301.5,674.0,2.0,0.0,0.4019607901573181,0.7978845608028654,,C:\Users\sophi\napari-organoid-segmentation\reports\segmentations\organoid_measurements_aspirina_1_sparse_segmentations\Condição 1 - 2_labels.tif
Condição 1 - 2.jpg,ConvPaint,30,306.0,746.0,1.0,0.0,0.8274509906768799,0.5641895835477563,,C:\Users\sophi\napari-organoid-segmentation\reports\segmentations\organoid_measurements_aspirina_1_sparse_segmentations\Condição 1 - 2_labels.tif
Condição 1 - 2.jpg,ConvPaint,31,307.0,679.0,1.0,0.0,0.4000000059604645,0.5641895835477563,,C:\Users\sophi\napari-organoid-segmentation\reports\segmentations\organoid_measurements_aspirina_1_sparse_segmentations\Condição 1 - 2_labels.tif
Condição 1 - 2.jpg,ConvPaint,32,371.29097510373447,1909.320020746888,1928.0,351.9655121145938,0.37012651562690735,24.77299861870477,0.19557650120993808,C:\Users\sophi\napari-organoid-segmentation\reports\segmentations\organoid_measurements_aspirina_1_sparse_segmentations\Condição 1 - 2_labels.tif
Condição 1 - 2.jpg,ConvPaint,33,349.0,1898.0,1.0,0.0,0.5098039507865906,0.5641895835477563,,C:\Users\sophi\napari-organoid-segmentation\reports\segmentations\organoid_measurements_aspirina_1_sparse_segmentations\Condição 1 - 2_labels.tif
Condição 1 - 2.jpg,ConvPaint,34,365.0,1892.0,1.0,0.0,0.49803921580314636,0.5641895835477563,,C:\Users\sophi\napari-organoid-segmentation\reports\segmentations\organoid_measurements_aspirina_1_sparse_segmentations\Condição 1 - 2_labels.tif
Condição 1 - 2.jpg,ConvPaint,35,373.0,1896.0,1.0,0.0,0.4588235318660736,0.5641895835477563,,C:\Users\sophi\napari-organoid-segmentation\reports\segmentations\organoid_measurements_aspirina_1_sparse_segmentations\Condição 1 - 2_labels.tif
Condição 1 - 2.jpg,ConvPaint,36,408.0,1904.0,1.0,0.0,0.45098039507865906,0.5641895835477563,,C:\Users\sophi\napari-organoid-segmentation\reports\segmentations\organoid_measurements_aspirina_1_sparse_segmentations\Condição 1 - 2_labels.tif
Condição 1 - 2.jpg,ConvPaint,37,666.2738913066935,255.8123224112506,27803.0,1758.0956338982542,0.2945110499858856,94.07427791680323,0.11303593549950869,C:\Users\sophi\napari-organoid-segmentation\reports\segmentations\organoid_measurements_aspirina_1_sparse_segmentations\Condição 1 - 2_labels.tif
Condição 1 - 2.jpg,ConvPaint,38,581.6666666666666,256.6666666666667,3.0,3.414213562373095,0.3607843220233917,0.9772050238058398,3.2340725067158833,C:\Users\sophi\napari-organoid-segmentation\reports\segmentations\organoid_measurements_aspirina_1_sparse_segmentations\Condição 1 - 2_labels.tif
Condição 1 - 2.jpg,ConvPaint,39,582.0,262.0,1.0,0.0,0.3490196168422699,0.5641895835477563,,C:\Users\sophi\napari-organoid-segmentation\reports\segmentations\organoid_measurements_aspirina_1_sparse_segmentations\Condição 1 - 2_labels.tif
Condição 1 - 2.jpg,ConvPaint,40,672.1576047687861,680.930364884393,22144.0,1760.4804102091045,0.3051428496837616,83.95626313536032,0.08978494959581039,C:\Users\sophi\napari-organoid-segmentation\reports\segmentations\organoid_measurements_aspirina_1_sparse_segmentations\Condição 1 - 2_labels.tif
Condição 1 - 2.jpg,ConvPaint,41,589.0,205.0,1.0,0.0,0.33725491166114807,0.5641895835477563,,C:\Users\sophi\napari-organoid-segmentation\reports\segmentations\organoid_measurements_aspirina_1_sparse_segmentations\Condição 1 - 2_labels.tif
Condição 1 - 2.jpg,ConvPaint,42,703.9957944987497,1118.635561112374,26394.0,1565.177848998413,0.29512056708335876,91.65953925225116,0.13539034360956437,C:\Users\sophi\napari-organoid-segmentation\reports\segmentations\organoid_measurements_aspirina_1_sparse_segmentations\Condição 1 - 2_labels.tif
Condição 1 - 2.jpg,ConvPaint,43,621.5,1113.0,2.0,0.0,0.4117647111415863,0.7978845608028654,,C:\Users\sophi\napari-organoid-segmentation\reports\segmentations\organoid_measurements_aspirina_1_sparse_segmentations\Condição 1 - 2_labels.tif
Condição 1 - 2.jpg,ConvPaint,44,732.4033342177412,1531.1562306535775,22614.0,1612.3971490884192,0.3080384135246277,84.84255869644811,0.1093058003786311,C:\Users\sophi\napari-organoid-segmentation\reports\segmentations\organoid_measurements_aspirina_1_sparse_segmentations\Condição 1 - 2_labels.tif
Condição 1 - 2.jpg,ConvPaint,45,670.0,1028.0,1.0,0.0,0.6274510025978088,0.5641895835477563,,C:\Users\sophi\napari-organoid-segmentation\reports\segmentations\organoid_measurements_aspirina_1_sparse_segmentations\Condição 1 - 2_labels.tif
Condição 1 - 2.jpg,ConvPaint,46,677.0,1043.0,1.0,0.0,0.34117648005485535,0.5641895835477563,,C:\Users\sophi\napari-organoid-segmentation\reports\segmentations\organoid_measurements_aspirina_1_sparse_segmentations\Condição 1 - 2_labels.tif
Condição 1 - 2.jpg,ConvPaint,47,679.0,755.0,1.0,0.0,0.35686275362968445,0.5641895835477563,,C:\Users\sophi\napari-organoid-segmentation\reports\segmentations\organoid_measurements_aspirina_1_sparse_segmentations\Condição 1 - 2_labels.tif
Condição 1 - 2.jpg,ConvPaint,48,679.0,1041.0,1.0,0.0,0.35686275362968445,0.5641895835477563,,C:\Users\sophi\napari-organoid-segmentation\reports\segmentations\organoid_measurements_aspirina_1_sparse_segmentations\Condição 1 - 2_labels.tif
Condição 1 - 2.jpg,ConvPaint,49,679.0,1043.0,1.0,0.0,0.34117648005485535,0.5641895835477563,,C:\Users\sophi\napari-organoid-segmentation\reports\segmentations\organoid_measurements_aspirina_1_sparse_segmentations\Condição 1 - 2_labels.tif
Condição 1 - 2.jpg,ConvPaint,50,681.0,1043.0,1.0,0.0,0.33725491166114807,0.5641895835477563,,C:\Users\sophi\napari-organoid-segmentation\reports\segmentations\organoid_measurements_aspirina_1_sparse_segmentations\Condição 1 - 2_labels.tif
Condição 1 - 2.jpg,ConvPaint,51,683.0,1042.0,1.0,0.0,0.3803921639919281,0.5641895835477563,,C:\Users\sophi\napari-organoid-segmentation\reports\segmentations\organoid_measurements_aspirina_1_sparse_segmentations\Condição 1 - 2_labels.tif
Condição 1 - 2.jpg,ConvPaint,52,685.0,754.0,1.0,0.0,0.4117647111415863,0.5641895835477563,,C:\Users\sophi\napari-organoid-segmentation\reports\segmentations\organoid_measurements_aspirina_1_sparse_segmentations\Condição 1 - 2_labels.tif
Condição 1 - 2.jpg,ConvPaint,53,687.0,753.0,1.0,0.0,0.38823530077934265,0.5641895835477563,,C:\Users\sophi\napari-organoid-segmentation\reports\segmentations\organoid_measurements_aspirina_1_sparse_segmentations\Condição 1 - 2_labels.tif
Condição 1 - 2.jpg,ConvPaint,54,767.3675029611285,1883.5811349197804,9287.0,772.0020920410532,0.2828693985939026,54.37043234138261,0.1958160812822876,C:\Users\sophi\napari-organoid-segmentation\reports\segmentations\organoid_measurements_aspirina_1_sparse_segmentations\Condição 1 - 2_labels.tif
Condição 1 - 2.jpg,ConvPaint,55,708.0,1874.5,2.0,0.0,0.5431373119354248,0.7978845608028654,,C:\Users\sophi\napari-organoid-segmentation\reports\segmentations\organoid_measurements_aspirina_1_sparse_segmentations\Condição 1 - 2_labels.tif
Condição 1 - 2.jpg,ConvPaint,56,718.0,733.0,1.0,0.0,0.3529411852359772,0.5641895835477563,,C:\Users\sophi\napari-organoid-segmentation\reports\segmentations\organoid_measurements_aspirina_1_sparse_segmentations\Condição 1 - 2_labels.tif
Condição 1 - 2.jpg,ConvPaint,57,733.0,335.0,1.0,0.0,0.6784313917160034,0.5641895835477563,,C:\Users\sophi\napari-organoid-segmentation\reports\segmentations\organoid_measurements_aspirina_1_sparse_segmentations\Condição 1 - 2_labels.tif
Condição 1 - 2.jpg,ConvPaint,58,759.0,1046.0,1.0,0.0,0.5490196347236633,0.5641895835477563,,C:\Users\sophi\napari-organoid-segmentation\reports\segmentations\organoid_measurements_aspirina_1_sparse_segmentations\Condição 1 - 2_labels.tif
Condição 1 - 2.jpg,ConvPaint,59,764.0,1046.0,1.0,0.0,0.6000000238418579,0.5641895835477563,,C:\Users\sophi\napari-organoid-segmentation\reports\segmentations\organoid_measurements_aspirina_1_sparse_segmentations\Condição 1 - 2_labels.tif
Condição 1 - 2.jpg,ConvPaint,60,764.3333333333334,1049.0,3.0,1.2071067811865475,0.5934640765190125,0.9772050238058398,25.872580053727066,C:\Users\sophi\napari-organoid-segmentation\reports\segmentations\organoid_measurements_aspirina_1_sparse_segmentations\Condição 1 - 2_labels.tif
Condição 1 - 2.jpg,ConvPaint,61,773.0,258.0,1.0,0.0,0.6196078658103943,0.5641895835477563,,C:\Users\sophi\napari-organoid-segmentation\reports\segmentations\organoid_measurements_aspirina_1_sparse_segmentations\Condição 1 - 2_labels.tif
Condição 1 - 2.jpg,ConvPaint,62,836.0,1846.5,2.0,0.0,0.5372549295425415,0.7978845608028654,,C:\Users\sophi\napari-organoid-segmentation\reports\segmentations\organoid_measurements_aspirina_1_sparse_segmentations\Condição 1 - 2_labels.tif
Condição 1 - 2.jpg,ConvPaint,63,842.8297872340426,1846.0212765957447,47.0,29.449747468305837,0.5206508040428162,3.8678889139475245,0.6809960170133725,C:\Users\sophi\napari-organoid-segmentation\reports\segmentations\organoid_measurements_aspirina_1_sparse_segmentations\Condição 1 - 2_labels.tif
Condição 1 - 2.jpg,ConvPaint,64,848.0,1865.0,1.0,0.0,0.501960813999176,0.5641895835477563,,C:\Users\sophi\napari-organoid-segmentation\reports\segmentations\organoid_measurements_aspirina_1_sparse_segmentations\Condição 1 - 2_labels.tif
Condição 1 - 2.jpg,ConvPaint,65,850.6666666666666,1864.3333333333333,3.0,3.414213562373095,0.4888888895511627,0.9772050238058398,3.2340725067158833,C:\Users\sophi\napari-organoid-segmentation\reports\segmentations\organoid_measurements_aspirina_1_sparse_segmentations\Condição 1 - 2_labels.tif
Condição 1 - 2.jpg,ConvPaint,66,970.5,1767.3333333333333,54.0,37.55634918610404,0.363761842250824,4.145929793656026,0.4811016952139331,C:\Users\sophi\napari-organoid-segmentation\reports\segmentations\organoid_measurements_aspirina_1_sparse_segmentations\Condição 1 - 2_labels.tif
Condição 1 - 2.jpg,ConvPaint,67,969.6744186046511,1793.860465116279,43.0,27.242640687119287,0.3603283166885376,3.6996385101659595,0.7280813638130027,C:\Users\sophi\napari-organoid-segmentation\reports\segmentations\organoid_measurements_aspirina_1_sparse_segmentations\Condição 1 - 2_labels.tif
Condição 1 - 2.jpg,ConvPaint,68,972.7666666666667,1738.2,30.0,22.65685424949238,0.280522882938385,3.0901936161855166,0.7343986959005329,C:\Users\sophi\napari-organoid-segmentation\reports\segmentations\organoid_measurements_aspirina_1_sparse_segmentations\Condição 1 - 2_labels.tif
Condição 1 - 2.jpg,ConvPaint,69,970.5,1747.0,2.0,0.0,0.5921568870544434,0.7978845608028654,,C:\Users\sophi\napari-organoid-segmentation\reports\segmentations\organoid_measurements_aspirina_1_sparse_segmentations\Condição 1 - 2_labels.tif
Condição 1 - 2.jpg,ConvPaint,70,972.5,1802.0,4.0,4.414213562373095,0.6029412150382996,1.1283791670955126,2.5796641830326625,C:\Users\sophi\napari-organoid-segmentation\reports\segmentations\organoid_measurements_aspirina_1_sparse_segmentations\Condição 1 - 2_labels.tif
Condição 1 - 2.jpg,ConvPaint,71,975.0,1766.0,3.0,1.0,0.34379085898399353,0.9772050238058398,37.69911184307752,C:\Users\sophi\napari-organoid-segmentation\reports\segmentations\organoid_measurements_aspirina_1_sparse_segmentations\Condição 1 - 2_labels.tif
Condição 1 - 2.jpg,ConvPaint,72,975.0,1796.0,1.0,0.0,0.007843137718737125,0.5641895835477563,,C:\Users\sophi\napari-organoid-segmentation\reports\segmentations\organoid_measurements_aspirina_1_sparse_segmentations\Condição 1 - 2_labels.tif
Condição 1 - 2.jpg,ConvPaint,73,979.0784313725491,211.76470588235293,51.0,33.89949493661167,0.5366397500038147,4.029119531035698,0.557690934091031,C:\Users\sophi\napari-organoid-segmentation\reports\segmentations\organoid_measurements_aspirina_1_sparse_segmentations\Condição 1 - 2_labels.tif
Condição 1 - 2.jpg,ConvPaint,74,989.969696969697,1747.8181818181818,33.0,28.414213562373092,0.4464646577835083,3.2410224072142872,0.5136325324570526,C:\Users\sophi\napari-organoid-segmentation\reports\segmentations\organoid_measurements_aspirina_1_sparse_segmentations\Condição 1 - 2_labels.tif
Condição 1 - 2.jpg,ConvPaint,75,977.8,1779.8,5.0,4.621320343559642,0.6549019813537598,1.2615662610100802,2.9420342197716285,C:\Users\sophi\napari-organoid-segmentation\reports\segmentations\organoid_measurements_aspirina_1_sparse_segmentations\Condição 1 - 2_labels.tif
Condição 1 - 2.jpg,ConvPaint,76,976.5,1782.0,2.0,0.0,0.656862735748291,0.7978845608028654,,C:\Users\sophi\napari-organoid-segmentation\reports\segmentations\organoid_measurements_aspirina_1_sparse_segmentations\Condição 1 - 2_labels.tif
Condição 1 - 2.jpg,ConvPaint,77,977.5,1789.0,4.0,2.0,0.17843137681484222,1.1283791670955126,12.566370614359172,C:\Users\sophi\napari-organoid-segmentation\reports\segmentations\organoid_measurements_aspirina_1_sparse_segmentations\Condição 1 - 2_labels.tif
Condição 1 - 2.jpg,ConvPaint,78,979.6290322580645,1861.9354838709678,62.0,51.3492424049175,0.37115752696990967,4.442433223290478,0.295483661881455,C:\Users\sophi\napari-organoid-segmentation\reports\segmentations\organoid_measurements_aspirina_1_sparse_segmentations\Condição 1 - 2_labels.tif
Condição 1 - 2.jpg,ConvPaint,79,978.5,1737.8333333333333,6.0,5.207106781186548,0.43398693203926086,1.381976597885342,2.7807897046412133,C:\Users\sophi\napari-organoid-segmentation\reports\segmentations\organoid_measurements_aspirina_1_sparse_segmentations\Condição 1 - 2_labels.tif
Condição 1 - 2.jpg,ConvPaint,80,979.25,1877.875,8.0,7.414213562373095,0.17401960492134094,1.5957691216057308,1.8288145488861385,C:\Users\sophi\napari-organoid-segmentation\reports\segmentations\organoid_measurements_aspirina_1_sparse_segmentations\Condição 1 - 2_labels.tif
Condição 1 - 2.jpg,ConvPaint,81,979.0,1763.0,1.0,0.0,0.03529411926865578,0.5641895835477563,,C:\Users\sophi\napari-organoid-segmentation\reports\segmentations\organoid_measurements_aspirina_1_sparse_segmentations\Condição 1 - 2_labels.tif
Condição 1 - 2.jpg,ConvPaint,82,979.0,1772.0,1.0,0.0,0.29019609093666077,0.5641895835477563,,C:\Users\sophi\napari-organoid-segmentation\reports\segmentations\organoid_measurements_aspirina_1_sparse_segmentations\Condição 1 - 2_labels.tif
Condição 1 - 2.jpg,ConvPaint,83,981.0,1835.2666666666667,15.0,11.82842712474619,0.30849677324295044,2.1850968611841584,1.347246692390209,C:\Users\sophi\napari-organoid-segmentation\reports\segmentations\organoid_measurements_aspirina_1_sparse_segmentations\Condição 1 - 2_labels.tif
Condição 1 - 2.jpg,ConvPaint,84,980.7,1821.4,10.0,8.207106781186548,0.22196078300476074,1.7841241161527712,1.8656479534119152,C:\Users\sophi\napari-organoid-segmentation\reports\segmentations\organoid_measurements_aspirina_1_sparse_segmentations\Condição 1 - 2_labels.tif
Condição 1 - 2.jpg,ConvPaint,85,980.0,1827.0,1.0,0.0,0.6431372761726379,0.5641895835477563,,C:\Users\sophi\napari-organoid-segmentation\reports\segmentations\organoid_measurements_aspirina_1_sparse_segmentations\Condição 1 - 2_labels.tif
Condição 1 - 2.jpg,ConvPaint,86,980.3333333333334,1841.6666666666667,3.0,3.414213562373095,0.5830065608024597,0.9772050238058398,3.2340725067158833,C:\Users\sophi\napari-organoid-segmentation\reports\segmentations\organoid_measurements_aspirina_1_sparse_segmentations\Condição 1 - 2_labels.tif
Condição 1 - 2.jpg,ConvPaint,87,980.5,1848.0,2.0,0.0,0.5137255191802979,0.7978845608028654,,C:\Users\sophi\napari-organoid-segmentation\reports\segmentations\organoid_measurements_aspirina_1_sparse_segmentations\Condição 1 - 2_labels.tif
Condição 1 - 2.jpg,ConvPaint,88,980.6666666666666,1882.3333333333333,3.0,3.414213562373095,0.6496732234954834,0.9772050238058398,3.2340725067158833,C:\Users\sophi\napari-organoid-segmentation\reports\segmentations\organoid_measurements_aspirina_1_sparse_segmentations\Condição 1 - 2_labels.tif
Condição 1 - 2.jpg,ConvPaint,89,982.0,1779.0,3.0,1.0,0.3607843220233917,0.9772050238058398,37.69911184307752,C:\Users\sophi\napari-organoid-segmentation\reports\segmentations\organoid_measurements_aspirina_1_sparse_segmentations\Condição 1 - 2_labels.tif
Condição 1 - 2.jpg,ConvPaint,90,982.5,1826.0,2.0,0.0,0.11764705926179886,0.7978845608028654,,C:\Users\sophi\napari-organoid-segmentation\reports\segmentations\organoid_measurements_aspirina_1_sparse_segmentations\Condição 1 - 2_labels.tif
Condição 1 - 2.jpg,ConvPaint,91,985.0,1861.6666666666667,3.0,1.2071067811865475,0.2705882489681244,0.9772050238058398,25.872580053727066,C:\Users\sophi\napari-organoid-segmentation\reports\segmentations\organoid_measurements_aspirina_1_sparse_segmentations\Condição 1 - 2_labels.tif
Condição 1 - 2.jpg,ConvPaint,92,985.0,210.5,2.0,0.0,0.5921568870544434,0.7978845608028654,,C:\Users\sophi\napari-organoid-segmentation\reports\segmentations\organoid_measurements_aspirina_1_sparse_segmentations\Condição 1 - 2_labels.tif
Condição 1 - 2.jpg,ConvPaint,93,985.0,213.0,1.0,0.0,0.5607843399047852,0.5641895835477563,,C:\Users\sophi\napari-organoid-segmentation\reports\segmentations\organoid_measurements_aspirina_1_sparse_segmentations\Condição 1 - 2_labels.tif
Condição 1 - 2.jpg,ConvPaint,94,986.25,1854.75,4.0,3.2071067811865475,0.21078431606292725,1.1283791670955126,4.887007608661263,C:\Users\sophi\napari-organoid-segmentation\reports\segmentations\organoid_measurements_aspirina_1_sparse_segmentations\Condição 1 - 2_labels.tif
Condição 1 - 2.jpg,ConvPaint,95,988.0,1883.0,7.0,5.0,0.3305322229862213,1.4927053303604616,3.5185837720205684,C:\Users\sophi\napari-organoid-segmentation\reports\segmentations\organoid_measurements_aspirina_1_sparse_segmentations\Condição 1 - 2_labels.tif
Condição 1 - 2.jpg,ConvPaint,96,989.5,1779.0,4.0,2.0,0.3343137204647064,1.1283791670955126,12.566370614359172,C:\Users\sophi\napari-organoid-segmentation\reports\segmentations\organoid_measurements_aspirina_1_sparse_segmentations\Condição 1 - 2_labels.tif
Condição 1 - 2.jpg,ConvPaint,97,990.0,1756.0,3.0,1.0,0.6183006763458252,0.9772050238058398,37.69911184307752,C:\Users\sophi\napari-organoid-segmentation\reports\segmentations\organoid_measurements_aspirina_1_sparse_segmentations\Condição 1 - 2_labels.tif
Condição 1 - 2.jpg,ConvPaint,98,990.0,1763.0,3.0,1.0,0.27581700682640076,0.9772050238058398,37.69911184307752,C:\Users\sophi\napari-organoid-segmentation\reports\segmentations\organoid_measurements_aspirina_1_sparse_segmentations\Condição 1 - 2_labels.tif
Condição 1 - 2.jpg,ConvPaint,99,994.3333333333334,1739.8333333333333,6.0,5.207106781186548,0.4816993772983551,1.381976597885342,2.7807897046412133,C:\Users\sophi\napari-organoid-segmentation\reports\segmentations\organoid_measurements_aspirina_1_sparse_segmentations\Condição 1 - 2_labels.tif
Condição 1 - 2.jpg,ConvPaint,100,993.5,1757.0,4.0,2.414213562373095,0.2813725471496582,1.1283791670955126,8.624193351242356,C:\Users\sophi\napari-organoid-segmentation\reports\segmentations\organoid_measurements_aspirina_1_sparse_segmentations\Condição 1 - 2_labels.tif
Condição 1 - 2.jpg,ConvPaint,101,996.92,1767.92,25.0,19.899494936611667,0.4103529751300812,2.8209479177387813,0.7933517151946657,C:\Users\sophi\napari-organoid-segmentation\reports\segmentations\organoid_measurements_aspirina_1_sparse_segmentations\Condição 1 - 2_labels.tif
Condição 1 - 2.jpg,ConvPaint,102,993.5,1820.0,4.0,2.0,0.32549020648002625,1.1283791670955126,12.566370614359172,C:\Users\sophi\napari-organoid-segmentation\reports\segmentations\organoid_measurements_aspirina_1_sparse_segmentations\Condição 1 - 2_labels.tif
Condição 1 - 2.jpg,ConvPaint,103,992.5,1826.0,2.0,0.0,0.11764705926179886,0.7978845608028654,,C:\Users\sophi\napari-organoid-segmentation\reports\segmentations\organoid_measurements_aspirina_1_sparse_segmentations\Condição 1 - 2_labels.tif
Condição 1 - 2.jpg,ConvPaint,104,998.2777777777778,1776.6666666666667,18.0,14.449747468305834,0.31394335627555847,2.393653682408596,1.0833327059362694,C:\Users\sophi\napari-organoid-segmentation\reports\segmentations\organoid_measurements_aspirina_1_sparse_segmentations\Condição 1 - 2_labels.tif
Condição 1 - 2.jpg,ConvPaint,105,997.3333333333334,1792.5714285714287,21.0,17.071067811865476,0.4382820129394531,2.5854414729132054,0.9055403018804473,C:\Users\sophi\napari-organoid-segmentation\reports\segmentations\organoid_measurements_aspirina_1_sparse_segmentations\Condição 1 - 2_labels.tif
Condição 1 - 2.jpg,ConvPaint,106,997.48,1831.16,25.0,18.485281374238568,0.3408627212047577,2.8209479177387813,0.9193856936786339,C:\Users\sophi\napari-organoid-segmentation\reports\segmentations\organoid_measurements_aspirina_1_sparse_segmentations\Condição 1 - 2_labels.tif
Condição 1 - 2.jpg,ConvPaint,107,997.25,1842.5,4.0,3.414213562373095,0.6196078658103943,1.1283791670955126,4.312096675621178,C:\Users\sophi\napari-organoid-segmentation\reports\segmentations\organoid_measurements_aspirina_1_sparse_segmentations\Condição 1 - 2_labels.tif
Condição 1 - 2.jpg,ConvPaint,108,998.125,1735.375,16.0,13.621320343559642,0.2504901885986328,2.256758334191025,1.0836559833495856,C:\Users\sophi\napari-organoid-segmentation\reports\segmentations\organoid_measurements_aspirina_1_sparse_segmentations\Condição 1 - 2_labels.tif
Condição 1 - 2.jpg,ConvPaint,109,1001.5714285714286,1753.142857142857,7.0,7.82842712474619,0.5316526889801025,1.4927053303604616,1.4353535174681102,C:\Users\sophi\napari-organoid-segmentation\reports\segmentations\organoid_measurements_aspirina_1_sparse_segmentations\Condição 1 - 2_labels.tif
Condição 1 - 2.jpg,ConvPaint,110,1000.6666666666666,1760.3333333333333,3.0,3.414213562373095,0.1581699401140213,0.9772050238058398,3.2340725067158833,C:\Users\sophi\napari-organoid-segmentation\reports\segmentations\organoid_measurements_aspirina_1_sparse_segmentations\Condição 1 - 2_labels.tif
Condição 1 - 2.jpg,ConvPaint,111,1000.75,1785.5,4.0,2.621320343559643,0.21176470816135406,1.1283791670955126,7.315258195544552,C:\Users\sophi\napari-organoid-segmentation\reports\segmentations\organoid_measurements_aspirina_1_sparse_segmentations\Condição 1 - 2_labels.tif
Condição 1 - 2.jpg,ConvPaint,112,1001.4166666666666,1799.5833333333333,12.0,10.0,0.3960784673690796,1.9544100476116797,1.5079644737231006,C:\Users\sophi\napari-organoid-segmentation\reports\segmentations\organoid_measurements_aspirina_1_sparse_segmentations\Condição 1 - 2_labels.tif
Condição 1 - 2.jpg,ConvPaint,113,1001.5,1820.0,4.0,2.0,0.32156863808631897,1.1283791670955126,12.566370614359172,C:\Users\sophi\napari-organoid-segmentation\reports\segmentations\organoid_measurements_aspirina_1_sparse_segmentations\Condição 1 - 2_labels.tif
Condição 1 - 2.jpg,ConvPaint,114,1000.5,1848.0,2.0,0.0,0.4431372582912445,0.7978845608028654,,C:\Users\sophi\napari-organoid-segmentation\reports\segmentations\organoid_measurements_aspirina_1_sparse_segmentations\Condição 1 - 2_labels.tif
Condição 1 - 2.jpg,ConvPaint,115,1001.6666666666666,1853.5833333333333,12.0,9.621320343559642,0.3960784673690796,1.9544100476116797,1.6290025362204212,C:\Users\sophi\napari-organoid-segmentation\reports\segmentations\organoid_measurements_aspirina_1_sparse_segmentations\Condição 1 - 2_labels.tif
Condição 1 - 2.jpg,ConvPaint,116,1001.5,1869.0,12.0,10.0,0.4522876441478729,1.9544100476116797,1.5079644737231006,C:\Users\sophi\napari-organoid-segmentation\reports\segmentations\organoid_measurements_aspirina_1_sparse_segmentations\Condição 1 - 2_labels.tif
Condição 1 - 2.jpg,ConvPaint,117,1001.4,1876.8,5.0,3.414213562373095,0.3427451252937317,1.2615662610100802,5.390120844526472,C:\Users\sophi\napari-organoid-segmentation\reports\segmentations\organoid_measurements_aspirina_1_sparse_segmentations\Condição 1 - 2_labels.tif
Condição 1 - 2.jpg,ConvPaint,118,1001.8333333333334,1882.6666666666667,6.0,5.0,0.400653600692749,1.381976597885342,3.015928947446201,C:\Users\sophi\napari-organoid-segmentation\reports\segmentations\organoid_measurements_aspirina_1_sparse_segmentations\Condição 1 - 2_labels.tif
Condição 1 - 2.jpg,ConvPaint,119,1001.0,1836.0,1.0,0.0,0.21568627655506134,0.5641895835477563,,C:\Users\sophi\napari-organoid-segmentation\reports\segmentations\organoid_measurements_aspirina_1_sparse_segmentations\Condição 1 - 2_labels.tif
Condição 1 - 2.jpg,ConvPaint,120,1001.0,1845.0,1.0,0.0,0.30980393290519714,0.5641895835477563,,C:\Users\sophi\napari-organoid-segmentation\reports\segmentations\organoid_measurements_aspirina_1_sparse_segmentations\Condição 1 - 2_labels.tif
Condição 1 - 2.jpg,ConvPaint,121,1003.0,1741.5,4.0,2.0,0.6490195989608765,1.1283791670955126,12.566370614359172,C:\Users\sophi\napari-organoid-segmentation\reports\segmentations\organoid_measurements_aspirina_1_sparse_segmentations\Condição 1 - 2_labels.tif
Condição 1 - 2.jpg,ConvPaint,122,1003.0,1786.0,1.0,0.0,0.6431372761726379,0.5641895835477563,,C:\Users\sophi\napari-organoid-segmentation\reports\segmentations\organoid_measurements_aspirina_1_sparse_segmentations\Condição 1 - 2_labels.tif
Condição 1 - 2.jpg,ConvPaint,123,1004.4444444444445,1826.3333333333333,9.0,7.414213562373096,0.32461875677108765,1.692568750643269,2.0574163674969053,C:\Users\sophi\napari-organoid-segmentation\reports\segmentations\organoid_measurements_aspirina_1_sparse_segmentations\Condição 1 - 2_labels.tif
Condição 1 - 2.jpg,ConvPaint,124,1003.0,1848.0,1.0,0.0,0.6431372761726379,0.5641895835477563,,C:\Users\sophi\napari-organoid-segmentation\reports\segmentations\organoid_measurements_aspirina_1_sparse_segmentations\Condição 1 - 2_labels.tif
Condição 1 - 2.jpg,ConvPaint,125,1003.0,1879.0,1.0,0.0,0.6509804129600525,0.5641895835477563,,C:\Users\sophi\napari-organoid-segmentation\reports\segmentations\organoid_measurements_aspirina_1_sparse_segmentations\Condição 1 - 2_labels.tif
Condição 1 - 2.jpg,ConvPaint,126,1010.0,1826.0,1.0,0.0,0.11764705926179886,0.5641895835477563,,C:\Users\sophi\napari-organoid-segmentation\reports\segmentations\organoid_measurements_aspirina_1_sparse_segmentations\Condição 1 - 2_labels.tif
Condição 1 - 2.jpg,ConvPaint,127,1017.1891891891892,157.3918918918919,74.0,40.10660171779821,0.5539480447769165,4.853342309955121,0.5781091634256272,C:\Users\sophi\napari-organoid-segmentation\reports\segmentations\organoid_measurements_aspirina_1_sparse_segmentations\Condição 1 - 2_labels.tif
Condição 1 - 2.jpg,ConvPaint,128,1050.925258298527,230.57474170147285,9098.0,666.6822868876584,0.30380910634994507,53.81434143887787,0.257227835653112,C:\Users\sophi\napari-organoid-segmentation\reports\segmentations\organoid_measurements_aspirina_1_sparse_segmentations\Condição 1 - 2_labels.tif
Condição 1 - 2.jpg,ConvPaint,129,1052.3135635018496,666.7681874229346,8110.0,966.6599923110721,0.32862165570259094,50.8083967169851,0.10906445388423827,C:\Users\sophi\napari-organoid-segmentation\reports\segmentations\organoid_measurements_aspirina_1_sparse_segmentations\Condição 1 - 2_labels.tif
Condição 1 - 2.jpg,ConvPaint,130,1012.0,1826.0,1.0,0.0,0.6470588445663452,0.5641895835477563,,C:\Users\sophi\napari-organoid-segmentation\reports\segmentations\organoid_measurements_aspirina_1_sparse_segmentations\Condição 1 - 2_labels.tif
Condição 1 - 2.jpg,ConvPaint,131,1016.0162601626016,1804.9512195121952,123.0,120.82842712474618,0.06022636964917183,6.257165172872317,0.10587093076814431,C:\Users\sophi\napari-organoid-segmentation\reports\segmentations\organoid_measurements_aspirina_1_sparse_segmentations\Condição 1 - 2_labels.tif
Condição 1 - 2.jpg,ConvPaint,132,1016.5,1862.5,4.0,4.0,0.5166667103767395,1.1283791670955126,3.141592653589793,C:\Users\sophi\napari-organoid-segmentation\reports\segmentations\organoid_measurements_aspirina_1_sparse_segmentations\Condição 1 - 2_labels.tif
Condição 1 - 2.jpg,ConvPaint,133,1026.5355029585799,1807.7958579881656,1352.0,222.20710678118655,8.701706065039616e-06,20.7449985808745,0.3440889025876092,C:\Users\sophi\napari-organoid-segmentation\reports\segmentations\organoid_measurements_aspirina_1_sparse_segmentations\Condição 1 - 2_labels.tif
Condição 1 - 2.jpg,ConvPaint,134,1025.0,693.0,1.0,0.0,0.4901960790157318,0.5641895835477563,,C:\Users\sophi\napari-organoid-segmentation\reports\segmentations\organoid_measurements_aspirina_1_sparse_segmentations\Condição 1 - 2_labels.tif
Condição 1 - 2.jpg,ConvPaint,135,1026.5,159.0,2.0,0.0,0.5215686559677124,0.7978845608028654,,C:\Users\sophi\napari-organoid-segmentation\reports\segmentations\organoid_measurements_aspirina_1_sparse_segmentations\Condição 1 - 2_labels.tif
Condição 1 - 2.jpg,ConvPaint,136,1034.0,1862.0,1.0,0.0,0.3921568691730499,0.5641895835477563,,C:\Users\sophi\napari-organoid-segmentation\reports\segmentations\organoid_measurements_aspirina_1_sparse_segmentations\Condição 1 - 2_labels.tif
Condição 1 - 2.jpg,ConvPaint,137,1042.0,288.0,1.0,0.0,0.3803921639919281,0.5641895835477563,,C:\Users\sophi\napari-organoid-segmentation\reports\segmentations\organoid_measurements_aspirina_1_sparse_segmentations\Condição 1 - 2_labels.tif
Condição 1 - 2.jpg,ConvPaint,138,1046.0,719.0,1.0,0.0,0.4745098054409027,0.5641895835477563,,C:\Users\sophi\napari-organoid-segmentation\reports\segmentations\organoid_measurements_aspirina_1_sparse_segmentations\Condição 1 - 2_labels.tif
Condição 1 - 2.jpg,ConvPaint,139,1072.0,138.0,1.0,0.0,0.7568627595901489,0.5641895835477563,,C:\Users\sophi\napari-organoid-segmentation\reports\segmentations\organoid_measurements_aspirina_1_sparse_segmentations\Condição 1 - 2_labels.tif
Condição 1 - 2.jpg,ConvPaint,140,1072.0,161.0,1.0,0.0,0.364705890417099,0.5641895835477563,,C:\Users\sophi\napari-organoid-segmentation\reports\segmentations\organoid_measurements_aspirina_1_sparse_segmentations\Condição 1 - 2_labels.tif
Condição 1 - 3.jpg,ConvPaint,1,8.668594563331405,761.5546558704453,1729.0,264.3259018078045,0.3828235864639282,23.45970573583083,0.3109749539246901,C:\Users\sophi\napari-organoid-segmentation\reports\segmentations\organoid_measurements_aspirina_1_sparse_segmentations\Condição 1 - 3_labels.tif
Condição 1 - 3.jpg,ConvPaint,2,25.87069074378078,1173.276044955171,7919.0,488.00104602052653,0.2772458493709564,50.20653332674382,0.4178676023200997,C:\Users\sophi\napari-organoid-segmentation\reports\segmentations\organoid_measurements_aspirina_1_sparse_segmentations\Condição 1 - 3_labels.tif
Condição 1 - 3.jpg,ConvPaint,3,24.478109564436462,1617.6865738661877,8908.0,656.9838020778234,0.2265780121088028,53.249455078199695,0.25934671299642137,C:\Users\sophi\napari-organoid-segmentation\reports\segmentations\organoid_measurements_aspirina_1_sparse_segmentations\Condição 1 - 3_labels.tif
Condição 1 - 3.jpg,ConvPaint,4,1.0,1715.0,1.0,0.0,0.38823530077934265,0.5641895835477563,,C:\Users\sophi\napari-organoid-segmentation\reports\segmentations\organoid_measurements_aspirina_1_sparse_segmentations\Condição 1 - 3_labels.tif
Condição 1 - 3.jpg,ConvPaint,5,12.5,1714.0,2.0,0.0,0.40784314274787903,0.7978845608028654,,C:\Users\sophi\napari-organoid-segmentation\reports\segmentations\organoid_measurements_aspirina_1_sparse_segmentations\Condição 1 - 3_labels.tif
Condição 1 - 3.jpg,ConvPaint,6,13.0,1711.0,1.0,0.0,0.3803921639919281,0.5641895835477563,,C:\Users\sophi\napari-organoid-segmentation\reports\segmentations\organoid_measurements_aspirina_1_sparse_segmentations\Condição 1 - 3_labels.tif
Condição 1 - 3.jpg,ConvPaint,7,14.5,1516.5,4.0,4.0,0.45098039507865906,1.1283791670955126,3.141592653589793,C:\Users\sophi\napari-organoid-segmentation\reports\segmentations\organoid_measurements_aspirina_1_sparse_segmentations\Condição 1 - 3_labels.tif
Condição 1 - 3.jpg,ConvPaint,8,25.35135135135135,1707.972972972973,37.0,26.863961030678926,0.41791200637817383,3.431831258788849,0.6442753128380986,C:\Users\sophi\napari-organoid-segmentation\reports\segmentations\organoid_measurements_aspirina_1_sparse_segmentations\Condição 1 - 3_labels.tif
Condição 1 - 3.jpg,ConvPaint,9,45.14736842105263,1518.0894736842106,190.0,108.56244584051392,0.42350882291793823,7.776816725043752,0.20258357305806984,C:\Users\sophi\napari-organoid-segmentation\reports\segmentations\organoid_measurements_aspirina_1_sparse_segmentations\Condição 1 - 3_labels.tif
Condição 1 - 3.jpg,ConvPaint,10,34.0,1706.5,4.0,4.414213562373095,0.4598039388656616,1.1283791670955126,2.5796641830326625,C:\Users\sophi\napari-organoid-segmentation\reports\segmentations\organoid_measurements_aspirina_1_sparse_segmentations\Condição 1 - 3_labels.tif
Condição 1 - 3.jpg,ConvPaint,11,36.5,1510.0,2.0,0.0,0.45490196347236633,0.7978845608028654,,C:\Users\sophi\napari-organoid-segmentation\reports\segmentations\organoid_measurements_aspirina_1_sparse_segmentations\Condição 1 - 3_labels.tif
Condição 1 - 3.jpg,ConvPaint,12,51.0,1687.0,1.0,0.0,0.46666666865348816,0.5641895835477563,,C:\Users\sophi\napari-organoid-segmentation\reports\segmentations\organoid_measurements_aspirina_1_sparse_segmentations\Condição 1 - 3_labels.tif
Condição 1 - 3.jpg,ConvPaint,13,52.285714285714285,1713.5714285714287,7.0,6.621320343559642,0.43361347913742065,1.4927053303604616,2.006405475692071,C:\Users\sophi\napari-organoid-segmentation\reports\segmentations\organoid_measurements_aspirina_1_sparse_segmentations\Condição 1 - 3_labels.tif
Condição 1 - 3.jpg,ConvPaint,14,53.0,1579.0,1.0,0.0,0.4156862795352936,0.5641895835477563,,C:\Users\sophi\napari-organoid-segmentation\reports\segmentations\organoid_measurements_aspirina_1_sparse_segmentations\Condição 1 - 3_labels.tif
Condição 1 - 3.jpg,ConvPaint,15,54.0,1513.5,2.0,0.0,0.45686274766921997,0.7978845608028654,,C:\Users\sophi\napari-organoid-segmentation\reports\segmentations\organoid_measurements_aspirina_1_sparse_segmentations\Condição 1 - 3_labels.tif
Condição 1 - 3.jpg,ConvPaint,16,54.0,1536.0,1.0,0.0,0.43529412150382996,0.5641895835477563,,C:\Users\sophi\napari-organoid-segmentation\reports\segmentations\organoid_measurements_aspirina_1_sparse_segmentations\Condição 1 - 3_labels.tif
Condição 1 - 3.jpg,ConvPaint,17,55.0,1610.0,1.0,0.0,0.4000000059604645,0.5641895835477563,,C:\Users\sophi\napari-organoid-segmentation\reports\segmentations\organoid_measurements_aspirina_1_sparse_segmentations\Condição 1 - 3_labels.tif
Condição 1 - 3.jpg,ConvPaint,18,57.0,1709.5,4.0,4.414213562373095,0.4490196108818054,1.1283791670955126,2.5796641830326625,C:\Users\sophi\napari-organoid-segmentation\reports\segmentations\organoid_measurements_aspirina_1_sparse_segmentations\Condição 1 - 3_labels.tif
Condição 1 - 3.jpg,ConvPaint,19,57.0,1157.0,1.0,0.0,0.5803921818733215,0.5641895835477563,,C:\Users\sophi\napari-organoid-segmentation\reports\segmentations\organoid_measurements_aspirina_1_sparse_segmentations\Condição 1 - 3_labels.tif
Condição 1 - 3.jpg,ConvPaint,20,57.0,1627.0,1.0,0.0,0.40392157435417175,0.5641895835477563,,C:\Users\sophi\napari-organoid-segmentation\reports\segmentations\organoid_measurements_aspirina_1_sparse_segmentations\Condição 1 - 3_labels.tif
Condição 1 - 3.jpg,ConvPaint,21,57.0,1636.0,1.0,0.0,0.38823530077934265,0.5641895835477563,,C:\Users\sophi\napari-organoid-segmentation\reports\segmentations\organoid_measurements_aspirina_1_sparse_segmentations\Condição 1 - 3_labels.tif
Condição 1 - 3.jpg,ConvPaint,22,57.4,1639.2,5.0,5.207106781186548,0.40156859159469604,1.2615662610100802,2.3173247538676778,C:\Users\sophi\napari-organoid-segmentation\reports\segmentations\organoid_measurements_aspirina_1_sparse_segmentations\Condição 1 - 3_labels.tif
Condição 1 - 3.jpg,ConvPaint,23,58.0,1570.0,1.0,0.0,0.40392157435417175,0.5641895835477563,,C:\Users\sophi\napari-organoid-segmentation\reports\segmentations\organoid_measurements_aspirina_1_sparse_segmentations\Condição 1 - 3_labels.tif
Condição 1 - 3.jpg,ConvPaint,24,59.0,1600.0,1.0,0.0,0.45098039507865906,0.5641895835477563,,C:\Users\sophi\napari-organoid-segmentation\reports\segmentations\organoid_measurements_aspirina_1_sparse_segmentations\Condição 1 - 3_labels.tif
Condição 1 - 3.jpg,ConvPaint,25,61.5,1578.0,2.0,0.0,0.4333333373069763,0.7978845608028654,,C:\Users\sophi\napari-organoid-segmentation\reports\segmentations\organoid_measurements_aspirina_1_sparse_segmentations\Condição 1 - 3_labels.tif
Condição 1 - 3.jpg,ConvPaint,26,61.0,1645.5,2.0,0.0,0.4588235318660736,0.7978845608028654,,C:\Users\sophi\napari-organoid-segmentation\reports\segmentations\organoid_measurements_aspirina_1_sparse_segmentations\Condição 1 - 3_labels.tif
Condição 1 - 3.jpg,ConvPaint,27,62.0,1662.0,1.0,0.0,0.48627451062202454,0.5641895835477563,,C:\Users\sophi\napari-organoid-segmentation\reports\segmentations\organoid_measurements_aspirina_1_sparse_segmentations\Condição 1 - 3_labels.tif
Condição 1 - 3.jpg,ConvPaint,28,64.0,1640.0,1.0,0.0,0.46666666865348816,0.5641895835477563,,C:\Users\sophi\napari-organoid-segmentation\reports\segmentations\organoid_measurements_aspirina_1_sparse_segmentations\Condição 1 - 3_labels.tif
Condição 1 - 3.jpg,ConvPaint,29,69.0,1563.0,1.0,0.0,0.4313725531101227,0.5641895835477563,,C:\Users\sophi\napari-organoid-segmentation\reports\segmentations\organoid_measurements_aspirina_1_sparse_segmentations\Condição 1 - 3_labels.tif
Condição 1 - 3.jpg,ConvPaint,30,322.2024925724428,289.4141297218042,25917.0,991.0275246792191,0.2852032482624054,90.82751411453087,0.33160659510099216,C:\Users\sophi\napari-organoid-segmentation\reports\segmentations\organoid_measurements_aspirina_1_sparse_segmentations\Condição 1 - 3_labels.tif
Condição 1 - 3.jpg,ConvPaint,31,355.2417742607247,714.0341940857976,24010.0,1114.0985924910847,0.29150959849357605,87.42208169148579,0.24308310378431577,C:\Users\sophi\napari-organoid-segmentation\reports\segmentations\organoid_measurements_aspirina_1_sparse_segmentations\Condição 1 - 3_labels.tif
Condição 1 - 3.jpg,ConvPaint,32,258.5,728.5,4.0,4.0,0.4990196228027344,1.1283791670955126,3.141592653589793,C:\Users\sophi\napari-organoid-segmentation\reports\segmentations\organoid_measurements_aspirina_1_sparse_segmentations\Condição 1 - 3_labels.tif
Condição 1 - 3.jpg,ConvPaint,33,259.0,694.0,1.0,0.0,0.5098039507865906,0.5641895835477563,,C:\Users\sophi\napari-organoid-segmentation\reports\segmentations\organoid_measurements_aspirina_1_sparse_segmentations\Condição 1 - 3_labels.tif
Condição 1 - 3.jpg,ConvPaint,34,262.0,217.0,1.0,0.0,0.5607843399047852,0.5641895835477563,,C:\Users\sophi\napari-organoid-segmentation\reports\segmentations\organoid_measurements_aspirina_1_sparse_segmentations\Condição 1 - 3_labels.tif
Condição 1 - 3.jpg,ConvPaint,35,270.0,1088.0,1.0,0.0,0.5647059082984924,0.5641895835477563,,C:\Users\sophi\napari-organoid-segmentation\reports\segmentations\organoid_measurements_aspirina_1_sparse_segmentations\Condição 1 - 3_labels.tif
Condição 1 - 3.jpg,ConvPaint,36,270.0,1090.5,2.0,0.0,0.5823529958724976,0.7978845608028654,,C:\Users\sophi\napari-organoid-segmentation\reports\segmentations\organoid_measurements_aspirina_1_sparse_segmentations\Condição 1 - 3_labels.tif
Condição 1 - 3.jpg,ConvPaint,37,278.7178217821782,1092.539603960396,202.0,122.73401871576775,0.4853426516056061,8.018640596081465,0.16851219052054128,C:\Users\sophi\napari-organoid-segmentation\reports\segmentations\organoid_measurements_aspirina_1_sparse_segmentations\Condição 1 - 3_labels.tif
Condição 1 - 3.jpg,ConvPaint,38,375.48207271810026,1156.1824438758963,27751.0,1046.2457787486987,0.2614087164402008,93.98626309991464,0.318581874961202,C:\Users\sophi\napari-organoid-segmentation\reports\segmentations\organoid_measurements_aspirina_1_sparse_segmentations\Condição 1 - 3_labels.tif
Condição 1 - 3.jpg,ConvPaint,39,277.0,1107.0,1.0,0.0,0.5098039507865906,0.5641895835477563,,C:\Users\sophi\napari-organoid-segmentation\reports\segmentations\organoid_measurements_aspirina_1_sparse_segmentations\Condição 1 - 3_labels.tif
Condição 1 - 3.jpg,ConvPaint,40,284.0,1178.0,1.0,0.0,0.4274509847164154,0.5641895835477563,,C:\Users\sophi\napari-organoid-segmentation\reports\segmentations\organoid_measurements_aspirina_1_sparse_segmentations\Condição 1 - 3_labels.tif
Condição 1 - 3.jpg,ConvPaint,41,288.0,1109.0,1.0,0.0,0.4627451002597809,0.5641895835477563,,C:\Users\sophi\napari-organoid-segmentation\reports\segmentations\organoid_measurements_aspirina_1_sparse_segmentations\Condição 1 - 3_labels.tif
Condição 1 - 3.jpg,ConvPaint,42,294.85714285714283,766.7142857142857,7.0,7.414213562373095,0.5120448470115662,1.4927053303604616,1.6002127302753713,C:\Users\sophi\napari-organoid-segmentation\reports\segmentations\organoid_measurements_aspirina_1_sparse_segmentations\Condição 1 - 3_labels.tif
Condição 1 - 3.jpg,ConvPaint,43,323.06410256410254,1546.5384615384614,78.0,54.42031021678298,0.4837104082107544,4.982787485166879,0.3309652831476636,C:\Users\sophi\napari-organoid-segmentation\reports\segmentations\organoid_measurements_aspirina_1_sparse_segmentations\Condição 1 - 3_labels.tif
Condição 1 - 3.jpg,ConvPaint,44,316.5,1625.0,2.0,0.0,0.44509804248809814,0.7978845608028654,,C:\Users\sophi\napari-organoid-segmentation\reports\segmentations\organoid_measurements_aspirina_1_sparse_segmentations\Condição 1 - 3_labels.tif
Condição 1 - 3.jpg,ConvPaint,45,316.0,1630.0,1.0,0.0,0.4941176474094391,0.5641895835477563,,C:\Users\sophi\napari-organoid-segmentation\reports\segmentations\organoid_measurements_aspirina_1_sparse_segmentations\Condição 1 - 3_labels.tif
Condição 1 - 3.jpg,ConvPaint,46,318.5,1627.5,2.0,0.0,0.4490196108818054,0.7978845608028654,,C:\Users\sophi\napari-organoid-segmentation\reports\segmentations\organoid_measurements_aspirina_1_sparse_segmentations\Condição 1 - 3_labels.tif
Condição 1 - 3.jpg,ConvPaint,47,319.0,790.0,1.0,0.0,0.5058823823928833,0.5641895835477563,,C:\Users\sophi\napari-organoid-segmentation\reports\segmentations\organoid_measurements_aspirina_1_sparse_segmentations\Condição 1 - 3_labels.tif
Condição 1 - 3.jpg,ConvPaint,48,324.3333333333333,1554.0,3.0,1.2071067811865475,0.43921568989753723,0.9772050238058398,25.872580053727066,C:\Users\sophi\napari-organoid-segmentation\reports\segmentations\organoid_measurements_aspirina_1_sparse_segmentations\Condição 1 - 3_labels.tif
Condição 1 - 3.jpg,ConvPaint,49,326.0,1648.0,1.0,0.0,0.4470588266849518,0.5641895835477563,,C:\Users\sophi\napari-organoid-segmentation\reports\segmentations\organoid_measurements_aspirina_1_sparse_segmentations\Condição 1 - 3_labels.tif
Condição 1 - 3.jpg,ConvPaint,50,328.0,1242.5,2.0,0.0,0.4941176772117615,0.7978845608028654,,C:\Users\sophi\napari-organoid-segmentation\reports\segmentations\organoid_measurements_aspirina_1_sparse_segmentations\Condição 1 - 3_labels.tif
Condição 1 - 3.jpg,ConvPaint,51,424.500265425293,1579.6106415125157,24489.0,1044.885389055488,0.254250705242157,88.28981143232129,0.28186659070494413,C:\Users\sophi\napari-organoid-segmentation\reports\segmentations\organoid_measurements_aspirina_1_sparse_segmentations\Condição 1 - 3_labels.tif
Condição 1 - 3.jpg,ConvPaint,52,328.0,1560.0,1.0,0.0,0.4941176474094391,0.5641895835477563,,C:\Users\sophi\napari-organoid-segmentation\reports\segmentations\organoid_measurements_aspirina_1_sparse_segmentations\Condição 1 - 3_labels.tif
Condição 1 - 3.jpg,ConvPaint,53,328.0,1650.0,1.0,0.0,0.4627451002597809,0.5641895835477563,,C:\Users\sophi\napari-organoid-segmentation\reports\segmentations\organoid_measurements_aspirina_1_sparse_segmentations\Condição 1 - 3_labels.tif
Condição 1 - 3.jpg,ConvPaint,54,332.0,1586.5,2.0,0.0,0.43921568989753723,0.7978845608028654,,C:\Users\sophi\napari-organoid-segmentation\reports\segmentations\organoid_measurements_aspirina_1_sparse_segmentations\Condição 1 - 3_labels.tif
Condição 1 - 3.jpg,ConvPaint,55,337.0,1065.0,1.0,0.0,0.6470588445663452,0.5641895835477563,,C:\Users\sophi\napari-organoid-segmentation\reports\segmentations\organoid_measurements_aspirina_1_sparse_segmentations\Condição 1 - 3_labels.tif
Condição 1 - 3.jpg,ConvPaint,56,339.0,1694.0,1.0,0.0,0.43529412150382996,0.5641895835477563,,C:\Users\sophi\napari-organoid-segmentation\reports\segmentations\organoid_measurements_aspirina_1_sparse_segmentations\Condição 1 - 3_labels.tif
Condição 1 - 3.jpg,ConvPaint,57,345.5,1696.5833333333333,12.0,10.449747468305834,0.4598039388656616,1.9544100476116797,1.3809549767052038,C:\Users\sophi\napari-organoid-segmentation\reports\segmentations\organoid_measurements_aspirina_1_sparse_segmentations\Condição 1 - 3_labels.tif
Condição 1 - 3.jpg,ConvPaint,58,350.0,1700.0,3.0,1.0,0.4470588266849518,0.9772050238058398,37.69911184307752,C:\Users\sophi\napari-organoid-segmentation\reports\segmentations\organoid_measurements_aspirina_1_sparse_segmentations\Condição 1 - 3_labels.tif
Condição 1 - 3.jpg,ConvPaint,59,350.6666666666667,1696.6666666666667,3.0,3.414213562373095,0.5071895718574524,0.9772050238058398,3.2340725067158833,C:\Users\sophi\napari-organoid-segmentation\reports\segmentations\organoid_measurements_aspirina_1_sparse_segmentations\Condição 1 - 3_labels.tif
Condição 1 - 3.jpg,ConvPaint,60,352.5,1489.0,2.0,0.0,0.5196079015731812,0.7978845608028654,,C:\Users\sophi\napari-organoid-segmentation\reports\segmentations\organoid_measurements_aspirina_1_sparse_segmentations\Condição 1 - 3_labels.tif
Condição 1 - 3.jpg,ConvPaint,61,353.7,1701.2,10.0,8.414213562373096,0.47019609808921814,1.7841241161527712,1.7749364273220878,C:\Users\sophi\napari-organoid-segmentation\reports\segmentations\organoid_measurements_aspirina_1_sparse_segmentations\Condição 1 - 3_labels.tif
Condição 1 - 3.jpg,ConvPaint,62,356.0,196.0,1.0,0.0,0.7019608020782471,0.5641895835477563,,C:\Users\sophi\napari-organoid-segmentation\reports\segmentations\organoid_measurements_aspirina_1_sparse_segmentations\Condição 1 - 3_labels.tif
Condição 1 - 3.jpg,ConvPaint,63,387.84046692607006,1715.2645914396887,257.0,142.35533905932738,0.47159531712532043,9.044647077096718,0.15936592477100187,C:\Users\sophi\napari-organoid-segmentation\reports\segmentations\organoid_measurements_aspirina_1_sparse_segmentations\Condição 1 - 3_labels.tif
Condição 1 - 3.jpg,ConvPaint,64,357.5,1702.0,2.0,0.0,0.49215686321258545,0.7978845608028654,,C:\Users\sophi\napari-organoid-segmentation\reports\segmentations\organoid_measurements_aspirina_1_sparse_segmentations\Condição 1 - 3_labels.tif
Condição 1 - 3.jpg,ConvPaint,65,358.0,1627.0,1.0,0.0,0.4627451002597809,0.5641895835477563,,C:\Users\sophi\napari-organoid-segmentation\reports\segmentations\organoid_measurements_aspirina_1_sparse_segmentations\Condição 1 - 3_labels.tif
Condição 1 - 3.jpg,ConvPaint,66,361.0,1509.0,1.0,0.0,0.47843137383461,0.5641895835477563,,C:\Users\sophi\napari-organoid-segmentation\reports\segmentations\organoid_measurements_aspirina_1_sparse_segmentations\Condição 1 - 3_labels.tif
Condição 1 - 3.jpg,ConvPaint,67,368.0,1069.0,1.0,0.0,0.6470588445663452,0.5641895835477563,,C:\Users\sophi\napari-organoid-segmentation\reports\segmentations\organoid_measurements_aspirina_1_sparse_segmentations\Condição 1 - 3_labels.tif
Condição 1 - 3.jpg,ConvPaint,68,387.5509259259259,1034.9490740740741,216.0,125.11269837220809,0.5107117295265198,8.291859587312052,0.17340468760290906,C:\Users\sophi\napari-organoid-segmentation\reports\segmentations\organoid_measurements_aspirina_1_sparse_segmentations\Condição 1 - 3_labels.tif
Condição 1 - 3.jpg,ConvPaint,69,382.0,1249.0,1.0,0.0,0.5058823823928833,0.5641895835477563,,C:\Users\sophi\napari-organoid-segmentation\reports\segmentations\organoid_measurements_aspirina_1_sparse_segmentations\Condição 1 - 3_labels.tif
Condição 1 - 3.jpg,ConvPaint,70,385.5,1248.0,2.0,0.0,0.4941176474094391,0.7978845608028654,,C:\Users\sophi\napari-organoid-segmentation\reports\segmentations\organoid_measurements_aspirina_1_sparse_segmentations\Condição 1 - 3_labels.tif
Condição 1 - 3.jpg,ConvPaint,71,387.5,1036.0,2.0,0.0,0.4431372582912445,0.7978845608028654,,C:\Users\sophi\napari-organoid-segmentation\reports\segmentations\organoid_measurements_aspirina_1_sparse_segmentations\Condição 1 - 3_labels.tif
Condição 1 - 3.jpg,ConvPaint,72,387.0,1045.0,1.0,0.0,0.545098066329956,0.5641895835477563,,C:\Users\sophi\napari-organoid-segmentation\reports\segmentations\organoid_measurements_aspirina_1_sparse_segmentations\Condição 1 - 3_labels.tif
Condição 1 - 3.jpg,ConvPaint,73,398.5213675213675,1056.3076923076924,117.0,78.42031021678298,0.5119825005531311,6.102643417692329,0.23907744936597283,C:\Users\sophi\napari-organoid-segmentation\reports\segmentations\organoid_measurements_aspirina_1_sparse_segmentations\Condição 1 - 3_labels.tif
Condição 1 - 3.jpg,ConvPaint,74,391.0,1031.0,1.0,0.0,0.48235294222831726,0.5641895835477563,,C:\Users\sophi\napari-organoid-segmentation\reports\segmentations\organoid_measurements_aspirina_1_sparse_segmentations\Condição 1 - 3_labels.tif
Condição 1 - 3.jpg,ConvPaint,75,397.0,1043.0,1.0,0.0,0.5058823823928833,0.5641895835477563,,C:\Users\sophi\napari-organoid-segmentation\reports\segmentations\organoid_measurements_aspirina_1_sparse_segmentations\Condição 1 - 3_labels.tif
Condição 1 - 3.jpg,ConvPaint,76,400.5,1050.0,2.0,0.0,0.5686274766921997,0.7978845608028654,,C:\Users\sophi\napari-organoid-segmentation\reports\segmentations\organoid_measurements_aspirina_1_sparse_segmentations\Condição 1 - 3_labels.tif
Condição 1 - 3.jpg,ConvPaint,77,401.4,1674.6,5.0,4.207106781186548,0.4996078610420227,1.2615662610100802,3.5498728546441756,C:\Users\sophi\napari-organoid-segmentation\reports\segmentations\organoid_measurements_aspirina_1_sparse_segmentations\Condição 1 - 3_labels.tif
Condição 1 - 3.jpg,ConvPaint,78,401.0,1672.0,1.0,0.0,0.5215686559677124,0.5641895835477563,,C:\Users\sophi\napari-organoid-segmentation\reports\segmentations\organoid_measurements_aspirina_1_sparse_segmentations\Condição 1 - 3_labels.tif
Condição 1 - 3.jpg,ConvPaint,79,403.0,1663.0,1.0,0.0,0.4941176474094391,0.5641895835477563,,C:\Users\sophi\napari-organoid-segmentation\reports\segmentations\organoid_measurements_aspirina_1_sparse_segmentations\Condição 1 - 3_labels.tif
Condição 1 - 3.jpg,ConvPaint,80,404.5,1044.5,2.0,0.0,0.5843137502670288,0.7978845608028654,,C:\Users\sophi\napari-organoid-segmentation\reports\segmentations\organoid_measurements_aspirina_1_sparse_segmentations\Condição 1 - 3_labels.tif
Condição 1 - 3.jpg,ConvPaint,81,404.0,1671.5,2.0,0.0,0.501960813999176,0.7978845608028654,,C:\Users\sophi\napari-organoid-segmentation\reports\segmentations\organoid_measurements_aspirina_1_sparse_segmentations\Condição 1 - 3_labels.tif
Condição 1 - 3.jpg,ConvPaint,82,409.0,1235.0,1.0,0.0,0.572549045085907,0.5641895835477563,,C:\Users\sophi\napari-organoid-segmentation\reports\segmentations\organoid_measurements_aspirina_1_sparse_segmentations\Condição 1 - 3_labels.tif
Condição 1 - 3.jpg,ConvPaint,83,411.0,272.5,2.0,0.0,0.5823529958724976,0.7978845608028654,,C:\Users\sophi\napari-organoid-segmentation\reports\segmentations\organoid_measurements_aspirina_1_sparse_segmentations\Condição 1 - 3_labels.tif
Condição 1 - 3.jpg,ConvPaint,84,411.0,275.0,1.0,0.0,0.5921568870544434,0.5641895835477563,,C:\Users\sophi\napari-organoid-segmentation\reports\segmentations\organoid_measurements_aspirina_1_sparse_segmentations\Condição 1 - 3_labels.tif
Condição 1 - 3.jpg,ConvPaint,85,412.4,1047.4,5.0,4.414213562373095,0.5568627119064331,1.2615662610100802,3.224580228790828,C:\Users\sophi\napari-organoid-segmentation\reports\segmentations\organoid_measurements_aspirina_1_sparse_segmentations\Condição 1 - 3_labels.tif
Condição 1 - 3.jpg,ConvPaint,86,412.0,1658.5,2.0,0.0,0.45098039507865906,0.7978845608028654,,C:\Users\sophi\napari-organoid-segmentation\reports\segmentations\organoid_measurements_aspirina_1_sparse_segmentations\Condição 1 - 3_labels.tif
Condição 1 - 3.jpg,ConvPaint,87,414.0,1496.0,1.0,0.0,0.49803921580314636,0.5641895835477563,,C:\Users\sophi\napari-organoid-segmentation\reports\segmentations\organoid_measurements_aspirina_1_sparse_segmentations\Condição 1 - 3_labels.tif
Condição 1 - 3.jpg,ConvPaint,88,418.2,266.4,5.0,5.207106781186548,0.5152941942214966,1.2615662610100802,2.3173247538676778,C:\Users\sophi\napari-organoid-segmentation\reports\segmentations\organoid_measurements_aspirina_1_sparse_segmentations\Condição 1 - 3_labels.tif
Condição 1 - 3.jpg,ConvPaint,89,417.8,1722.6,5.0,5.207106781186548,0.4643137454986572,1.2615662610100802,2.3173247538676778,C:\Users\sophi\napari-organoid-segmentation\reports\segmentations\organoid_measurements_aspirina_1_sparse_segmentations\Condição 1 - 3_labels.tif
Condição 1 - 3.jpg,ConvPaint,90,421.0,1076.0,1.0,0.0,0.5764706134796143,0.5641895835477563,,C:\Users\sophi\napari-organoid-segmentation\reports\segmentations\organoid_measurements_aspirina_1_sparse_segmentations\Condição 1 - 3_labels.tif
Condição 1 - 3.jpg,ConvPaint,91,423.0,1721.0,1.0,0.0,0.48235294222831726,0.5641895835477563,,C:\Users\sophi\napari-organoid-segmentation\reports\segmentations\organoid_measurements_aspirina_1_sparse_segmentations\Condição 1 - 3_labels.tif
Condição 1 - 3.jpg,ConvPaint,92,430.25,1233.625,8.0,7.035533905932738,0.5049020051956177,1.5957691216057308,2.0309803908983444,C:\Users\sophi\napari-organoid-segmentation\reports\segmentations\organoid_measurements_aspirina_1_sparse_segmentations\Condição 1 - 3_labels.tif
Condição 1 - 3.jpg,ConvPaint,93,434.0,1670.0,1.0,0.0,0.5098039507865906,0.5641895835477563,,C:\Users\sophi\napari-organoid-segmentation\reports\segmentations\organoid_measurements_aspirina_1_sparse_segmentations\Condição 1 - 3_labels.tif
Condição 1 - 3.jpg,ConvPaint,94,434.0,1717.0,1.0,0.0,0.5215686559677124,0.5641895835477563,,C:\Users\sophi\napari-organoid-segmentation\reports\segmentations\organoid_measurements_aspirina_1_sparse_segmentations\Condição 1 - 3_labels.tif
Condição 1 - 3.jpg,ConvPaint,95,435.0,1488.0,1.0,0.0,0.5411764979362488,0.5641895835477563,,C:\Users\sophi\napari-organoid-segmentation\reports\segmentations\organoid_measurements_aspirina_1_sparse_segmentations\Condição 1 - 3_labels.tif
Condição 1 - 3.jpg,ConvPaint,96,436.625,1233.5,8.0,6.207106781186548,0.5127451419830322,1.5957691216057308,2.609284399707912,C:\Users\sophi\napari-organoid-segmentation\reports\segmentations\organoid_measurements_aspirina_1_sparse_segmentations\Condição 1 - 3_labels.tif
Condição 1 - 3.jpg,ConvPaint,97,436.0,1671.0,1.0,0.0,0.5098039507865906,0.5641895835477563,,C:\Users\sophi\napari-organoid-segmentation\reports\segmentations\organoid_measurements_aspirina_1_sparse_segmentations\Condição 1 - 3_labels.tif
Condição 1 - 3.jpg,ConvPaint,98,444.0,1495.0,1.0,0.0,0.6274510025978088,0.5641895835477563,,C:\Users\sophi\napari-organoid-segmentation\reports\segmentations\organoid_measurements_aspirina_1_sparse_segmentations\Condição 1 - 3_labels.tif
Condição 1 - 3.jpg,ConvPaint,99,446.0,1492.0,1.0,0.0,0.5098039507865906,0.5641895835477563,,C:\Users\sophi\napari-organoid-segmentation\reports\segmentations\organoid_measurements_aspirina_1_sparse_segmentations\Condição 1 - 3_labels.tif
Condição 1 - 3.jpg,ConvPaint,100,477.0,1120.0,1.0,0.0,0.5372549295425415,0.5641895835477563,,C:\Users\sophi\napari-organoid-segmentation\reports\segmentations\organoid_measurements_aspirina_1_sparse_segmentations\Condição 1 - 3_labels.tif
Condição 1 - 3.jpg,ConvPaint,101,479.5,1646.0,4.0,2.0,0.3294117748737335,1.1283791670955126,12.566370614359172,C:\Users\sophi\napari-organoid-segmentation\reports\segmentations\organoid_measurements_aspirina_1_sparse_segmentations\Condição 1 - 3_labels.tif
Condição 1 - 3.jpg,ConvPaint,102,479.0,1120.5,2.0,0.0,0.5529412031173706,0.7978845608028654,,C:\Users\sophi\napari-organoid-segmentation\reports\segmentations\organoid_measurements_aspirina_1_sparse_segmentations\Condição 1 - 3_labels.tif
Condição 1 - 3.jpg,ConvPaint,103,509.3333333333333,1665.3030303030303,33.0,24.44974746830583,0.46797385811805725,3.2410224072142872,0.6937053569669215,C:\Users\sophi\napari-organoid-segmentation\reports\segmentations\organoid_measurements_aspirina_1_sparse_segmentations\Condição 1 - 3_labels.tif
Condição 1 - 3.jpg,ConvPaint,104,505.3125,1672.875,16.0,14.035533905932738,0.46274513006210327,2.256758334191025,1.0206385582919322,C:\Users\sophi\napari-organoid-segmentation\reports\segmentations\organoid_measurements_aspirina_1_sparse_segmentations\Condição 1 - 3_labels.tif
Condição 1 - 3.jpg,ConvPaint,105,510.0,1552.0,5.0,3.0,0.4933333396911621,1.2615662610100802,6.981317007977318,C:\Users\sophi\napari-organoid-segmentation\reports\segmentations\organoid_measurements_aspirina_1_sparse_segmentations\Condição 1 - 3_labels.tif
Condição 1 - 3.jpg,ConvPaint,106,509.5,1676.5,6.0,6.414213562373095,0.494771271944046,1.381976597885342,1.8326278532479736,C:\Users\sophi\napari-organoid-segmentation\reports\segmentations\organoid_measurements_aspirina_1_sparse_segmentations\Condição 1 - 3_labels.tif
Condição 1 - 3.jpg,ConvPaint,107,509.5,1568.0,2.0,0.0,0.49215686321258545,0.7978845608028654,,C:\Users\sophi\napari-organoid-segmentation\reports\segmentations\organoid_measurements_aspirina_1_sparse_segmentations\Condição 1 - 3_labels.tif
Condição 1 - 3.jpg,ConvPaint,108,510.0,1544.0,1.0,0.0,0.48235294222831726,0.5641895835477563,,C:\Users\sophi\napari-organoid-segmentation\reports\segmentations\organoid_measurements_aspirina_1_sparse_segmentations\Condição 1 - 3_labels.tif
Condição 1 - 3.jpg,ConvPaint,109,511.0,1564.0,1.0,0.0,0.5058823823928833,0.5641895835477563,,C:\Users\sophi\napari-organoid-segmentation\reports\segmentations\organoid_measurements_aspirina_1_sparse_segmentations\Condição 1 - 3_labels.tif
Condição 1 - 3.jpg,ConvPaint,110,512.0,1547.0,1.0,0.0,0.45098039507865906,0.5641895835477563,,C:\Users\sophi\napari-organoid-segmentation\reports\segmentations\organoid_measurements_aspirina_1_sparse_segmentations\Condição 1 - 3_labels.tif
Condição 1 - 3.jpg,ConvPaint,111,512.5,1671.5,4.0,4.0,0.46666666865348816,1.1283791670955126,3.141592653589793,C:\Users\sophi\napari-organoid-segmentation\reports\segmentations\organoid_measurements_aspirina_1_sparse_segmentations\Condição 1 - 3_labels.tif
Condição 1 - 3.jpg,ConvPaint,112,514.0,1544.0,1.0,0.0,0.501960813999176,0.5641895835477563,,C:\Users\sophi\napari-organoid-segmentation\reports\segmentations\organoid_measurements_aspirina_1_sparse_segmentations\Condição 1 - 3_labels.tif
Condição 1 - 3.jpg,ConvPaint,113,515.0,1667.0,1.0,0.0,0.4941176474094391,0.5641895835477563,,C:\Users\sophi\napari-organoid-segmentation\reports\segmentations\organoid_measurements_aspirina_1_sparse_segmentations\Condição 1 - 3_labels.tif
Condição 1 - 3.jpg,ConvPaint,114,739.5153911709561,266.7042781660133,29335.0,1256.549385979917,0.28062644600868225,96.63136401397581,0.23347309043703315,C:\Users\sophi\napari-organoid-segmentation\reports\segmentations\organoid_measurements_aspirina_1_sparse_segmentations\Condição 1 - 3_labels.tif
Condição 1 - 3.jpg,ConvPaint,115,652.0,352.0,1.0,0.0,0.6823529601097107,0.5641895835477563,,C:\Users\sophi\napari-organoid-segmentation\reports\segmentations\organoid_measurements_aspirina_1_sparse_segmentations\Condição 1 - 3_labels.tif
Condição 1 - 3.jpg,ConvPaint,116,655.1111111111111,353.3333333333333,9.0,7.621320343559642,0.5564270615577698,1.692568750643269,1.947116515222565,C:\Users\sophi\napari-organoid-segmentation\reports\segmentations\organoid_measurements_aspirina_1_sparse_segmentations\Condição 1 - 3_labels.tif
Condição 1 - 3.jpg,ConvPaint,117,658.0,355.0,1.0,0.0,0.5333333611488342,0.5641895835477563,,C:\Users\sophi\napari-organoid-segmentation\reports\segmentations\organoid_measurements_aspirina_1_sparse_segmentations\Condição 1 - 3_labels.tif
Condição 1 - 3.jpg,ConvPaint,118,661.0,344.0,1.0,0.0,0.5215686559677124,0.5641895835477563,,C:\Users\sophi\napari-organoid-segmentation\reports\segmentations\organoid_measurements_aspirina_1_sparse_segmentations\Condição 1 - 3_labels.tif
Condição 1 - 3.jpg,ConvPaint,119,663.0,327.0,1.0,0.0,0.501960813999176,0.5641895835477563,,C:\Users\sophi\napari-organoid-segmentation\reports\segmentations\organoid_measurements_aspirina_1_sparse_segmentations\Condição 1 - 3_labels.tif
Condição 1 - 3.jpg,ConvPaint,120,676.0,334.5,2.0,0.0,0.501960813999176,0.7978845608028654,,C:\Users\sophi\napari-organoid-segmentation\reports\segmentations\organoid_measurements_aspirina_1_sparse_segmentations\Condição 1 - 3_labels.tif
Condição 1 - 3.jpg,ConvPaint,121,682.0,341.0,1.0,0.0,0.5058823823928833,0.5641895835477563,,C:\Users\sophi\napari-organoid-segmentation\reports\segmentations\organoid_measurements_aspirina_1_sparse_segmentations\Condição 1 - 3_labels.tif
Condição 1 - 3.jpg,ConvPaint,122,766.0796037066247,698.1265279968454,20288.0,1271.96359954229,0.3143807649612427,80.36087960504629,0.15757950580053898,C:\Users\sophi\napari-organoid-segmentation\reports\segmentations\organoid_measurements_aspirina_1_sparse_segmentations\Condição 1 - 3_labels.tif
Condição 1 - 3.jpg,ConvPaint,123,692.0,345.0,1.0,0.0,0.48235294222831726,0.5641895835477563,,C:\Users\sophi\napari-organoid-segmentation\reports\segmentations\organoid_measurements_aspirina_1_sparse_segmentations\Condição 1 - 3_labels.tif
Condição 1 - 3.jpg,ConvPaint,124,701.5,376.0,4.0,2.0,0.510784387588501,1.1283791670955126,12.566370614359172,C:\Users\sophi\napari-organoid-segmentation\reports\segmentations\organoid_measurements_aspirina_1_sparse_segmentations\Condição 1 - 3_labels.tif
Condição 1 - 3.jpg,ConvPaint,125,702.5,369.0,2.0,0.0,0.6000000238418579,0.7978845608028654,,C:\Users\sophi\napari-organoid-segmentation\reports\segmentations\organoid_measurements_aspirina_1_sparse_segmentations\Condição 1 - 3_labels.tif
Condição 1 - 3.jpg,ConvPaint,126,703.0,354.0,1.0,0.0,0.4901960790157318,0.5641895835477563,,C:\Users\sophi\napari-organoid-segmentation\reports\segmentations\organoid_measurements_aspirina_1_sparse_segmentations\Condição 1 - 3_labels.tif
Condição 1 - 3.jpg,ConvPaint,127,704.0,757.0,1.0,0.0,0.7098039388656616,0.5641895835477563,,C:\Users\sophi\napari-organoid-segmentation\reports\segmentations\organoid_measurements_aspirina_1_sparse_segmentations\Condição 1 - 3_labels.tif
Condição 1 - 3.jpg,ConvPaint,128,708.0,363.0,1.0,0.0,0.5490196347236633,0.5641895835477563,,C:\Users\sophi\napari-organoid-segmentation\reports\segmentations\organoid_measurements_aspirina_1_sparse_segmentations\Condição 1 - 3_labels.tif
Condição 1 - 3.jpg,ConvPaint,129,710.0,377.0,1.0,0.0,0.5098039507865906,0.5641895835477563,,C:\Users\sophi\napari-organoid-segmentation\reports\segmentations\organoid_measurements_aspirina_1_sparse_segmentations\Condição 1 - 3_labels.tif
Condição 1 - 3.jpg,ConvPaint,130,712.5,377.0,2.0,0.0,0.5078431367874146,0.7978845608028654,,C:\Users\sophi\napari-organoid-segmentation\reports\segmentations\organoid_measurements_aspirina_1_sparse_segmentations\Condição 1 - 3_labels.tif
Condição 1 - 3.jpg,ConvPaint,131,717.0,372.0,1.0,0.0,0.501960813999176,0.5641895835477563,,C:\Users\sophi\napari-organoid-segmentation\reports\segmentations\organoid_measurements_aspirina_1_sparse_segmentations\Condição 1 - 3_labels.tif
Condição 1 - 3.jpg,ConvPaint,132,720.0,372.0,1.0,0.0,0.5058823823928833,0.5641895835477563,,C:\Users\sophi\napari-organoid-segmentation\reports\segmentations\organoid_measurements_aspirina_1_sparse_segmentations\Condição 1 - 3_labels.tif
Condição 1 - 3.jpg,ConvPaint,133,720.6666666666666,374.3333333333333,3.0,3.414213562373095,0.5176470875740051,0.9772050238058398,3.2340725067158833,C:\Users\sophi\napari-organoid-segmentation\reports\segmentations\organoid_measurements_aspirina_1_sparse_segmentations\Condição 1 - 3_labels.tif
Condição 1 - 3.jpg,ConvPaint,134,726.0,374.0,1.0,0.0,0.5529412031173706,0.5641895835477563,,C:\Users\sophi\napari-organoid-segmentation\reports\segmentations\organoid_measurements_aspirina_1_sparse_segmentations\Condição 1 - 3_labels.tif
Condição 1 - 3.jpg,ConvPaint,135,807.3636318849148,1129.7006108976254,20298.0,1256.6732316404182,0.30551356077194214,80.38068219266731,0.16151705361148636,C:\Users\sophi\napari-organoid-segmentation\reports\segmentations\organoid_measurements_aspirina_1_sparse_segmentations\Condição 1 - 3_labels.tif
Condição 1 - 3.jpg,ConvPaint,136,837.8215712383488,1570.512513230223,29289.0,958.269119345812,0.25227391719818115,96.55557082031594,0.400810806209827,C:\Users\sophi\napari-organoid-segmentation\reports\segmentations\organoid_measurements_aspirina_1_sparse_segmentations\Condição 1 - 3_labels.tif
Condição 1 - 3.jpg,ConvPaint,137,747.0,172.0,1.0,0.0,0.7254902124404907,0.5641895835477563,,C:\Users\sophi\napari-organoid-segmentation\reports\segmentations\organoid_measurements_aspirina_1_sparse_segmentations\Condição 1 - 3_labels.tif
Condição 1 - 3.jpg,ConvPaint,138,758.1456310679612,802.6601941747573,103.0,43.7634559672906,0.5297924280166626,5.725898905580716,0.6758088388035334,C:\Users\sophi\napari-organoid-segmentation\reports\segmentations\organoid_measurements_aspirina_1_sparse_segmentations\Condição 1 - 3_labels.tif
Condição 1 - 3.jpg,ConvPaint,139,766.9230769230769,784.8461538461538,13.0,11.82842712474619,0.536651611328125,2.0342144725641096,1.1676138000715148,C:\Users\sophi\napari-organoid-segmentation\reports\segmentations\organoid_measurements_aspirina_1_sparse_segmentations\Condição 1 - 3_labels.tif
Condição 1 - 3.jpg,ConvPaint,140,772.2,780.2,5.0,4.207106781186548,0.5780392289161682,1.2615662610100802,3.5498728546441756,C:\Users\sophi\napari-organoid-segmentation\reports\segmentations\organoid_measurements_aspirina_1_sparse_segmentations\Condição 1 - 3_labels.tif
Condição 1 - 3.jpg,ConvPaint,141,783.0,620.0,1.0,0.0,0.6666666865348816,0.5641895835477563,,C:\Users\sophi\napari-organoid-segmentation\reports\segmentations\organoid_measurements_aspirina_1_sparse_segmentations\Condição 1 - 3_labels.tif
Condição 1 - 3.jpg,ConvPaint,142,784.0,1213.0,1.0,0.0,0.5607843399047852,0.5641895835477563,,C:\Users\sophi\napari-organoid-segmentation\reports\segmentations\organoid_measurements_aspirina_1_sparse_segmentations\Condição 1 - 3_labels.tif
Condição 1 - 3.jpg,ConvPaint,143,786.0,1214.0,1.0,0.0,0.6078431606292725,0.5641895835477563,,C:\Users\sophi\napari-organoid-segmentation\reports\segmentations\organoid_measurements_aspirina_1_sparse_segmentations\Condição 1 - 3_labels.tif
Condição 1 - 3.jpg,ConvPaint,144,791.0,200.0,1.0,0.0,0.47058823704719543,0.5641895835477563,,C:\Users\sophi\napari-organoid-segmentation\reports\segmentations\organoid_measurements_aspirina_1_sparse_segmentations\Condição 1 - 3_labels.tif
Condição 1 - 3.jpg,ConvPaint,145,798.0,342.0,1.0,0.0,0.5333333611488342,0.5641895835477563,,C:\Users\sophi\napari-organoid-segmentation\reports\segmentations\organoid_measurements_aspirina_1_sparse_segmentations\Condição 1 - 3_labels.tif
Condição 1 - 3.jpg,ConvPaint,146,799.0,1209.0,1.0,0.0,0.5215686559677124,0.5641895835477563,,C:\Users\sophi\napari-organoid-segmentation\reports\segmentations\organoid_measurements_aspirina_1_sparse_segmentations\Condição 1 - 3_labels.tif
Condição 1 - 3.jpg,ConvPaint,147,802.0,1482.0,1.0,0.0,0.5764706134796143,0.5641895835477563,,C:\Users\sophi\napari-organoid-segmentation\reports\segmentations\organoid_measurements_aspirina_1_sparse_segmentations\Condição 1 - 3_labels.tif
Condição 1 - 3.jpg,ConvPaint,148,812.0,778.5,2.0,0.0,0.5039215683937073,0.7978845608028654,,C:\Users\sophi\napari-organoid-segmentation\reports\segmentations\organoid_measurements_aspirina_1_sparse_segmentations\Condição 1 - 3_labels.tif
Condição 1 - 3.jpg,ConvPaint,149,858.5480392156862,1913.6843137254903,1020.0,224.52691193458122,0.3873010277748108,18.01877032173579,0.25425718198542463,C:\Users\sophi\napari-organoid-segmentation\reports\segmentations\organoid_measurements_aspirina_1_sparse_segmentations\Condição 1 - 3_labels.tif
Condição 1 - 3.jpg,ConvPaint,150,818.0,739.0,1.0,0.0,0.364705890417099,0.5641895835477563,,C:\Users\sophi\napari-organoid-segmentation\reports\segmentations\organoid_measurements_aspirina_1_sparse_segmentations\Condição 1 - 3_labels.tif
Condição 1 - 3.jpg,ConvPaint,151,818.0,1912.0,1.0,0.0,0.48235294222831726,0.5641895835477563,,C:\Users\sophi\napari-organoid-segmentation\reports\segmentations\organoid_measurements_aspirina_1_sparse_segmentations\Condição 1 - 3_labels.tif
Condição 1 - 3.jpg,ConvPaint,152,819.6666666666666,640.3333333333334,3.0,3.414213562373095,0.5738562345504761,0.9772050238058398,3.2340725067158833,C:\Users\sophi\napari-organoid-segmentation\reports\segmentations\organoid_measurements_aspirina_1_sparse_segmentations\Condição 1 - 3_labels.tif
Condição 1 - 3.jpg,ConvPaint,153,820.5,1669.5,2.0,0.0,0.5098039507865906,0.7978845608028654,,C:\Users\sophi\napari-organoid-segmentation\reports\segmentations\organoid_measurements_aspirina_1_sparse_segmentations\Condição 1 - 3_labels.tif
Condição 1 - 3.jpg,ConvPaint,154,831.0,713.0,1.0,0.0,0.35686275362968445,0.5641895835477563,,C:\Users\sophi\napari-organoid-segmentation\reports\segmentations\organoid_measurements_aspirina_1_sparse_segmentations\Condição 1 - 3_labels.tif
Condição 1 - 3.jpg,ConvPaint,155,832.0,729.3333333333334,3.0,1.2071067811865475,0.3843137323856354,0.9772050238058398,25.872580053727066,C:\Users\sophi\napari-organoid-segmentation\reports\segmentations\organoid_measurements_aspirina_1_sparse_segmentations\Condição 1 - 3_labels.tif
Condição 1 - 3.jpg,ConvPaint,156,833.0,727.0,1.0,0.0,0.35686275362968445,0.5641895835477563,,C:\Users\sophi\napari-organoid-segmentation\reports\segmentations\organoid_measurements_aspirina_1_sparse_segmentations\Condição 1 - 3_labels.tif
Condição 1 - 3.jpg,ConvPaint,157,852.1379310344828,596.4620689655172,145.0,75.66295090390226,0.5215145945549011,6.793742230659745,0.31828144137925846,C:\Users\sophi\napari-organoid-segmentation\reports\segmentations\organoid_measurements_aspirina_1_sparse_segmentations\Condição 1 - 3_labels.tif
Condição 1 - 3.jpg,ConvPaint,158,845.0,693.0,1.0,0.0,0.5764706134796143,0.5641895835477563,,C:\Users\sophi\napari-organoid-segmentation\reports\segmentations\organoid_measurements_aspirina_1_sparse_segmentations\Condição 1 - 3_labels.tif
Condição 1 - 3.jpg,ConvPaint,159,847.0,279.0,1.0,0.0,0.7098039388656616,0.5641895835477563,,C:\Users\sophi\napari-organoid-segmentation\reports\segmentations\organoid_measurements_aspirina_1_sparse_segmentations\Condição 1 - 3_labels.tif
Condição 1 - 3.jpg,ConvPaint,160,861.0,611.0,1.0,0.0,0.501960813999176,0.5641895835477563,,C:\Users\sophi\napari-organoid-segmentation\reports\segmentations\organoid_measurements_aspirina_1_sparse_segmentations\Condição 1 - 3_labels.tif
Condição 1 - 3.jpg,ConvPaint,161,864.4,610.2,5.0,5.207106781186548,0.5411764979362488,1.2615662610100802,2.3173247538676778,C:\Users\sophi\napari-organoid-segmentation\reports\segmentations\organoid_measurements_aspirina_1_sparse_segmentations\Condição 1 - 3_labels.tif
Condição 1 - 3.jpg,ConvPaint,162,865.0,607.0,1.0,0.0,0.545098066329956,0.5641895835477563,,C:\Users\sophi\napari-organoid-segmentation\reports\segmentations\organoid_measurements_aspirina_1_sparse_segmentations\Condição 1 - 3_labels.tif
Condição 1 - 3.jpg,ConvPaint,163,873.0,1116.5,2.0,0.0,0.35686275362968445,0.7978845608028654,,C:\Users\sophi\napari-organoid-segmentation\reports\segmentations\organoid_measurements_aspirina_1_sparse_segmentations\Condição 1 - 3_labels.tif
Condição 1 - 3.jpg,ConvPaint,164,876.0,1152.5,2.0,0.0,0.343137264251709,0.7978845608028654,,C:\Users\sophi\napari-organoid-segmentation\reports\segmentations\organoid_measurements_aspirina_1_sparse_segmentations\Condição 1 - 3_labels.tif
Condição 1 - 3.jpg,ConvPaint,165,878.0,1153.0,1.0,0.0,0.33725491166114807,0.5641895835477563,,C:\Users\sophi\napari-organoid-segmentation\reports\segmentations\organoid_measurements_aspirina_1_sparse_segmentations\Condição 1 - 3_labels.tif
Condição 1 - 3.jpg,ConvPaint,166,930.0,1542.0,1.0,0.0,0.5058823823928833,0.5641895835477563,,C:\Users\sophi\napari-organoid-segmentation\reports\segmentations\organoid_measurements_aspirina_1_sparse_segmentations\Condição 1 - 3_labels.tif
Condição 1 - 3.jpg,ConvPaint,167,931.0,1539.0,1.0,0.0,0.5490196347236633,0.5641895835477563,,C:\Users\sophi\napari-organoid-segmentation\reports\segmentations\organoid_measurements_aspirina_1_sparse_segmentations\Condição 1 - 3_labels.tif
Condição 1 - 3.jpg,ConvPaint,168,933.0,1603.0,1.0,0.0,0.5686274766921997,0.5641895835477563,,C:\Users\sophi\napari-organoid-segmentation\reports\segmentations\organoid_measurements_aspirina_1_sparse_segmentations\Condição 1 - 3_labels.tif
Condição 1 - 3.jpg,ConvPaint,169,971.5833333333334,1739.4,60.0,41.3492424049175,0.4144444763660431,4.370193722368317,0.4409872169950541,C:\Users\sophi\napari-organoid-segmentation\reports\segmentations\organoid_measurements_aspirina_1_sparse_segmentations\Condição 1 - 3_labels.tif
Condição 1 - 3.jpg,ConvPaint,170,970.0277777777778,1766.8194444444443,72.0,46.31370849898476,0.3604030907154083,4.787307364817192,0.4218161900918406,C:\Users\sophi\napari-organoid-segmentation\reports\segmentations\organoid_measurements_aspirina_1_sparse_segmentations\Condição 1 - 3_labels.tif
Condição 1 - 3.jpg,ConvPaint,171,969.68,1792.94,50.0,33.44974746830583,0.3447059392929077,3.989422804014327,0.5615574349341608,C:\Users\sophi\napari-organoid-segmentation\reports\segmentations\organoid_measurements_aspirina_1_sparse_segmentations\Condição 1 - 3_labels.tif
Condição 1 - 3.jpg,ConvPaint,172,972.6666666666666,1802.3333333333333,3.0,3.414213562373095,0.5555555820465088,0.9772050238058398,3.2340725067158833,C:\Users\sophi\napari-organoid-segmentation\reports\segmentations\organoid_measurements_aspirina_1_sparse_segmentations\Condição 1 - 3_labels.tif
Condição 1 - 3.jpg,ConvPaint,173,987.448275862069,1747.3793103448277,29.0,26.0,0.42014873027801514,3.0382538898732494,0.5390898636337516,C:\Users\sophi\napari-organoid-segmentation\reports\segmentations\organoid_measurements_aspirina_1_sparse_segmentations\Condição 1 - 3_labels.tif
Condição 1 - 3.jpg,ConvPaint,174,974.5,1758.0,2.0,0.0,0.5627450942993164,0.7978845608028654,,C:\Users\sophi\napari-organoid-segmentation\reports\segmentations\organoid_measurements_aspirina_1_sparse_segmentations\Condição 1 - 3_labels.tif
Condição 1 - 3.jpg,ConvPaint,175,975.0,1765.0,1.0,0.0,0.019607843831181526,0.5641895835477563,,C:\Users\sophi\napari-organoid-segmentation\reports\segmentations\organoid_measurements_aspirina_1_sparse_segmentations\Condição 1 - 3_labels.tif
Condição 1 - 3.jpg,ConvPaint,176,975.0,1767.0,1.0,0.0,0.5490196347236633,0.5641895835477563,,C:\Users\sophi\napari-organoid-segmentation\reports\segmentations\organoid_measurements_aspirina_1_sparse_segmentations\Condição 1 - 3_labels.tif
Condição 1 - 3.jpg,ConvPaint,177,980.4761904761905,1779.8095238095239,21.0,15.621320343559644,0.48888882994651794,2.5854414729132054,1.081418218471583,C:\Users\sophi\napari-organoid-segmentation\reports\segmentations\organoid_measurements_aspirina_1_sparse_segmentations\Condição 1 - 3_labels.tif
Condição 1 - 3.jpg,ConvPaint,178,978.7828947368421,1863.782894736842,152.0,92.07716446627535,0.40348300337791443,6.955796338302048,0.2252939755501766,C:\Users\sophi\napari-organoid-segmentation\reports\segmentations\organoid_measurements_aspirina_1_sparse_segmentations\Condição 1 - 3_labels.tif
Condição 1 - 3.jpg,ConvPaint,179,978.0,1789.0,3.0,1.0,0.2078431397676468,0.9772050238058398,37.69911184307752,C:\Users\sophi\napari-organoid-segmentation\reports\segmentations\organoid_measurements_aspirina_1_sparse_segmentations\Condição 1 - 3_labels.tif
Condição 1 - 3.jpg,ConvPaint,180,978.5714285714286,1737.7142857142858,7.0,7.207106781186548,0.4123249351978302,1.4927053303604616,1.6935030795523165,C:\Users\sophi\napari-organoid-segmentation\reports\segmentations\organoid_measurements_aspirina_1_sparse_segmentations\Condição 1 - 3_labels.tif
Condição 1 - 3.jpg,ConvPaint,181,979.875,1821.2916666666667,24.0,17.82842712474619,0.41111111640930176,2.763953195770684,0.9488445019368493,C:\Users\sophi\napari-organoid-segmentation\reports\segmentations\organoid_measurements_aspirina_1_sparse_segmentations\Condição 1 - 3_labels.tif
Condição 1 - 3.jpg,ConvPaint,182,980.0689655172414,1834.7586206896551,29.0,23.44974746830583,0.45557811856269836,3.0382538898732494,0.6627222041748908,C:\Users\sophi\napari-organoid-segmentation\reports\segmentations\organoid_measurements_aspirina_1_sparse_segmentations\Condição 1 - 3_labels.tif
Condição 1 - 3.jpg,ConvPaint,183,979.0,1763.0,1.0,0.0,0.0313725508749485,0.5641895835477563,,C:\Users\sophi\napari-organoid-segmentation\reports\segmentations\organoid_measurements_aspirina_1_sparse_segmentations\Condição 1 - 3_labels.tif
Condição 1 - 3.jpg,ConvPaint,184,979.0,1772.0,1.0,0.0,0.2549019753932953,0.5641895835477563,,C:\Users\sophi\napari-organoid-segmentation\reports\segmentations\organoid_measurements_aspirina_1_sparse_segmentations\Condição 1 - 3_labels.tif
Condição 1 - 3.jpg,ConvPaint,185,981.1,1828.2,10.0,9.207106781186548,0.5611764788627625,1.7841241161527712,1.4823935068722365,C:\Users\sophi\napari-organoid-segmentation\reports\segmentations\organoid_measurements_aspirina_1_sparse_segmentations\Condição 1 - 3_labels.tif
Condição 1 - 3.jpg,ConvPaint,186,980.6666666666666,1733.0,3.0,1.2071067811865475,0.586928129196167,0.9772050238058398,25.872580053727066,C:\Users\sophi\napari-organoid-segmentation\reports\segmentations\organoid_measurements_aspirina_1_sparse_segmentations\Condição 1 - 3_labels.tif
Condição 1 - 3.jpg,ConvPaint,187,980.0,1842.0,1.0,0.0,0.5607843399047852,0.5641895835477563,,C:\Users\sophi\napari-organoid-segmentation\reports\segmentations\organoid_measurements_aspirina_1_sparse_segmentations\Condição 1 - 3_labels.tif
Condição 1 - 3.jpg,ConvPaint,188,981.0,1882.5,2.0,0.0,0.5235294103622437,0.7978845608028654,,C:\Users\sophi\napari-organoid-segmentation\reports\segmentations\organoid_measurements_aspirina_1_sparse_segmentations\Condição 1 - 3_labels.tif
Condição 1 - 3.jpg,ConvPaint,189,987.5,1763.0,8.0,6.0,0.2651960849761963,1.5957691216057308,2.792526803190927,C:\Users\sophi\napari-organoid-segmentation\reports\segmentations\organoid_measurements_aspirina_1_sparse_segmentations\Condição 1 - 3_labels.tif
Condição 1 - 3.jpg,ConvPaint,190,984.0,1771.5,2.0,0.0,0.5568627715110779,0.7978845608028654,,C:\Users\sophi\napari-organoid-segmentation\reports\segmentations\organoid_measurements_aspirina_1_sparse_segmentations\Condição 1 - 3_labels.tif
Condição 1 - 3.jpg,ConvPaint,191,995.24,1883.04,25.0,23.207106781186546,0.3275294005870819,2.8209479177387813,0.5833213491601168,C:\Users\sophi\napari-organoid-segmentation\reports\segmentations\organoid_measurements_aspirina_1_sparse_segmentations\Condição 1 - 3_labels.tif
Condição 1 - 3.jpg,ConvPaint,192,988.25,1755.75,8.0,7.621320343559643,0.541176438331604,1.5957691216057308,1.7307702357533907,C:\Users\sophi\napari-organoid-segmentation\reports\segmentations\organoid_measurements_aspirina_1_sparse_segmentations\Condição 1 - 3_labels.tif
Condição 1 - 3.jpg,ConvPaint,193,988.0,1855.0,7.0,5.0,0.41624656319618225,1.4927053303604616,3.5185837720205684,C:\Users\sophi\napari-organoid-segmentation\reports\segmentations\organoid_measurements_aspirina_1_sparse_segmentations\Condição 1 - 3_labels.tif
Condição 1 - 3.jpg,ConvPaint,194,985.0,1860.0,1.0,0.0,0.5529412031173706,0.5641895835477563,,C:\Users\sophi\napari-organoid-segmentation\reports\segmentations\organoid_measurements_aspirina_1_sparse_segmentations\Condição 1 - 3_labels.tif
Condição 1 - 3.jpg,ConvPaint,195,985.5,1862.0,2.0,0.0,0.25882354378700256,0.7978845608028654,,C:\Users\sophi\napari-organoid-segmentation\reports\segmentations\organoid_measurements_aspirina_1_sparse_segmentations\Condição 1 - 3_labels.tif
Condição 1 - 3.jpg,ConvPaint,196,997.7714285714286,1777.0,35.0,27.31370849898476,0.3763585388660431,3.3377905890622728,0.5895444673700829,C:\Users\sophi\napari-organoid-segmentation\reports\segmentations\organoid_measurements_aspirina_1_sparse_segmentations\Condição 1 - 3_labels.tif
Condição 1 - 3.jpg,ConvPaint,197,989.5,1848.0,4.0,2.0,0.38235294818878174,1.1283791670955126,12.566370614359172,C:\Users\sophi\napari-organoid-segmentation\reports\segmentations\organoid_measurements_aspirina_1_sparse_segmentations\Condição 1 - 3_labels.tif
Condição 1 - 3.jpg,ConvPaint,198,991.5,1876.0,8.0,6.0,0.5480391979217529,1.5957691216057308,2.792526803190927,C:\Users\sophi\napari-organoid-segmentation\reports\segmentations\organoid_measurements_aspirina_1_sparse_segmentations\Condição 1 - 3_labels.tif
Condição 1 - 3.jpg,ConvPaint,199,996.8787878787879,1736.3030303030303,33.0,25.621320343559642,0.36316102743148804,3.2410224072142872,0.6317144205589923,C:\Users\sophi\napari-organoid-segmentation\reports\segmentations\organoid_measurements_aspirina_1_sparse_segmentations\Condição 1 - 3_labels.tif
Condição 1 - 3.jpg,ConvPaint,200,993.625,1756.875,8.0,7.207106781186548,0.3117647171020508,1.5957691216057308,1.9354320909169331,C:\Users\sophi\napari-organoid-segmentation\reports\segmentations\organoid_measurements_aspirina_1_sparse_segmentations\Condição 1 - 3_labels.tif
Condição 1 - 3.jpg,ConvPaint,201,994.0,1770.6,5.0,3.414213562373095,0.5733333826065063,1.2615662610100802,5.390120844526472,C:\Users\sophi\napari-organoid-segmentation\reports\segmentations\organoid_measurements_aspirina_1_sparse_segmentations\Condição 1 - 3_labels.tif
Condição 1 - 3.jpg,ConvPaint,202,992.5,1820.0,2.0,0.0,0.2823529541492462,0.7978845608028654,,C:\Users\sophi\napari-organoid-segmentation\reports\segmentations\organoid_measurements_aspirina_1_sparse_segmentations\Condição 1 - 3_labels.tif
Condição 1 - 3.jpg,ConvPaint,203,992.5,1826.0,2.0,0.0,0.10196078568696976,0.7978845608028654,,C:\Users\sophi\napari-organoid-segmentation\reports\segmentations\organoid_measurements_aspirina_1_sparse_segmentations\Condição 1 - 3_labels.tif
Condição 1 - 3.jpg,ConvPaint,204,997.7222222222222,1766.9444444444443,18.0,14.449747468305834,0.3045751750469208,2.393653682408596,1.0833327059362694,C:\Users\sophi\napari-organoid-segmentation\reports\segmentations\organoid_measurements_aspirina_1_sparse_segmentations\Condição 1 - 3_labels.tif
Condição 1 - 3.jpg,ConvPaint,205,997.2727272727273,1792.6363636363637,22.0,16.242640687119284,0.396613210439682,2.6462837142006137,1.0478986251829607,C:\Users\sophi\napari-organoid-segmentation\reports\segmentations\organoid_measurements_aspirina_1_sparse_segmentations\Condição 1 - 3_labels.tif
Condição 1 - 3.jpg,ConvPaint,206,997.2608695652174,1830.7826086956522,23.0,17.449747468305834,0.32600170373916626,2.7057581899030048,0.9492036674237012,C:\Users\sophi\napari-organoid-segmentation\reports\segmentations\organoid_measurements_aspirina_1_sparse_segmentations\Condição 1 - 3_labels.tif
Condição 1 - 3.jpg,ConvPaint,207,996.8571428571429,1842.2857142857142,7.0,6.207106781186548,0.5036414861679077,1.4927053303604616,2.2831238497444226,C:\Users\sophi\napari-organoid-segmentation\reports\segmentations\organoid_measurements_aspirina_1_sparse_segmentations\Condição 1 - 3_labels.tif
Condição 1 - 3.jpg,ConvPaint,208,998.0,1804.0,1.0,0.0,0.5686274766921997,0.5641895835477563,,C:\Users\sophi\napari-organoid-segmentation\reports\segmentations\organoid_measurements_aspirina_1_sparse_segmentations\Condição 1 - 3_labels.tif
Condição 1 - 3.jpg,ConvPaint,209,998.0,1820.0,1.0,0.0,0.2823529541492462,0.5641895835477563,,C:\Users\sophi\napari-organoid-segmentation\reports\segmentations\organoid_measurements_aspirina_1_sparse_segmentations\Condição 1 - 3_labels.tif
Condição 1 - 3.jpg,ConvPaint,210,1000.5833333333334,1847.5,12.0,9.449747468305834,0.4745098352432251,1.9544100476116797,1.688693005698331,C:\Users\sophi\napari-organoid-segmentation\reports\segmentations\organoid_measurements_aspirina_1_sparse_segmentations\Condição 1 - 3_labels.tif
Condição 1 - 3.jpg,ConvPaint,211,1001.8181818181819,1753.0,11.0,9.621320343559642,0.48734405636787415,1.8712051592547776,1.4932523248687193,C:\Users\sophi\napari-organoid-segmentation\reports\segmentations\organoid_measurements_aspirina_1_sparse_segmentations\Condição 1 - 3_labels.tif
Condição 1 - 3.jpg,ConvPaint,212,1000.5,1760.0,2.0,0.0,0.20392157137393951,0.7978845608028654,,C:\Users\sophi\napari-organoid-segmentation\reports\segmentations\organoid_measurements_aspirina_1_sparse_segmentations\Condição 1 - 3_labels.tif
Condição 1 - 3.jpg,ConvPaint,213,1001.375,1785.75,8.0,8.621320343559642,0.3191176652908325,1.5957691216057308,1.3525467524122698,C:\Users\sophi\napari-organoid-segmentation\reports\segmentations\organoid_measurements_aspirina_1_sparse_segmentations\Condição 1 - 3_labels.tif
Condição 1 - 3.jpg,ConvPaint,214,1000.8888888888889,1800.4444444444443,9.0,7.0,0.3481481671333313,1.692568750643269,2.308108888351685,C:\Users\sophi\napari-organoid-segmentation\reports\segmentations\organoid_measurements_aspirina_1_sparse_segmentations\Condição 1 - 3_labels.tif
Condição 1 - 3.jpg,ConvPaint,215,1005.6315789473684,1826.5,38.0,29.86396103067893,0.2835913598537445,3.477898169151024,0.5354249936734631,C:\Users\sophi\napari-organoid-segmentation\reports\segmentations\organoid_measurements_aspirina_1_sparse_segmentations\Condição 1 - 3_labels.tif
Condição 1 - 3.jpg,ConvPaint,216,1001.7272727272727,1854.0,11.0,8.621320343559642,0.3707665503025055,1.8712051592547776,1.8597517845668707,C:\Users\sophi\napari-organoid-segmentation\reports\segmentations\organoid_measurements_aspirina_1_sparse_segmentations\Condição 1 - 3_labels.tif
Condição 1 - 3.jpg,ConvPaint,217,1000.5,1857.0,2.0,0.0,0.5529412031173706,0.7978845608028654,,C:\Users\sophi\napari-organoid-segmentation\reports\segmentations\organoid_measurements_aspirina_1_sparse_segmentations\Condição 1 - 3_labels.tif
Condição 1 - 3.jpg,ConvPaint,218,1001.5,1869.5,16.0,12.0,0.426960825920105,2.256758334191025,1.3962634015954636,C:\Users\sophi\napari-organoid-segmentation\reports\segmentations\organoid_measurements_aspirina_1_sparse_segmentations\Condição 1 - 3_labels.tif
Condição 1 - 3.jpg,ConvPaint,219,1001.8333333333334,1876.5,6.0,5.207106781186548,0.42549023032188416,1.381976597885342,2.7807897046412133,C:\Users\sophi\napari-organoid-segmentation\reports\segmentations\organoid_measurements_aspirina_1_sparse_segmentations\Condição 1 - 3_labels.tif
Condição 1 - 3.jpg,ConvPaint,220,1002.4,1836.6,5.0,3.0,0.41647061705589294,1.2615662610100802,6.981317007977318,C:\Users\sophi\napari-organoid-segmentation\reports\segmentations\organoid_measurements_aspirina_1_sparse_segmentations\Condição 1 - 3_labels.tif
Condição 1 - 3.jpg,ConvPaint,221,1003.0,1760.0,1.0,0.0,0.5764706134796143,0.5641895835477563,,C:\Users\sophi\napari-organoid-segmentation\reports\segmentations\organoid_measurements_aspirina_1_sparse_segmentations\Condição 1 - 3_labels.tif
Condição 1 - 3.jpg,ConvPaint,222,1003.0,1796.5,2.0,0.0,0.2568627595901489,0.7978845608028654,,C:\Users\sophi\napari-organoid-segmentation\reports\segmentations\organoid_measurements_aspirina_1_sparse_segmentations\Condição 1 - 3_labels.tif
Condição 1 - 3.jpg,ConvPaint,223,1012.0,1819.5,2.0,0.0,0.5686274766921997,0.7978845608028654,,C:\Users\sophi\napari-organoid-segmentation\reports\segmentations\organoid_measurements_aspirina_1_sparse_segmentations\Condição 1 - 3_labels.tif
Condição 1 - 3.jpg,ConvPaint,224,1015.3087557603686,1814.6958525345622,217.0,165.89949493661163,0.27628085017204285,8.311031542587394,0.09907851076509618,C:\Users\sophi\napari-organoid-segmentation\reports\segmentations\organoid_measurements_aspirina_1_sparse_segmentations\Condição 1 - 3_labels.tif
Condição 1 - 3.jpg,ConvPaint,225,1014.0,1799.0,1.0,0.0,0.572549045085907,0.5641895835477563,,C:\Users\sophi\napari-organoid-segmentation\reports\segmentations\organoid_measurements_aspirina_1_sparse_segmentations\Condição 1 - 3_labels.tif
Condição 1 - 3.jpg,ConvPaint,226,1014.0,1818.0,1.0,0.0,0.5686274766921997,0.5641895835477563,,C:\Users\sophi\napari-organoid-segmentation\reports\segmentations\organoid_measurements_aspirina_1_sparse_segmentations\Condição 1 - 3_labels.tif
Condição 1 - 3.jpg,ConvPaint,227,1016.5714285714286,1862.7142857142858,7.0,6.0,0.5232493281364441,1.4927053303604616,2.443460952792061,C:\Users\sophi\napari-organoid-segmentation\reports\segmentations\organoid_measurements_aspirina_1_sparse_segmentations\Condição 1 - 3_labels.tif
Condição 1 - 3.jpg,ConvPaint,228,1026.5355029585799,1807.7958579881656,1352.0,222.20710678118655,1.1602274753386155e-05,20.7449985808745,0.3440889025876092,C:\Users\sophi\napari-organoid-segmentation\reports\segmentations\organoid_measurements_aspirina_1_sparse_segmentations\Condição 1 - 3_labels.tif
Condição 1 - 3.jpg,ConvPaint,229,1033.3,1863.4,10.0,9.0,0.5113725662231445,1.7841241161527712,1.5514037795505151,C:\Users\sophi\napari-organoid-segmentation\reports\segmentations\organoid_measurements_aspirina_1_sparse_segmentations\Condição 1 - 3_labels.tif
Condição 1 - 3.jpg,ConvPaint,230,1077.4054054054054,266.94594594594594,37.0,24.071067811865476,0.5067302584648132,3.431831258788849,0.8024553472775794,C:\Users\sophi\napari-organoid-segmentation\reports\segmentations\organoid_measurements_aspirina_1_sparse_segmentations\Condição 1 - 3_labels.tif
Condição 1 - 3.jpg,ConvPaint,231,1078.6666666666667,248.66666666666666,3.0,3.414213562373095,0.46797385811805725,0.9772050238058398,3.2340725067158833,C:\Users\sophi\napari-organoid-segmentation\reports\segmentations\organoid_measurements_aspirina_1_sparse_segmentations\Condição 1 - 3_labels.tif
Condição 1 - 3.jpg,ConvPaint,232,1078.5,252.5,4.0,4.0,0.5029411911964417,1.1283791670955126,3.141592653589793,C:\Users\sophi\napari-organoid-segmentation\reports\segmentations\organoid_measurements_aspirina_1_sparse_segmentations\Condição 1 - 3_labels.tif
Condição 1 - 4.jpg,ConvPaint,1,0.5714285714285714,689.2857142857143,7.0,7.207106781186548,0.5518207550048828,1.4927053303604616,1.6935030795523165,C:\Users\sophi\napari-organoid-segmentation\reports\segmentations\organoid_measurements_aspirina_1_sparse_segmentations\Condição 1 - 4_labels.tif
Condição 1 - 4.jpg,ConvPaint,2,4.139130434782609,730.0260869565218,115.0,61.42031021678297,0.5020630955696106,6.050259243299904,0.3830748967075862,C:\Users\sophi\napari-organoid-segmentation\reports\segmentations\organoid_measurements_aspirina_1_sparse_segmentations\Condição 1 - 4_labels.tif
Condição 1 - 4.jpg,ConvPaint,3,1.5,749.5,16.0,12.0,0.550735354423523,2.256758334191025,1.3962634015954636,C:\Users\sophi\napari-organoid-segmentation\reports\segmentations\organoid_measurements_aspirina_1_sparse_segmentations\Condição 1 - 4_labels.tif
Condição 1 - 4.jpg,ConvPaint,4,0.5,754.5,4.0,4.0,0.5049020051956177,1.1283791670955126,3.141592653589793,C:\Users\sophi\napari-organoid-segmentation\reports\segmentations\organoid_measurements_aspirina_1_sparse_segmentations\Condição 1 - 4_labels.tif
Condição 1 - 4.jpg,ConvPaint,5,0.9696969696969697,773.6363636363636,33.0,23.86396103067893,0.5334521532058716,3.2410224072142872,0.728179991672635,C:\Users\sophi\napari-organoid-segmentation\reports\segmentations\organoid_measurements_aspirina_1_sparse_segmentations\Condição 1 - 4_labels.tif
Condição 1 - 4.jpg,ConvPaint,6,34.749851807943095,1194.5564400033873,11809.0,571.6345596729059,0.204159677028656,61.31004359763891,0.45413610620633477,C:\Users\sophi\napari-organoid-segmentation\reports\segmentations\organoid_measurements_aspirina_1_sparse_segmentations\Condição 1 - 4_labels.tif
Condição 1 - 4.jpg,ConvPaint,7,50.27527050772218,1611.829279570887,21626.0,812.445742854949,0.16852501034736633,82.96848557501009,0.41171560487113323,C:\Users\sophi\napari-organoid-segmentation\reports\segmentations\organoid_measurements_aspirina_1_sparse_segmentations\Condição 1 - 4_labels.tif
Condição 1 - 4.jpg,ConvPaint,8,15.746878547105561,1893.0641316685585,1762.0,276.7462120245875,0.3221762478351593,23.68252561395932,0.2891028664824857,C:\Users\sophi\napari-organoid-segmentation\reports\segmentations\organoid_measurements_aspirina_1_sparse_segmentations\Condição 1 - 4_labels.tif
Condição 1 - 4.jpg,ConvPaint,9,1.0,739.0,1.0,0.0,0.5607843399047852,0.5641895835477563,,C:\Users\sophi\napari-organoid-segmentation\reports\segmentations\organoid_measurements_aspirina_1_sparse_segmentations\Condição 1 - 4_labels.tif
Condição 1 - 4.jpg,ConvPaint,10,4.571428571428571,1302.7142857142858,7.0,7.207106781186548,0.49803924560546875,1.4927053303604616,1.6935030795523165,C:\Users\sophi\napari-organoid-segmentation\reports\segmentations\organoid_measurements_aspirina_1_sparse_segmentations\Condição 1 - 4_labels.tif
Condição 1 - 4.jpg,ConvPaint,11,9.0,1860.0,1.0,0.0,0.3333333432674408,0.5641895835477563,,C:\Users\sophi\napari-organoid-segmentation\reports\segmentations\organoid_measurements_aspirina_1_sparse_segmentations\Condição 1 - 4_labels.tif
Condição 1 - 4.jpg,ConvPaint,12,10.5,736.0,2.0,0.0,0.5647059082984924,0.7978845608028654,,C:\Users\sophi\napari-organoid-segmentation\reports\segmentations\organoid_measurements_aspirina_1_sparse_segmentations\Condição 1 - 4_labels.tif
Condição 1 - 4.jpg,ConvPaint,13,12.0,698.0,1.0,0.0,0.6196078658103943,0.5641895835477563,,C:\Users\sophi\napari-organoid-segmentation\reports\segmentations\organoid_measurements_aspirina_1_sparse_segmentations\Condição 1 - 4_labels.tif
Condição 1 - 4.jpg,ConvPaint,14,13.0,732.0,1.0,0.0,0.5764706134796143,0.5641895835477563,,C:\Users\sophi\napari-organoid-segmentation\reports\segmentations\organoid_measurements_aspirina_1_sparse_segmentations\Condição 1 - 4_labels.tif
Condição 1 - 4.jpg,ConvPaint,15,14.0,697.0,1.0,0.0,0.5058823823928833,0.5641895835477563,,C:\Users\sophi\napari-organoid-segmentation\reports\segmentations\organoid_measurements_aspirina_1_sparse_segmentations\Condição 1 - 4_labels.tif
Condição 1 - 4.jpg,ConvPaint,16,21.628930817610062,707.433962264151,159.0,64.17766952966369,0.5204340815544128,7.1141599576634995,0.4851087444048685,C:\Users\sophi\napari-organoid-segmentation\reports\segmentations\organoid_measurements_aspirina_1_sparse_segmentations\Condição 1 - 4_labels.tif
Condição 1 - 4.jpg,ConvPaint,17,18.5,734.0,2.0,0.0,0.5235294103622437,0.7978845608028654,,C:\Users\sophi\napari-organoid-segmentation\reports\segmentations\organoid_measurements_aspirina_1_sparse_segmentations\Condição 1 - 4_labels.tif
Condição 1 - 4.jpg,ConvPaint,18,19.0,736.0,1.0,0.0,0.6117647290229797,0.5641895835477563,,C:\Users\sophi\napari-organoid-segmentation\reports\segmentations\organoid_measurements_aspirina_1_sparse_segmentations\Condição 1 - 4_labels.tif
Condição 1 - 4.jpg,ConvPaint,19,25.23076923076923,721.2307692307693,13.0,11.071067811865476,0.539064884185791,2.0342144725641096,1.332828266220388,C:\Users\sophi\napari-organoid-segmentation\reports\segmentations\organoid_measurements_aspirina_1_sparse_segmentations\Condição 1 - 4_labels.tif
Condição 1 - 4.jpg,ConvPaint,20,24.0,731.0,1.0,0.0,0.5372549295425415,0.5641895835477563,,C:\Users\sophi\napari-organoid-segmentation\reports\segmentations\organoid_measurements_aspirina_1_sparse_segmentations\Condição 1 - 4_labels.tif
Condição 1 - 4.jpg,ConvPaint,21,30.5,1732.0,2.0,0.0,0.3803921639919281,0.7978845608028654,,C:\Users\sophi\napari-organoid-segmentation\reports\segmentations\organoid_measurements_aspirina_1_sparse_segmentations\Condição 1 - 4_labels.tif
Condição 1 - 4.jpg,ConvPaint,22,31.0,1723.0,1.0,0.0,0.4588235318660736,0.5641895835477563,,C:\Users\sophi\napari-organoid-segmentation\reports\segmentations\organoid_measurements_aspirina_1_sparse_segmentations\Condição 1 - 4_labels.tif
Condição 1 - 4.jpg,ConvPaint,23,33.0,1730.0,3.0,1.0,0.40522876381874084,0.9772050238058398,37.69911184307752,C:\Users\sophi\napari-organoid-segmentation\reports\segmentations\organoid_measurements_aspirina_1_sparse_segmentations\Condição 1 - 4_labels.tif
Condição 1 - 4.jpg,ConvPaint,24,33.0,1906.0,1.0,0.0,0.32549020648002625,0.5641895835477563,,C:\Users\sophi\napari-organoid-segmentation\reports\segmentations\organoid_measurements_aspirina_1_sparse_segmentations\Condição 1 - 4_labels.tif
Condição 1 - 4.jpg,ConvPaint,25,35.0,1113.0,1.0,0.0,0.5607843399047852,0.5641895835477563,,C:\Users\sophi\napari-organoid-segmentation\reports\segmentations\organoid_measurements_aspirina_1_sparse_segmentations\Condição 1 - 4_labels.tif
Condição 1 - 4.jpg,ConvPaint,26,35.0,1919.0,1.0,0.0,0.3294117748737335,0.5641895835477563,,C:\Users\sophi\napari-organoid-segmentation\reports\segmentations\organoid_measurements_aspirina_1_sparse_segmentations\Condição 1 - 4_labels.tif
Condição 1 - 4.jpg,ConvPaint,27,36.5,1731.0,2.0,0.0,0.3843137323856354,0.7978845608028654,,C:\Users\sophi\napari-organoid-segmentation\reports\segmentations\organoid_measurements_aspirina_1_sparse_segmentations\Condição 1 - 4_labels.tif
Condição 1 - 4.jpg,ConvPaint,28,37.0,1728.5,2.0,0.0,0.41372549533843994,0.7978845608028654,,C:\Users\sophi\napari-organoid-segmentation\reports\segmentations\organoid_measurements_aspirina_1_sparse_segmentations\Condição 1 - 4_labels.tif
Condição 1 - 4.jpg,ConvPaint,29,42.0,1719.0,3.0,1.0,0.4745098054409027,0.9772050238058398,37.69911184307752,C:\Users\sophi\napari-organoid-segmentation\reports\segmentations\organoid_measurements_aspirina_1_sparse_segmentations\Condição 1 - 4_labels.tif
Condição 1 - 4.jpg,ConvPaint,30,50.0,1724.0,3.0,1.0,0.4091503322124481,0.9772050238058398,37.69911184307752,C:\Users\sophi\napari-organoid-segmentation\reports\segmentations\organoid_measurements_aspirina_1_sparse_segmentations\Condição 1 - 4_labels.tif
Condição 1 - 4.jpg,ConvPaint,31,67.0,1707.0,1.0,0.0,0.4941176474094391,0.5641895835477563,,C:\Users\sophi\napari-organoid-segmentation\reports\segmentations\organoid_measurements_aspirina_1_sparse_segmentations\Condição 1 - 4_labels.tif
Condição 1 - 4.jpg,ConvPaint,32,73.0,1525.0,1.0,0.0,0.5686274766921997,0.5641895835477563,,C:\Users\sophi\napari-organoid-segmentation\reports\segmentations\organoid_measurements_aspirina_1_sparse_segmentations\Condição 1 - 4_labels.tif
Condição 1 - 4.jpg,ConvPaint,33,102.91304347826087,1501.0,23.0,16.31370849898476,0.4699062705039978,2.7057581899030048,1.0860061991784669,C:\Users\sophi\napari-organoid-segmentation\reports\segmentations\organoid_measurements_aspirina_1_sparse_segmentations\Condição 1 - 4_labels.tif
Condição 1 - 4.jpg,ConvPaint,34,119.0,1639.0,1.0,0.0,0.4941176474094391,0.5641895835477563,,C:\Users\sophi\napari-organoid-segmentation\reports\segmentations\organoid_measurements_aspirina_1_sparse_segmentations\Condição 1 - 4_labels.tif
Condição 1 - 4.jpg,ConvPaint,35,307.2547440142639,300.2828578706062,31408.0,891.2752160002217,0.24178630113601685,99.9873837304512,0.4968513635763929,C:\Users\sophi\napari-organoid-segmentation\reports\segmentations\organoid_measurements_aspirina_1_sparse_segmentations\Condição 1 - 4_labels.tif
Condição 1 - 4.jpg,ConvPaint,36,213.0,268.0,1.0,0.0,0.5960784554481506,0.5641895835477563,,C:\Users\sophi\napari-organoid-segmentation\reports\segmentations\organoid_measurements_aspirina_1_sparse_segmentations\Condição 1 - 4_labels.tif
Condição 1 - 4.jpg,ConvPaint,37,336.56899696048634,715.6478541033434,41125.0,1010.2518754031088,0.22226232290267944,114.4136970354004,0.5063565641495396,C:\Users\sophi\napari-organoid-segmentation\reports\segmentations\organoid_measurements_aspirina_1_sparse_segmentations\Condição 1 - 4_labels.tif
Condição 1 - 4.jpg,ConvPaint,38,216.5,309.0,2.0,0.0,0.5941176414489746,0.7978845608028654,,C:\Users\sophi\napari-organoid-segmentation\reports\segmentations\organoid_measurements_aspirina_1_sparse_segmentations\Condição 1 - 4_labels.tif
Condição 1 - 4.jpg,ConvPaint,39,216.0,712.0,1.0,0.0,0.6745098233222961,0.5641895835477563,,C:\Users\sophi\napari-organoid-segmentation\reports\segmentations\organoid_measurements_aspirina_1_sparse_segmentations\Condição 1 - 4_labels.tif
Condição 1 - 4.jpg,ConvPaint,40,244.2,202.6,5.0,5.207106781186548,0.4454902112483978,1.2615662610100802,2.3173247538676778,C:\Users\sophi\napari-organoid-segmentation\reports\segmentations\organoid_measurements_aspirina_1_sparse_segmentations\Condição 1 - 4_labels.tif
Condição 1 - 4.jpg,ConvPaint,41,244.0,648.0,1.0,0.0,0.6705882549285889,0.5641895835477563,,C:\Users\sophi\napari-organoid-segmentation\reports\segmentations\organoid_measurements_aspirina_1_sparse_segmentations\Condição 1 - 4_labels.tif
Condição 1 - 4.jpg,ConvPaint,42,246.0,648.0,1.0,0.0,0.6784313917160034,0.5641895835477563,,C:\Users\sophi\napari-organoid-segmentation\reports\segmentations\organoid_measurements_aspirina_1_sparse_segmentations\Condição 1 - 4_labels.tif
Condição 1 - 4.jpg,ConvPaint,43,252.95454545454547,635.4545454545455,22.0,19.27817459305202,0.521390438079834,2.6462837142006137,0.743876307370227,C:\Users\sophi\napari-organoid-segmentation\reports\segmentations\organoid_measurements_aspirina_1_sparse_segmentations\Condição 1 - 4_labels.tif
Condição 1 - 4.jpg,ConvPaint,44,252.0,632.0,1.0,0.0,0.6705882549285889,0.5641895835477563,,C:\Users\sophi\napari-organoid-segmentation\reports\segmentations\organoid_measurements_aspirina_1_sparse_segmentations\Condição 1 - 4_labels.tif
Condição 1 - 4.jpg,ConvPaint,45,377.1999373155379,1160.363151983702,38287.0,955.9676041556468,0.20741777122020721,110.39533781966878,0.5264714829626105,C:\Users\sophi\napari-organoid-segmentation\reports\segmentations\organoid_measurements_aspirina_1_sparse_segmentations\Condição 1 - 4_labels.tif
Condição 1 - 4.jpg,ConvPaint,46,266.0,813.0,1.0,0.0,0.686274528503418,0.5641895835477563,,C:\Users\sophi\napari-organoid-segmentation\reports\segmentations\organoid_measurements_aspirina_1_sparse_segmentations\Condição 1 - 4_labels.tif
Condição 1 - 4.jpg,ConvPaint,47,279.0,1093.0,1.0,0.0,0.5529412031173706,0.5641895835477563,,C:\Users\sophi\napari-organoid-segmentation\reports\segmentations\organoid_measurements_aspirina_1_sparse_segmentations\Condição 1 - 4_labels.tif
Condição 1 - 4.jpg,ConvPaint,48,282.0,1089.0,1.0,0.0,0.5686274766921997,0.5641895835477563,,C:\Users\sophi\napari-organoid-segmentation\reports\segmentations\organoid_measurements_aspirina_1_sparse_segmentations\Condição 1 - 4_labels.tif
Condição 1 - 4.jpg,ConvPaint,49,288.83870967741933,1083.0967741935483,31.0,21.899494936611667,0.4990512430667877,3.141274657157109,0.8122755109675942,C:\Users\sophi\napari-organoid-segmentation\reports\segmentations\organoid_measurements_aspirina_1_sparse_segmentations\Condição 1 - 4_labels.tif
Condição 1 - 4.jpg,ConvPaint,50,294.0,1580.0,1.0,0.0,0.4117647111415863,0.5641895835477563,,C:\Users\sophi\napari-organoid-segmentation\reports\segmentations\organoid_measurements_aspirina_1_sparse_segmentations\Condição 1 - 4_labels.tif
Condição 1 - 4.jpg,ConvPaint,51,422.5582995237255,1596.8068442406068,45352.0,1116.5777772109132,0.18487337231636047,120.14986457839757,0.4571180263902024,C:\Users\sophi\napari-organoid-segmentation\reports\segmentations\organoid_measurements_aspirina_1_sparse_segmentations\Condição 1 - 4_labels.tif
Condição 1 - 4.jpg,ConvPaint,52,313.0,201.0,1.0,0.0,0.5568627715110779,0.5641895835477563,,C:\Users\sophi\napari-organoid-segmentation\reports\segmentations\organoid_measurements_aspirina_1_sparse_segmentations\Condição 1 - 4_labels.tif
Condição 1 - 4.jpg,ConvPaint,53,320.0,610.0,1.0,0.0,0.5254902243614197,0.5641895835477563,,C:\Users\sophi\napari-organoid-segmentation\reports\segmentations\organoid_measurements_aspirina_1_sparse_segmentations\Condição 1 - 4_labels.tif
Condição 1 - 4.jpg,ConvPaint,54,330.3333333333333,1674.6666666666667,3.0,3.414213562373095,0.4614379107952118,0.9772050238058398,3.2340725067158833,C:\Users\sophi\napari-organoid-segmentation\reports\segmentations\organoid_measurements_aspirina_1_sparse_segmentations\Condição 1 - 4_labels.tif
Condição 1 - 4.jpg,ConvPaint,55,341.0,825.0,1.0,0.0,0.6313725709915161,0.5641895835477563,,C:\Users\sophi\napari-organoid-segmentation\reports\segmentations\organoid_measurements_aspirina_1_sparse_segmentations\Condição 1 - 4_labels.tif
Condição 1 - 4.jpg,ConvPaint,56,348.0,1691.0,1.0,0.0,0.42352941632270813,0.5641895835477563,,C:\Users\sophi\napari-organoid-segmentation\reports\segmentations\organoid_measurements_aspirina_1_sparse_segmentations\Condição 1 - 4_labels.tif
Condição 1 - 4.jpg,ConvPaint,57,370.6,1709.8,5.0,4.414213562373095,0.42901962995529175,1.2615662610100802,3.224580228790828,C:\Users\sophi\napari-organoid-segmentation\reports\segmentations\organoid_measurements_aspirina_1_sparse_segmentations\Condição 1 - 4_labels.tif
Condição 1 - 4.jpg,ConvPaint,58,374.5,1045.0,2.0,0.0,0.6627451181411743,0.7978845608028654,,C:\Users\sophi\napari-organoid-segmentation\reports\segmentations\organoid_measurements_aspirina_1_sparse_segmentations\Condição 1 - 4_labels.tif
Condição 1 - 4.jpg,ConvPaint,59,386.5,1718.5,2.0,0.0,0.4470588266849518,0.7978845608028654,,C:\Users\sophi\napari-organoid-segmentation\reports\segmentations\organoid_measurements_aspirina_1_sparse_segmentations\Condição 1 - 4_labels.tif
Condição 1 - 4.jpg,ConvPaint,60,389.1904761904762,608.3809523809524,21.0,17.485281374238568,0.5460318326950073,2.5854414729132054,0.8631452958435077,C:\Users\sophi\napari-organoid-segmentation\reports\segmentations\organoid_measurements_aspirina_1_sparse_segmentations\Condição 1 - 4_labels.tif
Condição 1 - 4.jpg,ConvPaint,61,388.8,1720.6,5.0,5.207106781186548,0.43843135237693787,1.2615662610100802,2.3173247538676778,C:\Users\sophi\napari-organoid-segmentation\reports\segmentations\organoid_measurements_aspirina_1_sparse_segmentations\Condição 1 - 4_labels.tif
Condição 1 - 4.jpg,ConvPaint,62,403.13953488372096,260.16279069767444,43.0,27.899494936611667,0.5263109803199768,3.6996385101659595,0.6942016425840966,C:\Users\sophi\napari-organoid-segmentation\reports\segmentations\organoid_measurements_aspirina_1_sparse_segmentations\Condição 1 - 4_labels.tif
Condição 1 - 4.jpg,ConvPaint,63,418.86503067484665,1882.6196319018404,163.0,100.07716446627535,0.3869842290878296,7.203090409536582,0.20451609173664456,C:\Users\sophi\napari-organoid-segmentation\reports\segmentations\organoid_measurements_aspirina_1_sparse_segmentations\Condição 1 - 4_labels.tif
Condição 1 - 4.jpg,ConvPaint,64,454.52452316076295,1911.4346049046321,1468.0,256.9827560572969,0.2939680516719818,21.616635097022034,0.279336671981691,C:\Users\sophi\napari-organoid-segmentation\reports\segmentations\organoid_measurements_aspirina_1_sparse_segmentations\Condição 1 - 4_labels.tif
Condição 1 - 4.jpg,ConvPaint,65,406.0,1729.0,1.0,0.0,0.4313725531101227,0.5641895835477563,,C:\Users\sophi\napari-organoid-segmentation\reports\segmentations\organoid_measurements_aspirina_1_sparse_segmentations\Condição 1 - 4_labels.tif
Condição 1 - 4.jpg,ConvPaint,66,407.0,620.5,2.0,0.0,0.6313725709915161,0.7978845608028654,,C:\Users\sophi\napari-organoid-segmentation\reports\segmentations\organoid_measurements_aspirina_1_sparse_segmentations\Condição 1 - 4_labels.tif
Condição 1 - 4.jpg,ConvPaint,67,408.0,1731.0,1.0,0.0,0.4274509847164154,0.5641895835477563,,C:\Users\sophi\napari-organoid-segmentation\reports\segmentations\organoid_measurements_aspirina_1_sparse_segmentations\Condição 1 - 4_labels.tif
Condição 1 - 4.jpg,ConvPaint,68,411.0,1877.0,1.0,0.0,0.4156862795352936,0.5641895835477563,,C:\Users\sophi\napari-organoid-segmentation\reports\segmentations\organoid_measurements_aspirina_1_sparse_segmentations\Condição 1 - 4_labels.tif
Condição 1 - 4.jpg,ConvPaint,69,411.0,1887.0,1.0,0.0,0.3450980484485626,0.5641895835477563,,C:\Users\sophi\napari-organoid-segmentation\reports\segmentations\organoid_measurements_aspirina_1_sparse_segmentations\Condição 1 - 4_labels.tif
Condição 1 - 4.jpg,ConvPaint,70,413.0,1729.0,1.0,0.0,0.40392157435417175,0.5641895835477563,,C:\Users\sophi\napari-organoid-segmentation\reports\segmentations\organoid_measurements_aspirina_1_sparse_segmentations\Condição 1 - 4_labels.tif
Condição 1 - 4.jpg,ConvPaint,71,422.5,1880.0,2.0,0.0,0.386274516582489,0.7978845608028654,,C:\Users\sophi\napari-organoid-segmentation\reports\segmentations\organoid_measurements_aspirina_1_sparse_segmentations\Condição 1 - 4_labels.tif
Condição 1 - 4.jpg,ConvPaint,72,426.0,1729.0,1.0,0.0,0.4274509847164154,0.5641895835477563,,C:\Users\sophi\napari-organoid-segmentation\reports\segmentations\organoid_measurements_aspirina_1_sparse_segmentations\Condição 1 - 4_labels.tif
Condição 1 - 4.jpg,ConvPaint,73,429.77777777777777,1868.5555555555557,9.0,9.207106781186548,0.48540306091308594,1.692568750643269,1.3341541561850128,C:\Users\sophi\napari-organoid-segmentation\reports\segmentations\organoid_measurements_aspirina_1_sparse_segmentations\Condição 1 - 4_labels.tif
Condição 1 - 4.jpg,ConvPaint,74,429.0,1871.0,1.0,0.0,0.47058823704719543,0.5641895835477563,,C:\Users\sophi\napari-organoid-segmentation\reports\segmentations\organoid_measurements_aspirina_1_sparse_segmentations\Condição 1 - 4_labels.tif
Condição 1 - 4.jpg,ConvPaint,75,429.0,1874.5,2.0,0.0,0.42352941632270813,0.7978845608028654,,C:\Users\sophi\napari-organoid-segmentation\reports\segmentations\organoid_measurements_aspirina_1_sparse_segmentations\Condição 1 - 4_labels.tif
Condição 1 - 4.jpg,ConvPaint,76,432.0,1871.0,1.0,0.0,0.4156862795352936,0.5641895835477563,,C:\Users\sophi\napari-organoid-segmentation\reports\segmentations\organoid_measurements_aspirina_1_sparse_segmentations\Condição 1 - 4_labels.tif
Condição 1 - 4.jpg,ConvPaint,77,439.0,761.0,1.0,0.0,0.6039215922355652,0.5641895835477563,,C:\Users\sophi\napari-organoid-segmentation\reports\segmentations\organoid_measurements_aspirina_1_sparse_segmentations\Condição 1 - 4_labels.tif
Condição 1 - 4.jpg,ConvPaint,78,470.6666666666667,1115.3333333333333,3.0,3.414213562373095,0.5673202872276306,0.9772050238058398,3.2340725067158833,C:\Users\sophi\napari-organoid-segmentation\reports\segmentations\organoid_measurements_aspirina_1_sparse_segmentations\Condição 1 - 4_labels.tif
Condição 1 - 4.jpg,ConvPaint,79,507.0,1671.5,2.0,0.0,0.5117647647857666,0.7978845608028654,,C:\Users\sophi\napari-organoid-segmentation\reports\segmentations\organoid_measurements_aspirina_1_sparse_segmentations\Condição 1 - 4_labels.tif
Condição 1 - 4.jpg,ConvPaint,80,509.0,1177.0,1.0,0.0,0.5490196347236633,0.5641895835477563,,C:\Users\sophi\napari-organoid-segmentation\reports\segmentations\organoid_measurements_aspirina_1_sparse_segmentations\Condição 1 - 4_labels.tif
Condição 1 - 4.jpg,ConvPaint,81,511.0,1178.5,2.0,0.0,0.5607843399047852,0.7978845608028654,,C:\Users\sophi\napari-organoid-segmentation\reports\segmentations\organoid_measurements_aspirina_1_sparse_segmentations\Condição 1 - 4_labels.tif
Condição 1 - 4.jpg,ConvPaint,82,531.0,1565.0,1.0,0.0,0.5490196347236633,0.5641895835477563,,C:\Users\sophi\napari-organoid-segmentation\reports\segmentations\organoid_measurements_aspirina_1_sparse_segmentations\Condição 1 - 4_labels.tif
Condição 1 - 4.jpg,ConvPaint,83,537.0,1646.0,3.0,1.0,0.5542483925819397,0.9772050238058398,37.69911184307752,C:\Users\sophi\napari-organoid-segmentation\reports\segmentations\organoid_measurements_aspirina_1_sparse_segmentations\Condição 1 - 4_labels.tif
Condição 1 - 4.jpg,ConvPaint,84,734.5392849136965,252.45488679668236,35688.0,1210.5016587651644,0.24554471671581268,106.58256526340095,0.3060562808470287,C:\Users\sophi\napari-organoid-segmentation\reports\segmentations\organoid_measurements_aspirina_1_sparse_segmentations\Condição 1 - 4_labels.tif
Condição 1 - 4.jpg,ConvPaint,85,640.0,194.0,1.0,0.0,0.6470588445663452,0.5641895835477563,,C:\Users\sophi\napari-organoid-segmentation\reports\segmentations\organoid_measurements_aspirina_1_sparse_segmentations\Condição 1 - 4_labels.tif
Condição 1 - 4.jpg,ConvPaint,86,765.5311457814237,692.0758998735002,26087.0,876.653895656662,0.2616825997829437,91.12491427088723,0.42655758417760753,C:\Users\sophi\napari-organoid-segmentation\reports\segmentations\organoid_measurements_aspirina_1_sparse_segmentations\Condição 1 - 4_labels.tif
Condição 1 - 4.jpg,ConvPaint,87,674.156862745098,1073.5882352941176,51.0,33.89949493661167,0.5099577307701111,4.029119531035698,0.557690934091031,C:\Users\sophi\napari-organoid-segmentation\reports\segmentations\organoid_measurements_aspirina_1_sparse_segmentations\Condição 1 - 4_labels.tif
Condição 1 - 4.jpg,ConvPaint,88,673.8181818181819,1083.4545454545455,11.0,11.414213562373096,0.5269162654876709,1.8712051592547776,1.060988217797962,C:\Users\sophi\napari-organoid-segmentation\reports\segmentations\organoid_measurements_aspirina_1_sparse_segmentations\Condição 1 - 4_labels.tif
Condição 1 - 4.jpg,ConvPaint,89,793.1808490203612,1120.2702010500705,31236.0,1680.2722574073914,0.2528623342514038,99.71322682992907,0.13902918098456596,C:\Users\sophi\napari-organoid-segmentation\reports\segmentations\organoid_measurements_aspirina_1_sparse_segmentations\Condição 1 - 4_labels.tif
Condição 1 - 4.jpg,ConvPaint,90,678.0,1074.0,1.0,0.0,0.4941176474094391,0.5641895835477563,,C:\Users\sophi\napari-organoid-segmentation\reports\segmentations\organoid_measurements_aspirina_1_sparse_segmentations\Condição 1 - 4_labels.tif
Condição 1 - 4.jpg,ConvPaint,91,680.0,1068.0,1.0,0.0,0.5058823823928833,0.5641895835477563,,C:\Users\sophi\napari-organoid-segmentation\reports\segmentations\organoid_measurements_aspirina_1_sparse_segmentations\Condição 1 - 4_labels.tif
Condição 1 - 4.jpg,ConvPaint,92,680.2,1073.8,5.0,4.207106781186548,0.5247059464454651,1.2615662610100802,3.5498728546441756,C:\Users\sophi\napari-organoid-segmentation\reports\segmentations\organoid_measurements_aspirina_1_sparse_segmentations\Condição 1 - 4_labels.tif
Condição 1 - 4.jpg,ConvPaint,93,685.0,1057.0,1.0,0.0,0.5058823823928833,0.5641895835477563,,C:\Users\sophi\napari-organoid-segmentation\reports\segmentations\organoid_measurements_aspirina_1_sparse_segmentations\Condição 1 - 4_labels.tif
Condição 1 - 4.jpg,ConvPaint,94,692.125,1079.0,8.0,8.621320343559642,0.4264705777168274,1.5957691216057308,1.3525467524122698,C:\Users\sophi\napari-organoid-segmentation\reports\segmentations\organoid_measurements_aspirina_1_sparse_segmentations\Condição 1 - 4_labels.tif
Condição 1 - 4.jpg,ConvPaint,95,695.0,1119.0,1.0,0.0,0.5764706134796143,0.5641895835477563,,C:\Users\sophi\napari-organoid-segmentation\reports\segmentations\organoid_measurements_aspirina_1_sparse_segmentations\Condição 1 - 4_labels.tif
Condição 1 - 4.jpg,ConvPaint,96,732.0,358.0,1.0,0.0,0.7058823704719543,0.5641895835477563,,C:\Users\sophi\napari-organoid-segmentation\reports\segmentations\organoid_measurements_aspirina_1_sparse_segmentations\Condição 1 - 4_labels.tif
Condição 1 - 4.jpg,ConvPaint,97,745.0,1209.0,1.0,0.0,0.6509804129600525,0.5641895835477563,,C:\Users\sophi\napari-organoid-segmentation\reports\segmentations\organoid_measurements_aspirina_1_sparse_segmentations\Condição 1 - 4_labels.tif
Condição 1 - 4.jpg,ConvPaint,98,748.0,1605.5714285714287,7.0,5.414213562373095,0.4935574531555176,1.4927053303604616,3.000800608478478,C:\Users\sophi\napari-organoid-segmentation\reports\segmentations\organoid_measurements_aspirina_1_sparse_segmentations\Condição 1 - 4_labels.tif
Condição 1 - 4.jpg,ConvPaint,99,844.3604250034497,1563.7059127915,28988.0,1413.4488809165287,0.23744402825832367,96.05814375000031,0.18233410264734895,C:\Users\sophi\napari-organoid-segmentation\reports\segmentations\organoid_measurements_aspirina_1_sparse_segmentations\Condição 1 - 4_labels.tif
Condição 1 - 4.jpg,ConvPaint,100,756.625,1629.625,8.0,7.8639610306789285,0.4892157018184662,1.5957691216057308,1.6256129323432338,C:\Users\sophi\napari-organoid-segmentation\reports\segmentations\organoid_measurements_aspirina_1_sparse_segmentations\Condição 1 - 4_labels.tif
Condição 1 - 4.jpg,ConvPaint,101,756.5,1624.5,4.0,4.0,0.4539215862751007,1.1283791670955126,3.141592653589793,C:\Users\sophi\napari-organoid-segmentation\reports\segmentations\organoid_measurements_aspirina_1_sparse_segmentations\Condição 1 - 4_labels.tif
Condição 1 - 4.jpg,ConvPaint,102,761.8095238095239,1625.904761904762,21.0,18.071067811865476,0.4483660161495209,2.5854414729132054,0.8080933401270554,C:\Users\sophi\napari-organoid-segmentation\reports\segmentations\organoid_measurements_aspirina_1_sparse_segmentations\Condição 1 - 4_labels.tif
Condição 1 - 4.jpg,ConvPaint,103,762.0,1500.0,1.0,0.0,0.501960813999176,0.5641895835477563,,C:\Users\sophi\napari-organoid-segmentation\reports\segmentations\organoid_measurements_aspirina_1_sparse_segmentations\Condição 1 - 4_labels.tif
Condição 1 - 4.jpg,ConvPaint,104,767.0,608.0,1.0,0.0,0.5333333611488342,0.5641895835477563,,C:\Users\sophi\napari-organoid-segmentation\reports\segmentations\organoid_measurements_aspirina_1_sparse_segmentations\Condição 1 - 4_labels.tif
Condição 1 - 4.jpg,ConvPaint,105,772.0,608.0,1.0,0.0,0.5607843399047852,0.5641895835477563,,C:\Users\sophi\napari-organoid-segmentation\reports\segmentations\organoid_measurements_aspirina_1_sparse_segmentations\Condição 1 - 4_labels.tif
Condição 1 - 4.jpg,ConvPaint,106,773.0,144.0,1.0,0.0,0.5960784554481506,0.5641895835477563,,C:\Users\sophi\napari-organoid-segmentation\reports\segmentations\organoid_measurements_aspirina_1_sparse_segmentations\Condição 1 - 4_labels.tif
Condição 1 - 4.jpg,ConvPaint,107,780.6666666666666,1634.6666666666667,3.0,3.414213562373095,0.3947712481021881,0.9772050238058398,3.2340725067158833,C:\Users\sophi\napari-organoid-segmentation\reports\segmentations\organoid_measurements_aspirina_1_sparse_segmentations\Condição 1 - 4_labels.tif
Condição 1 - 4.jpg,ConvPaint,108,788.5,1488.5,4.0,4.0,0.5794118046760559,1.1283791670955126,3.141592653589793,C:\Users\sophi\napari-organoid-segmentation\reports\segmentations\organoid_measurements_aspirina_1_sparse_segmentations\Condição 1 - 4_labels.tif
Condição 1 - 4.jpg,ConvPaint,109,791.0,1028.0,1.0,0.0,0.6431372761726379,0.5641895835477563,,C:\Users\sophi\napari-organoid-segmentation\reports\segmentations\organoid_measurements_aspirina_1_sparse_segmentations\Condição 1 - 4_labels.tif
Condição 1 - 4.jpg,ConvPaint,110,796.5,786.5,2.0,0.0,0.7803921699523926,0.7978845608028654,,C:\Users\sophi\napari-organoid-segmentation\reports\segmentations\organoid_measurements_aspirina_1_sparse_segmentations\Condição 1 - 4_labels.tif
Condição 1 - 4.jpg,ConvPaint,111,801.6,1897.6,15.0,11.414213562373096,0.394248366355896,2.1850968611841584,1.446802115179039,C:\Users\sophi\napari-organoid-segmentation\reports\segmentations\organoid_measurements_aspirina_1_sparse_segmentations\Condição 1 - 4_labels.tif
Condição 1 - 4.jpg,ConvPaint,112,800.5,1914.0,2.0,0.0,0.4019607901573181,0.7978845608028654,,C:\Users\sophi\napari-organoid-segmentation\reports\segmentations\organoid_measurements_aspirina_1_sparse_segmentations\Condição 1 - 4_labels.tif
Condição 1 - 4.jpg,ConvPaint,113,858.728720483251,1910.4799560680945,1821.0,357.09545442950497,0.26519152522087097,24.075761727112244,0.17945318298606913,C:\Users\sophi\napari-organoid-segmentation\reports\segmentations\organoid_measurements_aspirina_1_sparse_segmentations\Condição 1 - 4_labels.tif
Condição 1 - 4.jpg,ConvPaint,114,825.6666666666666,597.6666666666666,6.0,3.414213562373095,0.5418300628662109,1.381976597885342,6.468145013431767,C:\Users\sophi\napari-organoid-segmentation\reports\segmentations\organoid_measurements_aspirina_1_sparse_segmentations\Condição 1 - 4_labels.tif
Condição 1 - 4.jpg,ConvPaint,115,824.0,1904.0,1.0,0.0,0.3960784375667572,0.5641895835477563,,C:\Users\sophi\napari-organoid-segmentation\reports\segmentations\organoid_measurements_aspirina_1_sparse_segmentations\Condição 1 - 4_labels.tif
Condição 1 - 4.jpg,ConvPaint,116,830.375,1663.875,8.0,7.414213562373095,0.4264705777168274,1.5957691216057308,1.8288145488861385,C:\Users\sophi\napari-organoid-segmentation\reports\segmentations\organoid_measurements_aspirina_1_sparse_segmentations\Condição 1 - 4_labels.tif
Condição 1 - 4.jpg,ConvPaint,117,830.0,1439.0,1.0,0.0,0.45098039507865906,0.5641895835477563,,C:\Users\sophi\napari-organoid-segmentation\reports\segmentations\organoid_measurements_aspirina_1_sparse_segmentations\Condição 1 - 4_labels.tif
Condição 1 - 4.jpg,ConvPaint,118,834.0,1452.0,1.0,0.0,0.6352941393852234,0.5641895835477563,,C:\Users\sophi\napari-organoid-segmentation\reports\segmentations\organoid_measurements_aspirina_1_sparse_segmentations\Condição 1 - 4_labels.tif
Condição 1 - 4.jpg,ConvPaint,119,834.0,1898.0,1.0,0.0,0.4000000059604645,0.5641895835477563,,C:\Users\sophi\napari-organoid-segmentation\reports\segmentations\organoid_measurements_aspirina_1_sparse_segmentations\Condição 1 - 4_labels.tif
Condição 1 - 4.jpg,ConvPaint,120,836.5,1444.5,4.0,4.0,0.6558823585510254,1.1283791670955126,3.141592653589793,C:\Users\sophi\napari-organoid-segmentation\reports\segmentations\organoid_measurements_aspirina_1_sparse_segmentations\Condição 1 - 4_labels.tif
Condição 1 - 4.jpg,ConvPaint,121,844.5,1704.0,2.0,0.0,0.46666666865348816,0.7978845608028654,,C:\Users\sophi\napari-organoid-segmentation\reports\segmentations\organoid_measurements_aspirina_1_sparse_segmentations\Condição 1 - 4_labels.tif
Condição 1 - 4.jpg,ConvPaint,122,849.4444444444445,1444.3333333333333,9.0,7.621320343559642,0.5202614665031433,1.692568750643269,1.947116515222565,C:\Users\sophi\napari-organoid-segmentation\reports\segmentations\organoid_measurements_aspirina_1_sparse_segmentations\Condição 1 - 4_labels.tif
Condição 1 - 4.jpg,ConvPaint,123,855.0,717.0,1.0,0.0,0.7568627595901489,0.5641895835477563,,C:\Users\sophi\napari-organoid-segmentation\reports\segmentations\organoid_measurements_aspirina_1_sparse_segmentations\Condição 1 - 4_labels.tif
Condição 1 - 4.jpg,ConvPaint,124,858.0,1489.0,1.0,0.0,0.5686274766921997,0.5641895835477563,,C:\Users\sophi\napari-organoid-segmentation\reports\segmentations\organoid_measurements_aspirina_1_sparse_segmentations\Condição 1 - 4_labels.tif
Condição 1 - 4.jpg,ConvPaint,125,860.0,1462.0,1.0,0.0,0.4431372582912445,0.5641895835477563,,C:\Users\sophi\napari-organoid-segmentation\reports\segmentations\organoid_measurements_aspirina_1_sparse_segmentations\Condição 1 - 4_labels.tif
Condição 1 - 4.jpg,ConvPaint,126,861.0,1036.0,1.0,0.0,0.5921568870544434,0.5641895835477563,,C:\Users\sophi\napari-organoid-segmentation\reports\segmentations\organoid_measurements_aspirina_1_sparse_segmentations\Condição 1 - 4_labels.tif
Condição 1 - 4.jpg,ConvPaint,127,861.0,1041.0,1.0,0.0,0.5764706134796143,0.5641895835477563,,C:\Users\sophi\napari-organoid-segmentation\reports\segmentations\organoid_measurements_aspirina_1_sparse_segmentations\Condição 1 - 4_labels.tif
Condição 1 - 4.jpg,ConvPaint,128,867.5,1045.0,2.0,0.0,0.4941176474094391,0.7978845608028654,,C:\Users\sophi\napari-organoid-segmentation\reports\segmentations\organoid_measurements_aspirina_1_sparse_segmentations\Condição 1 - 4_labels.tif
Condição 1 - 4.jpg,ConvPaint,129,868.0,1050.0,1.0,0.0,0.4470588266849518,0.5641895835477563,,C:\Users\sophi\napari-organoid-segmentation\reports\segmentations\organoid_measurements_aspirina_1_sparse_segmentations\Condição 1 - 4_labels.tif
Condição 1 - 4.jpg,ConvPaint,130,868.0,1052.5,2.0,0.0,0.46078431606292725,0.7978845608028654,,C:\Users\sophi\napari-organoid-segmentation\reports\segmentations\organoid_measurements_aspirina_1_sparse_segmentations\Condição 1 - 4_labels.tif
Condição 1 - 4.jpg,ConvPaint,131,868.0,1494.0,1.0,0.0,0.501960813999176,0.5641895835477563,,C:\Users\sophi\napari-organoid-segmentation\reports\segmentations\organoid_measurements_aspirina_1_sparse_segmentations\Condição 1 - 4_labels.tif
Condição 1 - 4.jpg,ConvPaint,132,872.1111111111111,1702.7777777777778,9.0,8.621320343559642,0.46666663885116577,1.692568750643269,1.5216150964638036,C:\Users\sophi\napari-organoid-segmentation\reports\segmentations\organoid_measurements_aspirina_1_sparse_segmentations\Condição 1 - 4_labels.tif
Condição 1 - 4.jpg,ConvPaint,133,872.3333333333334,1049.3333333333333,6.0,4.621320343559642,0.49346408247947693,1.381976597885342,3.530441063725954,C:\Users\sophi\napari-organoid-segmentation\reports\segmentations\organoid_measurements_aspirina_1_sparse_segmentations\Condição 1 - 4_labels.tif
Condição 1 - 4.jpg,ConvPaint,134,870.0,1705.0,1.0,0.0,0.4941176474094391,0.5641895835477563,,C:\Users\sophi\napari-organoid-segmentation\reports\segmentations\organoid_measurements_aspirina_1_sparse_segmentations\Condição 1 - 4_labels.tif
Condição 1 - 4.jpg,ConvPaint,135,872.0,1700.0,1.0,0.0,0.4274509847164154,0.5641895835477563,,C:\Users\sophi\napari-organoid-segmentation\reports\segmentations\organoid_measurements_aspirina_1_sparse_segmentations\Condição 1 - 4_labels.tif
Condição 1 - 4.jpg,ConvPaint,136,877.7777777777778,1701.0,9.0,9.414213562373096,0.45490196347236633,1.692568750643269,1.2760987441597629,C:\Users\sophi\napari-organoid-segmentation\reports\segmentations\organoid_measurements_aspirina_1_sparse_segmentations\Condição 1 - 4_labels.tif
Condição 1 - 4.jpg,ConvPaint,137,879.0,1474.0,1.0,0.0,0.49803921580314636,0.5641895835477563,,C:\Users\sophi\napari-organoid-segmentation\reports\segmentations\organoid_measurements_aspirina_1_sparse_segmentations\Condição 1 - 4_labels.tif
Condição 1 - 4.jpg,ConvPaint,138,880.5,1062.5,2.0,0.0,0.47647058963775635,0.7978845608028654,,C:\Users\sophi\napari-organoid-segmentation\reports\segmentations\organoid_measurements_aspirina_1_sparse_segmentations\Condição 1 - 4_labels.tif
Condição 1 - 4.jpg,ConvPaint,139,883.6666666666666,1700.3333333333333,9.0,8.207106781186548,0.46361657977104187,1.692568750643269,1.6790831580707237,C:\Users\sophi\napari-organoid-segmentation\reports\segmentations\organoid_measurements_aspirina_1_sparse_segmentations\Condição 1 - 4_labels.tif
Condição 1 - 4.jpg,ConvPaint,140,882.0,1653.0,1.0,0.0,0.5098039507865906,0.5641895835477563,,C:\Users\sophi\napari-organoid-segmentation\reports\segmentations\organoid_measurements_aspirina_1_sparse_segmentations\Condição 1 - 4_labels.tif
Condição 1 - 4.jpg,ConvPaint,141,883.5,1703.0,2.0,0.0,0.49215686321258545,0.7978845608028654,,C:\Users\sophi\napari-organoid-segmentation\reports\segmentations\organoid_measurements_aspirina_1_sparse_segmentations\Condição 1 - 4_labels.tif
Condição 1 - 4.jpg,ConvPaint,142,885.0,1465.5,6.0,6.0,0.5392156839370728,1.381976597885342,2.0943951023931953,C:\Users\sophi\napari-organoid-segmentation\reports\segmentations\organoid_measurements_aspirina_1_sparse_segmentations\Condição 1 - 4_labels.tif
Condição 1 - 4.jpg,ConvPaint,143,884.5,1471.5,8.0,8.0,0.49852943420410156,1.5957691216057308,1.5707963267948966,C:\Users\sophi\napari-organoid-segmentation\reports\segmentations\organoid_measurements_aspirina_1_sparse_segmentations\Condição 1 - 4_labels.tif
Condição 1 - 4.jpg,ConvPaint,144,888.6538461538462,1069.5,26.0,16.82842712474619,0.4527903199195862,2.876813695875796,1.1537086777593573,C:\Users\sophi\napari-organoid-segmentation\reports\segmentations\organoid_measurements_aspirina_1_sparse_segmentations\Condição 1 - 4_labels.tif
Condição 1 - 4.jpg,ConvPaint,145,887.0,1154.0,1.0,0.0,0.6745098233222961,0.5641895835477563,,C:\Users\sophi\napari-organoid-segmentation\reports\segmentations\organoid_measurements_aspirina_1_sparse_segmentations\Condição 1 - 4_labels.tif
Condição 1 - 4.jpg,ConvPaint,146,887.0,1900.5,2.0,0.0,0.45686274766921997,0.7978845608028654,,C:\Users\sophi\napari-organoid-segmentation\reports\segmentations\organoid_measurements_aspirina_1_sparse_segmentations\Condição 1 - 4_labels.tif
Condição 1 - 4.jpg,ConvPaint,147,890.6666666666666,1698.6666666666667,3.0,3.414213562373095,0.4614379107952118,0.9772050238058398,3.2340725067158833,C:\Users\sophi\napari-organoid-segmentation\reports\segmentations\organoid_measurements_aspirina_1_sparse_segmentations\Condição 1 - 4_labels.tif
Condição 1 - 4.jpg,ConvPaint,148,896.0,1697.0,1.0,0.0,0.4588235318660736,0.5641895835477563,,C:\Users\sophi\napari-organoid-segmentation\reports\segmentations\organoid_measurements_aspirina_1_sparse_segmentations\Condição 1 - 4_labels.tif
Condição 1 - 4.jpg,ConvPaint,149,899.0,1910.0,1.0,0.0,0.3529411852359772,0.5641895835477563,,C:\Users\sophi\napari-organoid-segmentation\reports\segmentations\organoid_measurements_aspirina_1_sparse_segmentations\Condição 1 - 4_labels.tif
Condição 1 - 4.jpg,ConvPaint,150,901.0,1906.0,1.0,0.0,0.4588235318660736,0.5641895835477563,,C:\Users\sophi\napari-organoid-segmentation\reports\segmentations\organoid_measurements_aspirina_1_sparse_segmentations\Condição 1 - 4_labels.tif
Condição 1 - 4.jpg,ConvPaint,151,904.5,1693.5,2.0,0.0,0.46666666865348816,0.7978845608028654,,C:\Users\sophi\napari-organoid-segmentation\reports\segmentations\organoid_measurements_aspirina_1_sparse_segmentations\Condição 1 - 4_labels.tif
Condição 1 - 4.jpg,ConvPaint,152,931.0,1619.0,3.0,1.0,0.5607843399047852,0.9772050238058398,37.69911184307752,C:\Users\sophi\napari-organoid-segmentation\reports\segmentations\organoid_measurements_aspirina_1_sparse_segmentations\Condição 1 - 4_labels.tif
Condição 1 - 4.jpg,ConvPaint,153,958.016317016317,1914.5314685314686,429.0,117.55634918610404,0.3581242561340332,11.685672474138842,0.3900991246272354,C:\Users\sophi\napari-organoid-segmentation\reports\segmentations\organoid_measurements_aspirina_1_sparse_segmentations\Condição 1 - 4_labels.tif
Condição 1 - 4.jpg,ConvPaint,154,935.0,1457.0,1.0,0.0,0.4627451002597809,0.5641895835477563,,C:\Users\sophi\napari-organoid-segmentation\reports\segmentations\organoid_measurements_aspirina_1_sparse_segmentations\Condição 1 - 4_labels.tif
Condição 1 - 4.jpg,ConvPaint,155,935.0,1459.0,1.0,0.0,0.4627451002597809,0.5641895835477563,,C:\Users\sophi\napari-organoid-segmentation\reports\segmentations\organoid_measurements_aspirina_1_sparse_segmentations\Condição 1 - 4_labels.tif
Condição 1 - 4.jpg,ConvPaint,156,955.9032258064516,1546.8387096774193,31.0,23.82842712474619,0.49993669986724854,3.141274657157109,0.6860895513731886,C:\Users\sophi\napari-organoid-segmentation\reports\segmentations\organoid_measurements_aspirina_1_sparse_segmentations\Condição 1 - 4_labels.tif
Condição 1 - 4.jpg,ConvPaint,157,953.0,1586.0,1.0,0.0,0.48235294222831726,0.5641895835477563,,C:\Users\sophi\napari-organoid-segmentation\reports\segmentations\organoid_measurements_aspirina_1_sparse_segmentations\Condição 1 - 4_labels.tif
Condição 1 - 4.jpg,ConvPaint,158,957.0,1594.5,6.0,6.0,0.4915032684803009,1.381976597885342,2.0943951023931953,C:\Users\sophi\napari-organoid-segmentation\reports\segmentations\organoid_measurements_aspirina_1_sparse_segmentations\Condição 1 - 4_labels.tif
Condição 1 - 4.jpg,ConvPaint,159,959.1666666666666,1610.6666666666667,6.0,5.0,0.47777774930000305,1.381976597885342,3.015928947446201,C:\Users\sophi\napari-organoid-segmentation\reports\segmentations\organoid_measurements_aspirina_1_sparse_segmentations\Condição 1 - 4_labels.tif
Condição 1 - 4.jpg,ConvPaint,160,980.5045045045046,1784.1981981981983,222.0,126.42031021678298,0.4096096158027649,8.406235467365967,0.1745537306051179,C:\Users\sophi\napari-organoid-segmentation\reports\segmentations\organoid_measurements_aspirina_1_sparse_segmentations\Condição 1 - 4_labels.tif
Condição 1 - 4.jpg,ConvPaint,161,965.0,1904.0,1.0,0.0,0.49803921580314636,0.5641895835477563,,C:\Users\sophi\napari-organoid-segmentation\reports\segmentations\organoid_measurements_aspirina_1_sparse_segmentations\Condição 1 - 4_labels.tif
Condição 1 - 4.jpg,ConvPaint,162,976.0217391304348,1741.5942028985507,138.0,89.52081528017132,0.4059675931930542,6.627726932618989,0.21639184657616437,C:\Users\sophi\napari-organoid-segmentation\reports\segmentations\organoid_measurements_aspirina_1_sparse_segmentations\Condição 1 - 4_labels.tif
Condição 1 - 4.jpg,ConvPaint,163,970.3793103448276,1765.057471264368,87.0,53.17766952966369,0.35217490792274475,5.262410103554244,0.38660771380560804,C:\Users\sophi\napari-organoid-segmentation\reports\segmentations\organoid_measurements_aspirina_1_sparse_segmentations\Condição 1 - 4_labels.tif
Condição 1 - 4.jpg,ConvPaint,164,969.0,1910.0,1.0,0.0,0.48627451062202454,0.5641895835477563,,C:\Users\sophi\napari-organoid-segmentation\reports\segmentations\organoid_measurements_aspirina_1_sparse_segmentations\Condição 1 - 4_labels.tif
Condição 1 - 4.jpg,ConvPaint,165,972.2,1802.2,5.0,4.0,0.4964706301689148,1.2615662610100802,3.9269908169872414,C:\Users\sophi\napari-organoid-segmentation\reports\segmentations\organoid_measurements_aspirina_1_sparse_segmentations\Condição 1 - 4_labels.tif
Condição 1 - 4.jpg,ConvPaint,166,975.0,1766.0,3.0,1.0,0.26274511218070984,0.9772050238058398,37.69911184307752,C:\Users\sophi\napari-organoid-segmentation\reports\segmentations\organoid_measurements_aspirina_1_sparse_segmentations\Condição 1 - 4_labels.tif
Condição 1 - 4.jpg,ConvPaint,167,977.2857142857143,1790.2857142857142,14.0,11.449747468305834,0.3686274588108063,2.111004122822376,1.341980123598111,C:\Users\sophi\napari-organoid-segmentation\reports\segmentations\organoid_measurements_aspirina_1_sparse_segmentations\Condição 1 - 4_labels.tif
Condição 1 - 4.jpg,ConvPaint,168,978.1,1753.7,20.0,14.207106781186548,0.5017646551132202,2.5231325220201604,1.2451697756534605,C:\Users\sophi\napari-organoid-segmentation\reports\segmentations\organoid_measurements_aspirina_1_sparse_segmentations\Condição 1 - 4_labels.tif
Condição 1 - 4.jpg,ConvPaint,169,980.9784946236559,1823.6344086021506,93.0,64.55634918610404,0.4439384341239929,5.440847306724618,0.2804238118899836,C:\Users\sophi\napari-organoid-segmentation\reports\segmentations\organoid_measurements_aspirina_1_sparse_segmentations\Condição 1 - 4_labels.tif
Condição 1 - 4.jpg,ConvPaint,170,978.6071428571429,1836.017857142857,56.0,32.86396103067893,0.4582633376121521,4.222008245644752,0.6515654947960883,C:\Users\sophi\napari-organoid-segmentation\reports\segmentations\organoid_measurements_aspirina_1_sparse_segmentations\Condição 1 - 4_labels.tif
Condição 1 - 4.jpg,ConvPaint,171,978.6480446927375,1862.4189944134077,179.0,90.42031021678298,0.3854529559612274,7.54834217738561,0.2751255410446619,C:\Users\sophi\napari-organoid-segmentation\reports\segmentations\organoid_measurements_aspirina_1_sparse_segmentations\Condição 1 - 4_labels.tif
Condição 1 - 4.jpg,ConvPaint,172,978.0,1765.3333333333333,3.0,1.2071067811865475,0.5006535649299622,0.9772050238058398,25.872580053727066,C:\Users\sophi\napari-organoid-segmentation\reports\segmentations\organoid_measurements_aspirina_1_sparse_segmentations\Condição 1 - 4_labels.tif
Condição 1 - 4.jpg,ConvPaint,173,991.8918918918919,1736.7297297297298,74.0,57.48528137423857,0.3913619816303253,4.853342309955121,0.28140270049733596,C:\Users\sophi\napari-organoid-segmentation\reports\segmentations\organoid_measurements_aspirina_1_sparse_segmentations\Condição 1 - 4_labels.tif
Condição 1 - 4.jpg,ConvPaint,174,978.5,1772.0,2.0,0.0,0.16274510324001312,0.7978845608028654,,C:\Users\sophi\napari-organoid-segmentation\reports\segmentations\organoid_measurements_aspirina_1_sparse_segmentations\Condição 1 - 4_labels.tif
Condição 1 - 4.jpg,ConvPaint,175,979.0,1763.0,1.0,0.0,0.027450980618596077,0.5641895835477563,,C:\Users\sophi\napari-organoid-segmentation\reports\segmentations\organoid_measurements_aspirina_1_sparse_segmentations\Condição 1 - 4_labels.tif
Condição 1 - 4.jpg,ConvPaint,176,979.0,1796.0,1.0,0.0,0.501960813999176,0.5641895835477563,,C:\Users\sophi\napari-organoid-segmentation\reports\segmentations\organoid_measurements_aspirina_1_sparse_segmentations\Condição 1 - 4_labels.tif
Condição 1 - 4.jpg,ConvPaint,177,979.0,1805.0,1.0,0.0,0.5058823823928833,0.5641895835477563,,C:\Users\sophi\napari-organoid-segmentation\reports\segmentations\organoid_measurements_aspirina_1_sparse_segmentations\Condição 1 - 4_labels.tif
Condição 1 - 4.jpg,ConvPaint,178,980.6666666666666,1733.1666666666667,6.0,5.0,0.5065359473228455,1.381976597885342,3.015928947446201,C:\Users\sophi\napari-organoid-segmentation\reports\segmentations\organoid_measurements_aspirina_1_sparse_segmentations\Condição 1 - 4_labels.tif
Condição 1 - 4.jpg,ConvPaint,179,981.0,1790.0,1.0,0.0,0.501960813999176,0.5641895835477563,,C:\Users\sophi\napari-organoid-segmentation\reports\segmentations\organoid_measurements_aspirina_1_sparse_segmentations\Condição 1 - 4_labels.tif
Condição 1 - 4.jpg,ConvPaint,180,981.0,1882.0,1.0,0.0,0.5215686559677124,0.5641895835477563,,C:\Users\sophi\napari-organoid-segmentation\reports\segmentations\organoid_measurements_aspirina_1_sparse_segmentations\Condição 1 - 4_labels.tif
Condição 1 - 4.jpg,ConvPaint,181,983.0,1755.0,1.0,0.0,0.501960813999176,0.5641895835477563,,C:\Users\sophi\napari-organoid-segmentation\reports\segmentations\organoid_measurements_aspirina_1_sparse_segmentations\Condição 1 - 4_labels.tif
Condição 1 - 4.jpg,ConvPaint,182,987.5,1763.0,8.0,6.0,0.23235294222831726,1.5957691216057308,2.792526803190927,C:\Users\sophi\napari-organoid-segmentation\reports\segmentations\organoid_measurements_aspirina_1_sparse_segmentations\Condição 1 - 4_labels.tif
Condição 1 - 4.jpg,ConvPaint,183,998.5657894736842,1884.6184210526317,76.0,46.41421356237309,0.42837977409362793,4.918490759365935,0.4433242253616887,C:\Users\sophi\napari-organoid-segmentation\reports\segmentations\organoid_measurements_aspirina_1_sparse_segmentations\Condição 1 - 4_labels.tif
Condição 1 - 4.jpg,ConvPaint,184,986.2,1854.6,5.0,5.207106781186548,0.1317647099494934,1.2615662610100802,2.3173247538676778,C:\Users\sophi\napari-organoid-segmentation\reports\segmentations\organoid_measurements_aspirina_1_sparse_segmentations\Condição 1 - 4_labels.tif
Condição 1 - 4.jpg,ConvPaint,185,986.0,1860.857142857143,7.0,6.414213562373095,0.42240896821022034,1.4927053303604616,2.1380658287893026,C:\Users\sophi\napari-organoid-segmentation\reports\segmentations\organoid_measurements_aspirina_1_sparse_segmentations\Condição 1 - 4_labels.tif
Condição 1 - 4.jpg,ConvPaint,186,987.25,1870.0833333333333,12.0,10.035533905932738,0.3970588445663452,1.9544100476116797,1.4973045520592334,C:\Users\sophi\napari-organoid-segmentation\reports\segmentations\organoid_measurements_aspirina_1_sparse_segmentations\Condição 1 - 4_labels.tif
Condição 1 - 4.jpg,ConvPaint,187,985.0,1876.0,1.0,0.0,0.21176470816135406,0.5641895835477563,,C:\Users\sophi\napari-organoid-segmentation\reports\segmentations\organoid_measurements_aspirina_1_sparse_segmentations\Condição 1 - 4_labels.tif
Condição 1 - 4.jpg,ConvPaint,188,992.1739130434783,1755.695652173913,23.0,18.621320343559642,0.41875532269477844,2.7057581899030048,0.8335214054622497,C:\Users\sophi\napari-organoid-segmentation\reports\segmentations\organoid_measurements_aspirina_1_sparse_segmentations\Condição 1 - 4_labels.tif
Condição 1 - 4.jpg,ConvPaint,189,988.0,1771.0,1.0,0.0,0.5058823823928833,0.5641895835477563,,C:\Users\sophi\napari-organoid-segmentation\reports\segmentations\organoid_measurements_aspirina_1_sparse_segmentations\Condição 1 - 4_labels.tif
Condição 1 - 4.jpg,ConvPaint,190,991.5,1848.0,8.0,6.0,0.3495098352432251,1.5957691216057308,2.792526803190927,C:\Users\sophi\napari-organoid-segmentation\reports\segmentations\organoid_measurements_aspirina_1_sparse_segmentations\Condição 1 - 4_labels.tif
Condição 1 - 4.jpg,ConvPaint,191,997.9130434782609,1876.2173913043478,23.0,22.0,0.4639385938644409,2.7057581899030048,0.5971622399385557,C:\Users\sophi\napari-organoid-segmentation\reports\segmentations\organoid_measurements_aspirina_1_sparse_segmentations\Condição 1 - 4_labels.tif
Condição 1 - 4.jpg,ConvPaint,192,995.8780487804878,1768.439024390244,41.0,27.520815280171306,0.37867051362991333,3.6125759969217834,0.680254040511474,C:\Users\sophi\napari-organoid-segmentation\reports\segmentations\organoid_measurements_aspirina_1_sparse_segmentations\Condição 1 - 4_labels.tif
Condição 1 - 4.jpg,ConvPaint,193,997.5,1820.0,12.0,10.0,0.25457513332366943,1.9544100476116797,1.5079644737231006,C:\Users\sophi\napari-organoid-segmentation\reports\segmentations\organoid_measurements_aspirina_1_sparse_segmentations\Condição 1 - 4_labels.tif
Condição 1 - 4.jpg,ConvPaint,194,993.5,1855.0,4.0,2.0,0.5058823823928833,1.1283791670955126,12.566370614359172,C:\Users\sophi\napari-organoid-segmentation\reports\segmentations\organoid_measurements_aspirina_1_sparse_segmentations\Condição 1 - 4_labels.tif
Condição 1 - 4.jpg,ConvPaint,195,1000.3134328358209,1803.1641791044776,67.0,35.10660171779821,0.4451858401298523,4.61809077155419,0.683135858072942,C:\Users\sophi\napari-organoid-segmentation\reports\segmentations\organoid_measurements_aspirina_1_sparse_segmentations\Condição 1 - 4_labels.tif
Condição 1 - 4.jpg,ConvPaint,196,997.35,1792.95,20.0,14.621320343559642,0.3678431510925293,2.5231325220201604,1.1756192128925151,C:\Users\sophi\napari-organoid-segmentation\reports\segmentations\organoid_measurements_aspirina_1_sparse_segmentations\Condição 1 - 4_labels.tif
Condição 1 - 4.jpg,ConvPaint,197,997.1666666666666,1830.9166666666667,24.0,18.035533905932738,0.31960785388946533,2.763953195770684,0.9271779594977481,C:\Users\sophi\napari-organoid-segmentation\reports\segmentations\organoid_measurements_aspirina_1_sparse_segmentations\Condição 1 - 4_labels.tif
Condição 1 - 4.jpg,ConvPaint,198,996.0,1836.0,1.0,0.0,0.0,0.5641895835477563,,C:\Users\sophi\napari-organoid-segmentation\reports\segmentations\organoid_measurements_aspirina_1_sparse_segmentations\Condição 1 - 4_labels.tif
Condição 1 - 4.jpg,ConvPaint,199,996.8571428571429,1842.2857142857142,7.0,6.207106781186548,0.4599440395832062,1.4927053303604616,2.2831238497444226,C:\Users\sophi\napari-organoid-segmentation\reports\segmentations\organoid_measurements_aspirina_1_sparse_segmentations\Condição 1 - 4_labels.tif
Condição 1 - 4.jpg,ConvPaint,200,997.0,1857.0,1.0,0.0,0.5098039507865906,0.5641895835477563,,C:\Users\sophi\napari-organoid-segmentation\reports\segmentations\organoid_measurements_aspirina_1_sparse_segmentations\Condição 1 - 4_labels.tif
Condição 1 - 4.jpg,ConvPaint,201,1002.9830508474577,1852.7796610169491,59.0,43.10660171779821,0.46154865622520447,4.3336224206596095,0.39900129196161954,C:\Users\sophi\napari-organoid-segmentation\reports\segmentations\organoid_measurements_aspirina_1_sparse_segmentations\Condição 1 - 4_labels.tif
Condição 1 - 4.jpg,ConvPaint,202,1001.7333333333333,1753.5333333333333,15.0,12.828427124746192,0.4491502642631531,2.1850968611841584,1.1453924082799833,C:\Users\sophi\napari-organoid-segmentation\reports\segmentations\organoid_measurements_aspirina_1_sparse_segmentations\Condição 1 - 4_labels.tif
Condição 1 - 4.jpg,ConvPaint,203,1000.5,1760.0,2.0,0.0,0.17843137681484222,0.7978845608028654,,C:\Users\sophi\napari-organoid-segmentation\reports\segmentations\organoid_measurements_aspirina_1_sparse_segmentations\Condição 1 - 4_labels.tif
Condição 1 - 4.jpg,ConvPaint,204,1002.0,1784.7142857142858,7.0,5.414213562373095,0.4436974823474884,1.4927053303604616,3.000800608478478,C:\Users\sophi\napari-organoid-segmentation\reports\segmentations\organoid_measurements_aspirina_1_sparse_segmentations\Condição 1 - 4_labels.tif
Condição 1 - 4.jpg,ConvPaint,205,1015.4477379095164,1813.7597503900156,641.0,320.1482322781408,0.4070539176464081,14.284139352575984,0.07858970836720149,C:\Users\sophi\napari-organoid-segmentation\reports\segmentations\organoid_measurements_aspirina_1_sparse_segmentations\Condição 1 - 4_labels.tif
Condição 1 - 4.jpg,ConvPaint,206,1002.6521739130435,1868.1304347826087,23.0,20.035533905932738,0.4625745713710785,2.7057581899030048,0.7200055764802323,C:\Users\sophi\napari-organoid-segmentation\reports\segmentations\organoid_measurements_aspirina_1_sparse_segmentations\Condição 1 - 4_labels.tif
Condição 1 - 4.jpg,ConvPaint,207,1002.3333333333334,1836.8333333333333,6.0,5.207106781186548,0.31830063462257385,1.381976597885342,2.7807897046412133,C:\Users\sophi\napari-organoid-segmentation\reports\segmentations\organoid_measurements_aspirina_1_sparse_segmentations\Condição 1 - 4_labels.tif
Condição 1 - 4.jpg,ConvPaint,208,1003.0,1745.5,4.0,2.0,0.5098039507865906,1.1283791670955126,12.566370614359172,C:\Users\sophi\napari-organoid-segmentation\reports\segmentations\organoid_measurements_aspirina_1_sparse_segmentations\Condição 1 - 4_labels.tif
Condição 1 - 4.jpg,ConvPaint,209,1003.0,1760.5,2.0,0.0,0.5058823823928833,0.7978845608028654,,C:\Users\sophi\napari-organoid-segmentation\reports\segmentations\organoid_measurements_aspirina_1_sparse_segmentations\Condição 1 - 4_labels.tif
Condição 1 - 4.jpg,ConvPaint,210,1004.5,1737.0,2.0,0.0,0.5098039507865906,0.7978845608028654,,C:\Users\sophi\napari-organoid-segmentation\reports\segmentations\organoid_measurements_aspirina_1_sparse_segmentations\Condição 1 - 4_labels.tif
Condição 1 - 4.jpg,ConvPaint,211,1026.5355029585799,1807.7958579881656,1352.0,222.20710678118655,1.1602274753386155e-05,20.7449985808745,0.3440889025876092,C:\Users\sophi\napari-organoid-segmentation\reports\segmentations\organoid_measurements_aspirina_1_sparse_segmentations\Condição 1 - 4_labels.tif
Condição 1 - 4.jpg,ConvPaint,212,1071.2009264620729,224.64736537348003,1727.0,326.53910524340097,0.38972944021224976,23.446133443265364,0.20353158037005922,C:\Users\sophi\napari-organoid-segmentation\reports\segmentations\organoid_measurements_aspirina_1_sparse_segmentations\Condição 1 - 4_labels.tif
Condição 1 - 4.jpg,ConvPaint,213,1065.0,189.0,1.0,0.0,0.6431372761726379,0.5641895835477563,,C:\Users\sophi\napari-organoid-segmentation\reports\segmentations\organoid_measurements_aspirina_1_sparse_segmentations\Condição 1 - 4_labels.tif
