image_name,segmentation_method,object_id,centroid_y_px,centroid_x_px,area_px,perimeter_px,mean_intensity,equivalent_radius_px,circularity,segmentation_file
6d-11-4x - 1.tif,ConvPaint,1,94.38225086762519,728.0614278631631,20170.0,811.7127701597078,0.2566582262516022,80.12683947546576,0.38469009588529574,C:\Users\sophi\napari-organoid-segmentation\reports\segmentations\organoid_measurements_all_kbO_segmentations\6d-11-4x - 1_labels.tif
6d-11-4x - 1.tif,ConvPaint,2,95.00656991566974,314.9163071190429,20396.0,772.6417023478423,0.24800540506839752,80.57448999903502,0.42933725716178667,C:\Users\sophi\napari-organoid-segmentation\reports\segmentations\organoid_measurements_all_kbO_segmentations\6d-11-4x - 1_labels.tif
6d-11-4x - 1.tif,ConvPaint,3,99.92216734732644,1148.757194415424,21058.0,811.5889244992065,0.23976431787014008,81.87166532603489,0.4017489606889003,C:\Users\sophi\napari-organoid-segmentation\reports\segmentations\organoid_measurements_all_kbO_segmentations\6d-11-4x - 1_labels.tif
6d-11-4x - 1.tif,ConvPaint,4,521.5082386000767,1589.2589517605484,23487.0,1029.607214462436,0.23136338591575623,86.46469971496282,0.2784160436645965,C:\Users\sophi\napari-organoid-segmentation\reports\segmentations\organoid_measurements_all_kbO_segmentations\6d-11-4x - 1_labels.tif
6d-11-4x - 1.tif,ConvPaint,5,523.8441812711905,1186.7268516307722,20941.0,1142.6965722375312,0.2680005729198456,81.64390563033325,0.20153265742456372,C:\Users\sophi\napari-organoid-segmentation\reports\segmentations\organoid_measurements_all_kbO_segmentations\6d-11-4x - 1_labels.tif
6d-11-4x - 1.tif,ConvPaint,6,544.5498784614651,723.4275296697011,20981.0,807.3401871576774,0.2554307281970978,81.72184360391114,0.4045040793913574,C:\Users\sophi\napari-organoid-segmentation\reports\segmentations\organoid_measurements_all_kbO_segmentations\6d-11-4x - 1_labels.tif
6d-11-4x - 1.tif,ConvPaint,7,547.0503544365681,305.54485455878756,20455.0,892.216341497176,0.25839391350746155,80.69094572434653,0.3229007108919575,C:\Users\sophi\napari-organoid-segmentation\reports\segmentations\organoid_measurements_all_kbO_segmentations\6d-11-4x - 1_labels.tif
6d-11-4x - 1.tif,ConvPaint,8,940.3842705103494,1617.3561971004776,23866.0,1246.7615433949868,0.2302221804857254,87.15953042359939,0.1929401911639279,C:\Users\sophi\napari-organoid-segmentation\reports\segmentations\organoid_measurements_all_kbO_segmentations\6d-11-4x - 1_labels.tif
6d-11-4x - 1.tif,ConvPaint,9,961.015864355563,1179.6702060687455,23827.0,1072.8620484583753,0.2417394518852234,87.08828657231224,0.26013061235064505,C:\Users\sophi\napari-organoid-segmentation\reports\segmentations\organoid_measurements_all_kbO_segmentations\6d-11-4x - 1_labels.tif
6d-11-4x - 1.tif,ConvPaint,10,984.0257963829982,738.9740659138896,21786.0,963.7077195258245,0.25077611207962036,83.27484122110388,0.29477909942945657,C:\Users\sophi\napari-organoid-segmentation\reports\segmentations\organoid_measurements_all_kbO_segmentations\6d-11-4x - 1_labels.tif
6d-11-4x - 1.tif,ConvPaint,11,988.1340030413345,298.8465047693655,21701.0,783.4995667241114,0.23929718136787415,83.11223038803881,0.4442343017004523,C:\Users\sophi\napari-organoid-segmentation\reports\segmentations\organoid_measurements_all_kbO_segmentations\6d-11-4x - 1_labels.tif
6d-12-4x - 1.tif,ConvPaint,1,99.02818311323297,1176.480229469064,25973.0,1013.6072144624361,0.24652525782585144,90.92558866376173,0.31768198923298435,C:\Users\sophi\napari-organoid-segmentation\reports\segmentations\organoid_measurements_all_kbO_segmentations\6d-12-4x - 1_labels.tif
6d-12-4x - 1.tif,ConvPaint,2,85.59531914893617,1582.2309361702128,23500.0,1253.5128060534576,0.22134286165237427,86.48862541004499,0.18794041263434344,C:\Users\sophi\napari-organoid-segmentation\reports\segmentations\organoid_measurements_all_kbO_segmentations\6d-12-4x - 1_labels.tif
6d-12-4x - 1.tif,ConvPaint,3,95.134366234807,738.7020168291706,22461.0,800.4640328181786,0.24155525863170624,84.5550610760475,0.44050952829875645,C:\Users\sophi\napari-organoid-segmentation\reports\segmentations\organoid_measurements_all_kbO_segmentations\6d-12-4x - 1_labels.tif
6d-12-4x - 1.tif,ConvPaint,4,92.50438596491227,319.7510856348793,23028.0,739.7066735052979,0.24446266889572144,85.6156531192768,0.5288676602098579,C:\Users\sophi\napari-organoid-segmentation\reports\segmentations\organoid_measurements_all_kbO_segmentations\6d-12-4x - 1_labels.tif
6d-12-4x - 1.tif,ConvPaint,5,370.48314657817576,1841.858058503989,43997.0,1417.103643124968,0.28580158948898315,118.34137088283302,0.27531488951944516,C:\Users\sophi\napari-organoid-segmentation\reports\segmentations\organoid_measurements_all_kbO_segmentations\6d-12-4x - 1_labels.tif
6d-12-4x - 1.tif,ConvPaint,6,520.3661233480176,1603.9510132158591,22700.0,1167.589970519733,0.22017812728881836,85.00373177909337,0.20924496170070206,C:\Users\sophi\napari-organoid-segmentation\reports\segmentations\organoid_measurements_all_kbO_segmentations\6d-12-4x - 1_labels.tif
6d-12-4x - 1.tif,ConvPaint,7,519.7776470126712,1178.8264093209368,25491.0,1204.5249993622774,0.2505001127719879,90.07795129059613,0.22078273093573073,C:\Users\sophi\napari-organoid-segmentation\reports\segmentations\organoid_measurements_all_kbO_segmentations\6d-12-4x - 1_labels.tif
6d-12-4x - 1.tif,ConvPaint,8,525.5121687398594,724.097058701169,24037.0,1082.4894654563448,0.2627803385257721,87.47122232025671,0.2577761721307489,C:\Users\sophi\napari-organoid-segmentation\reports\segmentations\organoid_measurements_all_kbO_segmentations\6d-12-4x - 1_labels.tif
6d-12-4x - 1.tif,ConvPaint,9,554.07559385401,309.3232115989605,21933.0,796.6477990022522,0.25169989466667175,83.55531541242054,0.43428535215040537,C:\Users\sophi\napari-organoid-segmentation\reports\segmentations\organoid_measurements_all_kbO_segmentations\6d-12-4x - 1_labels.tif
6d-12-4x - 1.tif,ConvPaint,10,947.8393941558905,1182.3060655854827,27994.0,1113.2701653663385,0.24188166856765747,94.39685881335795,0.2838400543027499,C:\Users\sophi\napari-organoid-segmentation\reports\segmentations\organoid_measurements_all_kbO_segmentations\6d-12-4x - 1_labels.tif
6d-12-4x - 1.tif,ConvPaint,11,977.3652922597672,743.8360662830441,23113.0,992.0153313703993,0.2476755827665329,85.7735180540355,0.2951409120846392,C:\Users\sophi\napari-organoid-segmentation\reports\segmentations\organoid_measurements_all_kbO_segmentations\6d-12-4x - 1_labels.tif
6d-12-4x - 1.tif,ConvPaint,12,974.340033682838,1620.8070299342642,18407.0,997.7138161802343,0.23905333876609802,76.54495460175697,0.23237045252011668,C:\Users\sophi\napari-organoid-segmentation\reports\segmentations\organoid_measurements_all_kbO_segmentations\6d-12-4x - 1_labels.tif
6d-12-4x - 1.tif,ConvPaint,13,994.0723188724951,306.49927328782206,22705.0,1142.134126397017,0.24418342113494873,85.01309290811014,0.21872435968011997,C:\Users\sophi\napari-organoid-segmentation\reports\segmentations\organoid_measurements_all_kbO_segmentations\6d-12-4x - 1_labels.tif
6d-13-4x - 1.tif,ConvPaint,1,121.55371862978568,1558.9547078219455,43672.0,1087.8731957466684,0.19536885619163513,117.9034747130826,0.46372060395741843,C:\Users\sophi\napari-organoid-segmentation\reports\segmentations\organoid_measurements_all_kbO_segmentations\6d-13-4x - 1_labels.tif
6d-13-4x - 1.tif,ConvPaint,2,107.68007329793733,338.11384673213365,21283.0,850.7249634685276,0.2516496181488037,82.30789334960296,0.36954246840386823,C:\Users\sophi\napari-organoid-segmentation\reports\segmentations\organoid_measurements_all_kbO_segmentations\6d-13-4x - 1_labels.tif
6d-13-4x - 1.tif,ConvPaint,3,517.5873290635278,741.9761554440021,23108.0,882.239682094289,0.2450493425130844,85.76423992512868,0.37307749067299767,C:\Users\sophi\napari-organoid-segmentation\reports\segmentations\organoid_measurements_all_kbO_segmentations\6d-13-4x - 1_labels.tif
6d-13-4x - 1.tif,ConvPaint,4,563.5065986736994,1543.9323936880348,45691.0,2307.829652614022,0.20953086018562317,120.59808045579987,0.107803541647436,C:\Users\sophi\napari-organoid-segmentation\reports\segmentations\organoid_measurements_all_kbO_segmentations\6d-13-4x - 1_labels.tif
6d-13-4x - 1.tif,ConvPaint,5,529.1562176165803,322.5038860103627,23160.0,712.6234123846127,0.2500409781932831,85.86068345882528,0.5730971465792747,C:\Users\sophi\napari-organoid-segmentation\reports\segmentations\organoid_measurements_all_kbO_segmentations\6d-13-4x - 1_labels.tif
6d-13-4x - 1.tif,ConvPaint,6,544.8635636169645,1102.5685516137637,22494.0,1133.4244942988892,0.2515689432621002,84.6171529881394,0.22003479704261333,C:\Users\sophi\napari-organoid-segmentation\reports\segmentations\organoid_measurements_all_kbO_segmentations\6d-13-4x - 1_labels.tif
6d-13-4x - 1.tif,ConvPaint,7,945.4436144928942,765.7560265800068,20617.0,929.0681092190353,0.25303199887275696,81.00984460824013,0.300151300272648,C:\Users\sophi\napari-organoid-segmentation\reports\segmentations\organoid_measurements_all_kbO_segmentations\6d-13-4x - 1_labels.tif
6d-13-4x - 1.tif,ConvPaint,8,975.5522798369514,1544.5911934780547,42196.0,1233.8498551495554,0.19486366212368011,115.8939340837614,0.34830244154044543,C:\Users\sophi\napari-organoid-segmentation\reports\segmentations\organoid_measurements_all_kbO_segmentations\6d-13-4x - 1_labels.tif
6d-13-4x - 1.tif,ConvPaint,9,961.9665527455002,332.6181362497152,21945.0,927.9858941188766,0.25407761335372925,83.57816971137431,0.3202305045937219,C:\Users\sophi\napari-organoid-segmentation\reports\segmentations\organoid_measurements_all_kbO_segmentations\6d-13-4x - 1_labels.tif
6d-13-4x - 1.tif,ConvPaint,10,995.7438667470087,1107.2851855040028,23234.0,947.3879143724298,0.24992871284484863,85.99774354943386,0.32529558472694176,C:\Users\sophi\napari-organoid-segmentation\reports\segmentations\organoid_measurements_all_kbO_segmentations\6d-13-4x - 1_labels.tif
6d-21-4x - 2.tif,ConvPaint,1,87.78317757009346,1656.5059026069848,20330.0,1303.874241767195,0.2459869235754013,80.4440177149082,0.1502712264470577,C:\Users\sophi\napari-organoid-segmentation\reports\segmentations\organoid_measurements_all_kbO_segmentations\6d-21-4x - 2_labels.tif
6d-21-4x - 2.tif,ConvPaint,2,93.94276451847297,784.2388910625455,17891.0,699.6944801964783,0.2386762797832489,75.46444310875287,0.4592271795773521,C:\Users\sophi\napari-organoid-segmentation\reports\segmentations\organoid_measurements_all_kbO_segmentations\6d-21-4x - 2_labels.tif
6d-21-4x - 2.tif,ConvPaint,3,115.31520389647598,1193.2500238754656,20942.0,814.1686142824235,0.23115946352481842,81.6458549864042,0.3970080438186215,C:\Users\sophi\napari-organoid-segmentation\reports\segmentations\organoid_measurements_all_kbO_segmentations\6d-21-4x - 2_labels.tif
6d-21-4x - 2.tif,ConvPaint,4,117.23817704122878,325.6087813257882,19792.0,729.5351006300441,0.2334108203649521,79.37247172256629,0.4673122458712811,C:\Users\sophi\napari-organoid-segmentation\reports\segmentations\organoid_measurements_all_kbO_segmentations\6d-21-4x - 2_labels.tif
6d-21-4x - 2.tif,ConvPaint,5,498.20914680185524,325.66756552691186,18542.0,1130.2579720575186,0.25663667917251587,76.82513852652559,0.18239430874605772,C:\Users\sophi\napari-organoid-segmentation\reports\segmentations\organoid_measurements_all_kbO_segmentations\6d-21-4x - 2_labels.tif
6d-21-4x - 2.tif,ConvPaint,6,512.5612875205096,1622.0757648875592,20722.0,1965.995128834866,0.2614143192768097,81.2158695176042,0.06737156851241917,C:\Users\sophi\napari-organoid-segmentation\reports\segmentations\organoid_measurements_all_kbO_segmentations\6d-21-4x - 2_labels.tif
6d-21-4x - 2.tif,ConvPaint,7,539.9513002364066,765.7389125295508,21150.0,887.6305550595491,0.24264980852603912,82.05031439785697,0.3373306075560997,C:\Users\sophi\napari-organoid-segmentation\reports\segmentations\organoid_measurements_all_kbO_segmentations\6d-21-4x - 2_labels.tif
6d-21-4x - 2.tif,ConvPaint,8,555.8458555501696,1214.3711962083266,18567.0,743.1919548795365,0.2424544245004654,76.87691237799838,0.4224249895143703,C:\Users\sophi\napari-organoid-segmentation\reports\segmentations\organoid_measurements_all_kbO_segmentations\6d-21-4x - 2_labels.tif
6d-21-4x - 2.tif,ConvPaint,9,944.1501638061709,1210.6651997457336,20451.0,1343.4366876077088,0.2522716820240021,80.68305573256818,0.14239344733664477,C:\Users\sophi\napari-organoid-segmentation\reports\segmentations\organoid_measurements_all_kbO_segmentations\6d-21-4x - 2_labels.tif
6d-21-4x - 2.tif,ConvPaint,10,966.6903043005744,1642.6897609066916,25764.0,2681.570814004726,0.25342902541160583,90.55901891937204,0.04502405582200852,C:\Users\sophi\napari-organoid-segmentation\reports\segmentations\organoid_measurements_all_kbO_segmentations\6d-21-4x - 2_labels.tif
6d-21-4x - 2.tif,ConvPaint,11,982.3979476244419,320.96181781835145,30014.0,925.2874093090415,0.20886856317520142,97.74330117159076,0.44053501893747843,C:\Users\sophi\napari-organoid-segmentation\reports\segmentations\organoid_measurements_all_kbO_segmentations\6d-21-4x - 2_labels.tif
6d-21-4x - 2.tif,ConvPaint,12,987.1476170167396,754.6541742189999,18758.0,1003.050865276332,0.2510322630405426,77.2713196796557,0.234288235595781,C:\Users\sophi\napari-organoid-segmentation\reports\segmentations\organoid_measurements_all_kbO_segmentations\6d-21-4x - 2_labels.tif
6d-22-4x - 2.tif,ConvPaint,1,118.54989141616184,1677.277688878729,17498.0,1014.9797974644667,0.2238391488790512,74.63100152379016,0.2134437685910743,C:\Users\sophi\napari-organoid-segmentation\reports\segmentations\organoid_measurements_all_kbO_segmentations\6d-22-4x - 2_labels.tif
6d-22-4x - 2.tif,ConvPaint,2,143.37048570998041,1269.4774222713345,19909.0,910.5300499961609,0.2495107650756836,79.60673039406335,0.3017663042427618,C:\Users\sophi\napari-organoid-segmentation\reports\segmentations\organoid_measurements_all_kbO_segmentations\6d-22-4x - 2_labels.tif
6d-22-4x - 2.tif,ConvPaint,3,144.9108481473549,811.2063611051617,18676.0,821.5117600329311,0.24104063212871552,77.1022401384582,0.34774921612194093,C:\Users\sophi\napari-organoid-segmentation\reports\segmentations\organoid_measurements_all_kbO_segmentations\6d-22-4x - 2_labels.tif
6d-22-4x - 2.tif,ConvPaint,4,579.1272126634549,1673.631218169305,36325.0,3705.5323215059625,0.2403150200843811,107.52956158948197,0.033244076688679625,C:\Users\sophi\napari-organoid-segmentation\reports\segmentations\organoid_measurements_all_kbO_segmentations\6d-22-4x - 2_labels.tif
6d-22-4x - 2.tif,ConvPaint,5,559.4082595526561,1249.789259086673,17168.0,1185.4833688019348,0.2528989315032959,73.92390767541525,0.15351069482108232,C:\Users\sophi\napari-organoid-segmentation\reports\segmentations\organoid_measurements_all_kbO_segmentations\6d-22-4x - 2_labels.tif
6d-22-4x - 2.tif,ConvPaint,6,559.0277271264614,831.932800600665,18646.0,1309.897582364308,0.26308247447013855,77.04028905568151,0.13655916819464148,C:\Users\sophi\napari-organoid-segmentation\reports\segmentations\organoid_measurements_all_kbO_segmentations\6d-22-4x - 2_labels.tif
6d-22-4x - 2.tif,ConvPaint,7,597.8139083892487,377.57130667494084,25783.0,827.9137802864844,0.22088852524757385,90.59240473393272,0.47268638142765423,C:\Users\sophi\napari-organoid-segmentation\reports\segmentations\organoid_measurements_all_kbO_segmentations\6d-22-4x - 2_labels.tif
6d-22-4x - 2.tif,ConvPaint,8,1006.0005381620184,392.9148437747317,31589.0,1096.3462838120872,0.17664465308189392,100.27507663751628,0.3302556408103944,C:\Users\sophi\napari-organoid-segmentation\reports\segmentations\organoid_measurements_all_kbO_segmentations\6d-22-4x - 2_labels.tif
6d-22-4x - 2.tif,ConvPaint,9,1014.1976537695743,1275.7902383899263,18583.0,841.9493141924172,0.22640468180179596,76.91002935218125,0.3294229074249794,C:\Users\sophi\napari-organoid-segmentation\reports\segmentations\organoid_measurements_all_kbO_segmentations\6d-22-4x - 2_labels.tif
6d-22-4x - 2.tif,ConvPaint,10,1018.3143785540211,821.1772167718552,16003.0,778.0914498161482,0.24333330988883972,71.37165479796025,0.33216202784869836,C:\Users\sophi\napari-organoid-segmentation\reports\segmentations\organoid_measurements_all_kbO_segmentations\6d-22-4x - 2_labels.tif
6d-23-4x - 2.tif,ConvPaint,1,94.34964054799475,1675.2635981371795,22117.0,926.9970414071698,0.20469573140144348,83.90506392779221,0.32342931864223173,C:\Users\sophi\napari-organoid-segmentation\reports\segmentations\organoid_measurements_all_kbO_segmentations\6d-23-4x - 2_labels.tif
6d-23-4x - 2.tif,ConvPaint,2,102.81855680349865,1211.8227810356823,20122.0,741.2924599429248,0.23132812976837158,80.031440882882,0.4601525607841911,C:\Users\sophi\napari-organoid-segmentation\reports\segmentations\organoid_measurements_all_kbO_segmentations\6d-23-4x - 2_labels.tif
6d-23-4x - 2.tif,ConvPaint,3,102.6612328684417,330.41103664795025,16563.0,646.3452377915606,0.2419695407152176,72.60968699052576,0.49821839605852986,C:\Users\sophi\napari-organoid-segmentation\reports\segmentations\organoid_measurements_all_kbO_segmentations\6d-23-4x - 2_labels.tif
6d-23-4x - 2.tif,ConvPaint,4,124.83977836777098,784.265785524645,17326.0,878.4406922210655,0.24447108805179596,74.26329569861788,0.2821520974672324,C:\Users\sophi\napari-organoid-segmentation\reports\segmentations\organoid_measurements_all_kbO_segmentations\6d-23-4x - 2_labels.tif
6d-23-4x - 2.tif,ConvPaint,5,508.45968843946434,1364.266739546324,7318.0,2331.734198184517,0.4423280954360962,48.263772615627346,0.01691391659072413,C:\Users\sophi\napari-organoid-segmentation\reports\segmentations\organoid_measurements_all_kbO_segmentations\6d-23-4x - 2_labels.tif
6d-23-4x - 2.tif,ConvPaint,6,515.1907177861056,1257.2976073796483,17345.0,991.9503602129438,0.24941810965538025,74.30400376734654,0.22151558617883801,C:\Users\sophi\napari-organoid-segmentation\reports\segmentations\organoid_measurements_all_kbO_segmentations\6d-23-4x - 2_labels.tif
6d-23-4x - 2.tif,ConvPaint,7,522.6605683145193,1671.7542123116277,17983.0,791.3279938488577,0.2102379947900772,75.65822283957712,0.3608767885305421,C:\Users\sophi\napari-organoid-segmentation\reports\segmentations\organoid_measurements_all_kbO_segmentations\6d-23-4x - 2_labels.tif
6d-23-4x - 2.tif,ConvPaint,8,537.1565619673728,802.3123934745556,16428.0,748.3340905032675,0.24762697517871857,72.31317176163215,0.3686408833834819,C:\Users\sophi\napari-organoid-segmentation\reports\segmentations\organoid_measurements_all_kbO_segmentations\6d-23-4x - 2_labels.tif
6d-23-4x - 2.tif,ConvPaint,9,566.142820430453,344.57699967876647,15565.0,702.5645378815669,0.24893079698085785,70.388162203958,0.39626575201063174,C:\Users\sophi\napari-organoid-segmentation\reports\segmentations\organoid_measurements_all_kbO_segmentations\6d-23-4x - 2_labels.tif
6d-23-4x - 2.tif,ConvPaint,10,934.0144264602393,1377.5874384236454,5684.0,1902.2834046956846,0.42778077721595764,42.53555445822549,0.019738470408867247,C:\Users\sophi\napari-organoid-segmentation\reports\segmentations\organoid_measurements_all_kbO_segmentations\6d-23-4x - 2_labels.tif
6d-23-4x - 2.tif,ConvPaint,11,979.7126912181303,793.9869121813031,17650.0,853.38181771802,0.25901171565055847,74.9544494419371,0.3045564508548241,C:\Users\sophi\napari-organoid-segmentation\reports\segmentations\organoid_measurements_all_kbO_segmentations\6d-23-4x - 2_labels.tif
6d-23-4x - 2.tif,ConvPaint,12,973.4611610793131,1229.6884125686252,17122.0,789.7422074112307,0.2307133823633194,73.82480525703312,0.344979793691058,C:\Users\sophi\napari-organoid-segmentation\reports\segmentations\organoid_measurements_all_kbO_segmentations\6d-23-4x - 2_labels.tif
6d-31-4x - 3.tif,ConvPaint,1,85.78698287220027,1709.3998418972333,18975.0,951.9259735953042,0.209845170378685,77.71698714140575,0.2631390454346749,C:\Users\sophi\napari-organoid-segmentation\reports\segmentations\organoid_measurements_all_kbO_segmentations\6d-31-4x - 3_labels.tif
6d-31-4x - 3.tif,ConvPaint,2,94.91218350585605,1263.2946493657967,20577.0,917.3879143724298,0.21739348769187927,80.93122097190836,0.3072457560108828,C:\Users\sophi\napari-organoid-segmentation\reports\segmentations\organoid_measurements_all_kbO_segmentations\6d-31-4x - 3_labels.tif
6d-31-4x - 3.tif,ConvPaint,3,101.88082719943918,822.5873015873016,19971.0,754.6356056934324,0.2201535552740097,79.73058846500811,0.4406919228465566,C:\Users\sophi\napari-organoid-segmentation\reports\segmentations\organoid_measurements_all_kbO_segmentations\6d-31-4x - 3_labels.tif
6d-31-4x - 3.tif,ConvPaint,4,513.9849638370765,1708.2904453749525,21016.0,1067.9737008100567,0.20382118225097656,81.78997840835113,0.2315468128231364,C:\Users\sophi\napari-organoid-segmentation\reports\segmentations\organoid_measurements_all_kbO_segmentations\6d-31-4x - 3_labels.tif
6d-31-4x - 3.tif,ConvPaint,5,536.1696306429549,418.78636570907435,21930.0,918.6955262170047,0.22262994945049286,83.54960086086905,0.32651662041351837,C:\Users\sophi\napari-organoid-segmentation\reports\segmentations\organoid_measurements_all_kbO_segmentations\6d-31-4x - 3_labels.tif
6d-31-4x - 3.tif,ConvPaint,6,525.3193230331368,1283.1888087009554,19676.0,830.3107499061546,0.21933521330356598,79.13953070717734,0.3586454756217866,C:\Users\sophi\napari-organoid-segmentation\reports\segmentations\organoid_measurements_all_kbO_segmentations\6d-31-4x - 3_labels.tif
6d-31-4x - 3.tif,ConvPaint,7,516.7102282055491,848.7781973403382,18273.0,725.1564209736038,0.22475850582122803,76.26582819478463,0.4366729846800192,C:\Users\sophi\napari-organoid-segmentation\reports\segmentations\organoid_measurements_all_kbO_segmentations\6d-31-4x - 3_labels.tif
6d-31-4x - 3.tif,ConvPaint,8,945.9520145978202,1715.4661932238496,20277.0,940.547293938864,0.20163732767105103,80.33909112100238,0.2880396593869978,C:\Users\sophi\napari-organoid-segmentation\reports\segmentations\organoid_measurements_all_kbO_segmentations\6d-31-4x - 3_labels.tif
6d-31-4x - 3.tif,ConvPaint,9,950.600104522995,1286.4817084758647,21048.0,1134.4478348960022,0.2344195693731308,81.85222345420084,0.20551883900932236,C:\Users\sophi\napari-organoid-segmentation\reports\segmentations\organoid_measurements_all_kbO_segmentations\6d-31-4x - 3_labels.tif
6d-31-4x - 3.tif,ConvPaint,10,951.8834814706883,438.02763611637283,20589.0,724.8721497261419,0.21297325193881989,80.95481608056475,0.4924048132435969,C:\Users\sophi\napari-organoid-segmentation\reports\segmentations\organoid_measurements_all_kbO_segmentations\6d-31-4x - 3_labels.tif
6d-31-4x - 3.tif,ConvPaint,11,968.1023960572537,852.6906097624915,19073.0,843.3818177180199,0.22286264598369598,77.91742076829442,0.3369615947849031,C:\Users\sophi\napari-organoid-segmentation\reports\segmentations\organoid_measurements_all_kbO_segmentations\6d-31-4x - 3_labels.tif
6d-32-4x - 3.tif,ConvPaint,1,90.17178158628936,814.225288959745,20072.0,772.1564209736039,0.2193785011768341,79.93194627607316,0.42304828408863265,C:\Users\sophi\napari-organoid-segmentation\reports\segmentations\organoid_measurements_all_kbO_segmentations\6d-32-4x - 3_labels.tif
6d-32-4x - 3.tif,ConvPaint,2,84.10929458068422,1253.8699666969421,19818.0,872.7665940288701,0.23755984008312225,79.42458891546347,0.32694406524493014,C:\Users\sophi\napari-organoid-segmentation\reports\segmentations\organoid_measurements_all_kbO_segmentations\6d-32-4x - 3_labels.tif
6d-32-4x - 3.tif,ConvPaint,3,131.40196905766527,409.6153023909986,17775.0,686.7300141024109,0.23481735587120056,75.21940060195162,0.47363895626193525,C:\Users\sophi\napari-organoid-segmentation\reports\segmentations\organoid_measurements_all_kbO_segmentations\6d-32-4x - 3_labels.tif
6d-32-4x - 3.tif,ConvPaint,4,509.13995804673397,409.29772184008976,20499.0,760.1503243191939,0.22718411684036255,80.7776847704954,0.445803597928964,C:\Users\sophi\napari-organoid-segmentation\reports\segmentations\organoid_measurements_all_kbO_segmentations\6d-32-4x - 3_labels.tif
6d-32-4x - 3.tif,ConvPaint,5,515.9808755760369,1693.6541474654377,21700.0,1101.3412331782038,0.21185670793056488,83.11031542587394,0.22481526659669906,C:\Users\sophi\napari-organoid-segmentation\reports\segmentations\organoid_measurements_all_kbO_segmentations\6d-32-4x - 3_labels.tif
6d-32-4x - 3.tif,ConvPaint,6,522.9074500178964,1271.1761517615175,19557.0,966.1513703397204,0.2279013842344284,78.89985072290311,0.2632823534407376,C:\Users\sophi\napari-organoid-segmentation\reports\segmentations\organoid_measurements_all_kbO_segmentations\6d-32-4x - 3_labels.tif
6d-32-4x - 3.tif,ConvPaint,7,523.5851573187415,824.1924467461403,20468.0,731.5767311903867,0.2328365445137024,80.71658287124045,0.48057979181712007,C:\Users\sophi\napari-organoid-segmentation\reports\segmentations\organoid_measurements_all_kbO_segmentations\6d-32-4x - 3_labels.tif
6d-32-4x - 3.tif,ConvPaint,8,945.1642960532664,1262.2883334941619,51815.0,1875.3666658163697,0.1758146435022354,128.42595825071004,0.18513689766358787,C:\Users\sophi\napari-organoid-segmentation\reports\segmentations\organoid_measurements_all_kbO_segmentations\6d-32-4x - 3_labels.tif
6d-32-4x - 3.tif,ConvPaint,9,956.4631369200114,23.6890122402505,7026.0,654.8477631085024,0.26202788949012756,47.29106956209929,0.20589097621265318,C:\Users\sophi\napari-organoid-segmentation\reports\segmentations\organoid_measurements_all_kbO_segmentations\6d-32-4x - 3_labels.tif
6d-32-4x - 3.tif,ConvPaint,10,951.383876271709,413.29555030315487,19462.0,821.8843430349616,0.22385786473751068,78.70798564890944,0.36205614077956877,C:\Users\sophi\napari-organoid-segmentation\reports\segmentations\organoid_measurements_all_kbO_segmentations\6d-32-4x - 3_labels.tif
6d-32-4x - 3.tif,ConvPaint,11,957.4122617504441,836.1250660137308,20829.0,888.3940110268397,0.22605229914188385,81.42528243317413,0.3316401017255237,C:\Users\sophi\napari-organoid-segmentation\reports\segmentations\organoid_measurements_all_kbO_segmentations\6d-32-4x - 3_labels.tif
6d-33-4x - 3.tif,ConvPaint,1,92.22915116142427,830.9516236436993,25529.0,852.819371877506,0.2067084163427353,90.14506688879871,0.44109237837169885,C:\Users\sophi\napari-organoid-segmentation\reports\segmentations\organoid_measurements_all_kbO_segmentations\6d-33-4x - 3_labels.tif
6d-33-4x - 3.tif,ConvPaint,2,105.12464545407663,1248.0116033211284,19391.0,1028.7848839920998,0.23599891364574432,78.56428579825496,0.23022947404807775,C:\Users\sophi\napari-organoid-segmentation\reports\segmentations\organoid_measurements_all_kbO_segmentations\6d-33-4x - 3_labels.tif
6d-33-4x - 3.tif,ConvPaint,3,102.55341880341881,1669.7773029439695,21060.0,1185.927019615831,0.2169715017080307,81.87555314641014,0.18817083106254417,C:\Users\sophi\napari-organoid-segmentation\reports\segmentations\organoid_measurements_all_kbO_segmentations\6d-33-4x - 3_labels.tif
6d-33-4x - 3.tif,ConvPaint,4,122.9174335642643,369.0576982731879,19342.0,767.0142853498728,0.22848603129386902,78.46495917648132,0.413146747183301,C:\Users\sophi\napari-organoid-segmentation\reports\segmentations\organoid_measurements_all_kbO_segmentations\6d-33-4x - 3_labels.tif
6d-33-4x - 3.tif,ConvPaint,5,528.2494644916791,383.87883780963364,18207.0,812.9259735953042,0.24463443458080292,76.12797184838354,0.3462153001920052,C:\Users\sophi\napari-organoid-segmentation\reports\segmentations\organoid_measurements_all_kbO_segmentations\6d-33-4x - 3_labels.tif
6d-33-4x - 3.tif,ConvPaint,6,544.4654450546462,1656.1970529063128,18391.0,1185.3889603929563,0.2261984497308731,76.51167961041043,0.16447255983715486,C:\Users\sophi\napari-organoid-segmentation\reports\segmentations\organoid_measurements_all_kbO_segmentations\6d-33-4x - 3_labels.tif
6d-33-4x - 3.tif,ConvPaint,7,534.509318837364,1243.2445085422676,18028.0,864.2752160002217,0.23463480174541473,75.75282587548388,0.3032866504924389,C:\Users\sophi\napari-organoid-segmentation\reports\segmentations\organoid_measurements_all_kbO_segmentations\6d-33-4x - 3_labels.tif
6d-33-4x - 3.tif,ConvPaint,8,949.6729418221735,1668.9488474204172,18220.0,881.6538956566621,0.21001742780208588,76.1551451070029,0.2945519993868368,C:\Users\sophi\napari-organoid-segmentation\reports\segmentations\organoid_measurements_all_kbO_segmentations\6d-33-4x - 3_labels.tif
6d-33-4x - 3.tif,ConvPaint,9,955.0031360946746,381.9281656804734,16900.0,678.5584412271571,0.23389025032520294,73.34464586120832,0.4612347856502176,C:\Users\sophi\napari-organoid-segmentation\reports\segmentations\organoid_measurements_all_kbO_segmentations\6d-33-4x - 3_labels.tif
6d-33-4x - 3.tif,ConvPaint,10,964.8665319705253,793.1487996196814,16828.0,736.7127701597078,0.23785334825515747,73.18824198394732,0.3896242429395421,C:\Users\sophi\napari-organoid-segmentation\reports\segmentations\organoid_measurements_all_kbO_segmentations\6d-33-4x - 3_labels.tif
6d-33-4x - 3.tif,ConvPaint,11,980.8960909204446,1242.8944048957162,16014.0,959.5950211536162,0.23275786638259888,71.39617999127982,0.21854139766777292,C:\Users\sophi\napari-organoid-segmentation\reports\segmentations\organoid_measurements_all_kbO_segmentations\6d-33-4x - 3_labels.tif
6d-41-4x - 4.tif,ConvPaint,1,117.87704918032787,854.4093742784577,17324.0,684.2447327281724,0.23780249059200287,74.25900934060452,0.46498089943328547,C:\Users\sophi\napari-organoid-segmentation\reports\segmentations\organoid_measurements_all_kbO_segmentations\6d-41-4x - 4_labels.tif
6d-41-4x - 4.tif,ConvPaint,2,134.57881731903183,1735.6197001179312,17807.0,822.8549057834388,0.2072877287864685,75.28707819589468,0.3304867842735531,C:\Users\sophi\napari-organoid-segmentation\reports\segmentations\organoid_measurements_all_kbO_segmentations\6d-41-4x - 4_labels.tif
6d-41-4x - 4.tif,ConvPaint,3,133.24798773476428,20.13261786124952,5218.0,383.3025612106915,0.2551649808883667,40.7546437367206,0.4463037093414772,C:\Users\sophi\napari-organoid-segmentation\reports\segmentations\organoid_measurements_all_kbO_segmentations\6d-41-4x - 4_labels.tif
6d-41-4x - 4.tif,ConvPaint,4,151.6630679877007,429.05486846600616,14635.0,635.5290039756343,0.23319172859191895,68.25295000437546,0.4553358445981792,C:\Users\sophi\napari-organoid-segmentation\reports\segmentations\organoid_measurements_all_kbO_segmentations\6d-41-4x - 4_labels.tif
6d-41-4x - 4.tif,ConvPaint,5,553.2211027761047,1714.581394075453,18263.0,862.1330803764909,0.2176486700773239,76.2449568914205,0.30876876748562937,C:\Users\sophi\napari-organoid-segmentation\reports\segmentations\organoid_measurements_all_kbO_segmentations\6d-41-4x - 4_labels.tif
6d-41-4x - 4.tif,ConvPaint,6,570.457034880119,858.7414038783223,16141.0,720.1919548795365,0.2410757690668106,71.67872678063252,0.3910603370440935,C:\Users\sophi\napari-organoid-segmentation\reports\segmentations\organoid_measurements_all_kbO_segmentations\6d-41-4x - 4_labels.tif
6d-41-4x - 4.tif,ConvPaint,7,585.5311560455108,448.46153392678184,16963.0,690.5645378815669,0.24159112572669983,73.48122616924435,0.4469963542846097,C:\Users\sophi\napari-organoid-segmentation\reports\segmentations\organoid_measurements_all_kbO_segmentations\6d-41-4x - 4_labels.tif
6d-41-4x - 4.tif,ConvPaint,8,603.1541862868957,1278.5276214540024,17414.0,1382.3778131046631,0.25900232791900635,74.4516511435746,0.11451302690218869,C:\Users\sophi\napari-organoid-segmentation\reports\segmentations\organoid_measurements_all_kbO_segmentations\6d-41-4x - 4_labels.tif
6d-41-4x - 4.tif,ConvPaint,9,984.2477188438218,415.28822040383824,16987.0,743.8132752230962,0.24209217727184296,73.53319003418832,0.38583240538053415,C:\Users\sophi\napari-organoid-segmentation\reports\segmentations\organoid_measurements_all_kbO_segmentations\6d-41-4x - 4_labels.tif
6d-41-4x - 4.tif,ConvPaint,10,990.3574944071588,1707.5896097439722,20115.0,997.2813126546316,0.21419347822666168,80.01751908542872,0.25415258925615036,C:\Users\sophi\napari-organoid-segmentation\reports\segmentations\organoid_measurements_all_kbO_segmentations\6d-41-4x - 4_labels.tif
6d-41-4x - 4.tif,ConvPaint,11,976.8355562784645,25.304814573845153,6148.0,403.68733752154174,0.2641904950141907,44.23764437962249,0.4740820025991694,C:\Users\sophi\napari-organoid-segmentation\reports\segmentations\organoid_measurements_all_kbO_segmentations\6d-41-4x - 4_labels.tif
6d-42-4x - 4.tif,ConvPaint,1,86.91733430444283,810.7719279991676,19222.0,880.9970414071697,0.24435748159885406,78.2211776453463,0.3112142948682452,C:\Users\sophi\napari-organoid-segmentation\reports\segmentations\organoid_measurements_all_kbO_segmentations\6d-42-4x - 4_labels.tif
6d-42-4x - 4.tif,ConvPaint,2,107.70399292765582,350.6330239182751,20361.0,823.4345955666558,0.2415386587381363,80.50532648581809,0.377355556397568,C:\Users\sophi\napari-organoid-segmentation\reports\segmentations\organoid_measurements_all_kbO_segmentations\6d-42-4x - 4_labels.tif
6d-42-4x - 4.tif,ConvPaint,3,91.56565423259036,1658.3809908765447,8659.0,2461.9627329905124,0.412005215883255,52.499955280604226,0.017952075013812158,C:\Users\sophi\napari-organoid-segmentation\reports\segmentations\organoid_measurements_all_kbO_segmentations\6d-42-4x - 4_labels.tif
6d-42-4x - 4.tif,ConvPaint,4,496.03181642054506,1235.0406423558788,23227.0,1738.592062560786,0.2487267553806305,85.98478776150411,0.09656229939218414,C:\Users\sophi\napari-organoid-segmentation\reports\segmentations\organoid_measurements_all_kbO_segmentations\6d-42-4x - 4_labels.tif
6d-42-4x - 4.tif,ConvPaint,5,548.9894424614147,357.23734352219594,19891.0,867.7188668141177,0.24176546931266785,79.57073548787758,0.33197730925999264,C:\Users\sophi\napari-organoid-segmentation\reports\segmentations\organoid_measurements_all_kbO_segmentations\6d-42-4x - 4_labels.tif
6d-42-4x - 4.tif,ConvPaint,6,556.6159549228944,775.0901542111507,20232.0,802.9198769408944,0.24283061921596527,80.24989481158498,0.3943703552242278,C:\Users\sophi\napari-organoid-segmentation\reports\segmentations\organoid_measurements_all_kbO_segmentations\6d-42-4x - 4_labels.tif
6d-42-4x - 4.tif,ConvPaint,7,959.082698224852,1220.8714556213017,42250.0,1658.1412690719537,0.19496704638004303,115.96806754993013,0.19310500061285413,C:\Users\sophi\napari-organoid-segmentation\reports\segmentations\organoid_measurements_all_kbO_segmentations\6d-42-4x - 4_labels.tif
6d-42-4x - 4.tif,ConvPaint,8,936.9740188354282,1670.6256733482355,27289.0,2261.9240610230004,0.222713902592659,93.20063564198189,0.06702571331011563,C:\Users\sophi\napari-organoid-segmentation\reports\segmentations\organoid_measurements_all_kbO_segmentations\6d-42-4x - 4_labels.tif
6d-42-4x - 4.tif,ConvPaint,9,944.6456198652266,809.0467091295117,21666.0,1000.3290398693841,0.23547911643981934,83.04518043846981,0.2720839033688817,C:\Users\sophi\napari-organoid-segmentation\reports\segmentations\organoid_measurements_all_kbO_segmentations\6d-42-4x - 4_labels.tif
6d-43-4x - 4.tif,ConvPaint,1,115.45984232569599,34.732631189948265,16236.0,821.1025971044414,0.2285441905260086,71.88935465060196,0.30261751112784663,C:\Users\sophi\napari-organoid-segmentation\reports\segmentations\organoid_measurements_all_kbO_segmentations\6d-43-4x - 4_labels.tif
6d-43-4x - 4.tif,ConvPaint,2,90.0286944045911,435.9519151341246,23001.0,958.2102448427661,0.2279365509748459,85.56544683523467,0.3148001729306835,C:\Users\sophi\napari-organoid-segmentation\reports\segmentations\organoid_measurements_all_kbO_segmentations\6d-43-4x - 4_labels.tif
6d-43-4x - 4.tif,ConvPaint,3,81.99709143792037,853.6403381203418,22004.0,1298.7615433949868,0.24176281690597534,83.69044590386724,0.16392781836831838,C:\Users\sophi\napari-organoid-segmentation\reports\segmentations\organoid_measurements_all_kbO_segmentations\6d-43-4x - 4_labels.tif
6d-43-4x - 4.tif,ConvPaint,4,96.00175722543352,1297.5737803468207,21625.0,1968.8580438450183,0.25062769651412964,82.96656729505249,0.0701030916708121,C:\Users\sophi\napari-organoid-segmentation\reports\segmentations\organoid_measurements_all_kbO_segmentations\6d-43-4x - 4_labels.tif
6d-43-4x - 4.tif,ConvPaint,5,122.76612045115982,1717.9207490955523,23495.0,1200.8620484583753,0.2141011357307434,86.47942400298561,0.20473829100707358,C:\Users\sophi\napari-organoid-segmentation\reports\segmentations\organoid_measurements_all_kbO_segmentations\6d-43-4x - 4_labels.tif
6d-43-4x - 4.tif,ConvPaint,6,513.8514964587617,852.7154672149875,21885.0,1535.3483758531402,0.2508977949619293,83.46383563635366,0.11666552699206761,C:\Users\sophi\napari-organoid-segmentation\reports\segmentations\organoid_measurements_all_kbO_segmentations\6d-43-4x - 4_labels.tif
6d-43-4x - 4.tif,ConvPaint,7,526.3525759192781,1307.1547006888522,20614.0,1274.832611206852,0.24103228747844696,81.00395048263178,0.15939173817741747,C:\Users\sophi\napari-organoid-segmentation\reports\segmentations\organoid_measurements_all_kbO_segmentations\6d-43-4x - 4_labels.tif
6d-43-4x - 4.tif,ConvPaint,8,504.87449908925316,21.148451730418945,5490.0,404.7584053334072,0.2551426887512207,41.803364399878284,0.42110505623938976,C:\Users\sophi\napari-organoid-segmentation\reports\segmentations\organoid_measurements_all_kbO_segmentations\6d-43-4x - 4_labels.tif
6d-43-4x - 4.tif,ConvPaint,9,537.2041309519315,1732.3848506589134,26483.0,1976.307791313324,0.22948028147220612,91.8139461944934,0.085205548982047,C:\Users\sophi\napari-organoid-segmentation\reports\segmentations\organoid_measurements_all_kbO_segmentations\6d-43-4x - 4_labels.tif
6d-43-4x - 4.tif,ConvPaint,10,539.433512641205,410.35906401291015,18590.0,753.677236253775,0.24162454903125763,76.92451354514156,0.41126188082401227,C:\Users\sophi\napari-organoid-segmentation\reports\segmentations\organoid_measurements_all_kbO_segmentations\6d-43-4x - 4_labels.tif
6d-43-4x - 4.tif,ConvPaint,11,951.3375765944593,1282.3396478812463,23174.0,1799.4082963767128,0.24453622102737427,85.88663052200363,0.08993969896691592,C:\Users\sophi\napari-organoid-segmentation\reports\segmentations\organoid_measurements_all_kbO_segmentations\6d-43-4x - 4_labels.tif
6d-43-4x - 4.tif,ConvPaint,12,958.9483491021433,856.4520177640471,20716.0,1073.7909806465095,0.2393486052751541,81.20411074682985,0.2257752141243917,C:\Users\sophi\napari-organoid-segmentation\reports\segmentations\organoid_measurements_all_kbO_segmentations\6d-43-4x - 4_labels.tif
6d-43-4x - 4.tif,ConvPaint,13,964.0558963197467,421.67303126236646,20216.0,1017.8143212436225,0.23624928295612335,80.21815666725028,0.24522682666091553,C:\Users\sophi\napari-organoid-segmentation\reports\segmentations\organoid_measurements_all_kbO_segmentations\6d-43-4x - 4_labels.tif
6d-43-4x - 4.tif,ConvPaint,14,987.0356632105828,1736.941410439757,22376.0,857.8549057834387,0.20630140602588654,84.39491698703483,0.3820890915683042,C:\Users\sophi\napari-organoid-segmentation\reports\segmentations\organoid_measurements_all_kbO_segmentations\6d-43-4x - 4_labels.tif
6d-51-4x - 5.tif,ConvPaint,1,94.93929795918368,346.1030857142857,30625.0,1318.010280736516,0.25395604968070984,98.73317712085735,0.22153806887413602,C:\Users\sophi\napari-organoid-segmentation\reports\segmentations\organoid_measurements_all_kbO_segmentations\6d-51-4x - 5_labels.tif
6d-51-4x - 5.tif,ConvPaint,2,104.23980443885084,1261.4166081758115,41317.0,2642.4297244015215,0.2719881534576416,114.68046724466934,0.07435869377175781,C:\Users\sophi\napari-organoid-segmentation\reports\segmentations\organoid_measurements_all_kbO_segmentations\6d-51-4x - 5_labels.tif
6d-51-4x - 5.tif,ConvPaint,3,116.04089565130727,1652.2077339623268,30101.0,1417.0174234114525,0.2458379715681076,97.8848603412105,0.18838243541725982,C:\Users\sophi\napari-organoid-segmentation\reports\segmentations\organoid_measurements_all_kbO_segmentations\6d-51-4x - 5_labels.tif
6d-51-4x - 5.tif,ConvPaint,4,100.02961098682576,794.0745712155108,32184.0,1207.9980874276962,0.2589746415615082,101.21504521037927,0.2771516000577137,C:\Users\sophi\napari-organoid-segmentation\reports\segmentations\organoid_measurements_all_kbO_segmentations\6d-51-4x - 5_labels.tif
6d-51-4x - 5.tif,ConvPaint,5,523.5402887750349,1701.912482533768,42940.0,4702.0451275594205,0.29522716999053955,116.91119070787009,0.02440609617247095,C:\Users\sophi\napari-organoid-segmentation\reports\segmentations\organoid_measurements_all_kbO_segmentations\6d-51-4x - 5_labels.tif
6d-51-4x - 5.tif,ConvPaint,6,518.9980694440559,796.5263702750343,35741.0,2469.9667376038697,0.2889247238636017,106.66167841401551,0.07361975265404706,C:\Users\sophi\napari-organoid-segmentation\reports\segmentations\organoid_measurements_all_kbO_segmentations\6d-51-4x - 5_labels.tif
6d-51-4x - 5.tif,ConvPaint,7,531.4149216689933,1265.2512796649605,38682.0,2688.642927837118,0.28661394119262695,110.96334087148507,0.06724384334229766,C:\Users\sophi\napari-organoid-segmentation\reports\segmentations\organoid_measurements_all_kbO_segmentations\6d-51-4x - 5_labels.tif
6d-51-4x - 5.tif,ConvPaint,8,535.1399371069182,374.92287174303686,35616.0,2115.829652614022,0.2764340341091156,106.47499662513208,0.09997550534392831,C:\Users\sophi\napari-organoid-segmentation\reports\segmentations\organoid_measurements_all_kbO_segmentations\6d-51-4x - 5_labels.tif
6d-51-4x - 5.tif,ConvPaint,9,966.736656308266,1677.4498694841516,40225.0,3155.3302653586597,0.2687793970108032,113.15482831829573,0.0507710646522457,C:\Users\sophi\napari-organoid-segmentation\reports\segmentations\organoid_measurements_all_kbO_segmentations\6d-51-4x - 5_labels.tif
6d-51-4x - 5.tif,ConvPaint,10,957.4946279746963,823.1344261472035,39836.0,2210.9667376038697,0.2707768976688385,112.60636139231872,0.10240500185122306,C:\Users\sophi\napari-organoid-segmentation\reports\segmentations\organoid_measurements_all_kbO_segmentations\6d-51-4x - 5_labels.tif
6d-51-4x - 5.tif,ConvPaint,11,973.4404712584153,373.9398757120663,38620.0,2261.2154749453985,0.2719719409942627,110.87437848492318,0.09491573946302528,C:\Users\sophi\napari-organoid-segmentation\reports\segmentations\organoid_measurements_all_kbO_segmentations\6d-51-4x - 5_labels.tif
6d-51-4x - 5.tif,ConvPaint,12,960.699090958576,1260.5464590931358,36742.0,2672.9393923934,0.2906287610530853,108.14500375960434,0.06462408900275282,C:\Users\sophi\napari-organoid-segmentation\reports\segmentations\organoid_measurements_all_kbO_segmentations\6d-51-4x - 5_labels.tif
6d-51-4x - 5.tif,ConvPaint,13,981.5385416666667,19.813194444444445,5760.0,433.237590053236,0.2983408272266388,42.81897878766651,0.38563823345217746,C:\Users\sophi\napari-organoid-segmentation\reports\segmentations\organoid_measurements_all_kbO_segmentations\6d-51-4x - 5_labels.tif
6d-52-4x - 5.tif,ConvPaint,1,106.02813965607088,808.92131318395,36461.0,1629.6275964667188,0.2770863175392151,107.73066768635194,0.17252883856414414,C:\Users\sophi\napari-organoid-segmentation\reports\segmentations\organoid_measurements_all_kbO_segmentations\6d-52-4x - 5_labels.tif
6d-52-4x - 5.tif,ConvPaint,2,100.7625667850849,1271.1776273462194,35749.0,2152.374854511833,0.2671416401863098,106.67361492508039,0.09697012211572917,C:\Users\sophi\napari-organoid-segmentation\reports\segmentations\organoid_measurements_all_kbO_segmentations\6d-52-4x - 5_labels.tif
6d-52-4x - 5.tif,ConvPaint,3,93.26154778131152,1655.3823009743046,39618.0,2089.9179643685907,0.2418743222951889,112.29782309034053,0.11398401052373612,C:\Users\sophi\napari-organoid-segmentation\reports\segmentations\organoid_measurements_all_kbO_segmentations\6d-52-4x - 5_labels.tif
6d-52-4x - 5.tif,ConvPaint,4,113.81720151828847,368.58977455716587,34776.0,1823.5037508062176,0.28674012422561646,105.21190332812873,0.13142445032495664,C:\Users\sophi\napari-organoid-segmentation\reports\segmentations\organoid_measurements_all_kbO_segmentations\6d-52-4x - 5_labels.tif
6d-52-4x - 5.tif,ConvPaint,5,529.0112305914275,1668.8948796542886,39802.0,1797.568721963673,0.2563026249408722,112.55829640629445,0.1547903043121477,C:\Users\sophi\napari-organoid-segmentation\reports\segmentations\organoid_measurements_all_kbO_segmentations\6d-52-4x - 5_labels.tif
6d-52-4x - 5.tif,ConvPaint,6,534.0082505512222,797.886009625643,42179.0,1799.834703247905,0.259614497423172,115.8705859540984,0.16362169992607076,C:\Users\sophi\napari-organoid-segmentation\reports\segmentations\organoid_measurements_all_kbO_segmentations\6d-52-4x - 5_labels.tif
6d-52-4x - 5.tif,ConvPaint,7,525.0269117370303,1243.4805846559186,31882.0,1379.6204537917822,0.2705887258052826,100.73904799684983,0.21049228012685456,C:\Users\sophi\napari-organoid-segmentation\reports\segmentations\organoid_measurements_all_kbO_segmentations\6d-52-4x - 5_labels.tif
6d-52-4x - 5.tif,ConvPaint,8,543.8954677247062,367.88849890635333,39318.0,2526.423627747112,0.29883596301078796,111.8718378546374,0.07740855023348306,C:\Users\sophi\napari-organoid-segmentation\reports\segmentations\organoid_measurements_all_kbO_segmentations\6d-52-4x - 5_labels.tif
6d-52-4x - 5.tif,ConvPaint,9,561.7414695793465,18.939880844917855,5539.0,757.7655480083437,0.36438658833503723,41.98950415963514,0.12121922888604598,C:\Users\sophi\napari-organoid-segmentation\reports\segmentations\organoid_measurements_all_kbO_segmentations\6d-52-4x - 5_labels.tif
6d-52-4x - 5.tif,ConvPaint,10,949.5915175854935,1689.5375745405865,32868.0,1888.1788950189393,0.2582199275493622,102.28494189805669,0.11585022037652223,C:\Users\sophi\napari-organoid-segmentation\reports\segmentations\organoid_measurements_all_kbO_segmentations\6d-52-4x - 5_labels.tif
6d-52-4x - 5.tif,ConvPaint,11,965.197672368189,1259.2579791923822,28355.0,1892.3260812765539,0.2735426723957062,95.0035621581706,0.09950560976078014,C:\Users\sophi\napari-organoid-segmentation\reports\segmentations\organoid_measurements_all_kbO_segmentations\6d-52-4x - 5_labels.tif
6d-52-4x - 5.tif,ConvPaint,12,962.1204109678686,825.3208559649238,30562.0,1468.36056916196,0.28861305117607117,98.6315707141938,0.17812554585127133,C:\Users\sophi\napari-organoid-segmentation\reports\segmentations\organoid_measurements_all_kbO_segmentations\6d-52-4x - 5_labels.tif
6d-52-4x - 5.tif,ConvPaint,13,953.3233431962076,374.7810441920397,31431.0,1806.4854608429878,0.2768629193305969,100.0239872862641,0.12103169668354116,C:\Users\sophi\napari-organoid-segmentation\reports\segmentations\organoid_measurements_all_kbO_segmentations\6d-52-4x - 5_labels.tif
6d-53-4x - 5.tif,ConvPaint,1,99.04956393783871,830.8650899041739,27863.0,1515.0113267570423,0.26688653230667114,94.17573126203459,0.1525478107619903,C:\Users\sophi\napari-organoid-segmentation\reports\segmentations\organoid_measurements_all_kbO_segmentations\6d-53-4x - 5_labels.tif
6d-53-4x - 5.tif,ConvPaint,2,97.59746188258924,1696.8267750083692,32859.0,2263.671319068115,0.2546366751194,102.27093697680283,0.08058189379669126,C:\Users\sophi\napari-organoid-segmentation\reports\segmentations\organoid_measurements_all_kbO_segmentations\6d-53-4x - 5_labels.tif
6d-53-4x - 5.tif,ConvPaint,3,102.94091939670753,1257.2779548516412,30433.0,1473.5737725975564,0.26138320565223694,98.42319221723761,0.1761208868891856,C:\Users\sophi\napari-organoid-segmentation\reports\segmentations\organoid_measurements_all_kbO_segmentations\6d-53-4x - 5_labels.tif
6d-53-4x - 5.tif,ConvPaint,4,134.7847783219897,349.0368615228039,31442.0,1255.0519112968586,0.2642613649368286,100.04148860043391,0.2508399170825662,C:\Users\sophi\napari-organoid-segmentation\reports\segmentations\organoid_measurements_all_kbO_segmentations\6d-53-4x - 5_labels.tif
6d-53-4x - 5.tif,ConvPaint,5,136.02538299789725,20.71237608891559,6658.0,749.9726547895301,0.32904601097106934,46.03593403214144,0.14875199452634613,C:\Users\sophi\napari-organoid-segmentation\reports\segmentations\organoid_measurements_all_kbO_segmentations\6d-53-4x - 5_labels.tif
6d-53-4x - 5.tif,ConvPaint,6,516.7938443499927,1691.5167814744248,34115.0,2374.043902070145,0.2562572658061981,104.20720592722952,0.07606375266222992,C:\Users\sophi\napari-organoid-segmentation\reports\segmentations\organoid_measurements_all_kbO_segmentations\6d-53-4x - 5_labels.tif
6d-53-4x - 5.tif,ConvPaint,7,514.6824348160739,821.3629453834066,31181.0,1614.6275964667188,0.27338656783103943,99.6254011841196,0.15029867824411594,C:\Users\sophi\napari-organoid-segmentation\reports\segmentations\organoid_measurements_all_kbO_segmentations\6d-53-4x - 5_labels.tif
6d-53-4x - 5.tif,ConvPaint,8,531.547493443463,1245.0515479456185,33173.0,1558.4732675341681,0.274149626493454,102.75842473673333,0.17163106535933062,C:\Users\sophi\napari-organoid-segmentation\reports\segmentations\organoid_measurements_all_kbO_segmentations\6d-53-4x - 5_labels.tif
6d-53-4x - 5.tif,ConvPaint,9,549.3638769110153,392.32274924866067,30612.0,1851.2072862499358,0.28713077306747437,98.71221928342105,0.11225132259057635,C:\Users\sophi\napari-organoid-segmentation\reports\segmentations\organoid_measurements_all_kbO_segmentations\6d-53-4x - 5_labels.tif
6d-53-4x - 5.tif,ConvPaint,10,575.8370900046634,25.083475827763095,6433.0,706.3158005400378,0.33448487520217896,45.25138117030601,0.16204124527797945,C:\Users\sophi\napari-organoid-segmentation\reports\segmentations\organoid_measurements_all_kbO_segmentations\6d-53-4x - 5_labels.tif
6d-53-4x - 5.tif,ConvPaint,11,962.6282773086052,852.6429044543798,36234.0,2685.613490585595,0.2980376183986664,107.39478765742531,0.06313048478932529,C:\Users\sophi\napari-organoid-segmentation\reports\segmentations\organoid_measurements_all_kbO_segmentations\6d-53-4x - 5_labels.tif
6d-53-4x - 5.tif,ConvPaint,12,967.4268921188257,1279.305402744803,34538.0,1984.475359575221,0.2797670066356659,104.85126059812426,0.11020863604728892,C:\Users\sophi\napari-organoid-segmentation\reports\segmentations\organoid_measurements_all_kbO_segmentations\6d-53-4x - 5_labels.tif
6d-53-4x - 5.tif,ConvPaint,13,967.7591801584567,1710.0531174646917,29030.0,1717.3077913133243,0.23929376900196075,96.12770670267466,0.12369741367057867,C:\Users\sophi\napari-organoid-segmentation\reports\segmentations\organoid_measurements_all_kbO_segmentations\6d-53-4x - 5_labels.tif
6d-53-4x - 5.tif,ConvPaint,14,986.6127088639046,408.91362817566306,32198.0,1898.5920625607862,0.2716941237449646,101.23705702629691,0.1122471798230499,C:\Users\sophi\napari-organoid-segmentation\reports\segmentations\organoid_measurements_all_kbO_segmentations\6d-53-4x - 5_labels.tif
6d-53-4x - 5.tif,ConvPaint,15,1001.7297462176672,26.604197169350904,8196.0,788.4640328181786,0.30084070563316345,51.07707731617333,0.1656715897788024,C:\Users\sophi\napari-organoid-segmentation\reports\segmentations\organoid_measurements_all_kbO_segmentations\6d-53-4x - 5_labels.tif
6d-C1-4x - CTL.tif,ConvPaint,1,93.48408666579827,779.6630194086232,23031.0,1703.082394568908,0.2787182927131653,85.62122977801057,0.09978180144468181,C:\Users\sophi\napari-organoid-segmentation\reports\segmentations\organoid_measurements_all_kbO_segmentations\6d-C1-4x - CTL_labels.tif
6d-C1-4x - CTL.tif,ConvPaint,2,102.03401214104275,1206.487665217204,23227.0,1629.1534623807734,0.2582373321056366,85.98478776150411,0.10997120718953382,C:\Users\sophi\napari-organoid-segmentation\reports\segmentations\organoid_measurements_all_kbO_segmentations\6d-C1-4x - CTL_labels.tif
6d-C1-4x - CTL.tif,ConvPaint,3,114.39196820748798,1646.8123405145368,23905.0,2401.3271272970806,0.26337963342666626,87.23071608798999,0.05209498987919264,C:\Users\sophi\napari-organoid-segmentation\reports\segmentations\organoid_measurements_all_kbO_segmentations\6d-C1-4x - CTL_labels.tif
6d-C1-4x - CTL.tif,ConvPaint,4,148.81449929478137,357.1784485190409,17725.0,734.6711395993652,0.26173269748687744,75.11353228685022,0.4126768897166272,C:\Users\sophi\napari-organoid-segmentation\reports\segmentations\organoid_measurements_all_kbO_segmentations\6d-C1-4x - CTL_labels.tif
6d-C1-4x - CTL.tif,ConvPaint,5,524.1839932603201,1641.0056444818872,23740.0,2721.3231226837233,0.2790087163448334,86.92914757435041,0.04028379293964842,C:\Users\sophi\napari-organoid-segmentation\reports\segmentations\organoid_measurements_all_kbO_segmentations\6d-C1-4x - CTL_labels.tif
6d-C1-4x - CTL.tif,ConvPaint,6,538.0832674224448,1198.8925213111872,22758.0,1501.5615792887365,0.2687687575817108,85.11225757651309,0.12684041734725623,C:\Users\sophi\napari-organoid-segmentation\reports\segmentations\organoid_measurements_all_kbO_segmentations\6d-C1-4x - CTL_labels.tif
6d-C1-4x - CTL.tif,ConvPaint,7,550.9755964998097,800.7627588455895,18399.0,729.8132752230962,0.25887876749038696,76.52831891460549,0.43409078407872115,C:\Users\sophi\napari-organoid-segmentation\reports\segmentations\organoid_measurements_all_kbO_segmentations\6d-C1-4x - CTL_labels.tif
6d-C1-4x - CTL.tif,ConvPaint,8,575.0304974116588,349.353027233851,17772.0,729.6356056934325,0.25879350304603577,75.21305270535379,0.4195020914790762,C:\Users\sophi\napari-organoid-segmentation\reports\segmentations\organoid_measurements_all_kbO_segmentations\6d-C1-4x - CTL_labels.tif
6d-C1-4x - CTL.tif,ConvPaint,9,982.0865251954536,1628.613987254451,30442.0,2908.411434438292,0.25000765919685364,98.43774456582676,0.04522424849923214,C:\Users\sophi\napari-organoid-segmentation\reports\segmentations\organoid_measurements_all_kbO_segmentations\6d-C1-4x - CTL_labels.tif
6d-C1-4x - CTL.tif,ConvPaint,10,996.4831026252983,338.4926014319809,20950.0,1563.141269071954,0.2708798944950104,81.66144815976762,0.10774507626902005,C:\Users\sophi\napari-organoid-segmentation\reports\segmentations\organoid_measurements_all_kbO_segmentations\6d-C1-4x - CTL_labels.tif
6d-C1-4x - CTL.tif,ConvPaint,11,1006.3248386947037,1221.391031889709,21543.0,895.961507501237,0.22442322969436646,82.80911711917597,0.3372386498041328,C:\Users\sophi\napari-organoid-segmentation\reports\segmentations\organoid_measurements_all_kbO_segmentations\6d-C1-4x - CTL_labels.tif
6d-C2-4x - CTL.tif,ConvPaint,1,97.19101064390347,194.10311940141216,18978.0,637.9015869776647,0.25227293372154236,77.72313053394066,0.5860746557563066,C:\Users\sophi\napari-organoid-segmentation\reports\segmentations\organoid_measurements_all_kbO_segmentations\6d-C2-4x - CTL_labels.tif
6d-C2-4x - CTL.tif,ConvPaint,2,111.1205842984345,1031.2918000349182,17183.0,757.9554108468271,0.25823265314102173,73.95619496902255,0.3758560444424087,C:\Users\sophi\napari-organoid-segmentation\reports\segmentations\organoid_measurements_all_kbO_segmentations\6d-C2-4x - CTL_labels.tif
6d-C2-4x - CTL.tif,ConvPaint,3,112.11588853072683,1432.133149630862,19234.0,867.517856687341,0.25249814987182617,78.24558997706535,0.3211608730854983,C:\Users\sophi\napari-organoid-segmentation\reports\segmentations\organoid_measurements_all_kbO_segmentations\6d-C2-4x - CTL_labels.tif
6d-C2-4x - CTL.tif,ConvPaint,4,125.4216570500252,576.0554590779228,17851.0,702.4934700697015,0.25260233879089355,75.38003567435378,0.4545564563152346,C:\Users\sophi\napari-organoid-segmentation\reports\segmentations\organoid_measurements_all_kbO_segmentations\6d-C2-4x - CTL_labels.tif
6d-C2-4x - CTL.tif,ConvPaint,5,547.1992297678455,1860.2315035799522,18436.0,688.5401512639274,0.21380101144313812,76.60522868371561,0.48867263774522707,C:\Users\sophi\napari-organoid-segmentation\reports\segmentations\organoid_measurements_all_kbO_segmentations\6d-C2-4x - CTL_labels.tif
6d-C2-4x - CTL.tif,ConvPaint,6,542.0561880099673,1038.3816387355255,20467.0,794.3340905032674,0.25573238730430603,80.71461107212029,0.4076220327177922,C:\Users\sophi\napari-organoid-segmentation\reports\segmentations\organoid_measurements_all_kbO_segmentations\6d-C2-4x - CTL_labels.tif
6d-C2-4x - CTL.tif,ConvPaint,7,542.5951729686243,589.5479216948244,18645.0,746.6061684419096,0.2635174095630646,77.03822316160192,0.4203287577302951,C:\Users\sophi\napari-organoid-segmentation\reports\segmentations\organoid_measurements_all_kbO_segmentations\6d-C2-4x - CTL_labels.tif
6d-C2-4x - CTL.tif,ConvPaint,8,557.2568761292913,1445.9337984340493,19924.0,734.564537881567,0.2399292141199112,79.63671372128465,0.4640090813025531,C:\Users\sophi\napari-organoid-segmentation\reports\segmentations\organoid_measurements_all_kbO_segmentations\6d-C2-4x - CTL_labels.tif
6d-C2-4x - CTL.tif,ConvPaint,9,559.1293953533118,157.2912598008562,20789.0,833.2041481883562,0.25433626770973206,81.34706032718591,0.3763055436943498,C:\Users\sophi\napari-organoid-segmentation\reports\segmentations\organoid_measurements_all_kbO_segmentations\6d-C2-4x - CTL_labels.tif
6d-C2-4x - CTL.tif,ConvPaint,10,975.4500262893744,170.29984226375413,20921.0,921.7371567773473,0.2579824924468994,81.6049087301192,0.3094411835722239,C:\Users\sophi\napari-organoid-segmentation\reports\segmentations\organoid_measurements_all_kbO_segmentations\6d-C2-4x - CTL_labels.tif
6d-C2-4x - CTL.tif,ConvPaint,11,993.4610835645726,594.0847018150389,21983.0,944.7787873376899,0.26449406147003174,83.65050046460135,0.3094828278539216,C:\Users\sophi\napari-organoid-segmentation\reports\segmentations\organoid_measurements_all_kbO_segmentations\6d-C2-4x - CTL_labels.tif
6d-C2-4x - CTL.tif,ConvPaint,12,977.054401097824,1466.953048421878,20404.0,947.074205873445,0.24027450382709503,80.59029046786011,0.28586248313115026,C:\Users\sophi\napari-organoid-segmentation\reports\segmentations\organoid_measurements_all_kbO_segmentations\6d-C2-4x - CTL_labels.tif
6d-C2-4x - CTL.tif,ConvPaint,13,984.207453888572,1037.3533941814032,21036.0,1153.8092706097393,0.26962316036224365,81.82888711061773,0.19856604146331328,C:\Users\sophi\napari-organoid-segmentation\reports\segmentations\organoid_measurements_all_kbO_segmentations\6d-C2-4x - CTL_labels.tif
6d-C3-4x - CTL.tif,ConvPaint,1,99.4644038086132,1630.7224811760489,25101.0,937.5533905932737,0.22337132692337036,89.38622071158021,0.3588466284983598,C:\Users\sophi\napari-organoid-segmentation\reports\segmentations\organoid_measurements_all_kbO_segmentations\6d-C3-4x - CTL_labels.tif
6d-C3-4x - CTL.tif,ConvPaint,2,100.14079743681025,773.434362762549,22472.0,834.0620125646253,0.2545304596424103,84.57576344510373,0.4059335126966312,C:\Users\sophi\napari-organoid-segmentation\reports\segmentations\organoid_measurements_all_kbO_segmentations\6d-C3-4x - CTL_labels.tif
6d-C3-4x - CTL.tif,ConvPaint,3,107.57552131389555,328.20363535707696,21676.0,875.653895656662,0.25596562027931213,83.06434308967866,0.35524178049620386,C:\Users\sophi\napari-organoid-segmentation\reports\segmentations\organoid_measurements_all_kbO_segmentations\6d-C3-4x - CTL_labels.tif
6d-C3-4x - CTL.tif,ConvPaint,4,114.7396672731999,1210.6129451520665,23082.0,765.120887067671,0.24211041629314423,85.71597746566422,0.49547664112262,C:\Users\sophi\napari-organoid-segmentation\reports\segmentations\organoid_measurements_all_kbO_segmentations\6d-C3-4x - CTL_labels.tif
6d-C3-4x - CTL.tif,ConvPaint,5,550.6287364429944,779.6958381095142,22682.0,987.3940110268397,0.26403698325157166,84.9700231753572,0.29235480273210185,C:\Users\sophi\napari-organoid-segmentation\reports\segmentations\organoid_measurements_all_kbO_segmentations\6d-C3-4x - CTL_labels.tif
6d-C3-4x - CTL.tif,ConvPaint,6,561.3003494492856,1208.8822488609724,22607.0,809.3757210636101,0.24874909222126007,84.82942648018408,0.4336630830201788,C:\Users\sophi\napari-organoid-segmentation\reports\segmentations\organoid_measurements_all_kbO_segmentations\6d-C3-4x - CTL_labels.tif
6d-C3-4x - CTL.tif,ConvPaint,7,558.6544842842658,338.94395796847635,21698.0,739.1147904132611,0.2557949721813202,83.10648536916894,0.4991209311510692,C:\Users\sophi\napari-organoid-segmentation\reports\segmentations\organoid_measurements_all_kbO_segmentations\6d-C3-4x - CTL_labels.tif
6d-C3-4x - CTL.tif,ConvPaint,8,569.818707912458,1620.736531986532,28512.0,1438.868145112785,0.24076317250728607,95.2662137112221,0.17305954220778186,C:\Users\sophi\napari-organoid-segmentation\reports\segmentations\organoid_measurements_all_kbO_segmentations\6d-C3-4x - CTL_labels.tif
6d-C3-4x - CTL.tif,ConvPaint,9,969.2024070021882,1613.8249908825674,21936.0,884.1330803764907,0.2379855513572693,83.56102957316665,0.352640363850665,C:\Users\sophi\napari-organoid-segmentation\reports\segmentations\organoid_measurements_all_kbO_segmentations\6d-C3-4x - CTL_labels.tif
6d-C3-4x - CTL.tif,ConvPaint,10,988.9707424786089,340.7552856748551,18115.0,848.8965363437815,0.2576647400856018,75.9353908807966,0.3158920376327171,C:\Users\sophi\napari-organoid-segmentation\reports\segmentations\organoid_measurements_all_kbO_segmentations\6d-C3-4x - CTL_labels.tif
6d-C3-4x - CTL.tif,ConvPaint,11,990.1644771691916,1197.7999788113148,18878.0,894.1391770309006,0.256015419960022,77.51808841410887,0.29672599692918905,C:\Users\sophi\napari-organoid-segmentation\reports\segmentations\organoid_measurements_all_kbO_segmentations\6d-C3-4x - CTL_labels.tif
6d-C3-4x - CTL.tif,ConvPaint,12,1001.1734704868591,786.5511632916846,18568.0,840.5533905932738,0.25943201780319214,76.87898260682582,0.3302511836189811,C:\Users\sophi\napari-organoid-segmentation\reports\segmentations\organoid_measurements_all_kbO_segmentations\6d-C3-4x - CTL_labels.tif
7d-Snap-1351-4x - 2.tif,ConvPaint,1,24.1855035279025,139.75971776779988,7795.0,554.2853172679884,0.21630054712295532,49.81190181876866,0.3188300406455699,C:\Users\sophi\napari-organoid-segmentation\reports\segmentations\organoid_measurements_all_kbO_segmentations\7d-Snap-1351-4x - 2_labels.tif
7d-Snap-1351-4x - 2.tif,ConvPaint,2,22.634035522511358,528.5576208178438,7263.0,534.072113832392,0.21450382471084595,48.08206217866359,0.319982409065583,C:\Users\sophi\napari-organoid-segmentation\reports\segmentations\organoid_measurements_all_kbO_segmentations\7d-Snap-1351-4x - 2_labels.tif
7d-Snap-1351-4x - 2.tif,ConvPaint,3,31.728295694303352,933.904587012581,12797.0,646.6639969244288,0.19188964366912842,63.823284258129256,0.38455695428785885,C:\Users\sophi\napari-organoid-segmentation\reports\segmentations\organoid_measurements_all_kbO_segmentations\7d-Snap-1351-4x - 2_labels.tif
7d-Snap-1351-4x - 2.tif,ConvPaint,4,25.960054559625878,1366.5089633671084,10264.0,635.1787155501902,0.1942647397518158,57.15883721517109,0.3196941092517484,C:\Users\sophi\napari-organoid-segmentation\reports\segmentations\organoid_measurements_all_kbO_segmentations\7d-Snap-1351-4x - 2_labels.tif
7d-Snap-1351-4x - 2.tif,ConvPaint,5,42.38354430379747,1798.9881856540085,18960.0,973.3097038856281,0.1620449721813202,77.6862628914834,0.2515046913439896,C:\Users\sophi\napari-organoid-segmentation\reports\segmentations\organoid_measurements_all_kbO_segmentations\7d-Snap-1351-4x - 2_labels.tif
7d-Snap-1351-4x - 2.tif,ConvPaint,6,387.8433182578527,1358.1375172955002,48423.0,1950.8286065934956,0.1672247052192688,124.15119660590346,0.1598907447813237,C:\Users\sophi\napari-organoid-segmentation\reports\segmentations\organoid_measurements_all_kbO_segmentations\7d-Snap-1351-4x - 2_labels.tif
7d-Snap-1351-4x - 2.tif,ConvPaint,7,410.5902014920989,936.012806203372,51069.0,1609.2356774809323,0.1559772938489914,127.49810813310135,0.24781518408656553,C:\Users\sophi\napari-organoid-segmentation\reports\segmentations\organoid_measurements_all_kbO_segmentations\7d-Snap-1351-4x - 2_labels.tif
7d-Snap-1351-4x - 2.tif,ConvPaint,8,387.7352526107818,536.2468118954148,38973.0,1226.8559518039654,0.18026559054851532,111.3799407175317,0.3253767772186564,C:\Users\sophi\napari-organoid-segmentation\reports\segmentations\organoid_measurements_all_kbO_segmentations\7d-Snap-1351-4x - 2_labels.tif
7d-Snap-1351-4x - 2.tif,ConvPaint,9,398.54342717990346,1785.4095569701371,46814.0,1202.4417382415922,0.14719277620315552,122.07112275967637,0.4068717429378217,C:\Users\sophi\napari-organoid-segmentation\reports\segmentations\organoid_measurements_all_kbO_segmentations\7d-Snap-1351-4x - 2_labels.tif
7d-Snap-1351-4x - 2.tif,ConvPaint,10,404.58530190748814,141.82385831616682,37379.0,1102.3706704297267,0.18976253271102905,109.07843616253358,0.3865291419953309,C:\Users\sophi\napari-organoid-segmentation\reports\segmentations\organoid_measurements_all_kbO_segmentations\7d-Snap-1351-4x - 2_labels.tif
7d-Snap-1351-4x - 2.tif,ConvPaint,11,822.1018236369603,1354.5176972481365,42662.0,1388.2529214236351,0.16608913242816925,116.53212588969996,0.2781723011966134,C:\Users\sophi\napari-organoid-segmentation\reports\segmentations\organoid_measurements_all_kbO_segmentations\7d-Snap-1351-4x - 2_labels.tif
7d-Snap-1351-4x - 2.tif,ConvPaint,12,832.5034113767861,1793.5787519960184,48221.0,1401.9392129246505,0.15384934842586517,123.89197319305464,0.30831006996817684,C:\Users\sophi\napari-organoid-segmentation\reports\segmentations\organoid_measurements_all_kbO_segmentations\7d-Snap-1351-4x - 2_labels.tif
7d-Snap-1351-4x - 2.tif,ConvPaint,13,835.3016051289251,938.3455238897468,42738.0,1638.8519471906084,0.17266876995563507,116.63587748082854,0.1999606849944625,C:\Users\sophi\napari-organoid-segmentation\reports\segmentations\organoid_measurements_all_kbO_segmentations\7d-Snap-1351-4x - 2_labels.tif
7d-Snap-1351-4x - 2.tif,ConvPaint,14,826.577085502719,139.3632708550272,34572.0,1029.1747109368334,0.17999017238616943,104.90285689696927,0.41016269323570803,C:\Users\sophi\napari-organoid-segmentation\reports\segmentations\organoid_measurements_all_kbO_segmentations\7d-Snap-1351-4x - 2_labels.tif
7d-Snap-1351-4x - 2.tif,ConvPaint,15,838.9620736202689,520.617049997404,38522.0,1368.95750288788,0.1827635020017624,110.7336147498671,0.25830853612373433,C:\Users\sophi\napari-organoid-segmentation\reports\segmentations\organoid_measurements_all_kbO_segmentations\7d-Snap-1351-4x - 2_labels.tif
7d-Snap-1351-4x - 2.tif,ConvPaint,16,1011.5591765847678,1823.4002145374675,19577.0,3188.905771059771,0.3096226453781128,78.94018394848133,0.024192047798958335,C:\Users\sophi\napari-organoid-segmentation\reports\segmentations\organoid_measurements_all_kbO_segmentations\7d-Snap-1351-4x - 2_labels.tif
7d-Snap-1352-4x - 2.tif,ConvPaint,1,287.0142154583935,121.07230065327494,40871.0,1663.7148622007608,0.18014712631702423,114.05982359366382,0.1855527244198216,C:\Users\sophi\napari-organoid-segmentation\reports\segmentations\organoid_measurements_all_kbO_segmentations\7d-Snap-1352-4x - 2_labels.tif
7d-Snap-1352-4x - 2.tif,ConvPaint,2,284.91520092903977,1389.0483632932524,41333.0,1552.0224740453355,0.17145347595214844,114.70267008938642,0.21563079324471573,C:\Users\sophi\napari-organoid-segmentation\reports\segmentations\organoid_measurements_all_kbO_segmentations\7d-Snap-1352-4x - 2_labels.tif
7d-Snap-1352-4x - 2.tif,ConvPaint,3,295.6669489506973,521.2969275147537,37787.0,1251.885389055488,0.17281770706176758,109.67212804184524,0.3029864008136631,C:\Users\sophi\napari-organoid-segmentation\reports\segmentations\organoid_measurements_all_kbO_segmentations\7d-Snap-1352-4x - 2_labels.tif
7d-Snap-1352-4x - 2.tif,ConvPaint,4,289.1777061004724,953.7860517092497,39374.0,1945.9646455628163,0.18568749725818634,111.95147814388416,0.1306620625957793,C:\Users\sophi\napari-organoid-segmentation\reports\segmentations\organoid_measurements_all_kbO_segmentations\7d-Snap-1352-4x - 2_labels.tif
7d-Snap-1352-4x - 2.tif,ConvPaint,5,289.6688541666667,1802.7725260416667,38400.0,1073.4173516239525,0.15542779862880707,110.55812783082736,0.4187972929258619,C:\Users\sophi\napari-organoid-segmentation\reports\segmentations\organoid_measurements_all_kbO_segmentations\7d-Snap-1352-4x - 2_labels.tif
7d-Snap-1352-4x - 2.tif,ConvPaint,6,405.31739855475263,1779.1917732073375,5397.0,863.1147904132612,0.3342670500278473,41.4477798649568,0.09103851490080454,C:\Users\sophi\napari-organoid-segmentation\reports\segmentations\organoid_measurements_all_kbO_segmentations\7d-Snap-1352-4x - 2_labels.tif
7d-Snap-1352-4x - 2.tif,ConvPaint,7,695.3546226438584,122.92266128831453,40161.0,1535.5554826343268,0.1763768494129181,113.06477497004634,0.21403428991029413,C:\Users\sophi\napari-organoid-segmentation\reports\segmentations\organoid_measurements_all_kbO_segmentations\7d-Snap-1352-4x - 2_labels.tif
7d-Snap-1352-4x - 2.tif,ConvPaint,8,705.1600104535412,529.7860112613148,42091.0,2295.4032457428293,0.18603409826755524,115.7496497591329,0.10038784352655669,C:\Users\sophi\napari-organoid-segmentation\reports\segmentations\organoid_measurements_all_kbO_segmentations\7d-Snap-1352-4x - 2_labels.tif
7d-Snap-1352-4x - 2.tif,ConvPaint,9,724.6414205807354,1400.3720901538209,48628.0,3834.14249456123,0.2025265097618103,124.4137176735161,0.04156806165569321,C:\Users\sophi\napari-organoid-segmentation\reports\segmentations\organoid_measurements_all_kbO_segmentations\7d-Snap-1352-4x - 2_labels.tif
7d-Snap-1352-4x - 2.tif,ConvPaint,10,714.5100566393959,959.4938451856514,39725.0,1654.2773080412749,0.18700715899467468,112.44936739995954,0.18241357080734463,C:\Users\sophi\napari-organoid-segmentation\reports\segmentations\organoid_measurements_all_kbO_segmentations\7d-Snap-1352-4x - 2_labels.tif
7d-Snap-1352-4x - 2.tif,ConvPaint,11,716.2263938215232,1808.9887535937764,35478.0,1036.6122650963193,0.15766458213329315,106.26851905446188,0.4148931908013924,C:\Users\sophi\napari-organoid-segmentation\reports\segmentations\organoid_measurements_all_kbO_segmentations\7d-Snap-1352-4x - 2_labels.tif
7d-Snap-1352-4x - 2.tif,ConvPaint,12,831.091460153325,1771.485113210911,5609.0,905.3513344459707,0.32050731778144836,42.25399568803975,0.0859925864972001,C:\Users\sophi\napari-organoid-segmentation\reports\segmentations\organoid_measurements_all_kbO_segmentations\7d-Snap-1352-4x - 2_labels.tif
7d-Snap-1352-4x - 2.tif,ConvPaint,13,1042.375278727516,1794.0721718448044,13454.0,2660.8559518039656,0.18382112681865692,65.44112780749366,0.02387913324815643,C:\Users\sophi\napari-organoid-segmentation\reports\segmentations\organoid_measurements_all_kbO_segmentations\7d-Snap-1352-4x - 2_labels.tif
7d-Snap-1352-4x - 2.tif,ConvPaint,14,1046.908256141764,547.8789367700363,12415.0,723.912734265958,0.17777231335639954,62.86348094857428,0.29770364720264686,C:\Users\sophi\napari-organoid-segmentation\reports\segmentations\organoid_measurements_all_kbO_segmentations\7d-Snap-1352-4x - 2_labels.tif
7d-Snap-1352-4x - 2.tif,ConvPaint,15,1046.9403204582397,949.3644244910597,12919.0,713.4629867976521,0.1793874055147171,64.12679174579368,0.31893036290850546,C:\Users\sophi\napari-organoid-segmentation\reports\segmentations\organoid_measurements_all_kbO_segmentations\7d-Snap-1352-4x - 2_labels.tif
7d-Snap-1352-4x - 2.tif,ConvPaint,16,1059.7687463386058,1394.188927943761,6828.0,496.2731239591687,0.20845194160938263,46.61995176813166,0.3483869381220161,C:\Users\sophi\napari-organoid-segmentation\reports\segmentations\organoid_measurements_all_kbO_segmentations\7d-Snap-1352-4x - 2_labels.tif
7d-Snap-1353-4x - 2.tif,ConvPaint,1,88.77203765406139,161.47300488467636,30913.0,915.9137802864846,0.18587790429592133,99.19633819652579,0.4630648664043831,C:\Users\sophi\napari-organoid-segmentation\reports\segmentations\organoid_measurements_all_kbO_segmentations\7d-Snap-1353-4x - 2_labels.tif
7d-Snap-1353-4x - 2.tif,ConvPaint,2,78.11313669261231,591.5374504984296,29292.0,1048.4234482783627,0.17853622138500214,96.56051566813217,0.33487709107305946,C:\Users\sophi\napari-organoid-segmentation\reports\segmentations\organoid_measurements_all_kbO_segmentations\7d-Snap-1353-4x - 2_labels.tif
7d-Snap-1353-4x - 2.tif,ConvPaint,3,94.14823062843197,1008.6069554606468,32780.0,2635.7768747653863,0.20048058032989502,102.14792249039948,0.059292740875238774,C:\Users\sophi\napari-organoid-segmentation\reports\segmentations\organoid_measurements_all_kbO_segmentations\7d-Snap-1353-4x - 2_labels.tif
7d-Snap-1353-4x - 2.tif,ConvPaint,4,86.28262599469495,1427.0637599469496,30160.0,1260.0214280248092,0.1728014051914215,97.98074385971525,0.23871809471603533,C:\Users\sophi\napari-organoid-segmentation\reports\segmentations\organoid_measurements_all_kbO_segmentations\7d-Snap-1353-4x - 2_labels.tif
7d-Snap-1353-4x - 2.tif,ConvPaint,5,115.77299525083247,1820.1279545826737,36638.0,1451.2285348059959,0.175526961684227,107.99184047881452,0.21860998985732918,C:\Users\sophi\napari-organoid-segmentation\reports\segmentations\organoid_measurements_all_kbO_segmentations\7d-Snap-1353-4x - 2_labels.tif
7d-Snap-1353-4x - 2.tif,ConvPaint,6,498.26652757450256,1434.8446112166412,32113.0,1941.4854608429878,0.19882218539714813,101.10334007845671,0.1070588214362496,C:\Users\sophi\napari-organoid-segmentation\reports\segmentations\organoid_measurements_all_kbO_segmentations\7d-Snap-1353-4x - 2_labels.tif
7d-Snap-1353-4x - 2.tif,ConvPaint,7,505.710678725286,174.94673475792416,35051.0,1546.8986283848344,0.21062687039375305,105.62707901209825,0.18407150708322004,C:\Users\sophi\napari-organoid-segmentation\reports\segmentations\organoid_measurements_all_kbO_segmentations\7d-Snap-1353-4x - 2_labels.tif
7d-Snap-1353-4x - 2.tif,ConvPaint,8,510.2737184022641,589.7207178233742,31094.0,1560.2001435749994,0.20914508402347565,99.48631866241101,0.160518772942788,C:\Users\sophi\napari-organoid-segmentation\reports\segmentations\organoid_measurements_all_kbO_segmentations\7d-Snap-1353-4x - 2_labels.tif
7d-Snap-1353-4x - 2.tif,ConvPaint,9,535.8474039215686,1846.1221960784314,31875.0,1224.961507501237,0.17738814651966095,100.72798827589246,0.2669409327678895,C:\Users\sophi\napari-organoid-segmentation\reports\segmentations\organoid_measurements_all_kbO_segmentations\7d-Snap-1353-4x - 2_labels.tif
7d-Snap-1353-4x - 2.tif,ConvPaint,10,520.2290181895543,1005.1269723079105,28203.0,1359.4011537017761,0.2037671059370041,94.74858162548635,0.1917829095699766,C:\Users\sophi\napari-organoid-segmentation\reports\segmentations\organoid_measurements_all_kbO_segmentations\7d-Snap-1353-4x - 2_labels.tif
7d-Snap-1353-4x - 2.tif,ConvPaint,11,993.1244460375391,1827.0468261209594,30688.0,3130.9057710597713,0.16575630009174347,98.8346790717113,0.03934037136670035,C:\Users\sophi\napari-organoid-segmentation\reports\segmentations\organoid_measurements_all_kbO_segmentations\7d-Snap-1353-4x - 2_labels.tif
7d-Snap-1353-4x - 2.tif,ConvPaint,12,954.2690294241531,210.6710692580781,33238.0,1239.3889603929563,0.19761554896831512,102.85904917398777,0.27191270522171396,C:\Users\sophi\napari-organoid-segmentation\reports\segmentations\organoid_measurements_all_kbO_segmentations\7d-Snap-1353-4x - 2_labels.tif
7d-Snap-1353-4x - 2.tif,ConvPaint,13,970.9106922235165,606.64096861873,28329.0,1043.3940110268397,0.19115008413791656,94.95999560710081,0.32699749766428365,C:\Users\sophi\napari-organoid-segmentation\reports\segmentations\organoid_measurements_all_kbO_segmentations\7d-Snap-1353-4x - 2_labels.tif
7d-Snap-1353-4x - 2.tif,ConvPaint,14,970.8036759801379,1021.8071963240199,26986.0,1015.76659402887,0.19668646156787872,92.68177052989317,0.32867035074089024,C:\Users\sophi\napari-organoid-segmentation\reports\segmentations\organoid_measurements_all_kbO_segmentations\7d-Snap-1353-4x - 2_labels.tif
7d-Snap-1353-4x - 2.tif,ConvPaint,15,987.7229225623875,1446.2463982505787,31096.0,1262.3645737753168,0.18497557938098907,99.48951814523556,0.24521373654350404,C:\Users\sophi\napari-organoid-segmentation\reports\segmentations\organoid_measurements_all_kbO_segmentations\7d-Snap-1353-4x - 2_labels.tif
7d-Snap-1354-4x - 2.tif,ConvPaint,1,100.11992380750813,332.89571152675995,37799.0,2025.5159441150372,0.2188875526189804,109.68954092282958,0.1157760803253587,C:\Users\sophi\napari-organoid-segmentation\reports\segmentations\organoid_measurements_all_kbO_segmentations\7d-Snap-1354-4x - 2_labels.tif
7d-Snap-1354-4x - 2.tif,ConvPaint,2,93.5198789632943,746.2179713195632,38005.0,1785.780879378743,0.20820263028144836,109.98803218721102,0.14975945940311272,C:\Users\sophi\napari-organoid-segmentation\reports\segmentations\organoid_measurements_all_kbO_segmentations\7d-Snap-1354-4x - 2_labels.tif
7d-Snap-1354-4x - 2.tif,ConvPaint,3,108.42823974082073,1183.289686825054,37040.0,1539.6204537917824,0.2002943456172943,108.5826790250066,0.19636021454534736,C:\Users\sophi\napari-organoid-segmentation\reports\segmentations\organoid_measurements_all_kbO_segmentations\7d-Snap-1354-4x - 2_labels.tif
7d-Snap-1354-4x - 2.tif,ConvPaint,4,104.89482245888722,1597.4092977149683,39343.0,1663.8214639185592,0.1940201371908188,111.90739855849066,0.178592777596435,C:\Users\sophi\napari-organoid-segmentation\reports\segmentations\organoid_measurements_all_kbO_segmentations\7d-Snap-1354-4x - 2_labels.tif
7d-Snap-1354-4x - 2.tif,ConvPaint,5,482.38105189829326,839.2168234064786,5742.0,1766.2011895955259,0.4437246024608612,42.752021782218975,0.023130909333402186,C:\Users\sophi\napari-organoid-segmentation\reports\segmentations\organoid_measurements_all_kbO_segmentations\7d-Snap-1354-4x - 2_labels.tif
7d-Snap-1354-4x - 2.tif,ConvPaint,6,531.5668255649717,345.88771186440675,33984.0,1115.0985924910847,0.20331622660160065,104.00693809583062,0.3434454947916728,C:\Users\sophi\napari-organoid-segmentation\reports\segmentations\organoid_measurements_all_kbO_segmentations\7d-Snap-1354-4x - 2_labels.tif
7d-Snap-1354-4x - 2.tif,ConvPaint,7,540.8020973638638,754.0809762042204,31182.0,990.0742058734451,0.1986103355884552,99.62699870508476,0.39974067273374453,C:\Users\sophi\napari-organoid-segmentation\reports\segmentations\organoid_measurements_all_kbO_segmentations\7d-Snap-1354-4x - 2_labels.tif
7d-Snap-1354-4x - 2.tif,ConvPaint,8,570.5990580758646,1184.0428405254347,35247.0,1847.728101530107,0.20152969658374786,105.9219927980968,0.12973462317489803,C:\Users\sophi\napari-organoid-segmentation\reports\segmentations\organoid_measurements_all_kbO_segmentations\7d-Snap-1354-4x - 2_labels.tif
7d-Snap-1354-4x - 2.tif,ConvPaint,9,562.0250475038866,1613.0348937640351,34734.0,1175.1635636485403,0.1809893101453781,105.14835037558976,0.31605890336423353,C:\Users\sophi\napari-organoid-segmentation\reports\segmentations\organoid_measurements_all_kbO_segmentations\7d-Snap-1354-4x - 2_labels.tif
7d-Snap-1354-4x - 2.tif,ConvPaint,10,955.508322356604,753.8734762303916,41755.0,2570.553570062023,0.22257408499717712,115.28672645887808,0.07940814194047557,C:\Users\sophi\napari-organoid-segmentation\reports\segmentations\organoid_measurements_all_kbO_segmentations\7d-Snap-1354-4x - 2_labels.tif
7d-Snap-1354-4x - 2.tif,ConvPaint,11,904.6165507401463,1688.1382200820403,5607.0,1354.874241767195,0.37728962302207947,42.246461767022744,0.03838331212543695,C:\Users\sophi\napari-organoid-segmentation\reports\segmentations\organoid_measurements_all_kbO_segmentations\7d-Snap-1354-4x - 2_labels.tif
7d-Snap-1354-4x - 2.tif,ConvPaint,12,955.4163061928489,336.92224716640203,36526.0,2147.1545084012996,0.2038108855485916,107.82665209839884,0.09956011380190206,C:\Users\sophi\napari-organoid-segmentation\reports\segmentations\organoid_measurements_all_kbO_segmentations\7d-Snap-1354-4x - 2_labels.tif
7d-Snap-1354-4x - 2.tif,ConvPaint,13,980.145425726881,1193.421392837684,40378.0,3253.838887330012,0.22470195591449738,113.36982219413198,0.04792505029567255,C:\Users\sophi\napari-organoid-segmentation\reports\segmentations\organoid_measurements_all_kbO_segmentations\7d-Snap-1354-4x - 2_labels.tif
7d-Snap-1354-4x - 2.tif,ConvPaint,14,979.7467762683149,1614.413861261883,31873.0,1127.914826307011,0.17336797714233398,100.72482813257098,0.31483296241079706,C:\Users\sophi\napari-organoid-segmentation\reports\segmentations\organoid_measurements_all_kbO_segmentations\7d-Snap-1354-4x - 2_labels.tif
7d-Snap-1387-4x - 1.tif,ConvPaint,1,490.6275477692848,1364.3829026416481,674806.0,27182.27527758416,0.2415970116853714,463.46242680085624,0.011476704161875085,C:\Users\sophi\napari-organoid-segmentation\reports\segmentations\organoid_measurements_all_kbO_segmentations\7d-Snap-1387-4x - 1_labels.tif
7d-Snap-1387-4x - 1.tif,ConvPaint,2,866.390835757736,546.1249448999383,45372.0,3578.347509301363,0.18710297346115112,120.17635439607473,0.0445279558437912,C:\Users\sophi\napari-organoid-segmentation\reports\segmentations\organoid_measurements_all_kbO_segmentations\7d-Snap-1387-4x - 1_labels.tif
7d-Snap-1387-4x - 1.tif,ConvPaint,3,874.9018904197372,986.4055324148243,46815.0,3629.892711199174,0.1974431872367859,122.07242654135355,0.04464854535547969,C:\Users\sophi\napari-organoid-segmentation\reports\segmentations\organoid_measurements_all_kbO_segmentations\7d-Snap-1387-4x - 1_labels.tif
7d-Snap-1387-4x - 1.tif,ConvPaint,4,862.4087679020444,108.60577238438833,36588.0,998.1686142824235,0.1476227045059204,107.91812690967414,0.4614670686872377,C:\Users\sophi\napari-organoid-segmentation\reports\segmentations\organoid_measurements_all_kbO_segmentations\7d-Snap-1387-4x - 1_labels.tif
7d-Snap-1387-4x - 1.tif,ConvPaint,5,951.0709525676206,152.2263818110545,5102.0,970.5472939388637,0.3334486186504364,40.299094770350614,0.06806391286143172,C:\Users\sophi\napari-organoid-segmentation\reports\segmentations\organoid_measurements_all_kbO_segmentations\7d-Snap-1387-4x - 1_labels.tif
7d-Snap-1388-4x - 1.tif,ConvPaint,1,116.14716597021322,265.8281367191685,37332.0,1374.3056992722709,0.1691664606332779,109.0098374964997,0.24838446291697003,C:\Users\sophi\napari-organoid-segmentation\reports\segmentations\organoid_measurements_all_kbO_segmentations\7d-Snap-1388-4x - 1_labels.tif
7d-Snap-1388-4x - 1.tif,ConvPaint,2,101.73029034990887,694.9936076810516,38953.0,1268.4356415871823,0.16635341942310333,111.35135830566773,0.3042383110657147,C:\Users\sophi\napari-organoid-segmentation\reports\segmentations\organoid_measurements_all_kbO_segmentations\7d-Snap-1388-4x - 1_labels.tif
7d-Snap-1388-4x - 1.tif,ConvPaint,3,96.33256898663262,1124.8391484482893,38377.0,1646.0813485483814,0.16314736008644104,110.52501301549498,0.17798290792572957,C:\Users\sophi\napari-organoid-segmentation\reports\segmentations\organoid_measurements_all_kbO_segmentations\7d-Snap-1388-4x - 1_labels.tif
7d-Snap-1388-4x - 1.tif,ConvPaint,4,127.67728283480382,1886.2330535829567,13941.0,1698.6021638285526,0.2719581723213196,66.61499923657003,0.06071841766641195,C:\Users\sophi\napari-organoid-segmentation\reports\segmentations\organoid_measurements_all_kbO_segmentations\7d-Snap-1388-4x - 1_labels.tif
7d-Snap-1388-4x - 1.tif,ConvPaint,5,140.75030425014043,1550.3848764276352,42728.0,2363.829652614022,0.17550820112228394,116.62223122913147,0.09609262922618753,C:\Users\sophi\napari-organoid-segmentation\reports\segmentations\organoid_measurements_all_kbO_segmentations\7d-Snap-1388-4x - 1_labels.tif
7d-Snap-1388-4x - 1.tif,ConvPaint,6,589.9224782542346,1618.9568136731268,6553.0,1531.9331162702406,0.32758232951164246,45.671486555206194,0.03508895406251426,C:\Users\sophi\napari-organoid-segmentation\reports\segmentations\organoid_measurements_all_kbO_segmentations\7d-Snap-1388-4x - 1_labels.tif
7d-Snap-1388-4x - 1.tif,ConvPaint,7,522.2188180072541,1560.3390228291019,46870.0,2109.0418100290917,0.17056992650032043,122.14411310183668,0.1324141627447404,C:\Users\sophi\napari-organoid-segmentation\reports\segmentations\organoid_measurements_all_kbO_segmentations\7d-Snap-1388-4x - 1_labels.tif
7d-Snap-1388-4x - 1.tif,ConvPaint,8,530.8829256228078,1101.438371256408,44476.0,2158.7758287448596,0.173397958278656,118.98382452211844,0.11992797264843492,C:\Users\sophi\napari-organoid-segmentation\reports\segmentations\organoid_measurements_all_kbO_segmentations\7d-Snap-1388-4x - 1_labels.tif
7d-Snap-1388-4x - 1.tif,ConvPaint,9,516.1931246066708,269.64330291588,38136.0,1345.3056992722709,0.168568953871727,110.1774288114632,0.26479088969782383,C:\Users\sophi\napari-organoid-segmentation\reports\segmentations\organoid_measurements_all_kbO_segmentations\7d-Snap-1388-4x - 1_labels.tif
7d-Snap-1388-4x - 1.tif,ConvPaint,10,844.9566627946542,1740.622009457097,170454.0,8622.03015512652,0.2557278573513031,232.93173536375815,0.028813630747131034,C:\Users\sophi\napari-organoid-segmentation\reports\segmentations\organoid_measurements_all_kbO_segmentations\7d-Snap-1388-4x - 1_labels.tif
7d-Snap-1388-4x - 1.tif,ConvPaint,11,535.6721930802055,702.4878101812844,36793.0,1251.6904755831213,0.16728909313678741,108.22003346127838,0.2951081267039473,C:\Users\sophi\napari-organoid-segmentation\reports\segmentations\organoid_measurements_all_kbO_segmentations\7d-Snap-1388-4x - 1_labels.tif
7d-Snap-1388-4x - 1.tif,ConvPaint,12,955.9164417687357,250.67279946024496,38536.0,1637.4844148224613,0.16887402534484863,110.75373480826079,0.18060183015219117,C:\Users\sophi\napari-organoid-segmentation\reports\segmentations\organoid_measurements_all_kbO_segmentations\7d-Snap-1388-4x - 1_labels.tif
7d-Snap-1388-4x - 1.tif,ConvPaint,13,943.2537260736892,1127.227952487832,39653.0,1781.35447250755,0.17728859186172485,112.34741615562795,0.15703093515404326,C:\Users\sophi\napari-organoid-segmentation\reports\segmentations\organoid_measurements_all_kbO_segmentations\7d-Snap-1388-4x - 1_labels.tif
7d-Snap-1388-4x - 1.tif,ConvPaint,14,960.588326909878,698.1766538197561,37882.0,1450.110785799904,0.15643034875392914,109.8099044185649,0.22638122109067613,C:\Users\sophi\napari-organoid-segmentation\reports\segmentations\organoid_measurements_all_kbO_segmentations\7d-Snap-1388-4x - 1_labels.tif
7d-Snap-1389-4x - 1.tif,ConvPaint,1,409.4677409763929,1760.9379581885678,235438.0,15111.20035383572,0.2680145502090454,273.755809040355,0.012956523776505281,C:\Users\sophi\napari-organoid-segmentation\reports\segmentations\organoid_measurements_all_kbO_segmentations\7d-Snap-1389-4x - 1_labels.tif
7d-Snap-1389-4x - 1.tif,ConvPaint,2,142.7347680636409,677.6006901456682,37963.0,1116.8965363437815,0.146722212433815,109.92724052388128,0.382423437294229,C:\Users\sophi\napari-organoid-segmentation\reports\segmentations\organoid_measurements_all_kbO_segmentations\7d-Snap-1389-4x - 1_labels.tif
7d-Snap-1389-4x - 1.tif,ConvPaint,3,143.8360787005262,268.5116964081446,34968.0,969.9198769408944,0.14687837660312653,105.50194358434726,0.4670990008735604,C:\Users\sophi\napari-organoid-segmentation\reports\segmentations\organoid_measurements_all_kbO_segmentations\7d-Snap-1389-4x - 1_labels.tif
7d-Snap-1389-4x - 1.tif,ConvPaint,4,154.69053715121748,1131.0734925279548,38276.0,1257.447834896002,0.1518852859735489,110.37947818127594,0.3041980705162263,C:\Users\sophi\napari-organoid-segmentation\reports\segmentations\organoid_measurements_all_kbO_segmentations\7d-Snap-1389-4x - 1_labels.tif
7d-Snap-1389-4x - 1.tif,ConvPaint,5,520.4451415701416,1646.8605212355212,6216.0,1216.9442635585337,0.32510411739349365,44.48161701780234,0.052744781079184185,C:\Users\sophi\napari-organoid-segmentation\reports\segmentations\organoid_measurements_all_kbO_segmentations\7d-Snap-1389-4x - 1_labels.tif
7d-Snap-1389-4x - 1.tif,ConvPaint,6,542.2905428120716,666.9183066539089,38669.0,1722.8986283848344,0.1567533165216446,110.94469337846223,0.16370176226328942,C:\Users\sophi\napari-organoid-segmentation\reports\segmentations\organoid_measurements_all_kbO_segmentations\7d-Snap-1389-4x - 1_labels.tif
7d-Snap-1389-4x - 1.tif,ConvPaint,7,533.4715732999974,228.05107169830976,38397.0,1245.6488450227787,0.14881616830825806,110.55380906960652,0.31096814176271376,C:\Users\sophi\napari-organoid-segmentation\reports\segmentations\organoid_measurements_all_kbO_segmentations\7d-Snap-1389-4x - 1_labels.tif
7d-Snap-1389-4x - 1.tif,ConvPaint,8,555.6555393392597,1092.6305957277432,37685.0,1259.7909806465095,0.1517360508441925,109.52400677858782,0.298388027919495,C:\Users\sophi\napari-organoid-segmentation\reports\segmentations\organoid_measurements_all_kbO_segmentations\7d-Snap-1389-4x - 1_labels.tif
7d-Snap-1389-4x - 1.tif,ConvPaint,9,587.2186448039961,1511.9902269518948,36836.0,1165.2518754031087,0.15020152926445007,108.28325340266663,0.3409123286192672,C:\Users\sophi\napari-organoid-segmentation\reports\segmentations\organoid_measurements_all_kbO_segmentations\7d-Snap-1389-4x - 1_labels.tif
7d-Snap-1389-4x - 1.tif,ConvPaint,10,910.4508108392251,186.51783320629747,38047.0,1397.6732316404182,0.15297149121761322,110.04879026883796,0.24474790737719698,C:\Users\sophi\napari-organoid-segmentation\reports\segmentations\organoid_measurements_all_kbO_segmentations\7d-Snap-1389-4x - 1_labels.tif
7d-Snap-1389-4x - 1.tif,ConvPaint,11,926.5747925158375,623.7020822079262,40726.0,2075.9646455628167,0.17270030081272125,113.85731607903402,0.11875221387890951,C:\Users\sophi\napari-organoid-segmentation\reports\segmentations\organoid_measurements_all_kbO_segmentations\7d-Snap-1389-4x - 1_labels.tif
7d-Snap-1389-4x - 1.tif,ConvPaint,12,954.8023990248768,1070.427918444235,36098.0,996.1625176280136,0.1463584452867508,107.1930514140841,0.4571225139050353,C:\Users\sophi\napari-organoid-segmentation\reports\segmentations\organoid_measurements_all_kbO_segmentations\7d-Snap-1389-4x - 1_labels.tif
7d-Snap-1389-4x - 1.tif,ConvPaint,13,956.8006446678322,1510.4114401223776,36608.0,1125.8549057834389,0.14085906744003296,107.94761837769377,0.36292845315445715,C:\Users\sophi\napari-organoid-segmentation\reports\segmentations\organoid_measurements_all_kbO_segmentations\7d-Snap-1389-4x - 1_labels.tif
7d-Snap-1390-4x - 1.tif,ConvPaint,1,86.76947076496418,1891.1896232955858,8654.0,1045.251875403109,0.3115413188934326,52.484795465301424,0.09953706803334984,C:\Users\sophi\napari-organoid-segmentation\reports\segmentations\organoid_measurements_all_kbO_segmentations\7d-Snap-1390-4x - 1_labels.tif
7d-Snap-1390-4x - 1.tif,ConvPaint,2,114.2802723250947,1644.6603088823545,37749.0,1199.8792924010784,0.1486167460680008,109.61696900367167,0.329488452600456,C:\Users\sophi\napari-organoid-segmentation\reports\segmentations\organoid_measurements_all_kbO_segmentations\7d-Snap-1390-4x - 1_labels.tif
7d-Snap-1390-4x - 1.tif,ConvPaint,3,133.7279815275737,1196.8060095360902,33347.0,943.7483040656405,0.15644246339797974,103.02756803191497,0.4704941903540559,C:\Users\sophi\napari-organoid-segmentation\reports\segmentations\organoid_measurements_all_kbO_segmentations\7d-Snap-1390-4x - 1_labels.tif
7d-Snap-1390-4x - 1.tif,ConvPaint,4,129.7169750809788,764.894358744107,31181.0,942.2630226914019,0.15737727284431458,99.6254011841196,0.44132202928397607,C:\Users\sophi\napari-organoid-segmentation\reports\segmentations\organoid_measurements_all_kbO_segmentations\7d-Snap-1390-4x - 1_labels.tif
7d-Snap-1390-4x - 1.tif,ConvPaint,5,147.60778630971944,301.1628671307777,33469.0,1238.1574669941303,0.15901915729045868,103.21585915296782,0.27434739343034464,C:\Users\sophi\napari-organoid-segmentation\reports\segmentations\organoid_measurements_all_kbO_segmentations\7d-Snap-1390-4x - 1_labels.tif
7d-Snap-1390-4x - 1.tif,ConvPaint,6,551.6178576077053,1165.7425484836651,7683.0,2464.1545084013,0.3787802457809448,49.45275377115074,0.01590028196601799,C:\Users\sophi\napari-organoid-segmentation\reports\segmentations\organoid_measurements_all_kbO_segmentations\7d-Snap-1390-4x - 1_labels.tif
7d-Snap-1390-4x - 1.tif,ConvPaint,7,511.3283202269456,1612.9517949145825,47941.0,4078.408475845462,0.20393246412277222,123.53175402922565,0.036218921275043364,C:\Users\sophi\napari-organoid-segmentation\reports\segmentations\organoid_measurements_all_kbO_segmentations\7d-Snap-1390-4x - 1_labels.tif
7d-Snap-1390-4x - 1.tif,ConvPaint,8,511.6285337111211,743.2178826711314,31058.0,1142.3584771209069,0.16663700342178345,99.42871036625272,0.29907391235298075,C:\Users\sophi\napari-organoid-segmentation\reports\segmentations\organoid_measurements_all_kbO_segmentations\7d-Snap-1390-4x - 1_labels.tif
7d-Snap-1390-4x - 1.tif,ConvPaint,9,500.78382483229973,1178.0978990001265,31604.0,998.4112549695427,0.16205866634845734,100.29888156381665,0.3984125230911321,C:\Users\sophi\napari-organoid-segmentation\reports\segmentations\organoid_measurements_all_kbO_segmentations\7d-Snap-1390-4x - 1_labels.tif
7d-Snap-1390-4x - 1.tif,ConvPaint,10,541.7981904941888,312.5725692147784,42332.0,2787.3576105691295,0.1900864839553833,116.08055005870806,0.06846888716100363,C:\Users\sophi\napari-organoid-segmentation\reports\segmentations\organoid_measurements_all_kbO_segmentations\7d-Snap-1390-4x - 1_labels.tif
7d-Snap-1390-4x - 1.tif,ConvPaint,11,948.854239810716,731.2778774232942,52408.0,3989.0409434773146,0.18435533344745636,129.15875702065307,0.04138762091761231,C:\Users\sophi\napari-organoid-segmentation\reports\segmentations\organoid_measurements_all_kbO_segmentations\7d-Snap-1390-4x - 1_labels.tif
7d-Snap-1390-4x - 1.tif,ConvPaint,12,958.8664704065129,1184.8376674117283,55029.0,4161.011506225792,0.19460028409957886,132.3490639438293,0.03993959451033407,C:\Users\sophi\napari-organoid-segmentation\reports\segmentations\organoid_measurements_all_kbO_segmentations\7d-Snap-1390-4x - 1_labels.tif
7d-Snap-1390-4x - 1.tif,ConvPaint,13,967.5260257195346,1654.7321095430011,70219.0,4847.691701072397,0.1978466510772705,149.5038524518335,0.03754866665987778,C:\Users\sophi\napari-organoid-segmentation\reports\segmentations\organoid_measurements_all_kbO_segmentations\7d-Snap-1390-4x - 1_labels.tif
7d-Snap-1390-4x - 1.tif,ConvPaint,14,965.7105185788272,293.33301671302894,44217.0,1961.7392488184005,0.1640285700559616,118.6368755378726,0.1443831708458883,C:\Users\sophi\napari-organoid-segmentation\reports\segmentations\organoid_measurements_all_kbO_segmentations\7d-Snap-1390-4x - 1_labels.tif
7d-Snap-1391-4x - CTL.tif,ConvPaint,1,125.32574577025824,1583.7992542297418,35936.0,1056.0924958366745,0.20326507091522217,106.9522513549888,0.40488872696429656,C:\Users\sophi\napari-organoid-segmentation\reports\segmentations\organoid_measurements_all_kbO_segmentations\7d-Snap-1391-4x - CTL_labels.tif
7d-Snap-1391-4x - CTL.tif,ConvPaint,2,142.10437349074323,269.16012282741553,33543.0,1004.8376618407357,0.21336616575717926,103.32990134642968,0.41746489164591927,C:\Users\sophi\napari-organoid-segmentation\reports\segmentations\organoid_measurements_all_kbO_segmentations\7d-Snap-1391-4x - CTL_labels.tif
7d-Snap-1391-4x - CTL.tif,ConvPaint,3,148.0123404255319,1140.4349263502454,30550.0,914.2579720575186,0.2137020230293274,98.61220524313816,0.4592863799725048,C:\Users\sophi\napari-organoid-segmentation\reports\segmentations\organoid_measurements_all_kbO_segmentations\7d-Snap-1391-4x - CTL_labels.tif
7d-Snap-1391-4x - CTL.tif,ConvPaint,4,155.55938536964516,712.5009117814117,33451.0,969.3879143724298,0.21395018696784973,103.18810010235669,0.44732561472566174,C:\Users\sophi\napari-organoid-segmentation\reports\segmentations\organoid_measurements_all_kbO_segmentations\7d-Snap-1391-4x - CTL_labels.tif
7d-Snap-1391-4x - CTL.tif,ConvPaint,5,517.3555468186881,1584.496920254243,30522.0,996.6305550595491,0.21924424171447754,98.56700434781236,0.38614859272908647,C:\Users\sophi\napari-organoid-segmentation\reports\segmentations\organoid_measurements_all_kbO_segmentations\7d-Snap-1391-4x - CTL_labels.tif
7d-Snap-1391-4x - CTL.tif,ConvPaint,6,522.847391593551,709.1144087928795,31571.0,861.3401871576773,0.22122500836849213,100.24650326424586,0.5347475229487975,C:\Users\sophi\napari-organoid-segmentation\reports\segmentations\organoid_measurements_all_kbO_segmentations\7d-Snap-1391-4x - CTL_labels.tif
7d-Snap-1391-4x - CTL.tif,ConvPaint,7,527.2990111395723,280.37037588610235,33574.0,891.7838379715733,0.22439947724342346,103.37763838826358,0.5305102210192651,C:\Users\sophi\napari-organoid-segmentation\reports\segmentations\organoid_measurements_all_kbO_segmentations\7d-Snap-1391-4x - CTL_labels.tif
7d-Snap-1391-4x - CTL.tif,ConvPaint,8,527.2410143769968,1143.8337992545262,30048.0,883.8610024378486,0.22295506298542023,97.79864753691915,0.48334528862786147,C:\Users\sophi\napari-organoid-segmentation\reports\segmentations\organoid_measurements_all_kbO_segmentations\7d-Snap-1391-4x - CTL_labels.tif
7d-Snap-1391-4x - CTL.tif,ConvPaint,9,958.3823148563175,260.4461875591414,40158.0,1174.3828637385463,0.2062681019306183,113.06055195941981,0.36590010016657976,C:\Users\sophi\napari-organoid-segmentation\reports\segmentations\organoid_measurements_all_kbO_segmentations\7d-Snap-1391-4x - CTL_labels.tif
7d-Snap-1391-4x - CTL.tif,ConvPaint,10,962.25160493229,1612.8964122192883,41279.0,1541.5554826343268,0.2045898288488388,114.62771825252693,0.21828340084602618,C:\Users\sophi\napari-organoid-segmentation\reports\segmentations\organoid_measurements_all_kbO_segmentations\7d-Snap-1391-4x - CTL_labels.tif
7d-Snap-1391-4x - CTL.tif,ConvPaint,11,966.8748375258048,707.0363942197416,39237.0,1715.35447250755,0.22078649699687958,111.75654345134961,0.16757062909131742,C:\Users\sophi\napari-organoid-segmentation\reports\segmentations\organoid_measurements_all_kbO_segmentations\7d-Snap-1391-4x - CTL_labels.tif
7d-Snap-1391-4x - CTL.tif,ConvPaint,12,967.2897832340251,1160.0848828847338,38936.0,1405.8153672641492,0.21068744361400604,111.32705748582451,0.24757376684007096,C:\Users\sophi\napari-organoid-segmentation\reports\segmentations\organoid_measurements_all_kbO_segmentations\7d-Snap-1391-4x - CTL_labels.tif
7d-Snap-1392-4x - CTL.tif,ConvPaint,1,113.4014756058441,313.0596949636931,34291.0,872.6183617507293,0.21082773804664612,104.47566370752745,0.56590211860354,C:\Users\sophi\napari-organoid-segmentation\reports\segmentations\organoid_measurements_all_kbO_segmentations\7d-Snap-1392-4x - CTL_labels.tif
7d-Snap-1392-4x - CTL.tif,ConvPaint,2,121.89981738213432,1157.4431183929628,38879.0,1523.2356774809323,0.21192024648189545,111.2455395282867,0.21056721031605247,C:\Users\sophi\napari-organoid-segmentation\reports\segmentations\organoid_measurements_all_kbO_segmentations\7d-Snap-1392-4x - CTL_labels.tif
7d-Snap-1392-4x - CTL.tif,ConvPaint,3,118.55961083637928,754.9306869490432,37208.0,1031.2813126546316,0.2093534767627716,108.82864625238376,0.4396346297010344,C:\Users\sophi\napari-organoid-segmentation\reports\segmentations\organoid_measurements_all_kbO_segmentations\7d-Snap-1392-4x - CTL_labels.tif
7d-Snap-1392-4x - CTL.tif,ConvPaint,4,136.63284281807526,1591.7217085558016,38395.0,1450.821463918559,0.1995895355939865,110.55092980172823,0.22922215535868776,C:\Users\sophi\napari-organoid-segmentation\reports\segmentations\organoid_measurements_all_kbO_segmentations\7d-Snap-1392-4x - CTL_labels.tif
7d-Snap-1392-4x - CTL.tif,ConvPaint,5,518.9278937884249,306.64778990884037,37736.0,957.5472939388638,0.20814722776412964,109.59809243336092,0.5171842142896836,C:\Users\sophi\napari-organoid-segmentation\reports\segmentations\organoid_measurements_all_kbO_segmentations\7d-Snap-1392-4x - CTL_labels.tif
7d-Snap-1392-4x - CTL.tif,ConvPaint,6,542.9669756662804,720.7716738649531,37972.0,1403.1585130146568,0.20984502136707306,109.94027013870259,0.24235939809430745,C:\Users\sophi\napari-organoid-segmentation\reports\segmentations\organoid_measurements_all_kbO_segmentations\7d-Snap-1392-4x - CTL_labels.tif
7d-Snap-1392-4x - CTL.tif,ConvPaint,7,560.6688591082244,1169.8263860341474,36489.0,1011.4650788387052,0.20723184943199158,107.77202529859193,0.44819812882045057,C:\Users\sophi\napari-organoid-segmentation\reports\segmentations\organoid_measurements_all_kbO_segmentations\7d-Snap-1392-4x - CTL_labels.tif
7d-Snap-1392-4x - CTL.tif,ConvPaint,8,561.7257893058361,1585.6999309025193,37628.0,1139.4650788387053,0.19704246520996094,109.44114581510775,0.36418240497437604,C:\Users\sophi\napari-organoid-segmentation\reports\segmentations\organoid_measurements_all_kbO_segmentations\7d-Snap-1392-4x - CTL_labels.tif
7d-Snap-1392-4x - CTL.tif,ConvPaint,9,958.4864793985663,1167.9724342910426,34318.0,1191.7382027978738,0.20541097223758698,104.51678656586859,0.3036477804775623,C:\Users\sophi\napari-organoid-segmentation\reports\segmentations\organoid_measurements_all_kbO_segmentations\7d-Snap-1392-4x - CTL_labels.tif
7d-Snap-1392-4x - CTL.tif,ConvPaint,10,962.2021151256732,294.23563734290843,35648.0,1108.1341263970176,0.21076177060604095,106.52281831926796,0.36480465694488007,C:\Users\sophi\napari-organoid-segmentation\reports\segmentations\organoid_measurements_all_kbO_segmentations\7d-Snap-1392-4x - CTL_labels.tif
7d-Snap-1392-4x - CTL.tif,ConvPaint,11,969.9048220465281,721.9119452373134,39589.0,1872.3727624707797,0.213984876871109,112.25671509593575,0.14190567579145105,C:\Users\sophi\napari-organoid-segmentation\reports\segmentations\organoid_measurements_all_kbO_segmentations\7d-Snap-1392-4x - CTL_labels.tif
7d-Snap-1392-4x - CTL.tif,ConvPaint,12,971.7654570086185,1592.4082091488197,34693.0,1054.0031380615796,0.18823260068893433,105.08627351549892,0.3924351613877534,C:\Users\sophi\napari-organoid-segmentation\reports\segmentations\organoid_measurements_all_kbO_segmentations\7d-Snap-1392-4x - CTL_labels.tif
7d-Snap-1393-4x - CTL.tif,ConvPaint,1,83.64049379411863,341.49847780268306,29891.0,1273.6194077712557,0.21347381174564362,97.54281525524925,0.23156396213862973,C:\Users\sophi\napari-organoid-segmentation\reports\segmentations\organoid_measurements_all_kbO_segmentations\7d-Snap-1393-4x - CTL_labels.tif
7d-Snap-1393-4x - CTL.tif,ConvPaint,2,86.13507102149448,771.6845257037058,34567.0,1980.4143930311225,0.2210060954093933,104.89527079766319,0.11075399630092006,C:\Users\sophi\napari-organoid-segmentation\reports\segmentations\organoid_measurements_all_kbO_segmentations\7d-Snap-1393-4x - CTL_labels.tif
7d-Snap-1393-4x - CTL.tif,ConvPaint,3,86.95623687262923,1208.5757547258536,31899.0,1271.6610383315983,0.19406621158123016,100.76590226548234,0.24788154925447767,C:\Users\sophi\napari-organoid-segmentation\reports\segmentations\organoid_measurements_all_kbO_segmentations\7d-Snap-1393-4x - CTL_labels.tif
7d-Snap-1393-4x - CTL.tif,ConvPaint,4,85.23999531259155,1649.520126560028,34134.0,1250.8559518039651,0.19689631462097168,104.23622045621912,0.27414633828112567,C:\Users\sophi\napari-organoid-segmentation\reports\segmentations\organoid_measurements_all_kbO_segmentations\7d-Snap-1393-4x - CTL_labels.tif
7d-Snap-1393-4x - CTL.tif,ConvPaint,5,532.0300320341698,1671.8154564869194,37460.0,1402.2295808265221,0.2017795741558075,109.19655826281705,0.2394084020587548,C:\Users\sophi\napari-organoid-segmentation\reports\segmentations\organoid_measurements_all_kbO_segmentations\7d-Snap-1393-4x - CTL_labels.tif
7d-Snap-1393-4x - CTL.tif,ConvPaint,6,547.5781763459353,1245.9193820828598,32561.0,1019.027524679219,0.20445428788661957,101.80613048353429,0.39403587934855006,C:\Users\sophi\napari-organoid-segmentation\reports\segmentations\organoid_measurements_all_kbO_segmentations\7d-Snap-1393-4x - CTL_labels.tif
7d-Snap-1393-4x - CTL.tif,ConvPaint,7,556.2779444621768,363.45531439514843,31330.0,906.3107499061545,0.2165655940771103,99.8631500311209,0.47930945530634,C:\Users\sophi\napari-organoid-segmentation\reports\segmentations\organoid_measurements_all_kbO_segmentations\7d-Snap-1393-4x - CTL_labels.tif
7d-Snap-1393-4x - CTL.tif,ConvPaint,8,552.0964769307924,795.2446715145436,31904.0,976.7604973744603,0.2079576998949051,100.77379921789024,0.4202220392491022,C:\Users\sophi\napari-organoid-segmentation\reports\segmentations\organoid_measurements_all_kbO_segmentations\7d-Snap-1393-4x - CTL_labels.tif
7d-Snap-1393-4x - CTL.tif,ConvPaint,9,953.943873922567,1678.0209370466248,35153.0,1425.7615433949868,0.19191791117191315,105.78065715913658,0.21730937627374378,C:\Users\sophi\napari-organoid-segmentation\reports\segmentations\organoid_measurements_all_kbO_segmentations\7d-Snap-1393-4x - CTL_labels.tif
7d-Snap-1393-4x - CTL.tif,ConvPaint,10,970.0553314121038,373.09679963597756,32965.0,1189.6549416771886,0.21024595201015472,102.43576230032488,0.29269878402137933,C:\Users\sophi\napari-organoid-segmentation\reports\segmentations\organoid_measurements_all_kbO_segmentations\7d-Snap-1393-4x - CTL_labels.tif
7d-Snap-1393-4x - CTL.tif,ConvPaint,11,972.0060970088437,816.3851679695754,33131.0,1056.2762620207482,0.2069113850593567,102.69335343222156,0.3731550889453717,C:\Users\sophi\napari-organoid-segmentation\reports\segmentations\organoid_measurements_all_kbO_segmentations\7d-Snap-1393-4x - CTL_labels.tif
7d-Snap-1393-4x - CTL.tif,ConvPaint,12,973.5670112305996,1227.2479668741994,33569.0,1178.9980874276962,0.2040436565876007,103.36994035648695,0.30347440383052376,C:\Users\sophi\napari-organoid-segmentation\reports\segmentations\organoid_measurements_all_kbO_segmentations\7d-Snap-1393-4x - CTL_labels.tif
7d-Snap-1394-4x - CTL.tif,ConvPaint,1,119.05075481520042,37.28910723581468,15368.0,636.9777054234136,0.20718146860599518,69.94130632803834,0.4759690919052773,C:\Users\sophi\napari-organoid-segmentation\reports\segmentations\organoid_measurements_all_kbO_segmentations\7d-Snap-1394-4x - CTL_labels.tif
7d-Snap-1394-4x - CTL.tif,ConvPaint,2,118.5636492994746,1263.5312773642731,36544.0,1123.9270196158307,0.19722430408000946,107.85321729415607,0.36353792362020304,C:\Users\sophi\napari-organoid-segmentation\reports\segmentations\organoid_measurements_all_kbO_segmentations\7d-Snap-1394-4x - CTL_labels.tif
7d-Snap-1394-4x - CTL.tif,ConvPaint,3,117.67808769354347,1695.8841370523226,36103.0,1045.4234482783625,0.183773010969162,107.20047490983141,0.41511524369939656,C:\Users\sophi\napari-organoid-segmentation\reports\segmentations\organoid_measurements_all_kbO_segmentations\7d-Snap-1394-4x - CTL_labels.tif
7d-Snap-1394-4x - CTL.tif,ConvPaint,4,120.30207521976187,825.1835428952932,35948.0,1036.2224381515857,0.19703416526317596,106.9701069857131,0.4207059097433563,C:\Users\sophi\napari-organoid-segmentation\reports\segmentations\organoid_measurements_all_kbO_segmentations\7d-Snap-1394-4x - CTL_labels.tif
7d-Snap-1394-4x - CTL.tif,ConvPaint,5,121.0425453200148,406.6067901761576,35139.0,1014.3940110268397,0.1989036351442337,105.75959101004608,0.42912706774073545,C:\Users\sophi\napari-organoid-segmentation\reports\segmentations\organoid_measurements_all_kbO_segmentations\7d-Snap-1394-4x - CTL_labels.tif
7d-Snap-1394-4x - CTL.tif,ConvPaint,6,527.8849774748758,1282.147712833545,34628.0,1546.720958855171,0.2028055191040039,104.98778375969418,0.18189188843670312,C:\Users\sophi\napari-organoid-segmentation\reports\segmentations\organoid_measurements_all_kbO_segmentations\7d-Snap-1394-4x - CTL_labels.tif
7d-Snap-1394-4x - CTL.tif,ConvPaint,7,539.1027615290436,834.7617467011291,36755.0,1503.3717164502532,0.19794881343841553,108.16413392009953,0.20435889242861788,C:\Users\sophi\napari-organoid-segmentation\reports\segmentations\organoid_measurements_all_kbO_segmentations\7d-Snap-1394-4x - CTL_labels.tif
7d-Snap-1394-4x - CTL.tif,ConvPaint,8,535.1833171677982,1708.8084531052523,34023.0,1134.2579720575186,0.18670254945755005,104.0666001060432,0.33232176705020844,C:\Users\sophi\napari-organoid-segmentation\reports\segmentations\organoid_measurements_all_kbO_segmentations\7d-Snap-1394-4x - CTL_labels.tif
7d-Snap-1394-4x - CTL.tif,ConvPaint,9,540.3649404148889,35.083860526702956,13594.0,672.3330444827409,0.21373619139194489,65.7807311663716,0.37790985356059814,C:\Users\sophi\napari-organoid-segmentation\reports\segmentations\organoid_measurements_all_kbO_segmentations\7d-Snap-1394-4x - CTL_labels.tif
7d-Snap-1394-4x - CTL.tif,ConvPaint,10,548.5100479561544,397.3330669102535,35032.0,980.9797974644666,0.19885875284671783,105.59844664004558,0.45746162589028944,C:\Users\sophi\napari-organoid-segmentation\reports\segmentations\organoid_measurements_all_kbO_segmentations\7d-Snap-1394-4x - CTL_labels.tif
7d-Snap-1394-4x - CTL.tif,ConvPaint,11,954.6412395119174,831.3821745909958,40403.0,1685.396103067893,0.2053803950548172,113.40491317171269,0.17873907525275115,C:\Users\sophi\napari-organoid-segmentation\reports\segmentations\organoid_measurements_all_kbO_segmentations\7d-Snap-1394-4x - CTL_labels.tif
7d-Snap-1394-4x - CTL.tif,ConvPaint,12,945.0215050912177,1280.8248568095037,37712.0,1264.56662992262,0.19218246638774872,109.56323483615805,0.2963507254788425,C:\Users\sophi\napari-organoid-segmentation\reports\segmentations\organoid_measurements_all_kbO_segmentations\7d-Snap-1394-4x - CTL_labels.tif
7d-Snap-1394-4x - CTL.tif,ConvPaint,13,956.0641922025608,1704.2115379082147,34755.0,1241.8082245892128,0.17746196687221527,105.1801316519315,0.2832162010923334,C:\Users\sophi\napari-organoid-segmentation\reports\segmentations\organoid_measurements_all_kbO_segmentations\7d-Snap-1394-4x - CTL_labels.tif
7d-Snap-1394-4x - CTL.tif,ConvPaint,14,943.9670210040983,40.932248975409834,15616.0,644.5340546095176,0.21182173490524292,70.50338419286038,0.47237611166924276,C:\Users\sophi\napari-organoid-segmentation\reports\segmentations\organoid_measurements_all_kbO_segmentations\7d-Snap-1394-4x - CTL_labels.tif
7d-Snap-1394-4x - CTL.tif,ConvPaint,15,957.6237480853069,410.1724107458466,33948.0,1037.8315651863259,0.20106010138988495,103.95183507840218,0.3960685027896458,C:\Users\sophi\napari-organoid-segmentation\reports\segmentations\organoid_measurements_all_kbO_segmentations\7d-Snap-1394-4x - CTL_labels.tif
7d-Snap-1411-4x - 3.tif,ConvPaint,1,90.39081502995099,151.2224239123858,33054.0,2548.5992052357224,0.2372191846370697,102.57394882678066,0.06394856451498775,C:\Users\sophi\napari-organoid-segmentation\reports\segmentations\organoid_measurements_all_kbO_segmentations\7d-Snap-1411-4x - 3_labels.tif
7d-Snap-1411-4x - 3.tif,ConvPaint,2,84.51988594282328,550.4756332395201,27004.0,1524.0519112968586,0.20824599266052246,92.71267532817228,0.146096039715437,C:\Users\sophi\napari-organoid-segmentation\reports\segmentations\organoid_measurements_all_kbO_segmentations\7d-Snap-1411-4x - 3_labels.tif
7d-Snap-1411-4x - 3.tif,ConvPaint,3,85.15695016965313,968.3977173943524,35661.0,1853.543289325507,0.2119162529706955,106.54223975119051,0.1304361329214388,C:\Users\sophi\napari-organoid-segmentation\reports\segmentations\organoid_measurements_all_kbO_segmentations\7d-Snap-1411-4x - 3_labels.tif
7d-Snap-1411-4x - 3.tif,ConvPaint,4,78.72086606681708,1596.7935547883762,73574.0,3114.910821693654,0.18855899572372437,153.03375956332712,0.09528904993899155,C:\Users\sophi\napari-organoid-segmentation\reports\segmentations\organoid_measurements_all_kbO_segmentations\7d-Snap-1411-4x - 3_labels.tif
7d-Snap-1411-4x - 3.tif,ConvPaint,5,525.7177826096703,1836.5640985407188,44611.0,2321.159559035183,0.19080154597759247,119.1642661729811,0.10404993944598939,C:\Users\sophi\napari-organoid-segmentation\reports\segmentations\organoid_measurements_all_kbO_segmentations\7d-Snap-1411-4x - 3_labels.tif
7d-Snap-1411-4x - 3.tif,ConvPaint,6,545.6110880182895,1442.7869427413489,38492.0,2066.1362184380705,0.18865332007408142,110.69048802397823,0.11330848677664065,C:\Users\sophi\napari-organoid-segmentation\reports\segmentations\organoid_measurements_all_kbO_segmentations\7d-Snap-1411-4x - 3_labels.tif
7d-Snap-1411-4x - 3.tif,ConvPaint,7,538.9809910641754,1000.7398321148119,36930.0,1970.3788591251896,0.19370585680007935,108.4213267617003,0.11953351577213023,C:\Users\sophi\napari-organoid-segmentation\reports\segmentations\organoid_measurements_all_kbO_segmentations\7d-Snap-1411-4x - 3_labels.tif
7d-Snap-1411-4x - 3.tif,ConvPaint,8,549.6872716812886,140.56620163958004,34765.0,1272.311795926681,0.197892963886261,105.1952622183123,0.2698764510561873,C:\Users\sophi\napari-organoid-segmentation\reports\segmentations\organoid_measurements_all_kbO_segmentations\7d-Snap-1411-4x - 3_labels.tif
7d-Snap-1411-4x - 3.tif,ConvPaint,9,553.8849908654944,576.3876170358529,35032.0,1967.2661607529817,0.19374947249889374,105.59844664004558,0.11374925289792426,C:\Users\sophi\napari-organoid-segmentation\reports\segmentations\organoid_measurements_all_kbO_segmentations\7d-Snap-1411-4x - 3_labels.tif
7d-Snap-1411-4x - 3.tif,ConvPaint,10,967.1554269547325,1828.950205761317,38880.0,2262.2112908632926,0.13846516609191895,111.2469701826786,0.09547063011830217,C:\Users\sophi\napari-organoid-segmentation\reports\segmentations\organoid_measurements_all_kbO_segmentations\7d-Snap-1411-4x - 3_labels.tif
7d-Snap-1411-4x - 3.tif,ConvPaint,11,964.5166926509328,1009.1762808451158,37202.0,1449.8153672641492,0.17187438905239105,108.81987128190045,0.22240817936860716,C:\Users\sophi\napari-organoid-segmentation\reports\segmentations\organoid_measurements_all_kbO_segmentations\7d-Snap-1411-4x - 3_labels.tif
7d-Snap-1411-4x - 3.tif,ConvPaint,12,972.0301358133339,1429.6322574507053,42043.0,1374.755446740577,0.17112518846988678,115.68363127437308,0.27954560181852095,C:\Users\sophi\napari-organoid-segmentation\reports\segmentations\organoid_measurements_all_kbO_segmentations\7d-Snap-1411-4x - 3_labels.tif
7d-Snap-1411-4x - 3.tif,ConvPaint,13,971.7170615486433,570.2036002647253,37775.0,1165.1574669941303,0.17565159499645233,109.65471239574109,0.3496593062708717,C:\Users\sophi\napari-organoid-segmentation\reports\segmentations\organoid_measurements_all_kbO_segmentations\7d-Snap-1411-4x - 3_labels.tif
7d-Snap-1411-4x - 3.tif,ConvPaint,14,978.5788811738504,150.20670771649418,38165.0,1347.335136523794,0.1688718944787979,110.21931231052193,0.2641945529988083,C:\Users\sophi\napari-organoid-segmentation\reports\segmentations\organoid_measurements_all_kbO_segmentations\7d-Snap-1411-4x - 3_labels.tif
7d-Snap-1412-4x - 3.tif,ConvPaint,1,114.24845460639011,1078.5663464164247,40281.0,1496.430590953299,0.17515629529953003,113.23356624856991,0.22604606548870343,C:\Users\sophi\napari-organoid-segmentation\reports\segmentations\organoid_measurements_all_kbO_segmentations\7d-Snap-1412-4x - 3_labels.tif
7d-Snap-1412-4x - 3.tif,ConvPaint,2,115.35721156280059,1515.7725661924771,39506.0,1199.050865276332,0.16267193853855133,112.13897789607695,0.34530089958445764,C:\Users\sophi\napari-organoid-segmentation\reports\segmentations\organoid_measurements_all_kbO_segmentations\7d-Snap-1412-4x - 3_labels.tif
7d-Snap-1412-4x - 3.tif,ConvPaint,3,134.39052391799544,1867.269020501139,21950.0,2135.538238691624,0.20324447751045227,83.58769049168787,0.06048249303332958,C:\Users\sophi\napari-organoid-segmentation\reports\segmentations\organoid_measurements_all_kbO_segmentations\7d-Snap-1412-4x - 3_labels.tif
7d-Snap-1412-4x - 3.tif,ConvPaint,4,116.21752968867015,219.73408580293142,37388.0,1537.5554826343268,0.18461644649505615,109.09156715640107,0.19873781265158838,C:\Users\sophi\napari-organoid-segmentation\reports\segmentations\organoid_measurements_all_kbO_segmentations\7d-Snap-1412-4x - 3_labels.tif
7d-Snap-1412-4x - 3.tif,ConvPaint,5,111.94095840375076,649.063920841738,36686.0,1580.6265504461921,0.19015547633171082,108.06255819912161,0.1845234986199269,C:\Users\sophi\napari-organoid-segmentation\reports\segmentations\organoid_measurements_all_kbO_segmentations\7d-Snap-1412-4x - 3_labels.tif
7d-Snap-1412-4x - 3.tif,ConvPaint,6,534.2717586926788,219.67568929522713,41673.0,2024.0712472806147,0.1935388743877411,115.173468676328,0.127824186910835,C:\Users\sophi\napari-organoid-segmentation\reports\segmentations\organoid_measurements_all_kbO_segmentations\7d-Snap-1412-4x - 3_labels.tif
7d-Snap-1412-4x - 3.tif,ConvPaint,7,536.2129544680071,1071.7015124904979,38149.0,1992.2194795587554,0.18413302302360535,110.19620614170631,0.12078657253943104,C:\Users\sophi\napari-organoid-segmentation\reports\segmentations\organoid_measurements_all_kbO_segmentations\7d-Snap-1412-4x - 3_labels.tif
7d-Snap-1412-4x - 3.tif,ConvPaint,8,542.2815196929321,1507.408038530181,40903.0,1902.0945878777277,0.17468827962875366,114.10446649704642,0.14206948511272177,C:\Users\sophi\napari-organoid-segmentation\reports\segmentations\organoid_measurements_all_kbO_segmentations\7d-Snap-1412-4x - 3_labels.tif
7d-Snap-1412-4x - 3.tif,ConvPaint,9,544.6454989532449,1874.7497450212036,18629.0,919.0376259469858,0.17209665477275848,77.00516131869237,0.2771614486927601,C:\Users\sophi\napari-organoid-segmentation\reports\segmentations\organoid_measurements_all_kbO_segmentations\7d-Snap-1412-4x - 3_labels.tif
7d-Snap-1412-4x - 3.tif,ConvPaint,10,544.2558059929432,654.9551845805466,37978.0,1399.7737367038067,0.18586499989032745,109.9489556907568,0.24357138891089467,C:\Users\sophi\napari-organoid-segmentation\reports\segmentations\organoid_measurements_all_kbO_segmentations\7d-Snap-1412-4x - 3_labels.tif
7d-Snap-1412-4x - 3.tif,ConvPaint,11,966.1119970502834,1824.863276028944,43394.0,5170.4988796410835,0.2199140191078186,117.52761037755941,0.02039739245303098,C:\Users\sophi\napari-organoid-segmentation\reports\segmentations\organoid_measurements_all_kbO_segmentations\7d-Snap-1412-4x - 3_labels.tif
7d-Snap-1412-4x - 3.tif,ConvPaint,12,963.2231817857398,628.2230152499227,42033.0,1619.383909759073,0.17905858159065247,115.66987268067373,0.20141908197412176,C:\Users\sophi\napari-organoid-segmentation\reports\segmentations\organoid_measurements_all_kbO_segmentations\7d-Snap-1412-4x - 3_labels.tif
7d-Snap-1412-4x - 3.tif,ConvPaint,13,966.6854548199918,1064.6693630147329,46359.0,2092.7636354360397,0.19224300980567932,121.4764504486131,0.13301590169580255,C:\Users\sophi\napari-organoid-segmentation\reports\segmentations\organoid_measurements_all_kbO_segmentations\7d-Snap-1412-4x - 3_labels.tif
7d-Snap-1412-4x - 3.tif,ConvPaint,14,970.6902116347172,1502.1218716899625,48149.0,1689.543289325507,0.17639721930027008,123.79944551516915,0.2119622340958225,C:\Users\sophi\napari-organoid-segmentation\reports\segmentations\organoid_measurements_all_kbO_segmentations\7d-Snap-1412-4x - 3_labels.tif
7d-Snap-1412-4x - 3.tif,ConvPaint,15,969.7808180994634,217.62848714315578,43051.0,2337.0428560496184,0.19054600596427917,117.06220103047086,0.0990512031015242,C:\Users\sophi\napari-organoid-segmentation\reports\segmentations\organoid_measurements_all_kbO_segmentations\7d-Snap-1412-4x - 3_labels.tif
7d-Snap-1413-4x - 3.tif,ConvPaint,1,138.24579692678518,1617.0944561614945,33190.0,1090.8376618407356,0.17189669609069824,102.78475141011926,0.35050713969695174,C:\Users\sophi\napari-organoid-segmentation\reports\segmentations\organoid_measurements_all_kbO_segmentations\7d-Snap-1413-4x - 3_labels.tif
7d-Snap-1413-4x - 3.tif,ConvPaint,2,140.39705090223538,340.26666442230004,29704.0,1013.6721856198917,0.2030392736196518,97.23721951600281,0.3632701726608882,C:\Users\sophi\napari-organoid-segmentation\reports\segmentations\organoid_measurements_all_kbO_segmentations\7d-Snap-1413-4x - 3_labels.tif
7d-Snap-1413-4x - 3.tif,ConvPaint,3,144.15543662533656,1201.7524847920752,30083.0,1135.193000900063,0.18646034598350525,97.85558903847534,0.293353718851445,C:\Users\sophi\napari-organoid-segmentation\reports\segmentations\organoid_measurements_all_kbO_segmentations\7d-Snap-1413-4x - 3_labels.tif
7d-Snap-1413-4x - 3.tif,ConvPaint,4,147.64155279122494,770.7952999571053,32638.0,972.8021279348029,0.1992533802986145,101.92643457546507,0.43339548063891026,C:\Users\sophi\napari-organoid-segmentation\reports\segmentations\organoid_measurements_all_kbO_segmentations\7d-Snap-1413-4x - 3_labels.tif
7d-Snap-1413-4x - 3.tif,ConvPaint,5,495.95765542506194,746.8362245447689,9281.0,3427.9688296449226,0.4385671019554138,54.35286610356221,0.009925008975767046,C:\Users\sophi\napari-organoid-segmentation\reports\segmentations\organoid_measurements_all_kbO_segmentations\7d-Snap-1413-4x - 3_labels.tif
7d-Snap-1413-4x - 3.tif,ConvPaint,6,524.5621903869327,1167.1685633953675,7469.0,3309.8967158125306,0.43673643469810486,48.75916877784867,0.008567289440316879,C:\Users\sophi\napari-organoid-segmentation\reports\segmentations\organoid_measurements_all_kbO_segmentations\7d-Snap-1413-4x - 3_labels.tif
7d-Snap-1413-4x - 3.tif,ConvPaint,7,517.442261746748,762.9467414388107,30136.0,1111.1990975544727,0.20068359375,97.9417517202685,0.3066985418276056,C:\Users\sophi\napari-organoid-segmentation\reports\segmentations\organoid_measurements_all_kbO_segmentations\7d-Snap-1413-4x - 3_labels.tif
7d-Snap-1413-4x - 3.tif,ConvPaint,8,516.0142974415105,1615.9106922971678,29236.0,952.1036431249679,0.17347322404384613,96.46817004830818,0.4052839109342654,C:\Users\sophi\napari-organoid-segmentation\reports\segmentations\organoid_measurements_all_kbO_segmentations\7d-Snap-1413-4x - 3_labels.tif
7d-Snap-1413-4x - 3.tif,ConvPaint,9,522.679040119985,1194.4737362375158,29337.0,1165.5128060534578,0.18887828290462494,96.63465802171531,0.2713885155422977,C:\Users\sophi\napari-organoid-segmentation\reports\segmentations\organoid_measurements_all_kbO_segmentations\7d-Snap-1413-4x - 3_labels.tif
7d-Snap-1413-4x - 3.tif,ConvPaint,10,546.4592065557432,311.17300185487665,36121.0,2186.184991673349,0.23519708216190338,107.22719523910295,0.09497204992326126,C:\Users\sophi\napari-organoid-segmentation\reports\segmentations\organoid_measurements_all_kbO_segmentations\7d-Snap-1413-4x - 3_labels.tif
7d-Snap-1413-4x - 3.tif,ConvPaint,11,966.644591122084,1447.3924925681463,99235.0,8552.431129359547,0.22418005764484406,177.72867398213623,0.017048868728970958,C:\Users\sophi\napari-organoid-segmentation\reports\segmentations\organoid_measurements_all_kbO_segmentations\7d-Snap-1413-4x - 3_labels.tif
7d-Snap-1413-4x - 3.tif,ConvPaint,12,956.7556471089644,758.2246768006819,42234.0,4141.740474307676,0.2333076149225235,115.94610701996947,0.030939003062742214,C:\Users\sophi\napari-organoid-segmentation\reports\segmentations\organoid_measurements_all_kbO_segmentations\7d-Snap-1413-4x - 3_labels.tif
7d-Snap-1413-4x - 3.tif,ConvPaint,13,958.8704212073316,336.22258270249284,36063.0,2269.0134187980957,0.21292009949684143,107.14107254198103,0.0880232880552012,C:\Users\sophi\napari-organoid-segmentation\reports\segmentations\organoid_measurements_all_kbO_segmentations\7d-Snap-1413-4x - 3_labels.tif
7d-Snap-1414-4x - 3.tif,ConvPaint,1,119.36398717321593,258.178678189032,36798.0,1718.5971131946694,0.19638961553573608,108.22738651464854,0.1565618423223531,C:\Users\sophi\napari-organoid-segmentation\reports\segmentations\organoid_measurements_all_kbO_segmentations\7d-Snap-1414-4x - 3_labels.tif
7d-Snap-1414-4x - 3.tif,ConvPaint,2,110.46889816715024,689.878163847805,42393.0,2456.1444071335336,0.20411507785320282,116.16415542235667,0.08830722156904451,C:\Users\sophi\napari-organoid-segmentation\reports\segmentations\organoid_measurements_all_kbO_segmentations\7d-Snap-1414-4x - 3_labels.tif
7d-Snap-1414-4x - 3.tif,ConvPaint,3,126.78870100394627,1549.3882061872534,48907.0,1944.467170879758,0.181796595454216,124.77011502595745,0.16254726153145652,C:\Users\sophi\napari-organoid-segmentation\reports\segmentations\organoid_measurements_all_kbO_segmentations\7d-Snap-1414-4x - 3_labels.tif
7d-Snap-1414-4x - 3.tif,ConvPaint,4,133.0016139681608,1109.0746093463429,40893.0,1947.4143930311225,0.18388217687606812,114.0905174662371,0.13550087059621535,C:\Users\sophi\napari-organoid-segmentation\reports\segmentations\organoid_measurements_all_kbO_segmentations\7d-Snap-1414-4x - 3_labels.tif
7d-Snap-1414-4x - 3.tif,ConvPaint,5,149.07834566240754,1901.2269670477472,5948.0,481.4446968344225,0.2098435014486313,43.51215006203655,0.32246902859331733,C:\Users\sophi\napari-organoid-segmentation\reports\segmentations\organoid_measurements_all_kbO_segmentations\7d-Snap-1414-4x - 3_labels.tif
7d-Snap-1414-4x - 3.tif,ConvPaint,6,544.0896210873146,1122.973452577077,42490.0,2407.403245742829,0.1968737542629242,116.29697787969069,0.09212954189193909,C:\Users\sophi\napari-organoid-segmentation\reports\segmentations\organoid_measurements_all_kbO_segmentations\7d-Snap-1414-4x - 3_labels.tif
7d-Snap-1414-4x - 3.tif,ConvPaint,7,533.0118829252732,250.29016136321343,37617.0,1527.2955980045044,0.20013655722141266,109.42514788007213,0.20265056600350492,C:\Users\sophi\napari-organoid-segmentation\reports\segmentations\organoid_measurements_all_kbO_segmentations\7d-Snap-1414-4x - 3_labels.tif
7d-Snap-1414-4x - 3.tif,ConvPaint,8,559.7169780245636,688.5729612724107,42502.0,2271.3504678941936,0.20270641148090363,116.31339898130169,0.10352635643821928,C:\Users\sophi\napari-organoid-segmentation\reports\segmentations\organoid_measurements_all_kbO_segmentations\7d-Snap-1414-4x - 3_labels.tif
7d-Snap-1414-4x - 3.tif,ConvPaint,9,546.3315165587193,1548.0393987535133,40915.0,1098.2579720575186,0.17658744752407074,114.12120308343141,0.42626894165358853,C:\Users\sophi\napari-organoid-segmentation\reports\segmentations\organoid_measurements_all_kbO_segmentations\7d-Snap-1414-4x - 3_labels.tif
7d-Snap-1414-4x - 3.tif,ConvPaint,10,557.2273736450306,1895.5246179966043,7657.0,600.1137443927346,0.20589132606983185,49.369006456574404,0.2671784118944321,C:\Users\sophi\napari-organoid-segmentation\reports\segmentations\organoid_measurements_all_kbO_segmentations\7d-Snap-1414-4x - 3_labels.tif
7d-Snap-1414-4x - 3.tif,ConvPaint,11,963.5425892028786,249.2640856548231,39881.0,1838.5737725975564,0.19724465906620026,112.66994528664578,0.14825651338206206,C:\Users\sophi\napari-organoid-segmentation\reports\segmentations\organoid_measurements_all_kbO_segmentations\7d-Snap-1414-4x - 3_labels.tif
7d-Snap-1414-4x - 3.tif,ConvPaint,12,973.3673925084817,1637.3018417226338,57772.0,4727.8266940211915,0.19331979751586914,135.60751728650575,0.032479113715148174,C:\Users\sophi\napari-organoid-segmentation\reports\segmentations\organoid_measurements_all_kbO_segmentations\7d-Snap-1414-4x - 3_labels.tif
7d-Snap-1414-4x - 3.tif,ConvPaint,13,959.6671059968571,682.3610787245907,39454.0,1886.6692270270614,0.2043384313583374,112.06515180686313,0.1392866113016049,C:\Users\sophi\napari-organoid-segmentation\reports\segmentations\organoid_measurements_all_kbO_segmentations\7d-Snap-1414-4x - 3_labels.tif
7d-Snap-1414-4x - 3.tif,ConvPaint,14,968.9884170943925,1124.576674992452,36433.0,1308.2295808265224,0.1904289573431015,107.68929419089925,0.2675080576733255,C:\Users\sophi\napari-organoid-segmentation\reports\segmentations\organoid_measurements_all_kbO_segmentations\7d-Snap-1414-4x - 3_labels.tif
7d-Snap-1431-4x - 4.tif,ConvPaint,1,322.9957812310307,1773.8825421876898,32948.0,1675.0702012600882,0.20647390186786652,102.40934591131581,0.1475614437521278,C:\Users\sophi\napari-organoid-segmentation\reports\segmentations\organoid_measurements_all_kbO_segmentations\7d-Snap-1431-4x - 4_labels.tif
7d-Snap-1431-4x - 4.tif,ConvPaint,2,340.1413365393074,1350.2761340644518,34103.0,1934.6275964667188,0.2162628471851349,104.18887679846546,0.1145005814585652,C:\Users\sophi\napari-organoid-segmentation\reports\segmentations\organoid_measurements_all_kbO_segmentations\7d-Snap-1431-4x - 4_labels.tif
7d-Snap-1431-4x - 4.tif,ConvPaint,3,348.15996043381494,937.2293425654432,28307.0,1410.6732316404182,0.23216859996318817,94.923115984488,0.1787519787571688,C:\Users\sophi\napari-organoid-segmentation\reports\segmentations\organoid_measurements_all_kbO_segmentations\7d-Snap-1431-4x - 4_labels.tif
7d-Snap-1431-4x - 4.tif,ConvPaint,4,351.4253943217666,514.3882492113564,25360.0,953.8610024378486,0.2287527173757553,89.84619476427999,0.35025869580698665,C:\Users\sophi\napari-organoid-segmentation\reports\segmentations\organoid_measurements_all_kbO_segmentations\7d-Snap-1431-4x - 4_labels.tif
7d-Snap-1431-4x - 4.tif,ConvPaint,5,353.5945229681979,99.66213928150765,27168.0,1082.607214462436,0.2272024154663086,92.99377929647352,0.2912900826815045,C:\Users\sophi\napari-organoid-segmentation\reports\segmentations\organoid_measurements_all_kbO_segmentations\7d-Snap-1431-4x - 4_labels.tif
7d-Snap-1431-4x - 4.tif,ConvPaint,6,787.8159939248787,1805.338512763596,34238.0,1367.335136523794,0.18179664015769958,104.39489395157517,0.23012738555197595,C:\Users\sophi\napari-organoid-segmentation\reports\segmentations\organoid_measurements_all_kbO_segmentations\7d-Snap-1431-4x - 4_labels.tif
7d-Snap-1431-4x - 4.tif,ConvPaint,7,799.6090766641519,1378.341042307469,34462.0,1031.938166904124,0.18477196991443634,104.73583578539771,0.4066708011389591,C:\Users\sophi\napari-organoid-segmentation\reports\segmentations\organoid_measurements_all_kbO_segmentations\7d-Snap-1431-4x - 4_labels.tif
7d-Snap-1431-4x - 4.tif,ConvPaint,8,801.7103978602474,533.1662654630559,29910.0,1096.897582364308,0.21403269469738007,97.57381152623473,0.31238783878722526,C:\Users\sophi\napari-organoid-segmentation\reports\segmentations\organoid_measurements_all_kbO_segmentations\7d-Snap-1431-4x - 4_labels.tif
7d-Snap-1431-4x - 4.tif,ConvPaint,9,801.3700565895783,947.9868829936868,30571.0,1076.8143212436225,0.19454757869243622,98.6460923226291,0.33131253184672854,C:\Users\sophi\napari-organoid-segmentation\reports\segmentations\organoid_measurements_all_kbO_segmentations\7d-Snap-1431-4x - 4_labels.tif
7d-Snap-1431-4x - 4.tif,ConvPaint,10,802.9061327046561,117.44743617582282,32237.0,958.8315651863257,0.20280241966247559,101.29835043527046,0.4406358595225685,C:\Users\sophi\napari-organoid-segmentation\reports\segmentations\organoid_measurements_all_kbO_segmentations\7d-Snap-1431-4x - 4_labels.tif
7d-Snap-1432-4x - 4.tif,ConvPaint,1,122.28633834312757,1518.252717249987,38458.0,1273.447834896002,0.1886044442653656,110.64159074622988,0.298012335068528,C:\Users\sophi\napari-organoid-segmentation\reports\segmentations\organoid_measurements_all_kbO_segmentations\7d-Snap-1432-4x - 4_labels.tif
7d-Snap-1432-4x - 4.tif,ConvPaint,2,118.37452413583067,1884.497487437186,13134.0,716.5695885154503,0.17154906690120697,64.65819395202674,0.3214327550972251,C:\Users\sophi\napari-organoid-segmentation\reports\segmentations\organoid_measurements_all_kbO_segmentations\7d-Snap-1432-4x - 4_labels.tif
7d-Snap-1432-4x - 4.tif,ConvPaint,3,133.61095078979343,247.36110267314703,39504.0,1288.9219689819474,0.20544546842575073,112.13613932985417,0.298811759278622,C:\Users\sophi\napari-organoid-segmentation\reports\segmentations\organoid_measurements_all_kbO_segmentations\7d-Snap-1432-4x - 4_labels.tif
7d-Snap-1432-4x - 4.tif,ConvPaint,4,130.83968698778617,670.7628879606619,37826.0,1065.2640687119285,0.1970483958721161,109.72870980189307,0.418876238716107,C:\Users\sophi\napari-organoid-segmentation\reports\segmentations\organoid_measurements_all_kbO_segmentations\7d-Snap-1432-4x - 4_labels.tif
7d-Snap-1432-4x - 4.tif,ConvPaint,5,137.9761175457069,1098.734804250024,41788.0,1314.5249993622774,0.1920604109764099,115.33227442415347,0.3038951369404419,C:\Users\sophi\napari-organoid-segmentation\reports\segmentations\organoid_measurements_all_kbO_segmentations\7d-Snap-1432-4x - 4_labels.tif
7d-Snap-1432-4x - 4.tif,ConvPaint,6,531.0999947932937,1098.511636988441,38412.0,1136.0275246792191,0.20193986594676971,110.57540118892523,0.374023660503514,C:\Users\sophi\napari-organoid-segmentation\reports\segmentations\organoid_measurements_all_kbO_segmentations\7d-Snap-1432-4x - 4_labels.tif
7d-Snap-1432-4x - 4.tif,ConvPaint,7,529.3437207774156,654.8208355447722,39567.0,1079.6782822743016,0.19837060570716858,112.22551967638219,0.42653458952784773,C:\Users\sophi\napari-organoid-segmentation\reports\segmentations\organoid_measurements_all_kbO_segmentations\7d-Snap-1432-4x - 4_labels.tif
7d-Snap-1432-4x - 4.tif,ConvPaint,8,546.6517521741367,1510.0624195955334,38866.0,1255.3412331782038,0.1909327507019043,111.22693934663134,0.30992465212245685,C:\Users\sophi\napari-organoid-segmentation\reports\segmentations\organoid_measurements_all_kbO_segmentations\7d-Snap-1432-4x - 4_labels.tif
7d-Snap-1432-4x - 4.tif,ConvPaint,9,555.9671375464684,236.59977695167285,40350.0,1215.5128060534576,0.20431439578533173,113.3305073998875,0.34318976365745296,C:\Users\sophi\napari-organoid-segmentation\reports\segmentations\organoid_measurements_all_kbO_segmentations\7d-Snap-1432-4x - 4_labels.tif
7d-Snap-1432-4x - 4.tif,ConvPaint,10,545.1173311299318,1881.204296632927,14523.0,736.4335495461293,0.17640309035778046,67.99128236066144,0.3365108493076493,C:\Users\sophi\napari-organoid-segmentation\reports\segmentations\organoid_measurements_all_kbO_segmentations\7d-Snap-1432-4x - 4_labels.tif
7d-Snap-1432-4x - 4.tif,ConvPaint,11,951.6923950956558,642.3912641369834,37844.0,1376.2062402294093,0.2043221890926361,109.75481462213571,0.2510960334832927,C:\Users\sophi\napari-organoid-segmentation\reports\segmentations\organoid_measurements_all_kbO_segmentations\7d-Snap-1432-4x - 4_labels.tif
7d-Snap-1432-4x - 4.tif,ConvPaint,12,969.7321140196042,1631.0141961167237,53254.0,3321.4570696119918,0.1845029890537262,130.19706094544372,0.060660335922007334,C:\Users\sophi\napari-organoid-segmentation\reports\segmentations\organoid_measurements_all_kbO_segmentations\7d-Snap-1432-4x - 4_labels.tif
7d-Snap-1432-4x - 4.tif,ConvPaint,13,953.1255610260316,230.20528792535973,36763.0,1067.8559518039651,0.2051631361246109,108.17590464504883,0.4051309879556942,C:\Users\sophi\napari-organoid-segmentation\reports\segmentations\organoid_measurements_all_kbO_segmentations\7d-Snap-1432-4x - 4_labels.tif
7d-Snap-1432-4x - 4.tif,ConvPaint,14,963.0271874019343,1089.9194933386586,35053.0,1121.3940110268397,0.19234684109687805,105.63009249451794,0.3502826222064267,C:\Users\sophi\napari-organoid-segmentation\reports\segmentations\organoid_measurements_all_kbO_segmentations\7d-Snap-1432-4x - 4_labels.tif
7d-Snap-1433-4x - 4.tif,ConvPaint,1,106.39975759492003,1652.284667878692,37953.0,1187.9503602129437,0.17940621078014374,109.91276136251608,0.33795539779866174,C:\Users\sophi\napari-organoid-segmentation\reports\segmentations\organoid_measurements_all_kbO_segmentations\7d-Snap-1433-4x - 4_labels.tif
7d-Snap-1433-4x - 4.tif,ConvPaint,2,132.53998136980928,1205.619944109428,40794.0,1262.3534264870236,0.20291124284267426,113.95232993222015,0.3216949394754797,C:\Users\sophi\napari-organoid-segmentation\reports\segmentations\organoid_measurements_all_kbO_segmentations\7d-Snap-1433-4x - 4_labels.tif
7d-Snap-1433-4x - 4.tif,ConvPaint,3,133.90178306092125,769.6074294205052,40380.0,1324.7148622007608,0.21026338636875153,113.3726298720351,0.2891554358884831,C:\Users\sophi\napari-organoid-segmentation\reports\segmentations\organoid_measurements_all_kbO_segmentations\7d-Snap-1433-4x - 4_labels.tif
7d-Snap-1433-4x - 4.tif,ConvPaint,4,154.14193256272307,356.1669418846215,37546.0,1056.335136523794,0.21061664819717407,109.3218321592563,0.4228341816926169,C:\Users\sophi\napari-organoid-segmentation\reports\segmentations\organoid_measurements_all_kbO_segmentations\7d-Snap-1433-4x - 4_labels.tif
7d-Snap-1433-4x - 4.tif,ConvPaint,5,504.57623271588835,1642.5087398904252,38330.0,1186.6549416771886,0.1932912915945053,110.45731273856293,0.3420580211935489,C:\Users\sophi\napari-organoid-segmentation\reports\segmentations\organoid_measurements_all_kbO_segmentations\7d-Snap-1433-4x - 4_labels.tif
7d-Snap-1433-4x - 4.tif,ConvPaint,6,516.8252894982031,333.24522827099696,37565.0,2112.131167804187,0.24283640086650848,109.34948959411788,0.10581603558591057,C:\Users\sophi\napari-organoid-segmentation\reports\segmentations\organoid_measurements_all_kbO_segmentations\7d-Snap-1433-4x - 4_labels.tif
7d-Snap-1433-4x - 4.tif,ConvPaint,7,508.43958832651913,1206.7452135908643,35465.0,1122.583873865323,0.20916828513145447,106.24904758871082,0.35364883340614994,C:\Users\sophi\napari-organoid-segmentation\reports\segmentations\organoid_measurements_all_kbO_segmentations\7d-Snap-1433-4x - 4_labels.tif
7d-Snap-1433-4x - 4.tif,ConvPaint,8,528.6629675774346,781.6724132935416,34513.0,1049.0803025278549,0.21568559110164642,104.81330593899406,0.39407157516255414,C:\Users\sophi\napari-organoid-segmentation\reports\segmentations\organoid_measurements_all_kbO_segmentations\7d-Snap-1433-4x - 4_labels.tif
7d-Snap-1433-4x - 4.tif,ConvPaint,9,931.1611321757191,1669.7865336778805,41407.0,1728.7564927611033,0.1845637559890747,114.80530239153687,0.1741068996100472,C:\Users\sophi\napari-organoid-segmentation\reports\segmentations\organoid_measurements_all_kbO_segmentations\7d-Snap-1433-4x - 4_labels.tif
7d-Snap-1433-4x - 4.tif,ConvPaint,10,940.9129885002625,1221.7384406165004,41914.0,1472.2234841721124,0.20875948667526245,115.50601962455205,0.24300851464760054,C:\Users\sophi\napari-organoid-segmentation\reports\segmentations\organoid_measurements_all_kbO_segmentations\7d-Snap-1433-4x - 4_labels.tif
7d-Snap-1433-4x - 4.tif,ConvPaint,11,938.235950011225,342.2054927785677,40089.0,1506.7920266670362,0.22451017796993256,112.9633791421892,0.22188526388576815,C:\Users\sophi\napari-organoid-segmentation\reports\segmentations\organoid_measurements_all_kbO_segmentations\7d-Snap-1433-4x - 4_labels.tif
7d-Snap-1433-4x - 4.tif,ConvPaint,12,944.0657658531852,789.6476153510262,41222.0,2403.906817080297,0.2259441763162613,114.54854921939527,0.08964037504037745,C:\Users\sophi\napari-organoid-segmentation\reports\segmentations\organoid_measurements_all_kbO_segmentations\7d-Snap-1433-4x - 4_labels.tif
7d-Snap-1434-4x - 4.tif,ConvPaint,1,118.19181335568595,47.973968520070784,21474.0,1280.2579720575186,0.22252628207206726,82.6763962440957,0.16463714834559598,C:\Users\sophi\napari-organoid-segmentation\reports\segmentations\organoid_measurements_all_kbO_segmentations\7d-Snap-1434-4x - 4_labels.tif
7d-Snap-1434-4x - 4.tif,ConvPaint,2,114.86864458344489,425.0413026017962,41087.0,1210.9919907732863,0.20305265486240387,114.36082499542144,0.35207221651012915,C:\Users\sophi\napari-organoid-segmentation\reports\segmentations\organoid_measurements_all_kbO_segmentations\7d-Snap-1434-4x - 4_labels.tif
7d-Snap-1434-4x - 4.tif,ConvPaint,3,121.8414020712416,870.1730966200068,43935.0,2285.398195108946,0.22295968234539032,118.2579589265976,0.1057052930682086,C:\Users\sophi\napari-organoid-segmentation\reports\segmentations\organoid_measurements_all_kbO_segmentations\7d-Snap-1434-4x - 4_labels.tif
7d-Snap-1434-4x - 4.tif,ConvPaint,4,124.08473391104563,1284.4038658442175,40043.0,2251.852993211135,0.1970432847738266,112.8985507987482,0.0992330638842667,C:\Users\sophi\napari-organoid-segmentation\reports\segmentations\organoid_measurements_all_kbO_segmentations\7d-Snap-1434-4x - 4_labels.tif
7d-Snap-1434-4x - 4.tif,ConvPaint,5,115.66961925851847,1711.1510345977094,41997.0,1471.8214639185592,0.17519038915634155,115.62032818696139,0.2436227651403339,C:\Users\sophi\napari-organoid-segmentation\reports\segmentations\organoid_measurements_all_kbO_segmentations\7d-Snap-1434-4x - 4_labels.tif
7d-Snap-1434-4x - 4.tif,ConvPaint,6,519.0606405281235,1274.442370310897,44838.0,2120.54538136656,0.2098032534122467,119.46706105328282,0.1253028515248225,C:\Users\sophi\napari-organoid-segmentation\reports\segmentations\organoid_measurements_all_kbO_segmentations\7d-Snap-1434-4x - 4_labels.tif
7d-Snap-1434-4x - 4.tif,ConvPaint,7,532.9332934561551,864.7003230051441,41795.0,1705.059053971795,0.20949257910251617,115.34193380142165,0.18065722844505472,C:\Users\sophi\napari-organoid-segmentation\reports\segmentations\organoid_measurements_all_kbO_segmentations\7d-Snap-1434-4x - 4_labels.tif
7d-Snap-1434-4x - 4.tif,ConvPaint,8,525.0838377247261,1688.5721485948293,44443.0,1814.7747827243331,0.18501929938793182,118.93967492668799,0.16957731686011418,C:\Users\sophi\napari-organoid-segmentation\reports\segmentations\organoid_measurements_all_kbO_segmentations\7d-Snap-1434-4x - 4_labels.tif
7d-Snap-1434-4x - 4.tif,ConvPaint,9,557.8493983987119,428.198707339983,44714.0,1475.1351724175438,0.20345982909202576,119.30175292434733,0.2582199246232852,C:\Users\sophi\napari-organoid-segmentation\reports\segmentations\organoid_measurements_all_kbO_segmentations\7d-Snap-1434-4x - 4_labels.tif
7d-Snap-1434-4x - 4.tif,ConvPaint,10,561.2030934767989,43.663390409187315,19331.0,933.0142853498728,0.21674847602844238,78.44264407717819,0.2790535798934176,C:\Users\sophi\napari-organoid-segmentation\reports\segmentations\organoid_measurements_all_kbO_segmentations\7d-Snap-1434-4x - 4_labels.tif
7d-Snap-1434-4x - 4.tif,ConvPaint,11,951.6887928922933,1707.8308134226993,44909.0,1323.010280736516,0.17782628536224365,119.56161038823397,0.32241616704881043,C:\Users\sophi\napari-organoid-segmentation\reports\segmentations\organoid_measurements_all_kbO_segmentations\7d-Snap-1434-4x - 4_labels.tif
7d-Snap-1434-4x - 4.tif,ConvPaint,12,973.8086154440527,855.1180760129425,41414.0,1975.793072687563,0.20699168741703033,114.81500610292849,0.1333134987237922,C:\Users\sophi\napari-organoid-segmentation\reports\segmentations\organoid_measurements_all_kbO_segmentations\7d-Snap-1434-4x - 4_labels.tif
7d-Snap-1434-4x - 4.tif,ConvPaint,13,968.1626804832531,435.35116884392494,40724.0,2229.651983084358,0.20607687532901764,113.85452035360164,0.10294046613371306,C:\Users\sophi\napari-organoid-segmentation\reports\segmentations\organoid_measurements_all_kbO_segmentations\7d-Snap-1434-4x - 4_labels.tif
7d-Snap-1434-4x - 4.tif,ConvPaint,14,956.4743919217091,1293.2512784570256,38523.0,1640.7331521639903,0.1966996043920517,110.73505201813096,0.17982665167230788,C:\Users\sophi\napari-organoid-segmentation\reports\segmentations\organoid_measurements_all_kbO_segmentations\7d-Snap-1434-4x - 4_labels.tif
7d-Snap-1434-4x - 4.tif,ConvPaint,15,966.7539249291185,54.17912911006729,23631.0,911.0437226013956,0.20367500185966492,86.72935443325494,0.3577779111416547,C:\Users\sophi\napari-organoid-segmentation\reports\segmentations\organoid_measurements_all_kbO_segmentations\7d-Snap-1434-4x - 4_labels.tif
7d-Snap-1472-4x - 5.tif,ConvPaint,1,499.90920191508354,1378.7599563383565,849258.0,30484.59840026788,0.23724590241909027,519.9300119445633,0.011483877588145416,C:\Users\sophi\napari-organoid-segmentation\reports\segmentations\organoid_measurements_all_kbO_segmentations\7d-Snap-1472-4x - 5_labels.tif
7d-Snap-1472-4x - 5.tif,ConvPaint,2,579.0766520256982,794.2165005900092,61016.0,3724.7983027901955,0.21340380609035492,139.3628214962304,0.05526473296796736,C:\Users\sophi\napari-organoid-segmentation\reports\segmentations\organoid_measurements_all_kbO_segmentations\7d-Snap-1472-4x - 5_labels.tif
7d-Snap-1472-4x - 5.tif,ConvPaint,3,597.4402700928445,357.4631717152771,53315.0,3750.0886706920674,0.21469198167324066,130.271606967477,0.04764048828920772,C:\Users\sophi\napari-organoid-segmentation\reports\segmentations\organoid_measurements_all_kbO_segmentations\7d-Snap-1472-4x - 5_labels.tif
7d-Snap-1472-4x - 5.tif,ConvPaint,4,930.5213540018981,890.0333755140779,6322.0,1672.3483758531402,0.33305296301841736,44.85928109604438,0.02840605018942479,C:\Users\sophi\napari-organoid-segmentation\reports\segmentations\organoid_measurements_all_kbO_segmentations\7d-Snap-1472-4x - 5_labels.tif
7d-Snap-1472-4x - 5.tif,ConvPaint,5,961.1726317895368,792.4136240872261,49985.0,1306.5300499961609,0.1575634479522705,126.13770118761788,0.36796859512786045,C:\Users\sophi\napari-organoid-segmentation\reports\segmentations\organoid_measurements_all_kbO_segmentations\7d-Snap-1472-4x - 5_labels.tif
7d-Snap-1472-4x - 5.tif,ConvPaint,6,972.0234755523967,360.76879821059015,47837.0,1300.944263558534,0.15882381796836853,123.39769051880182,0.35518647414699756,C:\Users\sophi\napari-organoid-segmentation\reports\segmentations\organoid_measurements_all_kbO_segmentations\7d-Snap-1472-4x - 5_labels.tif
7d-Snap-1472-4x - 5.tif,ConvPaint,7,983.912433923236,24.82038611813376,8702.0,521.6162697096763,0.2102973908185959,52.63014943519871,0.40190803151674276,C:\Users\sophi\napari-organoid-segmentation\reports\segmentations\organoid_measurements_all_kbO_segmentations\7d-Snap-1472-4x - 5_labels.tif
7d-Snap-1473-4x - 5.tif,ConvPaint,1,119.48083820662768,224.58479532163742,51300.0,2272.806312016909,0.17278455197811127,127.78613837669742,0.12479649138537754,C:\Users\sophi\napari-organoid-segmentation\reports\segmentations\organoid_measurements_all_kbO_segmentations\7d-Snap-1473-4x - 5_labels.tif
7d-Snap-1473-4x - 5.tif,ConvPaint,2,117.90834740697167,631.5633882995883,52699.0,1920.1301217836606,0.16430480778217316,129.5168432753037,0.17961843870492664,C:\Users\sophi\napari-organoid-segmentation\reports\segmentations\organoid_measurements_all_kbO_segmentations\7d-Snap-1473-4x - 5_labels.tif
7d-Snap-1473-4x - 5.tif,ConvPaint,3,130.7785354333328,1074.5447136893574,60127.0,1977.3666658163702,0.16625986993312836,138.34384166479106,0.19324353896723762,C:\Users\sophi\napari-organoid-segmentation\reports\segmentations\organoid_measurements_all_kbO_segmentations\7d-Snap-1473-4x - 5_labels.tif
7d-Snap-1473-4x - 5.tif,ConvPaint,4,648.1180006092413,1428.8523848651857,889631.0,19181.976362049325,0.22495825588703156,532.1450388339366,0.030383168975479238,C:\Users\sophi\napari-organoid-segmentation\reports\segmentations\organoid_measurements_all_kbO_segmentations\7d-Snap-1473-4x - 5_labels.tif
7d-Snap-1473-4x - 5.tif,ConvPaint,5,554.1842283066825,637.6060294070332,62162.0,2257.8479425772516,0.17551572620868683,140.6654866872354,0.15323058584737062,C:\Users\sophi\napari-organoid-segmentation\reports\segmentations\organoid_measurements_all_kbO_segmentations\7d-Snap-1473-4x - 5_labels.tif
7d-Snap-1473-4x - 5.tif,ConvPaint,6,567.0115167685501,199.50030396163328,59218.0,2384.847942577252,0.1906720995903015,137.29411800959178,0.13084050515825654,C:\Users\sophi\napari-organoid-segmentation\reports\segmentations\organoid_measurements_all_kbO_segmentations\7d-Snap-1473-4x - 5_labels.tif
7d-Snap-1473-4x - 5.tif,ConvPaint,7,976.2203579418344,199.78803131991052,48276.0,1395.613311116846,0.13378198444843292,123.96260752907983,0.31146620878461184,C:\Users\sophi\napari-organoid-segmentation\reports\segmentations\organoid_measurements_all_kbO_segmentations\7d-Snap-1473-4x - 5_labels.tif
7d-Snap-1474-4x - 5.tif,ConvPaint,1,109.62974378732422,19.985166634559814,5191.0,947.9137802864844,0.2763417959213257,40.64906664586602,0.07259775973214048,C:\Users\sophi\napari-organoid-segmentation\reports\segmentations\organoid_measurements_all_kbO_segmentations\7d-Snap-1474-4x - 5_labels.tif
7d-Snap-1474-4x - 5.tif,ConvPaint,2,99.32801064537591,343.80057662452873,45090.0,1402.9858941188766,0.1638643443584442,119.80230702297482,0.2878614377485733,C:\Users\sophi\napari-organoid-segmentation\reports\segmentations\organoid_measurements_all_kbO_segmentations\7d-Snap-1474-4x - 5_labels.tif
7d-Snap-1474-4x - 5.tif,ConvPaint,3,108.99037077581139,779.969571651564,49329.0,1620.8803384216048,0.158145934343338,125.30725587754371,0.23594472217558993,C:\Users\sophi\napari-organoid-segmentation\reports\segmentations\organoid_measurements_all_kbO_segmentations\7d-Snap-1474-4x - 5_labels.tif
7d-Snap-1474-4x - 5.tif,ConvPaint,4,119.44389911872179,1194.2768145016837,55828.0,1825.9757928511096,0.15906068682670593,133.30643017449933,0.21041267728415528,C:\Users\sophi\napari-organoid-segmentation\reports\segmentations\organoid_measurements_all_kbO_segmentations\7d-Snap-1474-4x - 5_labels.tif
7d-Snap-1474-4x - 5.tif,ConvPaint,5,599.3228992218515,1632.3579057706265,493222.0,23238.87848743324,0.24613724648952484,396.2290230199469,0.01147683066143626,C:\Users\sophi\napari-organoid-segmentation\reports\segmentations\organoid_measurements_all_kbO_segmentations\7d-Snap-1474-4x - 5_labels.tif
7d-Snap-1474-4x - 5.tif,ConvPaint,6,518.6339955692132,334.50276924176376,55972.0,2777.6774157225245,0.17461659014225006,133.47824148331867,0.09116267788315846,C:\Users\sophi\napari-organoid-segmentation\reports\segmentations\organoid_measurements_all_kbO_segmentations\7d-Snap-1474-4x - 5_labels.tif
7d-Snap-1474-4x - 5.tif,ConvPaint,7,536.0971059597911,770.4591292838235,55908.0,2973.6246378738883,0.18056093156337738,133.4019082200977,0.07945322459146269,C:\Users\sophi\napari-organoid-segmentation\reports\segmentations\organoid_measurements_all_kbO_segmentations\7d-Snap-1474-4x - 5_labels.tif
7d-Snap-1474-4x - 5.tif,ConvPaint,8,529.6235161009573,1176.8714012184507,57450.0,2058.1128778409575,0.1666509211063385,135.2290758722353,0.17043607211542972,C:\Users\sophi\napari-organoid-segmentation\reports\segmentations\organoid_measurements_all_kbO_segmentations\7d-Snap-1474-4x - 5_labels.tif
7d-Snap-1474-4x - 5.tif,ConvPaint,9,521.4449737970463,24.672701286326824,8396.0,1132.263022691402,0.25762829184532166,51.69651636618377,0.08229768997512484,C:\Users\sophi\napari-organoid-segmentation\reports\segmentations\organoid_measurements_all_kbO_segmentations\7d-Snap-1474-4x - 5_labels.tif
7d-Snap-1474-4x - 5.tif,ConvPaint,10,940.9470054202816,339.4528703998926,59591.0,3151.565763370843,0.18600605428218842,137.72583064762495,0.07539417435045448,C:\Users\sophi\napari-organoid-segmentation\reports\segmentations\organoid_measurements_all_kbO_segmentations\7d-Snap-1474-4x - 5_labels.tif
7d-Snap-1474-4x - 5.tif,ConvPaint,11,954.4926168514069,752.3186187117278,51604.0,2903.73629022557,0.18031799793243408,128.16420470095517,0.07690930484340575,C:\Users\sophi\napari-organoid-segmentation\reports\segmentations\organoid_measurements_all_kbO_segmentations\7d-Snap-1474-4x - 5_labels.tif
7d-Snap-1474-4x - 5.tif,ConvPaint,12,946.3926373375883,27.565990426259404,8774.0,1348.1635636485403,0.28851956129074097,52.84743079258045,0.06066278200163435,C:\Users\sophi\napari-organoid-segmentation\reports\segmentations\organoid_measurements_all_kbO_segmentations\7d-Snap-1474-4x - 5_labels.tif
7d-Snap-1475-4x - 5.tif,ConvPaint,1,102.71200075939154,225.3520729015876,42139.0,1077.126983722081,0.16339677572250366,115.81563061132445,0.45641538739132115,C:\Users\sophi\napari-organoid-segmentation\reports\segmentations\organoid_measurements_all_kbO_segmentations\7d-Snap-1475-4x - 5_labels.tif
7d-Snap-1475-4x - 5.tif,ConvPaint,2,107.16267387028743,665.3967678491031,42201.0,1224.5594872476836,0.16884192824363708,115.90080028559834,0.3536493233889595,C:\Users\sophi\napari-organoid-segmentation\reports\segmentations\organoid_measurements_all_kbO_segmentations\7d-Snap-1475-4x - 5_labels.tif
7d-Snap-1475-4x - 5.tif,ConvPaint,3,97.05147454394287,1086.4817821685333,40894.0,1134.813275223096,0.15848703682422638,114.09191244606225,0.39904386797087243,C:\Users\sophi\napari-organoid-segmentation\reports\segmentations\organoid_measurements_all_kbO_segmentations\7d-Snap-1475-4x - 5_labels.tif
7d-Snap-1475-4x - 5.tif,ConvPaint,4,624.8309737306112,1456.3097687081665,636901.0,22375.879174516267,0.26938703656196594,450.25757608322647,0.015985328970356115,C:\Users\sophi\napari-organoid-segmentation\reports\segmentations\organoid_measurements_all_kbO_segmentations\7d-Snap-1475-4x - 5_labels.tif
7d-Snap-1475-4x - 5.tif,ConvPaint,5,466.4251407750911,1180.7472673070554,6038.0,1743.2600640985718,0.3338756561279297,43.84010826603566,0.024967704198813064,C:\Users\sophi\napari-organoid-segmentation\reports\segmentations\organoid_measurements_all_kbO_segmentations\7d-Snap-1475-4x - 5_labels.tif
7d-Snap-1475-4x - 5.tif,ConvPaint,6,515.1032479171181,1093.5024718835555,50771.0,1926.3788591251898,0.1554502546787262,127.12557268872867,0.17192624364776923,C:\Users\sophi\napari-organoid-segmentation\reports\segmentations\organoid_measurements_all_kbO_segmentations\7d-Snap-1475-4x - 5_labels.tif
7d-Snap-1475-4x - 5.tif,ConvPaint,7,501.388624109378,1527.2969381860196,41544.0,1075.908729652601,0.20148909091949463,114.99506907524078,0.4509904141919392,C:\Users\sophi\napari-organoid-segmentation\reports\segmentations\organoid_measurements_all_kbO_segmentations\7d-Snap-1475-4x - 5_labels.tif
7d-Snap-1475-4x - 5.tif,ConvPaint,8,522.2221732487071,669.2967207334274,34032.0,1658.1351724175438,0.19111910462379456,104.08036340543188,0.15554550786139926,C:\Users\sophi\napari-organoid-segmentation\reports\segmentations\organoid_measurements_all_kbO_segmentations\7d-Snap-1475-4x - 5_labels.tif
7d-Snap-1475-4x - 5.tif,ConvPaint,9,520.3605757575757,243.80857575757577,33000.0,1558.1646096690667,0.18354608118534088,102.49012754438884,0.17080364395440764,C:\Users\sophi\napari-organoid-segmentation\reports\segmentations\organoid_measurements_all_kbO_segmentations\7d-Snap-1475-4x - 5_labels.tif
Condição  2 - 53.jpg,ConvPaint,1,55.44642678660669,219.93308345827086,20010.0,1565.9514062334702,0.3053281605243683,79.8084007015405,0.10254167100951347,C:\Users\sophi\napari-organoid-segmentation\reports\segmentations\organoid_measurements_all_kbO_segmentations\Condição  2 - 53_labels.tif
Condição  2 - 53.jpg,ConvPaint,2,149.5594891805605,1560.3322691261676,42285.0,1114.0924958366745,0.2770214378833771,116.01609171697514,0.42810835239295386,C:\Users\sophi\napari-organoid-segmentation\reports\segmentations\organoid_measurements_all_kbO_segmentations\Condição  2 - 53_labels.tif
Condição  2 - 53.jpg,ConvPaint,3,257.7620213659825,1150.007730164446,41655.0,1853.131167804187,0.30603310465812683,115.14859230136425,0.1524279756018182,C:\Users\sophi\napari-organoid-segmentation\reports\segmentations\organoid_measurements_all_kbO_segmentations\Condição  2 - 53_labels.tif
Condição  2 - 53.jpg,ConvPaint,4,356.1546358196249,739.247627632139,39939.0,1771.9240610230004,0.3162153959274292,112.75184497068958,0.15985154559048376,C:\Users\sophi\napari-organoid-segmentation\reports\segmentations\organoid_measurements_all_kbO_segmentations\Condição  2 - 53_labels.tif
Condição  2 - 53.jpg,ConvPaint,5,450.6988660449343,323.3763777024163,37744.0,1857.4265863399423,0.2881280481815338,109.60970916903756,0.137478401070032,C:\Users\sophi\napari-organoid-segmentation\reports\segmentations\organoid_measurements_all_kbO_segmentations\Condição  2 - 53_labels.tif
Condição  2 - 53.jpg,ConvPaint,6,564.536357003891,1665.6530682555124,49344.0,1395.146319705837,0.2673012614250183,125.32630619248685,0.31856987159225114,C:\Users\sophi\napari-organoid-segmentation\reports\segmentations\organoid_measurements_all_kbO_segmentations\Condição  2 - 53_labels.tif
Condição  2 - 53.jpg,ConvPaint,7,675.6666817278149,1257.9377823965299,44264.0,1516.4610742253485,0.30875295400619507,118.69991070779838,0.24187890134946854,C:\Users\sophi\napari-organoid-segmentation\reports\segmentations\organoid_measurements_all_kbO_segmentations\Condição  2 - 53_labels.tif
Condição  2 - 53.jpg,ConvPaint,8,769.3411477296752,842.8630758027765,42571.0,1616.8407999023152,0.3116903305053711,116.40777536200129,0.2046393729641176,C:\Users\sophi\napari-organoid-segmentation\reports\segmentations\organoid_measurements_all_kbO_segmentations\Condição  2 - 53_labels.tif
Condição  2 - 53.jpg,ConvPaint,9,877.2462233959224,428.37781706689344,44683.0,1461.1534623807734,0.28696581721305847,119.26039008971219,0.263002892442537,C:\Users\sophi\napari-organoid-segmentation\reports\segmentations\organoid_measurements_all_kbO_segmentations\Condição  2 - 53_labels.tif
Condição  2 - 53.jpg,ConvPaint,10,974.0611324434692,1770.0892505231507,49221.0,2737.628642487245,0.24436414241790771,125.1700080205013,0.08252988211503677,C:\Users\sophi\napari-organoid-segmentation\reports\segmentations\organoid_measurements_all_kbO_segmentations\Condição  2 - 53_labels.tif
Condição  2 - 53.jpg,ConvPaint,11,982.7923248328794,51.77737063629611,20195.0,1074.7310601229374,0.2877538204193115,80.17648128648234,0.21971217375900204,C:\Users\sophi\napari-organoid-segmentation\reports\segmentations\organoid_measurements_all_kbO_segmentations\Condição  2 - 53_labels.tif
Condição  2 - 53.jpg,ConvPaint,12,1027.9623610643314,1366.0415543954193,23752.0,874.3452377915607,0.27468401193618774,86.95111509714752,0.3904308719859288,C:\Users\sophi\napari-organoid-segmentation\reports\segmentations\organoid_measurements_all_kbO_segmentations\Condição  2 - 53_labels.tif
Condição  2 - 54.jpg,ConvPaint,1,49.793795620437955,203.8521897810219,12056.0,1064.5067093990478,0.3405945599079132,61.947913506685445,0.13369534836296773,C:\Users\sophi\napari-organoid-segmentation\reports\segmentations\organoid_measurements_all_kbO_segmentations\Condição  2 - 54_labels.tif
Condição  2 - 54.jpg,ConvPaint,2,63.29141152457215,1896.0012560841576,6369.0,540.3208511739211,0.29894310235977173,45.02572226077626,0.2741433137197795,C:\Users\sophi\napari-organoid-segmentation\reports\segmentations\organoid_measurements_all_kbO_segmentations\Condição  2 - 54_labels.tif
Condição  2 - 54.jpg,ConvPaint,3,164.91910229645094,1538.426826722338,28740.0,907.3818177180199,0.28428563475608826,95.6463597264535,0.43864833248078355,C:\Users\sophi\napari-organoid-segmentation\reports\segmentations\organoid_measurements_all_kbO_segmentations\Condição  2 - 54_labels.tif
Condição  2 - 54.jpg,ConvPaint,4,260.92519835082976,1131.4946471260785,28863.0,1040.885389055488,0.31005555391311646,95.85081243746842,0.3347692109296142,C:\Users\sophi\napari-organoid-segmentation\reports\segmentations\organoid_measurements_all_kbO_segmentations\Condição  2 - 54_labels.tif
Condição  2 - 54.jpg,ConvPaint,5,363.48553719008265,714.9400826446281,26620.0,1554.290547370621,0.3287923038005829,92.05112259072405,0.13846930218098283,C:\Users\sophi\napari-organoid-segmentation\reports\segmentations\organoid_measurements_all_kbO_segmentations\Condição  2 - 54_labels.tif
Condição  2 - 54.jpg,ConvPaint,6,467.2291374747003,293.49883232134516,25692.0,1381.8458505361987,0.32734689116477966,90.43239240357379,0.1690785753600292,C:\Users\sophi\napari-organoid-segmentation\reports\segmentations\organoid_measurements_all_kbO_segmentations\Condição  2 - 54_labels.tif
Condição  2 - 54.jpg,ConvPaint,7,585.189551292215,1652.4834839596215,37842.0,1253.3889603929563,0.282583087682724,109.75191439317588,0.30269985645034475,C:\Users\sophi\napari-organoid-segmentation\reports\segmentations\organoid_measurements_all_kbO_segmentations\Condição  2 - 54_labels.tif
Condição  2 - 54.jpg,ConvPaint,8,668.5932890440266,1244.2303231618062,35524.0,1559.1950929411162,0.317560076713562,106.33738945823796,0.18362457633868118,C:\Users\sophi\napari-organoid-segmentation\reports\segmentations\organoid_measurements_all_kbO_segmentations\Condição  2 - 54_labels.tif
Condição  2 - 54.jpg,ConvPaint,9,774.8590931385907,820.4887732301488,36698.0,1605.8225099390856,0.31847459077835083,108.08023039933228,0.17883691827923878,C:\Users\sophi\napari-organoid-segmentation\reports\segmentations\organoid_measurements_all_kbO_segmentations\Condição  2 - 54_labels.tif
Condição  2 - 54.jpg,ConvPaint,10,866.5432986090904,415.57254262934293,34366.0,1266.56662992262,0.2958207428455353,104.58985394670054,0.26920477984623,C:\Users\sophi\napari-organoid-segmentation\reports\segmentations\organoid_measurements_all_kbO_segmentations\Condição  2 - 54_labels.tif
Condição  2 - 54.jpg,ConvPaint,11,988.0565551332819,1748.7165864937413,37627.0,2461.3321779309636,0.23807987570762634,109.43969155401294,0.07804929752103054,C:\Users\sophi\napari-organoid-segmentation\reports\segmentations\organoid_measurements_all_kbO_segmentations\Condição  2 - 54_labels.tif
Condição  2 - 54.jpg,ConvPaint,12,995.2447054166391,44.55109850234215,15157.0,661.7117241391812,0.2631324231624603,69.45950579213557,0.43499619252840954,C:\Users\sophi\napari-organoid-segmentation\reports\segmentations\organoid_measurements_all_kbO_segmentations\Condição  2 - 54_labels.tif
Condição  2 - 54.jpg,ConvPaint,13,1043.0777985074626,1342.101119402985,16080.0,891.9493141924172,0.2933967411518097,71.54315459801415,0.25398937922304016,C:\Users\sophi\napari-organoid-segmentation\reports\segmentations\organoid_measurements_all_kbO_segmentations\Condição  2 - 54_labels.tif
Condição  2 - 55.jpg,ConvPaint,1,73.14290952730182,172.06167077805188,29998.0,932.9015869776647,0.2563265264034271,97.71724497621366,0.43314220302088735,C:\Users\sophi\napari-organoid-segmentation\reports\segmentations\organoid_measurements_all_kbO_segmentations\Condição  2 - 55_labels.tif
Condição  2 - 55.jpg,ConvPaint,2,35.57886101046011,586.2303274765844,14627.0,676.7117241391813,0.2957286834716797,68.23429273620637,0.40138184403651705,C:\Users\sophi\napari-organoid-segmentation\reports\segmentations\organoid_measurements_all_kbO_segmentations\Condição  2 - 55_labels.tif
Condição  2 - 55.jpg,ConvPaint,3,112.19992877855216,1874.4372488172153,19657.0,779.8122292025697,0.22711743414402008,79.10131119466209,0.40620664018126845,C:\Users\sophi\napari-organoid-segmentation\reports\segmentations\organoid_measurements_all_kbO_segmentations\Condição  2 - 55_labels.tif
Condição  2 - 55.jpg,ConvPaint,4,191.3223685408812,1513.31103946961,54903.0,1933.9717882377531,0.25516438484191895,132.19745716597072,0.18446147230380397,C:\Users\sophi\napari-organoid-segmentation\reports\segmentations\organoid_measurements_all_kbO_segmentations\Condição  2 - 55_labels.tif
Condição  2 - 55.jpg,ConvPaint,5,293.4387471042847,1086.9654850201484,51369.0,1411.0285706997456,0.2763567864894867,127.87204754509541,0.32421967075655755,C:\Users\sophi\napari-organoid-segmentation\reports\segmentations\organoid_measurements_all_kbO_segmentations\Condição  2 - 55_labels.tif
Condição  2 - 55.jpg,ConvPaint,6,388.67114833132456,670.2153900502889,48122.0,1451.1301217836603,0.2623579204082489,123.76472980189621,0.28717115749450667,C:\Users\sophi\napari-organoid-segmentation\reports\segmentations\organoid_measurements_all_kbO_segmentations\Condição  2 - 55_labels.tif
Condição  2 - 55.jpg,ConvPaint,7,487.2744902224906,254.2225138185703,43058.0,1608.911867714181,0.28699174523353577,117.07171767468716,0.20902546928161783,C:\Users\sophi\napari-organoid-segmentation\reports\segmentations\organoid_measurements_all_kbO_segmentations\Condição  2 - 55_labels.tif
Condição  2 - 55.jpg,ConvPaint,8,633.3762116797684,1605.0952852143,54573.0,1438.7625894155133,0.2488088309764862,131.79956532063377,0.3312908330854966,C:\Users\sophi\napari-organoid-segmentation\reports\segmentations\organoid_measurements_all_kbO_segmentations\Condição  2 - 55_labels.tif
Condição  2 - 55.jpg,ConvPaint,9,717.5567457701604,1179.0433238116166,54612.0,1446.7270555095806,0.28028661012649536,131.84665147158339,0.32788740819831813,C:\Users\sophi\napari-organoid-segmentation\reports\segmentations\organoid_measurements_all_kbO_segmentations\Condição  2 - 55_labels.tif
Condição  2 - 55.jpg,ConvPaint,10,813.5621646748921,765.3700827054562,51629.0,1367.0702012600882,0.240419402718544,128.19524606545644,0.3471538160822367,C:\Users\sophi\napari-organoid-segmentation\reports\segmentations\organoid_measurements_all_kbO_segmentations\Condição  2 - 55_labels.tif
Condição  2 - 55.jpg,ConvPaint,11,901.9376918354819,341.7886622278887,42354.0,1427.8275605729687,0.28798234462738037,116.11070975335682,0.26106747874540953,C:\Users\sophi\napari-organoid-segmentation\reports\segmentations\organoid_measurements_all_kbO_segmentations\Condição  2 - 55_labels.tif
Condição  2 - 55.jpg,ConvPaint,12,1008.9728409534974,1701.662647239435,35826.0,2281.1362184380705,0.22680221498012543,106.78843562118739,0.08651785538317629,C:\Users\sophi\napari-organoid-segmentation\reports\segmentations\organoid_measurements_all_kbO_segmentations\Condição  2 - 55_labels.tif
Condição  2 - 55.jpg,ConvPaint,13,1053.4562756686366,1278.7737153160372,9983.0,602.622366364086,0.28314292430877686,56.37098184148279,0.34544621785000207,C:\Users\sophi\napari-organoid-segmentation\reports\segmentations\organoid_measurements_all_kbO_segmentations\Condição  2 - 55_labels.tif
Condição  2 - 56.jpg,ConvPaint,1,87.19653103808034,270.27616066771,38340.0,1530.271211386865,0.28020304441452026,110.4717205274116,0.20574304184821177,C:\Users\sophi\napari-organoid-segmentation\reports\segmentations\organoid_measurements_all_kbO_segmentations\Condição  2 - 56_labels.tif
Condição  2 - 56.jpg,ConvPaint,2,43.65053349995193,683.4343939248294,20806.0,774.7472580451141,0.28197407722473145,81.38031390907723,0.4355904628585521,C:\Users\sophi\napari-organoid-segmentation\reports\segmentations\organoid_measurements_all_kbO_segmentations\Condição  2 - 56_labels.tif
Condição  2 - 56.jpg,ConvPaint,3,227.81898870888563,1609.1889641629848,50925.0,1158.737156777347,0.26943275332450867,127.31822710794218,0.4766186526393573,C:\Users\sophi\napari-organoid-segmentation\reports\segmentations\organoid_measurements_all_kbO_segmentations\Condição  2 - 56_labels.tif
Condição  2 - 56.jpg,ConvPaint,4,317.94603320072486,1188.329799420966,48011.0,1386.3361825443205,0.29299283027648926,123.62190722347708,0.3139160343691412,C:\Users\sophi\napari-organoid-segmentation\reports\segmentations\organoid_measurements_all_kbO_segmentations\Condição  2 - 56_labels.tif
Condição  2 - 56.jpg,ConvPaint,5,394.1264489158204,762.3872432067226,47363.0,1398.3067452927976,0.2697988450527191,122.7848164038326,0.3043996591306488,C:\Users\sophi\napari-organoid-segmentation\reports\segmentations\organoid_measurements_all_kbO_segmentations\Condição  2 - 56_labels.tif
Condição  2 - 56.jpg,ConvPaint,6,482.3021269812352,357.4138276553106,43912.0,1339.8092706097395,0.2837890684604645,118.2270008166604,0.3074023086379256,C:\Users\sophi\napari-organoid-segmentation\reports\segmentations\organoid_measurements_all_kbO_segmentations\Condição  2 - 56_labels.tif
Condição  2 - 56.jpg,ConvPaint,7,655.1705936381188,1687.9373184127162,53349.0,1974.0306627407986,0.27693602442741394,130.31313870066612,0.17203957404590065,C:\Users\sophi\napari-organoid-segmentation\reports\segmentations\organoid_measurements_all_kbO_segmentations\Condição  2 - 56_labels.tif
Condição  2 - 56.jpg,ConvPaint,8,736.6517877709811,1266.3400220112103,39071.0,3955.8390667987605,0.33982279896736145,111.51988864362663,0.03137524752006237,C:\Users\sophi\napari-organoid-segmentation\reports\segmentations\organoid_measurements_all_kbO_segmentations\Condição  2 - 56_labels.tif
Condição  2 - 56.jpg,ConvPaint,9,826.3608824934954,845.2856953220411,37666.0,1274.4783181680514,0.30545154213905334,109.4963934246177,0.2914032982766675,C:\Users\sophi\napari-organoid-segmentation\reports\segmentations\organoid_measurements_all_kbO_segmentations\Condição  2 - 56_labels.tif
Condição  2 - 56.jpg,ConvPaint,10,911.607233733188,437.08324245728824,38514.0,1197.311795926681,0.28955045342445374,110.72211593210507,0.33760896279421176,C:\Users\sophi\napari-organoid-segmentation\reports\segmentations\organoid_measurements_all_kbO_segmentations\Condição  2 - 56_labels.tif
Condição  2 - 56.jpg,ConvPaint,11,982.703901792991,52.057457212713935,19632.0,745.0609665440988,0.26514115929603577,79.05099420981483,0.4444171259502516,C:\Users\sophi\napari-organoid-segmentation\reports\segmentations\organoid_measurements_all_kbO_segmentations\Condição  2 - 56_labels.tif
Condição  2 - 56.jpg,ConvPaint,12,1022.2220202754554,1766.5178722888647,24759.0,2217.697618258058,0.23690511286258698,88.77519063355749,0.06326132788730823,C:\Users\sophi\napari-organoid-segmentation\reports\segmentations\organoid_measurements_all_kbO_segmentations\Condição  2 - 56_labels.tif
Condição  2 - 56.jpg,ConvPaint,13,1062.6547575647103,1343.8878964637258,5486.0,675.2975105768082,0.3668525218963623,41.78813271258092,0.15117339618289702,C:\Users\sophi\napari-organoid-segmentation\reports\segmentations\organoid_measurements_all_kbO_segmentations\Condição  2 - 56_labels.tif
Condição  2 - 77.jpg,ConvPaint,1,42.425236160736134,261.7163623904851,20431.0,759.8061325481598,0.2634142339229584,80.64359419458577,0.44472741157469603,C:\Users\sophi\napari-organoid-segmentation\reports\segmentations\organoid_measurements_all_kbO_segmentations\Condição  2 - 77_labels.tif
Condição  2 - 77.jpg,ConvPaint,2,29.59095305408824,710.788557399003,13441.0,705.9127342659579,0.2728922963142395,65.4095037452229,0.33895294553912464,C:\Users\sophi\napari-organoid-segmentation\reports\segmentations\organoid_measurements_all_kbO_segmentations\Condição  2 - 77_labels.tif
Condição  2 - 77.jpg,ConvPaint,3,18.88679245283019,1142.820899854862,6890.0,496.8589103967955,0.29434874653816223,46.83113404356463,0.3507219286333966,C:\Users\sophi\napari-organoid-segmentation\reports\segmentations\organoid_measurements_all_kbO_segmentations\Condição  2 - 77_labels.tif
Condição  2 - 77.jpg,ConvPaint,4,306.31709861007187,1569.5538398748386,44103.0,1509.7392488184005,0.25297650694847107,118.48384240209177,0.24314990552214794,C:\Users\sophi\napari-organoid-segmentation\reports\segmentations\organoid_measurements_all_kbO_segmentations\Condição  2 - 77_labels.tif
Condição  2 - 77.jpg,ConvPaint,5,341.15078684497183,1151.410434097388,43147.0,1249.589970519733,0.25832852721214294,117.19264763274195,0.3472365296341371,C:\Users\sophi\napari-organoid-segmentation\reports\segmentations\organoid_measurements_all_kbO_segmentations\Condição  2 - 77_labels.tif
Condição  2 - 77.jpg,ConvPaint,6,381.02405785590366,724.9701941767865,47843.0,1281.3006486383877,0.23031166195869446,123.40542891093203,0.3662066077356135,C:\Users\sophi\napari-organoid-segmentation\reports\segmentations\organoid_measurements_all_kbO_segmentations\Condição  2 - 77_labels.tif
Condição  2 - 77.jpg,ConvPaint,7,404.5467229072031,296.7278437007509,43148.0,1925.8773798287746,0.2880361080169678,117.19400568739938,0.14618852008151406,C:\Users\sophi\napari-organoid-segmentation\reports\segmentations\organoid_measurements_all_kbO_segmentations\Condição  2 - 77_labels.tif
Condição  2 - 77.jpg,ConvPaint,8,749.9302419550355,1616.1491975238803,61871.0,1418.2173875177027,0.22855240106582642,140.3358506158612,0.38655508292169777,C:\Users\sophi\napari-organoid-segmentation\reports\segmentations\organoid_measurements_all_kbO_segmentations\Condição  2 - 77_labels.tif
Condição  2 - 77.jpg,ConvPaint,9,779.2699535259649,1182.837947060012,44541.0,1485.8691911333117,0.2808900475502014,119.07073796912582,0.25351792496073544,C:\Users\sophi\napari-organoid-segmentation\reports\segmentations\organoid_measurements_all_kbO_segmentations\Condição  2 - 77_labels.tif
Condição  2 - 77.jpg,ConvPaint,10,818.9653815281841,766.3666916962275,38621.0,2464.4358210559312,0.2957729399204254,110.87581392848568,0.07990948894915015,C:\Users\sophi\napari-organoid-segmentation\reports\segmentations\organoid_measurements_all_kbO_segmentations\Condição  2 - 77_labels.tif
Condição  2 - 77.jpg,ConvPaint,11,846.5460220179322,340.5673589830893,44055.0,2826.591196009009,0.2964726388454437,118.41934823257093,0.06929135685979315,C:\Users\sophi\napari-organoid-segmentation\reports\segmentations\organoid_measurements_all_kbO_segmentations\Condição  2 - 77_labels.tif
Condição  3 - 57.jpg,ConvPaint,1,69.53639754542174,189.87302971964866,33244.0,2377.9261530640533,0.33218637108802795,102.86833262133658,0.07387991904211115,C:\Users\sophi\napari-organoid-segmentation\reports\segmentations\organoid_measurements_all_kbO_segmentations\Condição  3 - 57_labels.tif
Condição  3 - 57.jpg,ConvPaint,2,41.037022859017824,605.9851799190637,18286.0,1307.282358675158,0.334530234336853,76.2929523531289,0.13445896945246658,C:\Users\sophi\napari-organoid-segmentation\reports\segmentations\organoid_measurements_all_kbO_segmentations\Condição  3 - 57_labels.tif
Condição  3 - 57.jpg,ConvPaint,3,180.556648199446,1873.2675900277009,21660.0,798.0548698896889,0.22191138565540314,83.033680724998,0.42736879877152417,C:\Users\sophi\napari-organoid-segmentation\reports\segmentations\organoid_measurements_all_kbO_segmentations\Condição  3 - 57_labels.tif
Condição  3 - 57.jpg,ConvPaint,4,245.838473650088,1524.4744280818745,53985.0,2631.54851942814,0.27401700615882874,131.08760126584033,0.09796257813828216,C:\Users\sophi\napari-organoid-segmentation\reports\segmentations\organoid_measurements_all_kbO_segmentations\Condição  3 - 57_labels.tif
Condição  3 - 57.jpg,ConvPaint,5,315.39028726816343,1096.6059824292288,57368.0,3848.4542904879104,0.3207187354564667,135.13253327970915,0.048675106252966664,C:\Users\sophi\napari-organoid-segmentation\reports\segmentations\organoid_measurements_all_kbO_segmentations\Condição  3 - 57_labels.tif
Condição  3 - 57.jpg,ConvPaint,6,386.91296541467926,672.2819964090752,55139.0,2391.2053736776325,0.3008226156234741,132.48127722168152,0.1211811287623148,C:\Users\sophi\napari-organoid-segmentation\reports\segmentations\organoid_measurements_all_kbO_segmentations\Condição  3 - 57_labels.tif
Condição  3 - 57.jpg,ConvPaint,7,462.95708886992566,260.0316550855378,49218.0,3524.949673129916,0.3321017622947693,125.16619343174821,0.04977691583658041,C:\Users\sophi\napari-organoid-segmentation\reports\segmentations\organoid_measurements_all_kbO_segmentations\Condição  3 - 57_labels.tif
Condição  3 - 57.jpg,ConvPaint,8,666.066681744506,1589.4330355460063,53058.0,1579.8458505361987,0.28467753529548645,129.95724658955947,0.26713531910358246,C:\Users\sophi\napari-organoid-segmentation\reports\segmentations\organoid_measurements_all_kbO_segmentations\Condição  3 - 57_labels.tif
Condição  3 - 57.jpg,ConvPaint,9,725.9799085682893,1156.7575882433732,50967.0,3827.276620958247,0.3302292227745056,127.37071864886866,0.04372393399961938,C:\Users\sophi\napari-organoid-segmentation\reports\segmentations\organoid_measurements_all_kbO_segmentations\Condição  3 - 57_labels.tif
Condição  3 - 57.jpg,ConvPaint,10,800.9725895647993,725.1640017632444,49908.0,2896.9475810888625,0.33150020241737366,126.04050856633603,0.07473064946169743,C:\Users\sophi\napari-organoid-segmentation\reports\segmentations\organoid_measurements_all_kbO_segmentations\Condição  3 - 57_labels.tif
Condição  3 - 57.jpg,ConvPaint,11,873.9918159060273,315.32088869632196,41544.0,2599.8216433873085,0.33085140585899353,114.99506907524078,0.07723800785134026,C:\Users\sophi\napari-organoid-segmentation\reports\segmentations\organoid_measurements_all_kbO_segmentations\Condição  3 - 57_labels.tif
Condição  3 - 81.jpg,ConvPaint,1,64.64756321288985,250.65506101938263,25074.0,975.2518754031087,0.29311999678611755,89.3381334379243,0.3312835697685049,C:\Users\sophi\napari-organoid-segmentation\reports\segmentations\organoid_measurements_all_kbO_segmentations\Condição  3 - 81_labels.tif
Condição  3 - 81.jpg,ConvPaint,2,37.593067001074886,666.4149050519527,11164.0,766.3218971944477,0.3213329315185547,59.612176351445505,0.2388950884315486,C:\Users\sophi\napari-organoid-segmentation\reports\segmentations\organoid_measurements_all_kbO_segmentations\Condição  3 - 81_labels.tif
Condição  3 - 81.jpg,ConvPaint,3,274.42190465860403,1586.2857530234828,36878.0,1016.2579720575186,0.2569403648376465,108.3449675005066,0.44871366240777416,C:\Users\sophi\napari-organoid-segmentation\reports\segmentations\organoid_measurements_all_kbO_segmentations\Condição  3 - 81_labels.tif
Condição  3 - 81.jpg,ConvPaint,4,351.7024201955315,1166.4856732313415,35493.0,1560.1006845321376,0.27830883860588074,106.29098169798453,0.18325140719153038,C:\Users\sophi\napari-organoid-segmentation\reports\segmentations\organoid_measurements_all_kbO_segmentations\Condição  3 - 81_labels.tif
Condição  3 - 81.jpg,ConvPaint,5,411.15938529088913,729.5436028783998,40995.0,1145.8559518039654,0.2699315547943115,114.23271766050433,0.39235636737115215,C:\Users\sophi\napari-organoid-segmentation\reports\segmentations\organoid_measurements_all_kbO_segmentations\Condição  3 - 81_labels.tif
Condição  3 - 81.jpg,ConvPaint,6,468.9499938867832,321.0595121653014,32716.0,2399.228714274745,0.3278156518936157,102.04815645757103,0.07142113747058149,C:\Users\sophi\napari-organoid-segmentation\reports\segmentations\organoid_measurements_all_kbO_segmentations\Condição  3 - 81_labels.tif
Condição  3 - 81.jpg,ConvPaint,7,697.6530719957776,1649.1645514958136,41683.0,1458.519948728394,0.25384214520454407,115.18728656322688,0.246231769099435,C:\Users\sophi\napari-organoid-segmentation\reports\segmentations\organoid_measurements_all_kbO_segmentations\Condição  3 - 81_labels.tif
Condição  3 - 81.jpg,ConvPaint,8,777.6684439887208,1233.326454755191,39010.0,1343.0519112968586,0.2844192087650299,111.4327988521767,0.27176918742984835,C:\Users\sophi\napari-organoid-segmentation\reports\segmentations\organoid_measurements_all_kbO_segmentations\Condição  3 - 81_labels.tif
Condição  3 - 81.jpg,ConvPaint,9,845.7477942883678,820.715172974228,34456.0,1280.8864350760148,0.30054962635040283,104.7267178820605,0.26390855575436034,C:\Users\sophi\napari-organoid-segmentation\reports\segmentations\organoid_measurements_all_kbO_segmentations\Condição  3 - 81_labels.tif
Condição  3 - 81.jpg,ConvPaint,10,918.4083117049569,391.10730878913137,31209.0,1418.6093065034893,0.3012552261352539,99.67012209237994,0.19487858069192307,C:\Users\sophi\napari-organoid-segmentation\reports\segmentations\organoid_measurements_all_kbO_segmentations\Condição  3 - 81_labels.tif
Condição  3 - 81.jpg,ConvPaint,11,962.2265847773634,32.36360312934123,13677.0,833.5939751330899,0.2892114520072937,65.98124213240992,0.2473384169370722,C:\Users\sophi\napari-organoid-segmentation\reports\segmentations\organoid_measurements_all_kbO_segmentations\Condição  3 - 81_labels.tif
Condição  3 - 81.jpg,ConvPaint,12,1052.7230769230769,1723.6161122661122,9620.0,1255.5229073212245,0.25864455103874207,55.33661631404713,0.07668945548906315,C:\Users\sophi\napari-organoid-segmentation\reports\segmentations\organoid_measurements_all_kbO_segmentations\Condição  3 - 81_labels.tif
Condição  4 - 37.jpg,ConvPaint,1,45.09449460747429,217.7850514171056,15948.0,810.3635277547903,0.26692119240760803,71.24890220108023,0.30518017536334324,C:\Users\sophi\napari-organoid-segmentation\reports\segmentations\organoid_measurements_all_kbO_segmentations\Condição  4 - 37_labels.tif
Condição  4 - 37.jpg,ConvPaint,2,30.862752501415894,647.1101566924674,10594.0,582.8355697996826,0.27164989709854126,58.070430808037564,0.39190223098788757,C:\Users\sophi\napari-organoid-segmentation\reports\segmentations\organoid_measurements_all_kbO_segmentations\Condição  4 - 37_labels.tif
Condição  4 - 37.jpg,ConvPaint,3,267.4404089892427,1894.0602833102566,9389.0,584.2558800164657,0.23783697187900543,54.668194788008236,0.34563922233647293,C:\Users\sophi\napari-organoid-segmentation\reports\segmentations\organoid_measurements_all_kbO_segmentations\Condição  4 - 37_labels.tif
Condição  4 - 37.jpg,ConvPaint,4,329.32684039087945,1523.2901954397394,30700.0,841.9909447527599,0.23691578209400177,98.85400096021594,0.5441684991923879,C:\Users\sophi\napari-organoid-segmentation\reports\segmentations\organoid_measurements_all_kbO_segmentations\Condição  4 - 37_labels.tif
Condição  4 - 37.jpg,ConvPaint,5,369.04085893229944,1094.4404637637936,26824.0,875.0681092190353,0.2567645013332367,92.40316221317322,0.4401996478989413,C:\Users\sophi\napari-organoid-segmentation\reports\segmentations\organoid_measurements_all_kbO_segmentations\Condição  4 - 37_labels.tif
Condição  4 - 37.jpg,ConvPaint,6,404.9588613544918,678.3597187229722,26593.0,1058.914826307011,0.2684963047504425,92.00442817215672,0.2980266763027745,C:\Users\sophi\napari-organoid-segmentation\reports\segmentations\organoid_measurements_all_kbO_segmentations\Condição  4 - 37_labels.tif
Condição  4 - 37.jpg,ConvPaint,7,432.9047984056416,242.30764218917676,26092.0,1042.0041840821061,0.2658541798591614,91.1336466422115,0.3019800885927384,C:\Users\sophi\napari-organoid-segmentation\reports\segmentations\organoid_measurements_all_kbO_segmentations\Condição  4 - 37_labels.tif
Condição  4 - 37.jpg,ConvPaint,8,748.3667059285434,1557.6648157496213,17829.0,636.8954903232549,0.2679632902145386,75.33357127317677,0.5523323766138615,C:\Users\sophi\napari-organoid-segmentation\reports\segmentations\organoid_measurements_all_kbO_segmentations\Condição  4 - 37_labels.tif
Condição  4 - 37.jpg,ConvPaint,9,784.0851539878915,1135.1242432219005,30392.0,1056.7432534317572,0.25165924429893494,98.3568709389322,0.3420032057267369,C:\Users\sophi\napari-organoid-segmentation\reports\segmentations\organoid_measurements_all_kbO_segmentations\Condição  4 - 37_labels.tif
Condição  4 - 37.jpg,ConvPaint,10,825.3560872372481,700.5936939522204,27878.0,872.8315651863259,0.25076374411582947,94.20107752585274,0.45984406995288063,C:\Users\sophi\napari-organoid-segmentation\reports\segmentations\organoid_measurements_all_kbO_segmentations\Condição  4 - 37_labels.tif
Condição  4 - 37.jpg,ConvPaint,11,858.3039940828403,277.03653846153844,33800.0,957.6721856198918,0.24696393311023712,103.7249929043725,0.46311923179072406,C:\Users\sophi\napari-organoid-segmentation\reports\segmentations\organoid_measurements_all_kbO_segmentations\Condição  4 - 37_labels.tif
Condição  4 - 38.jpg,ConvPaint,1,239.5513589834098,1600.6680061907737,36829.0,888.8254685319159,0.22557631134986877,108.27296429978642,0.5858235280119422,C:\Users\sophi\napari-organoid-segmentation\reports\segmentations\organoid_measurements_all_kbO_segmentations\Condição  4 - 38_labels.tif
Condição  4 - 38.jpg,ConvPaint,2,278.56987008660894,1170.1147568287809,36024.0,941.4528855298855,0.23886539041996002,107.08312350639046,0.5107455791663958,C:\Users\sophi\napari-organoid-segmentation\reports\segmentations\organoid_measurements_all_kbO_segmentations\Condição  4 - 38_labels.tif
Condição  4 - 38.jpg,ConvPaint,3,325.4950664821611,740.3602069670899,33242.0,896.2102448427661,0.24479404091835022,102.86523823197791,0.5200884400638025,C:\Users\sophi\napari-organoid-segmentation\reports\segmentations\organoid_measurements_all_kbO_segmentations\Condição  4 - 38_labels.tif
Condição  4 - 38.jpg,ConvPaint,4,358.6772443225118,302.8028654168572,32805.0,1038.193000900063,0.25874632596969604,102.18686714181649,0.3824667739997244,C:\Users\sophi\napari-organoid-segmentation\reports\segmentations\organoid_measurements_all_kbO_segmentations\Condição  4 - 38_labels.tif
Condição  4 - 38.jpg,ConvPaint,5,648.1623073401496,1631.9407599572714,32765.0,827.3696244092001,0.23197722434997559,102.12454857090876,0.6014795851367146,C:\Users\sophi\napari-organoid-segmentation\reports\segmentations\organoid_measurements_all_kbO_segmentations\Condição  4 - 38_labels.tif
Condição  4 - 38.jpg,ConvPaint,6,693.9277556281663,1198.5137743937169,33359.0,920.245778748699,0.24436208605766296,103.0461037264635,0.49501142128161946,C:\Users\sophi\napari-organoid-segmentation\reports\segmentations\organoid_measurements_all_kbO_segmentations\Condição  4 - 38_labels.tif
Condição  4 - 38.jpg,ConvPaint,7,729.0270741090222,767.4074181607026,27554.0,829.6356056934326,0.2585286498069763,93.65207207482474,0.503059961298441,C:\Users\sophi\napari-organoid-segmentation\reports\segmentations\organoid_measurements_all_kbO_segmentations\Condição  4 - 38_labels.tif
Condição  4 - 38.jpg,ConvPaint,8,758.7307148034376,342.9908535533082,28973.0,1011.7432534317572,0.26470014452934265,96.03328762675454,0.3556826624545596,C:\Users\sophi\napari-organoid-segmentation\reports\segmentations\organoid_measurements_all_kbO_segmentations\Condição  4 - 38_labels.tif
Condição  4 - 38.jpg,ConvPaint,9,1027.3656467315716,1664.9316643486325,21570.0,1522.9259735953042,0.21076060831546783,82.86099350710421,0.11686983255597058,C:\Users\sophi\napari-organoid-segmentation\reports\segmentations\organoid_measurements_all_kbO_segmentations\Condição  4 - 38_labels.tif
Condição  4 - 38.jpg,ConvPaint,10,1047.1523032466428,1214.5257521672615,11766.0,530.6934341759517,0.25782498717308044,61.19831795759162,0.524990299813359,C:\Users\sophi\napari-organoid-segmentation\reports\segmentations\organoid_measurements_all_kbO_segmentations\Condição  4 - 38_labels.tif
Condição  4 - 38.jpg,ConvPaint,11,1063.658051689861,778.8765407554672,5030.0,423.817279836453,0.3055923283100128,40.0137317367984,0.35190102318014704,C:\Users\sophi\napari-organoid-segmentation\reports\segmentations\organoid_measurements_all_kbO_segmentations\Condição  4 - 38_labels.tif
Condição  4 - 39.jpg,ConvPaint,1,52.60774878460165,314.3864966762576,20158.0,733.303607231218,0.24063467979431152,80.10300047871398,0.47107457194935404,C:\Users\sophi\napari-organoid-segmentation\reports\segmentations\organoid_measurements_all_kbO_segmentations\Condição  4 - 39_labels.tif
Condição  4 - 39.jpg,ConvPaint,2,36.63838090136965,736.456729665621,13069.0,719.6589462905454,0.269075870513916,64.49799921343266,0.3171018419910961,C:\Users\sophi\napari-organoid-segmentation\reports\segmentations\organoid_measurements_all_kbO_segmentations\Condição  4 - 39_labels.tif
Condição  4 - 39.jpg,ConvPaint,3,15.819215686274509,1152.6343137254903,5100.0,427.33809511662423,0.31931641697883606,40.29119531035698,0.35094319091637133,C:\Users\sophi\napari-organoid-segmentation\reports\segmentations\organoid_measurements_all_kbO_segmentations\Condição  4 - 39_labels.tif
Condição  4 - 39.jpg,ConvPaint,4,290.5676288659794,1612.658178694158,29100.0,1140.6782822743016,0.25846195220947266,96.24353322664494,0.2810454166317322,C:\Users\sophi\napari-organoid-segmentation\reports\segmentations\organoid_measurements_all_kbO_segmentations\Condição  4 - 39_labels.tif
Condição  4 - 39.jpg,ConvPaint,5,326.2959307359307,1183.6668831168831,23100.0,1343.8925317304247,0.28591904044151306,85.74939283076915,0.1607284523589282,C:\Users\sophi\napari-organoid-segmentation\reports\segmentations\organoid_measurements_all_kbO_segmentations\Condição  4 - 39_labels.tif
Condição  4 - 39.jpg,ConvPaint,6,371.8341815599479,757.5485560421351,33796.0,1139.7909806465098,0.26181715726852417,103.7188551492321,0.32690738637538735,C:\Users\sophi\napari-organoid-segmentation\reports\segmentations\organoid_measurements_all_kbO_segmentations\Condição  4 - 39_labels.tif
Condição  4 - 39.jpg,ConvPaint,7,431.49486450741483,340.5149281031038,35537.0,1166.0041840821061,0.25810280442237854,106.35684475064765,0.32846599006018856,C:\Users\sophi\napari-organoid-segmentation\reports\segmentations\organoid_measurements_all_kbO_segmentations\Condição  4 - 39_labels.tif
Condição  4 - 39.jpg,ConvPaint,8,702.8027166882276,1633.9188397902908,29374.0,930.8549057834387,0.2539456784725189,96.69557692450398,0.4259993836421972,C:\Users\sophi\napari-organoid-segmentation\reports\segmentations\organoid_measurements_all_kbO_segmentations\Condição  4 - 39_labels.tif
Condição  4 - 39.jpg,ConvPaint,9,731.0851478304584,1214.7784899613537,31827.0,900.6477990022522,0.2662794291973114,100.6521174520015,0.49305524615066165,C:\Users\sophi\napari-organoid-segmentation\reports\segmentations\organoid_measurements_all_kbO_segmentations\Condição  4 - 39_labels.tif
Condição  4 - 39.jpg,ConvPaint,10,768.3653963499196,779.6859433072614,36054.0,1263.6021638285529,0.25955456495285034,107.12770246985785,0.28375439475451447,C:\Users\sophi\napari-organoid-segmentation\reports\segmentations\organoid_measurements_all_kbO_segmentations\Condição  4 - 39_labels.tif
Condição  4 - 39.jpg,ConvPaint,11,818.5016725544752,364.3214430862538,31987.0,1165.4183976444792,0.26331523060798645,100.90479834656483,0.29595087950180676,C:\Users\sophi\napari-organoid-segmentation\reports\segmentations\organoid_measurements_all_kbO_segmentations\Condição  4 - 39_labels.tif
Condição  4 - 39.jpg,ConvPaint,12,1052.772389738974,1715.7457245724572,8888.0,928.5756851698602,0.22999991476535797,53.189644371827974,0.12953266329821136,C:\Users\sophi\napari-organoid-segmentation\reports\segmentations\organoid_measurements_all_kbO_segmentations\Condição  4 - 39_labels.tif
Condição  4 - 61.jpg,ConvPaint,1,288.622433271584,1681.8204138074987,38327.0,1912.0966799187809,0.2946048974990845,110.45299003542705,0.13173312547064944,C:\Users\sophi\napari-organoid-segmentation\reports\segmentations\organoid_measurements_all_kbO_segmentations\Condição  4 - 61_labels.tif
Condição  4 - 61.jpg,ConvPaint,2,306.1092795354183,1243.7381888572984,33062.0,2296.3647532440664,0.3088318705558777,102.58636096971414,0.0787874856429389,C:\Users\sophi\napari-organoid-segmentation\reports\segmentations\organoid_measurements_all_kbO_segmentations\Condição  4 - 61_labels.tif
Condição  4 - 61.jpg,ConvPaint,3,338.8316091954023,815.5369093231162,31320.0,2264.3464632808364,0.3311351537704468,99.84721145468373,0.07676192568061509,C:\Users\sophi\napari-organoid-segmentation\reports\segmentations\organoid_measurements_all_kbO_segmentations\Condição  4 - 61_labels.tif
Condição  4 - 61.jpg,ConvPaint,4,364.3668836323226,401.2759168121924,37794.0,1980.0083681642122,0.306506484746933,109.68228589170717,0.12114309676540987,C:\Users\sophi\napari-organoid-segmentation\reports\segmentations\organoid_measurements_all_kbO_segmentations\Condição  4 - 61_labels.tif
Condição  4 - 61.jpg,ConvPaint,5,382.39572054653263,23.82804846609951,7758.0,745.541197284454,0.3619120717048645,49.69354180387878,0.1753946514509271,C:\Users\sophi\napari-organoid-segmentation\reports\segmentations\organoid_measurements_all_kbO_segmentations\Condição  4 - 61_labels.tif
Condição  4 - 61.jpg,ConvPaint,6,719.0636669156087,1706.6825367189444,32136.0,1817.3687578574231,0.3003380298614502,101.13953975771443,0.12226877666398209,C:\Users\sophi\napari-organoid-segmentation\reports\segmentations\organoid_measurements_all_kbO_segmentations\Condição  4 - 61_labels.tif
Condição  4 - 61.jpg,ConvPaint,7,741.3350541383124,1291.5997452314707,29831.0,2514.1820330805194,0.3402610123157501,97.44486756493981,0.05930403441336313,C:\Users\sophi\napari-organoid-segmentation\reports\segmentations\organoid_measurements_all_kbO_segmentations\Condição  4 - 61_labels.tif
Condição  4 - 61.jpg,ConvPaint,8,756.0679824561404,863.3262061403509,31008.0,1892.0317087613253,0.31795844435691833,99.34864342700902,0.1088495902070161,C:\Users\sophi\napari-organoid-segmentation\reports\segmentations\organoid_measurements_all_kbO_segmentations\Condição  4 - 61_labels.tif
Condição  4 - 61.jpg,ConvPaint,9,806.3666273078575,42.916809789609275,18632.0,1252.7260094890541,0.28584811091423035,77.01136149540785,0.1491959900038927,C:\Users\sophi\napari-organoid-segmentation\reports\segmentations\organoid_measurements_all_kbO_segmentations\Condição  4 - 61_labels.tif
Condição  4 - 61.jpg,ConvPaint,10,783.2018421052632,442.263567251462,34200.0,1784.5108934811537,0.31621304154396057,104.33694507453072,0.13495766736345266,C:\Users\sophi\napari-organoid-segmentation\reports\segmentations\organoid_measurements_all_kbO_segmentations\Condição  4 - 61_labels.tif
Condição  4 - 61.jpg,ConvPaint,11,1054.4622227952552,1755.1237751418257,7756.0,1023.9554108468271,0.2715650796890259,49.68713593317168,0.09295774371131635,C:\Users\sophi\napari-organoid-segmentation\reports\segmentations\organoid_measurements_all_kbO_segmentations\Condição  4 - 61_labels.tif
Condição  4 - 85.jpg,ConvPaint,1,281.170927738468,336.00623751879886,40561.0,1019.4001076812497,0.23614493012428284,113.62643747605895,0.4904888817975293,C:\Users\sophi\napari-organoid-segmentation\reports\segmentations\organoid_measurements_all_kbO_segmentations\Condição  4 - 85_labels.tif
Condição  4 - 85.jpg,ConvPaint,2,287.0576646157874,766.0775188724527,45834.0,1233.874241767195,0.2404714673757553,120.78665209098173,0.37831697494132505,C:\Users\sophi\napari-organoid-segmentation\reports\segmentations\organoid_measurements_all_kbO_segmentations\Condição  4 - 85_labels.tif
Condição  4 - 85.jpg,ConvPaint,3,319.63632489559365,1178.2944401829598,35199.0,1553.36056916196,0.2611229717731476,105.84984498705347,0.18331400080744142,C:\Users\sophi\napari-organoid-segmentation\reports\segmentations\organoid_measurements_all_kbO_segmentations\Condição  4 - 85_labels.tif
Condição  4 - 85.jpg,ConvPaint,4,342.2559956438363,1619.8666161604206,42239.0,1107.2996026178612,0.2118394523859024,115.95297013236502,0.4329055999019213,C:\Users\sophi\napari-organoid-segmentation\reports\segmentations\organoid_measurements_all_kbO_segmentations\Condição  4 - 85_labels.tif
Condição  4 - 85.jpg,ConvPaint,5,706.4353461636,302.734509284567,35489.0,1097.885389055488,0.24852782487869263,106.28499212389559,0.369989683976804,C:\Users\sophi\napari-organoid-segmentation\reports\segmentations\organoid_measurements_all_kbO_segmentations\Condição  4 - 85_labels.tif
Condição  4 - 85.jpg,ConvPaint,6,750.6856515954343,1185.5851637450107,42841.0,1173.4001076812497,0.2552838623523712,116.77634107129653,0.39100041305459105,C:\Users\sophi\napari-organoid-segmentation\reports\segmentations\organoid_measurements_all_kbO_segmentations\Condição  4 - 85_labels.tif
Condição  4 - 85.jpg,ConvPaint,7,741.9956374078472,747.3190214540133,36217.0,1181.5544366138004,0.24703620374202728,107.36959135583197,0.32599794815719363,C:\Users\sophi\napari-organoid-segmentation\reports\segmentations\organoid_measurements_all_kbO_segmentations\Condição  4 - 85_labels.tif
Condição  4 - 85.jpg,ConvPaint,8,766.497807128094,1602.803372485759,39674.0,1168.9686501761735,0.24738956987857819,112.37716148958253,0.3648464496938397,C:\Users\sophi\napari-organoid-segmentation\reports\segmentations\organoid_measurements_all_kbO_segmentations\Condição  4 - 85_labels.tif
Condição  4 - 85.jpg,ConvPaint,9,1061.4723320158103,291.7292490118577,6072.0,547.4152595828997,0.31011974811553955,43.963366896860585,0.2546289785701533,C:\Users\sophi\napari-organoid-segmentation\reports\segmentations\organoid_measurements_all_kbO_segmentations\Condição  4 - 85_labels.tif
Condição  4 - 86.jpg,ConvPaint,1,27.110894562463457,1607.1513350224127,10262.0,636.048773235279,0.2482323944568634,57.15326807819532,0.318757957765573,C:\Users\sophi\napari-organoid-segmentation\reports\segmentations\organoid_measurements_all_kbO_segmentations\Condição  4 - 86_labels.tif
Condição  4 - 86.jpg,ConvPaint,2,327.5730941704036,320.9482810164425,30105.0,2531.516990135564,0.2879721224308014,97.89136388651973,0.059031905568952894,C:\Users\sophi\napari-organoid-segmentation\reports\segmentations\organoid_measurements_all_kbO_segmentations\Condição  4 - 86_labels.tif
Condição  4 - 86.jpg,ConvPaint,3,344.7063492063492,751.8101985733565,31122.0,1423.0174234114522,0.2795547544956207,99.53110206268155,0.19313319592937314,C:\Users\sophi\napari-organoid-segmentation\reports\segmentations\organoid_measurements_all_kbO_segmentations\Condição  4 - 86_labels.tif
Condição  4 - 86.jpg,ConvPaint,4,368.39073502743696,1166.8425849603166,42461.0,1625.7453454728102,0.2495581954717636,116.25728397502643,0.20188081227651097,C:\Users\sophi\napari-organoid-segmentation\reports\segmentations\organoid_measurements_all_kbO_segmentations\Condição  4 - 86_labels.tif
Condição  4 - 86.jpg,ConvPaint,5,370.0238801830537,1591.2418804604076,36055.0,954.517856687341,0.2304697036743164,107.12918811582851,0.497287163761936,C:\Users\sophi\napari-organoid-segmentation\reports\segmentations\organoid_measurements_all_kbO_segmentations\Condição  4 - 86_labels.tif
Condição  4 - 86.jpg,ConvPaint,6,758.7602112085824,303.9780410124602,35794.0,2009.481456229631,0.2745494842529297,106.74073292826222,0.11139151024501474,C:\Users\sophi\napari-organoid-segmentation\reports\segmentations\organoid_measurements_all_kbO_segmentations\Condição  4 - 86_labels.tif
Condição  4 - 86.jpg,ConvPaint,7,795.1981838978501,1138.1856252480216,42839.0,1263.4722215136414,0.2530522644519806,116.77361523147003,0.33722346958741545,C:\Users\sophi\napari-organoid-segmentation\reports\segmentations\organoid_measurements_all_kbO_segmentations\Condição  4 - 86_labels.tif
Condição  4 - 86.jpg,ConvPaint,8,782.0864775892632,734.90500759686,31592.0,1266.3300858899106,0.2716447412967682,100.2798380748509,0.24756721695110517,C:\Users\sophi\napari-organoid-segmentation\reports\segmentations\organoid_measurements_all_kbO_segmentations\Condição  4 - 86_labels.tif
Condição  4 - 86.jpg,ConvPaint,9,794.7629881980777,1574.1728008273512,32876.0,964.0742058734452,0.2478092610836029,102.29738910733892,0.44449605324674607,C:\Users\sophi\napari-organoid-segmentation\reports\segmentations\organoid_measurements_all_kbO_segmentations\Condição  4 - 86_labels.tif
Condição  5 - 89.jpg,ConvPaint,1,184.38486466748824,1870.6196540234607,21909.0,771.5107140124046,0.21179336309432983,83.50958805071829,0.4625391482932082,C:\Users\sophi\napari-organoid-segmentation\reports\segmentations\organoid_measurements_all_kbO_segmentations\Condição  5 - 89_labels.tif
Condição  5 - 89.jpg,ConvPaint,2,242.32587039813427,1029.670997834416,30015.0,1091.749350086167,0.25625306367874146,97.74492945317664,0.31644797987699363,C:\Users\sophi\napari-organoid-segmentation\reports\segmentations\organoid_measurements_all_kbO_segmentations\Condição  5 - 89_labels.tif
Condição  5 - 89.jpg,ConvPaint,3,247.88188738354998,1459.3901178927697,36389.0,1347.6732316404182,0.23708435893058777,107.62424656341135,0.2517739425273267,C:\Users\sophi\napari-organoid-segmentation\reports\segmentations\organoid_measurements_all_kbO_segmentations\Condição  5 - 89_labels.tif
Condição  5 - 89.jpg,ConvPaint,4,295.26383666366263,604.3191211659778,32179.0,2495.4063838044085,0.2978454530239105,101.20718268733796,0.06493813986795276,C:\Users\sophi\napari-organoid-segmentation\reports\segmentations\organoid_measurements_all_kbO_segmentations\Condição  5 - 89_labels.tif
Condição  5 - 89.jpg,ConvPaint,5,339.2620144832126,168.74472553998558,31899.0,2955.0186489007283,0.3136538565158844,100.76590226548234,0.04590568587654725,C:\Users\sophi\napari-organoid-segmentation\reports\segmentations\organoid_measurements_all_kbO_segmentations\Condição  5 - 89_labels.tif
Condição  5 - 89.jpg,ConvPaint,6,613.8174778761062,1876.364783966684,15368.0,733.025432638166,0.22881823778152466,69.94130632803834,0.35940915051165984,C:\Users\sophi\napari-organoid-segmentation\reports\segmentations\organoid_measurements_all_kbO_segmentations\Condição  5 - 89_labels.tif
Condição  5 - 89.jpg,ConvPaint,7,646.283350592567,1522.03451846738,43455.0,1080.7077195258244,0.21890097856521606,117.61018707627593,0.4675554363362911,C:\Users\sophi\napari-organoid-segmentation\reports\segmentations\organoid_measurements_all_kbO_segmentations\Condição  5 - 89_labels.tif
Condição  5 - 89.jpg,ConvPaint,8,678.729650988166,1081.826995855109,33294.0,2327.245958217448,0.28721490502357483,102.94566212620678,0.07724871605218209,C:\Users\sophi\napari-organoid-segmentation\reports\segmentations\organoid_measurements_all_kbO_segmentations\Condição  5 - 89_labels.tif
Condição  5 - 89.jpg,ConvPaint,9,725.2575318655852,629.1926057358054,27616.0,1556.7220048756972,0.2981697618961334,93.75737739960287,0.14320181066671794,C:\Users\sophi\napari-organoid-segmentation\reports\segmentations\organoid_measurements_all_kbO_segmentations\Condição  5 - 89_labels.tif
Condição  5 - 89.jpg,ConvPaint,10,783.881745921071,230.3070236601125,21513.0,1886.226622233692,0.3318343758583069,82.75143854623852,0.07598416596774282,C:\Users\sophi\napari-organoid-segmentation\reports\segmentations\organoid_measurements_all_kbO_segmentations\Condição  5 - 89_labels.tif
Condição  5 - 89.jpg,ConvPaint,11,1043.2009628008752,1549.780043763676,11425.0,708.3158005400378,0.2723710536956787,60.30497864728756,0.28616216519561605,C:\Users\sophi\napari-organoid-segmentation\reports\segmentations\organoid_measurements_all_kbO_segmentations\Condição  5 - 89_labels.tif
Condição  5 - 89.jpg,ConvPaint,12,1058.1445912722802,1122.0476336816225,6508.0,545.8355697996826,0.30769971013069153,45.5144014492568,0.2744945597354197,C:\Users\sophi\napari-organoid-segmentation\reports\segmentations\organoid_measurements_all_kbO_segmentations\Condição  5 - 89_labels.tif
Condição  5 - 89.jpg,ConvPaint,13,1060.3380077369438,649.8007736943907,6204.0,530.628463018496,0.3149726390838623,44.43866035204299,0.27688572710884163,C:\Users\sophi\napari-organoid-segmentation\reports\segmentations\organoid_measurements_all_kbO_segmentations\Condição  5 - 89_labels.tif
Condição  5 - 90.jpg,ConvPaint,1,30.141497975708504,318.84504048582994,9880.0,1051.9209229614207,0.3337401747703552,56.07942292406237,0.11220200606812683,C:\Users\sophi\napari-organoid-segmentation\reports\segmentations\organoid_measurements_all_kbO_segmentations\Condição  5 - 90_labels.tif
Condição  5 - 90.jpg,ConvPaint,2,176.54636181222938,1688.9383250607245,37876.0,1079.1574669941303,0.22223716974258423,109.80120786720543,0.4086997120562628,C:\Users\sophi\napari-organoid-segmentation\reports\segmentations\organoid_measurements_all_kbO_segmentations\Condição  5 - 90_labels.tif
Condição  5 - 90.jpg,ConvPaint,3,247.69290389252498,1249.8008267309679,29030.0,1021.914826307011,0.25938427448272705,96.12770670267466,0.34932325611773835,C:\Users\sophi\napari-organoid-segmentation\reports\segmentations\organoid_measurements_all_kbO_segmentations\Condição  5 - 90_labels.tif
Condição  5 - 90.jpg,ConvPaint,4,330.51101761082674,802.6236227986467,23054.0,1571.2011895955259,0.30751386284828186,85.66397210076772,0.11735255630567813,C:\Users\sophi\napari-organoid-segmentation\reports\segmentations\organoid_measurements_all_kbO_segmentations\Condição  5 - 90_labels.tif
Condição  5 - 90.jpg,ConvPaint,5,406.4620246228035,374.5190516202097,27373.0,2243.2449121969216,0.301008939743042,93.34396881699911,0.06835635217133407,C:\Users\sophi\napari-organoid-segmentation\reports\segmentations\organoid_measurements_all_kbO_segmentations\Condição  5 - 90_labels.tif
Condição  5 - 90.jpg,ConvPaint,6,591.9365111408312,1743.8751671755533,39629.0,1018.465078838705,0.22062593698501587,112.31341184194095,0.48009887965074016,C:\Users\sophi\napari-organoid-segmentation\reports\segmentations\organoid_measurements_all_kbO_segmentations\Condição  5 - 90_labels.tif
Condição  5 - 90.jpg,ConvPaint,7,669.3420013086785,1294.1278142645954,41263.0,1351.986940139403,0.2694275379180908,114.60550088718148,0.2836780095553702,C:\Users\sophi\napari-organoid-segmentation\reports\segmentations\organoid_measurements_all_kbO_segmentations\Condição  5 - 90_labels.tif
Condição  5 - 90.jpg,ConvPaint,8,736.992122913742,877.8328263921385,25644.0,1571.7514421272201,0.28603991866111755,90.34787613052742,0.13044513820488765,C:\Users\sophi\napari-organoid-segmentation\reports\segmentations\organoid_measurements_all_kbO_segmentations\Condição  5 - 90_labels.tif
Condição  5 - 90.jpg,ConvPaint,9,813.826610140459,435.41131380609795,23352.0,2437.890619158121,0.31291523575782776,86.21584809165819,0.0493748186544267,C:\Users\sophi\napari-organoid-segmentation\reports\segmentations\organoid_measurements_all_kbO_segmentations\Condição  5 - 90_labels.tif
Condição  5 - 90.jpg,ConvPaint,10,875.3314059488462,56.10381830494348,19197.0,1009.6305550595491,0.28109580278396606,78.17029413447432,0.23665640234670907,C:\Users\sophi\napari-organoid-segmentation\reports\segmentations\organoid_measurements_all_kbO_segmentations\Condição  5 - 90_labels.tif
Condição  5 - 90.jpg,ConvPaint,11,997.339617858614,1819.473906017301,31559.0,2222.1240251292506,0.19909773766994476,100.22744982326074,0.08031497113945155,C:\Users\sophi\napari-organoid-segmentation\reports\segmentations\organoid_measurements_all_kbO_segmentations\Condição  5 - 90_labels.tif
Condição  5 - 90.jpg,ConvPaint,12,1045.7676247288503,1401.652024584237,11064.0,689.9665581351203,0.27666306495666504,59.34459184068469,0.2920558757890647,C:\Users\sophi\napari-organoid-segmentation\reports\segmentations\organoid_measurements_all_kbO_segmentations\Condição  5 - 90_labels.tif
Condição 1 - 1_.jpg,ConvPaint,1,252.1478528991502,324.70688877190344,26594.0,1499.2600640985715,0.2910013794898987,92.00615801766602,0.14867555994268203,C:\Users\sophi\napari-organoid-segmentation\reports\segmentations\organoid_measurements_all_kbO_segmentations\Condição 1 - 1__labels.tif
Condição 1 - 1_.jpg,ConvPaint,2,284.8740199335548,741.9533111849391,22575.0,1159.1879502661795,0.2887945771217346,84.7693675840458,0.21112025754070446,C:\Users\sophi\napari-organoid-segmentation\reports\segmentations\organoid_measurements_all_kbO_segmentations\Condição 1 - 1__labels.tif
Condição 1 - 1_.jpg,ConvPaint,3,320.7986634437651,1172.7850846011659,28132.0,1558.331131910437,0.27898508310317993,94.62924346164034,0.1455764011521984,C:\Users\sophi\napari-organoid-segmentation\reports\segmentations\organoid_measurements_all_kbO_segmentations\Condição 1 - 1__labels.tif
Condição 1 - 1_.jpg,ConvPaint,4,352.1573942343692,1592.3708348932985,26710.0,1970.5453813665602,0.2819186747074127,92.20659987207559,0.08643922609872881,C:\Users\sophi\napari-organoid-segmentation\reports\segmentations\organoid_measurements_all_kbO_segmentations\Condição 1 - 1__labels.tif
Condição 1 - 1_.jpg,ConvPaint,5,664.4885042046877,275.53667919126855,22356.0,1806.3504678941933,0.3206700086593628,84.35719184233686,0.0860993619628296,C:\Users\sophi\napari-organoid-segmentation\reports\segmentations\organoid_measurements_all_kbO_segmentations\Condição 1 - 1__labels.tif
Condição 1 - 1_.jpg,ConvPaint,6,708.1079594790159,719.1899937978086,24185.0,1567.0773439350246,0.31029394268989563,87.74009686201046,0.12375851572215807,C:\Users\sophi\napari-organoid-segmentation\reports\segmentations\organoid_measurements_all_kbO_segmentations\Condição 1 - 1__labels.tif
Condição 1 - 1_.jpg,ConvPaint,7,745.3731474019831,1147.9233383553485,28541.0,1302.0052301026326,0.2772955000400543,95.31464977416415,0.21156975932717717,C:\Users\sophi\napari-organoid-segmentation\reports\segmentations\organoid_measurements_all_kbO_segmentations\Condição 1 - 1__labels.tif
Condição 1 - 1_.jpg,ConvPaint,8,792.5901418236808,1566.8583398046349,24467.0,1488.7159082212875,0.29125314950942993,88.25014439228305,0.13872889516742068,C:\Users\sophi\napari-organoid-segmentation\reports\segmentations\organoid_measurements_all_kbO_segmentations\Condição 1 - 1__labels.tif
Condição 1 - 1_.jpg,ConvPaint,9,1053.1986058301648,260.876299112801,7890.0,726.1858582251266,0.3178115487098694,50.114518874175666,0.18801447781861044,C:\Users\sophi\napari-organoid-segmentation\reports\segmentations\organoid_measurements_all_kbO_segmentations\Condição 1 - 1__labels.tif
Condição 1 - 2.jpg,ConvPaint,1,204.24289998889176,292.9842633391343,27007.0,1612.473267534168,0.2857150435447693,92.71782512637812,0.1305272420185194,C:\Users\sophi\napari-organoid-segmentation\reports\segmentations\organoid_measurements_all_kbO_segmentations\Condição 1 - 2_labels.tif
Condição 1 - 2.jpg,ConvPaint,2,236.4099088991608,694.3604541578782,22283.0,1891.8946237714777,0.3180924952030182,84.21935165882843,0.07823293762153463,C:\Users\sophi\napari-organoid-segmentation\reports\segmentations\organoid_measurements_all_kbO_segmentations\Condição 1 - 2_labels.tif
Condição 1 - 2.jpg,ConvPaint,3,279.1187773999263,1138.1325029704592,24407.0,1374.6559876977153,0.2984625995159149,88.14187082248583,0.16230661073527106,C:\Users\sophi\napari-organoid-segmentation\reports\segmentations\organoid_measurements_all_kbO_segmentations\Condição 1 - 2_labels.tif
Condição 1 - 2.jpg,ConvPaint,4,315.7487442337263,1567.0014351614557,29265.0,1140.0752518939714,0.2653420567512512,96.51600291748842,0.28293804980300313,C:\Users\sophi\napari-organoid-segmentation\reports\segmentations\organoid_measurements_all_kbO_segmentations\Condição 1 - 2_labels.tif
Condição 1 - 2.jpg,ConvPaint,5,666.2738913066935,255.8123224112506,27803.0,1758.0956338982542,0.2945110499858856,94.07427791680323,0.11303593549950869,C:\Users\sophi\napari-organoid-segmentation\reports\segmentations\organoid_measurements_all_kbO_segmentations\Condição 1 - 2_labels.tif
Condição 1 - 2.jpg,ConvPaint,6,672.1576047687861,680.930364884393,22144.0,1760.4804102091045,0.3051428496837616,83.95626313536032,0.08978494959581039,C:\Users\sophi\napari-organoid-segmentation\reports\segmentations\organoid_measurements_all_kbO_segmentations\Condição 1 - 2_labels.tif
Condição 1 - 2.jpg,ConvPaint,7,703.9957944987497,1118.635561112374,26394.0,1565.177848998413,0.29512056708335876,91.65953925225116,0.13539034360956437,C:\Users\sophi\napari-organoid-segmentation\reports\segmentations\organoid_measurements_all_kbO_segmentations\Condição 1 - 2_labels.tif
Condição 1 - 2.jpg,ConvPaint,8,732.4033342177412,1531.1562306535775,22614.0,1612.3971490884192,0.3080384135246277,84.84255869644811,0.1093058003786311,C:\Users\sophi\napari-organoid-segmentation\reports\segmentations\organoid_measurements_all_kbO_segmentations\Condição 1 - 2_labels.tif
Condição 1 - 2.jpg,ConvPaint,9,767.3675029611285,1883.5811349197804,9287.0,772.0020920410532,0.2828693985939026,54.37043234138261,0.1958160812822876,C:\Users\sophi\napari-organoid-segmentation\reports\segmentations\organoid_measurements_all_kbO_segmentations\Condição 1 - 2_labels.tif
Condição 1 - 2.jpg,ConvPaint,10,1050.925258298527,230.57474170147285,9098.0,666.6822868876584,0.30380910634994507,53.81434143887787,0.257227835653112,C:\Users\sophi\napari-organoid-segmentation\reports\segmentations\organoid_measurements_all_kbO_segmentations\Condição 1 - 2_labels.tif
Condição 1 - 2.jpg,ConvPaint,11,1052.3135635018496,666.7681874229346,8110.0,966.6599923110721,0.32862165570259094,50.8083967169851,0.10906445388423827,C:\Users\sophi\napari-organoid-segmentation\reports\segmentations\organoid_measurements_all_kbO_segmentations\Condição 1 - 2_labels.tif
Condição 1 - 25.jpg,ConvPaint,1,16.4681791963084,702.4241492020765,5201.0,523.1787155501902,0.35961034893989563,40.68820121413449,0.2387792496952056,C:\Users\sophi\napari-organoid-segmentation\reports\segmentations\organoid_measurements_all_kbO_segmentations\Condição 1 - 25_labels.tif
Condição 1 - 25.jpg,ConvPaint,2,346.6246823218461,1898.98099013927,9837.0,799.2031021678297,0.2993587851524353,55.957254671668345,0.19353441919489567,C:\Users\sophi\napari-organoid-segmentation\reports\segmentations\organoid_measurements_all_kbO_segmentations\Condição 1 - 25_labels.tif
Condição 1 - 25.jpg,ConvPaint,3,354.21835597693286,1104.1432574202586,30693.0,1911.9951288348661,0.2961841821670532,98.8427303176065,0.10550563128950245,C:\Users\sophi\napari-organoid-segmentation\reports\segmentations\organoid_measurements_all_kbO_segmentations\Condição 1 - 25_labels.tif
Condição 1 - 25.jpg,ConvPaint,4,350.6526910172127,673.3506915082245,36659.0,1587.195092941116,0.2642320394515991,108.02278517799651,0.18286468983183218,C:\Users\sophi\napari-organoid-segmentation\reports\segmentations\organoid_measurements_all_kbO_segmentations\Condição 1 - 25_labels.tif
Condição 1 - 25.jpg,ConvPaint,5,358.71492004440313,251.9697578830518,33331.0,1132.2762620207482,0.26910945773124695,103.00284858387134,0.3267032107504366,C:\Users\sophi\napari-organoid-segmentation\reports\segmentations\organoid_measurements_all_kbO_segmentations\Condição 1 - 25_labels.tif
Condição 1 - 25.jpg,ConvPaint,6,353.65573382274584,1522.9161683736902,33782.0,1534.940258945177,0.2799951732158661,103.69737014534562,0.18018235856235554,C:\Users\sophi\napari-organoid-segmentation\reports\segmentations\organoid_measurements_all_kbO_segmentations\Condição 1 - 25_labels.tif
Condição 1 - 25.jpg,ConvPaint,7,742.5445388731508,1886.9730563424614,15885.0,913.1797615707168,0.26412588357925415,71.10803430013739,0.23937816170959306,C:\Users\sophi\napari-organoid-segmentation\reports\segmentations\organoid_measurements_all_kbO_segmentations\Condição 1 - 25_labels.tif
Condição 1 - 25.jpg,ConvPaint,8,751.5222992598145,654.3621521596552,42692.0,1972.1849916733495,0.2813011109828949,116.57309149610124,0.13793073986434337,C:\Users\sophi\napari-organoid-segmentation\reports\segmentations\organoid_measurements_all_kbO_segmentations\Condição 1 - 25_labels.tif
Condição 1 - 25.jpg,ConvPaint,9,742.439789702078,245.44902500764974,35949.0,1157.3828637385463,0.27562686800956726,106.97159482040591,0.33724271912198484,C:\Users\sophi\napari-organoid-segmentation\reports\segmentations\organoid_measurements_all_kbO_segmentations\Condição 1 - 25_labels.tif
Condição 1 - 25.jpg,ConvPaint,10,753.4997029275144,1100.3496813222425,37028.0,1247.5605332682103,0.27591413259506226,108.56508861329871,0.2989626017826628,C:\Users\sophi\napari-organoid-segmentation\reports\segmentations\organoid_measurements_all_kbO_segmentations\Condição 1 - 25_labels.tif
Condição 1 - 25.jpg,ConvPaint,11,776.7803281030501,1519.745493940332,41999.0,1754.6397897755387,0.2779333293437958,115.62308121578937,0.1714244902777956,C:\Users\sophi\napari-organoid-segmentation\reports\segmentations\organoid_measurements_all_kbO_segmentations\Condição 1 - 25_labels.tif
Condição 1 - 25.jpg,ConvPaint,12,1059.1217041800644,235.20836012861736,6220.0,477.1015510839149,0.28170228004455566,44.495926690689096,0.3433828428096901,C:\Users\sophi\napari-organoid-segmentation\reports\segmentations\organoid_measurements_all_kbO_segmentations\Condição 1 - 25_labels.tif
Condição 1 - 26.jpg,ConvPaint,1,19.890539721043055,1540.7034566403881,6596.0,631.7827919510468,0.3535042107105255,45.82108694987804,0.20766099258621423,C:\Users\sophi\napari-organoid-segmentation\reports\segmentations\organoid_measurements_all_kbO_segmentations\Condição 1 - 26_labels.tif
Condição 1 - 26.jpg,ConvPaint,2,301.25452424040384,240.7945994856653,41996.0,1566.4377336282355,0.2877310514450073,115.61895164796502,0.21507578595361398,C:\Users\sophi\napari-organoid-segmentation\reports\segmentations\organoid_measurements_all_kbO_segmentations\Condição 1 - 26_labels.tif
Condição 1 - 26.jpg,ConvPaint,3,309.4540392623438,673.3971207614516,42025.0,1563.6681810065347,0.2708486020565033,115.65886462729004,0.2159873860364805,C:\Users\sophi\napari-organoid-segmentation\reports\segmentations\organoid_measurements_all_kbO_segmentations\Condição 1 - 26_labels.tif
Condição 1 - 26.jpg,ConvPaint,4,345.57352408547627,1894.889804418689,11044.0,713.7350647362942,0.28550398349761963,59.29093002318132,0.2724345570441987,C:\Users\sophi\napari-organoid-segmentation\reports\segmentations\organoid_measurements_all_kbO_segmentations\Condição 1 - 26_labels.tif
Condição 1 - 26.jpg,ConvPaint,5,331.15832965205414,1111.086297845802,38483.0,1372.4427842621187,0.2844778299331665,110.67754672927484,0.2567380796087375,C:\Users\sophi\napari-organoid-segmentation\reports\segmentations\organoid_measurements_all_kbO_segmentations\Condição 1 - 26_labels.tif
Condição 1 - 26.jpg,ConvPaint,6,346.86206547076114,1525.5039694604911,29601.0,1323.401153701776,0.2842329740524292,97.06848582792661,0.21238959125569778,C:\Users\sophi\napari-organoid-segmentation\reports\segmentations\organoid_measurements_all_kbO_segmentations\Condição 1 - 26_labels.tif
Condição 1 - 26.jpg,ConvPaint,7,731.7139836391209,237.14212178816294,46819.0,1694.1240251292506,0.26505815982818604,122.07764152881926,0.20499420994861606,C:\Users\sophi\napari-organoid-segmentation\reports\segmentations\organoid_measurements_all_kbO_segmentations\Condição 1 - 26_labels.tif
Condição 1 - 26.jpg,ConvPaint,8,756.6107168337652,1088.8236641508017,26631.0,1280.8569978244918,0.3053753674030304,92.07013945335659,0.20398397377455985,C:\Users\sophi\napari-organoid-segmentation\reports\segmentations\organoid_measurements_all_kbO_segmentations\Condição 1 - 26_labels.tif
Condição 1 - 26.jpg,ConvPaint,9,744.8181238615665,660.3959016393443,32940.0,2180.34541726031,0.3056836724281311,102.39691231132932,0.08707286933554736,C:\Users\sophi\napari-organoid-segmentation\reports\segmentations\organoid_measurements_all_kbO_segmentations\Condição 1 - 26_labels.tif
Condição 1 - 26.jpg,ConvPaint,10,786.0647630871094,1892.9690668321953,9666.0,675.3330444827409,0.26726630330085754,55.46876021557108,0.26633034626424384,C:\Users\sophi\napari-organoid-segmentation\reports\segmentations\organoid_measurements_all_kbO_segmentations\Condição 1 - 26_labels.tif
Condição 1 - 26.jpg,ConvPaint,11,785.1231963633578,1514.838292003984,39157.0,1620.1839456528228,0.2678583562374115,111.642555565961,0.187452236429682,C:\Users\sophi\napari-organoid-segmentation\reports\segmentations\organoid_measurements_all_kbO_segmentations\Condição 1 - 26_labels.tif
Condição 1 - 27.jpg,ConvPaint,1,359.2164853343513,1615.1440160335942,31434.0,1353.8569978244918,0.2620774209499359,100.02876067562407,0.21550826209762533,C:\Users\sophi\napari-organoid-segmentation\reports\segmentations\organoid_measurements_all_kbO_segmentations\Condição 1 - 27_labels.tif
Condição 1 - 27.jpg,ConvPaint,2,355.53758477769406,757.3364732479276,31848.0,1179.2407281148155,0.26502174139022827,100.6853179722911,0.2877975470812,C:\Users\sophi\napari-organoid-segmentation\reports\segmentations\organoid_measurements_all_kbO_segmentations\Condição 1 - 27_labels.tif
Condição 1 - 27.jpg,ConvPaint,3,352.2532479527123,1186.8728834431377,32482.0,1037.500612744638,0.27897414565086365,101.68255368066781,0.37920661288902163,C:\Users\sophi\napari-organoid-segmentation\reports\segmentations\organoid_measurements_all_kbO_segmentations\Condição 1 - 27_labels.tif
Condição 1 - 27.jpg,ConvPaint,4,360.0929088578654,337.0200228634773,28867.0,1571.0418100290917,0.3191779553890228,95.85745398490138,0.14697248259542367,C:\Users\sophi\napari-organoid-segmentation\reports\segmentations\organoid_measurements_all_kbO_segmentations\Condição 1 - 27_labels.tif
Condição 1 - 27.jpg,ConvPaint,5,765.2537363721691,1622.1837982238694,41551.0,1930.2083322704625,0.2700308561325073,115.00475677476426,0.1401467310692775,C:\Users\sophi\napari-organoid-segmentation\reports\segmentations\organoid_measurements_all_kbO_segmentations\Condição 1 - 27_labels.tif
Condição 1 - 27.jpg,ConvPaint,6,773.9508458535431,1190.081302496155,33812.0,1219.1585130146568,0.2641124129295349,103.7434039910313,0.2858645969203955,C:\Users\sophi\napari-organoid-segmentation\reports\segmentations\organoid_measurements_all_kbO_segmentations\Condição 1 - 27_labels.tif
Condição 1 - 27.jpg,ConvPaint,7,788.0585788844188,319.41290638251604,36788.0,1287.5077554195746,0.2819176912307739,108.2126799082681,0.278879335125522,C:\Users\sophi\napari-organoid-segmentation\reports\segmentations\organoid_measurements_all_kbO_segmentations\Condição 1 - 27_labels.tif
Condição 1 - 27.jpg,ConvPaint,8,786.3002269214326,756.5654619002204,30407.0,1141.862048458375,0.2715664505958557,98.38114000757727,0.29305974044973043,C:\Users\sophi\napari-organoid-segmentation\reports\segmentations\organoid_measurements_all_kbO_segmentations\Condição 1 - 27_labels.tif
Condição 1 - 3.jpg,ConvPaint,1,25.87069074378078,1173.276044955171,7919.0,488.00104602052653,0.2772458493709564,50.20653332674382,0.4178676023200997,C:\Users\sophi\napari-organoid-segmentation\reports\segmentations\organoid_measurements_all_kbO_segmentations\Condição 1 - 3_labels.tif
Condição 1 - 3.jpg,ConvPaint,2,24.478109564436462,1617.6865738661877,8908.0,656.9838020778234,0.2265780121088028,53.249455078199695,0.25934671299642137,C:\Users\sophi\napari-organoid-segmentation\reports\segmentations\organoid_measurements_all_kbO_segmentations\Condição 1 - 3_labels.tif
Condição 1 - 3.jpg,ConvPaint,3,322.2024925724428,289.4141297218042,25917.0,991.0275246792191,0.2852032482624054,90.82751411453087,0.33160659510099216,C:\Users\sophi\napari-organoid-segmentation\reports\segmentations\organoid_measurements_all_kbO_segmentations\Condição 1 - 3_labels.tif
Condição 1 - 3.jpg,ConvPaint,4,355.2417742607247,714.0341940857976,24010.0,1114.0985924910847,0.29150959849357605,87.42208169148579,0.24308310378431577,C:\Users\sophi\napari-organoid-segmentation\reports\segmentations\organoid_measurements_all_kbO_segmentations\Condição 1 - 3_labels.tif
Condição 1 - 3.jpg,ConvPaint,5,375.48207271810026,1156.1824438758963,27751.0,1046.2457787486987,0.2614087164402008,93.98626309991464,0.318581874961202,C:\Users\sophi\napari-organoid-segmentation\reports\segmentations\organoid_measurements_all_kbO_segmentations\Condição 1 - 3_labels.tif
Condição 1 - 3.jpg,ConvPaint,6,424.500265425293,1579.6106415125157,24489.0,1044.885389055488,0.254250705242157,88.28981143232129,0.28186659070494413,C:\Users\sophi\napari-organoid-segmentation\reports\segmentations\organoid_measurements_all_kbO_segmentations\Condição 1 - 3_labels.tif
Condição 1 - 3.jpg,ConvPaint,7,739.5153911709561,266.7042781660133,29335.0,1256.549385979917,0.28062644600868225,96.63136401397581,0.23347309043703315,C:\Users\sophi\napari-organoid-segmentation\reports\segmentations\organoid_measurements_all_kbO_segmentations\Condição 1 - 3_labels.tif
Condição 1 - 3.jpg,ConvPaint,8,766.0796037066247,698.1265279968454,20288.0,1271.96359954229,0.3143807649612427,80.36087960504629,0.15757950580053898,C:\Users\sophi\napari-organoid-segmentation\reports\segmentations\organoid_measurements_all_kbO_segmentations\Condição 1 - 3_labels.tif
Condição 1 - 3.jpg,ConvPaint,9,807.3636318849148,1129.7006108976254,20298.0,1256.6732316404182,0.30551356077194214,80.38068219266731,0.16151705361148636,C:\Users\sophi\napari-organoid-segmentation\reports\segmentations\organoid_measurements_all_kbO_segmentations\Condição 1 - 3_labels.tif
Condição 1 - 3.jpg,ConvPaint,10,837.8215712383488,1570.512513230223,29289.0,958.269119345812,0.25227391719818115,96.55557082031594,0.400810806209827,C:\Users\sophi\napari-organoid-segmentation\reports\segmentations\organoid_measurements_all_kbO_segmentations\Condição 1 - 3_labels.tif
Condição 1 - 4.jpg,ConvPaint,1,34.749851807943095,1194.5564400033873,11809.0,571.6345596729059,0.204159677028656,61.31004359763891,0.45413610620633477,C:\Users\sophi\napari-organoid-segmentation\reports\segmentations\organoid_measurements_all_kbO_segmentations\Condição 1 - 4_labels.tif
Condição 1 - 4.jpg,ConvPaint,2,50.27527050772218,1611.829279570887,21626.0,812.445742854949,0.16852501034736633,82.96848557501009,0.41171560487113323,C:\Users\sophi\napari-organoid-segmentation\reports\segmentations\organoid_measurements_all_kbO_segmentations\Condição 1 - 4_labels.tif
Condição 1 - 4.jpg,ConvPaint,3,307.2547440142639,300.2828578706062,31408.0,891.2752160002217,0.24178630113601685,99.9873837304512,0.4968513635763929,C:\Users\sophi\napari-organoid-segmentation\reports\segmentations\organoid_measurements_all_kbO_segmentations\Condição 1 - 4_labels.tif
Condição 1 - 4.jpg,ConvPaint,4,336.56899696048634,715.6478541033434,41125.0,1010.2518754031088,0.22226232290267944,114.4136970354004,0.5063565641495396,C:\Users\sophi\napari-organoid-segmentation\reports\segmentations\organoid_measurements_all_kbO_segmentations\Condição 1 - 4_labels.tif
Condição 1 - 4.jpg,ConvPaint,5,377.1999373155379,1160.363151983702,38287.0,955.9676041556468,0.20741777122020721,110.39533781966878,0.5264714829626105,C:\Users\sophi\napari-organoid-segmentation\reports\segmentations\organoid_measurements_all_kbO_segmentations\Condição 1 - 4_labels.tif
Condição 1 - 4.jpg,ConvPaint,6,422.5582995237255,1596.8068442406068,45352.0,1116.5777772109132,0.18487337231636047,120.14986457839757,0.4571180263902024,C:\Users\sophi\napari-organoid-segmentation\reports\segmentations\organoid_measurements_all_kbO_segmentations\Condição 1 - 4_labels.tif
Condição 1 - 4.jpg,ConvPaint,7,734.5392849136965,252.45488679668236,35688.0,1210.5016587651644,0.24554471671581268,106.58256526340095,0.3060562808470287,C:\Users\sophi\napari-organoid-segmentation\reports\segmentations\organoid_measurements_all_kbO_segmentations\Condição 1 - 4_labels.tif
Condição 1 - 4.jpg,ConvPaint,8,765.5311457814237,692.0758998735002,26087.0,876.653895656662,0.2616825997829437,91.12491427088723,0.42655758417760753,C:\Users\sophi\napari-organoid-segmentation\reports\segmentations\organoid_measurements_all_kbO_segmentations\Condição 1 - 4_labels.tif
Condição 1 - 4.jpg,ConvPaint,9,793.1808490203612,1120.2702010500705,31236.0,1680.2722574073914,0.2528623342514038,99.71322682992907,0.13902918098456596,C:\Users\sophi\napari-organoid-segmentation\reports\segmentations\organoid_measurements_all_kbO_segmentations\Condição 1 - 4_labels.tif
Condição 1 - 4.jpg,ConvPaint,10,844.3604250034497,1563.7059127915,28988.0,1413.4488809165287,0.23744402825832367,96.05814375000031,0.18233410264734895,C:\Users\sophi\napari-organoid-segmentation\reports\segmentations\organoid_measurements_all_kbO_segmentations\Condição 1 - 4_labels.tif
Condição 1 - 49.jpg,ConvPaint,1,49.32342032967033,250.67850274725274,14560.0,5061.729506488133,0.45300421118736267,68.07783738365954,0.007141235785217087,C:\Users\sophi\napari-organoid-segmentation\reports\segmentations\organoid_measurements_all_kbO_segmentations\Condição 1 - 49_labels.tif
Condição 1 - 49.jpg,ConvPaint,2,24.93778246459777,685.1755046700813,6638.0,2063.9961748553924,0.4604298770427704,45.966738240688805,0.019580750603211277,C:\Users\sophi\napari-organoid-segmentation\reports\segmentations\organoid_measurements_all_kbO_segmentations\Condição 1 - 49_labels.tif
Condição 1 - 49.jpg,ConvPaint,3,307.60866455502196,1571.4317155410238,48935.0,7698.940110268397,0.403232216835022,124.8058263079244,0.010374509533405556,C:\Users\sophi\napari-organoid-segmentation\reports\segmentations\organoid_measurements_all_kbO_segmentations\Condição 1 - 49_labels.tif
Condição 1 - 49.jpg,ConvPaint,4,342.8319981369353,1157.8124359571495,42940.0,7960.94516090228,0.40452948212623596,116.91119070787009,0.008514176316425663,C:\Users\sophi\napari-organoid-segmentation\reports\segmentations\organoid_measurements_all_kbO_segmentations\Condição 1 - 49_labels.tif
Condição 1 - 49.jpg,ConvPaint,5,289.0452254461245,1890.1194660128049,7341.0,1444.638743755012,0.4061550796031952,48.33955807074789,0.04420247345884665,C:\Users\sophi\napari-organoid-segmentation\reports\segmentations\organoid_measurements_all_kbO_segmentations\Condição 1 - 49_labels.tif
Condição 1 - 49.jpg,ConvPaint,6,379.52916252702937,732.9377301151306,34222.0,11409.653059896855,0.4478772282600403,104.37049834594873,0.003303470047656775,C:\Users\sophi\napari-organoid-segmentation\reports\segmentations\organoid_measurements_all_kbO_segmentations\Condição 1 - 49_labels.tif
Condição 1 - 49.jpg,ConvPaint,7,427.1161670235546,294.0607601713062,33624.0,11309.82358675158,0.42127206921577454,103.45458720155321,0.0033032966697155745,C:\Users\sophi\napari-organoid-segmentation\reports\segmentations\organoid_measurements_all_kbO_segmentations\Condição 1 - 49_labels.tif
Condição 1 - 49.jpg,ConvPaint,8,733.869841673555,1623.8021237362498,47181.0,6941.327845172078,0.407751202583313,122.54867906280111,0.01230529108503668,C:\Users\sophi\napari-organoid-segmentation\reports\segmentations\organoid_measurements_all_kbO_segmentations\Condição 1 - 49_labels.tif
Condição 1 - 49.jpg,ConvPaint,9,783.1417741522166,1203.2513667036815,46828.0,7293.883148337654,0.3974045515060425,122.08937443616685,0.011061088594971666,C:\Users\sophi\napari-organoid-segmentation\reports\segmentations\organoid_measurements_all_kbO_segmentations\Condição 1 - 49_labels.tif
Condição 1 - 49.jpg,ConvPaint,10,826.5413651351004,777.5500578084186,46706.0,11369.442994522837,0.40161871910095215,121.93023228100621,0.004540505039378168,C:\Users\sophi\napari-organoid-segmentation\reports\segmentations\organoid_measurements_all_kbO_segmentations\Condição 1 - 49_labels.tif
Condição 1 - 49.jpg,ConvPaint,11,873.2359698223412,338.78274519347775,41090.0,10741.312872739178,0.39627885818481445,114.3649999925325,0.004475393960982858,C:\Users\sophi\napari-organoid-segmentation\reports\segmentations\organoid_measurements_all_kbO_segmentations\Condição 1 - 49_labels.tif
Condição 1 - 49.jpg,ConvPaint,12,1056.2451266487685,1664.1027197385315,8567.0,1052.2346314604056,0.38952934741973877,52.22031017656382,0.09723294687399653,C:\Users\sophi\napari-organoid-segmentation\reports\segmentations\organoid_measurements_all_kbO_segmentations\Condição 1 - 49_labels.tif
Condição 1 - 50.jpg,ConvPaint,1,44.32571540829022,260.81127627529304,15271.0,3914.0634175226505,0.41805604100227356,69.7202285704276,0.012526265863072218,C:\Users\sophi\napari-organoid-segmentation\reports\segmentations\organoid_measurements_all_kbO_segmentations\Condição 1 - 50_labels.tif
Condição 1 - 50.jpg,ConvPaint,2,21.402875046074456,698.3532989310726,5426.0,1131.2701653663385,0.4158315658569336,41.558987504909794,0.053279112988690376,C:\Users\sophi\napari-organoid-segmentation\reports\segmentations\organoid_measurements_all_kbO_segmentations\Condição 1 - 50_labels.tif
Condição 1 - 50.jpg,ConvPaint,3,266.58915263593707,1557.8375885546047,43476.0,8061.810167953486,0.41377973556518555,117.63860170763033,0.008406095293413796,C:\Users\sophi\napari-organoid-segmentation\reports\segmentations\organoid_measurements_all_kbO_segmentations\Condição 1 - 50_labels.tif
Condição 1 - 50.jpg,ConvPaint,4,260.4939879759519,1885.0652213517944,10978.0,2069.889573137594,0.39370471239089966,59.1135004083302,0.03219872958883147,C:\Users\sophi\napari-organoid-segmentation\reports\segmentations\organoid_measurements_all_kbO_segmentations\Condição 1 - 50_labels.tif
Condição 1 - 50.jpg,ConvPaint,5,303.68242438916127,1152.7337328248896,49563.0,10896.51510835523,0.4393380284309387,125.60411175167482,0.005245564109975912,C:\Users\sophi\napari-organoid-segmentation\reports\segmentations\organoid_measurements_all_kbO_segmentations\Condição 1 - 50_labels.tif
Condição 1 - 50.jpg,ConvPaint,6,354.63144541963794,732.8816968367161,43752.0,12041.190252567952,0.4335797429084778,118.01141529662802,0.003792005317368036,C:\Users\sophi\napari-organoid-segmentation\reports\segmentations\organoid_measurements_all_kbO_segmentations\Condição 1 - 50_labels.tif
Condição 1 - 50.jpg,ConvPaint,7,402.34312072215056,300.5580051582184,40324.0,11496.104899406213,0.41221100091934204,113.29398858931208,0.00383417590927665,C:\Users\sophi\napari-organoid-segmentation\reports\segmentations\organoid_measurements_all_kbO_segmentations\Condição 1 - 50_labels.tif
Condição 1 - 50.jpg,ConvPaint,8,715.5458939390501,1602.7174884839683,44069.0,5562.521533155168,0.37362396717071533,118.43816265981785,0.017897799944507874,C:\Users\sophi\napari-organoid-segmentation\reports\segmentations\organoid_measurements_all_kbO_segmentations\Condição 1 - 50_labels.tif
Condição 1 - 50.jpg,ConvPaint,9,746.4165980692958,1208.791488937115,40089.0,10017.770808902946,0.45353347063064575,112.9633791421892,0.005019875014821359,C:\Users\sophi\napari-organoid-segmentation\reports\segmentations\organoid_measurements_all_kbO_segmentations\Condição 1 - 50_labels.tif
Condição 1 - 50.jpg,ConvPaint,10,691.0424909685188,1895.183038018235,5813.0,1517.7686860699232,0.40883007645606995,43.015524736847915,0.031710202115421776,C:\Users\sophi\napari-organoid-segmentation\reports\segmentations\organoid_measurements_all_kbO_segmentations\Condição 1 - 50_labels.tif
Condição 1 - 50.jpg,ConvPaint,11,797.3573231205171,774.5078588506154,45172.0,9436.020412796252,0.4053748846054077,119.91119288329257,0.006375311949908489,C:\Users\sophi\napari-organoid-segmentation\reports\segmentations\organoid_measurements_all_kbO_segmentations\Condição 1 - 50_labels.tif
Condição 1 - 50.jpg,ConvPaint,12,839.6570716635105,338.63879198644474,50165.0,8115.619259094476,0.37544575333595276,126.36461308613998,0.00957122118046054,C:\Users\sophi\napari-organoid-segmentation\reports\segmentations\organoid_measurements_all_kbO_segmentations\Condição 1 - 50_labels.tif
Condição 1 - 50.jpg,ConvPaint,13,880.6823465801568,25.995268991619355,7398.0,1963.841845922842,0.42249786853790283,48.52686408565552,0.02410522398889533,C:\Users\sophi\napari-organoid-segmentation\reports\segmentations\organoid_measurements_all_kbO_segmentations\Condição 1 - 50_labels.tif
Condição 1 - 50.jpg,ConvPaint,14,1048.325617821093,1635.2664462234598,11492.0,1715.8824304626578,0.3811425268650055,60.481544391856616,0.04904903039264477,C:\Users\sophi\napari-organoid-segmentation\reports\segmentations\organoid_measurements_all_kbO_segmentations\Condição 1 - 50_labels.tif
Condição 1 - 51.jpg,ConvPaint,1,291.3608050582196,1565.2187773882558,63896.0,2003.7941187080892,0.24873484671115875,142.61391407432689,0.19997575276944984,C:\Users\sophi\napari-organoid-segmentation\reports\segmentations\organoid_measurements_all_kbO_segmentations\Condição 1 - 51_labels.tif
Condição 1 - 51.jpg,ConvPaint,2,261.048554336989,1895.1435692921236,10030.0,575.208152801713,0.23671144247055054,56.5035234160085,0.3809436433935296,C:\Users\sophi\napari-organoid-segmentation\reports\segmentations\organoid_measurements_all_kbO_segmentations\Condição 1 - 51_labels.tif
Condição 1 - 51.jpg,ConvPaint,3,308.70344955489617,1146.8281797949824,59312.0,2730.010460205265,0.30884045362472534,137.40304206724463,0.10000548273594444,C:\Users\sophi\napari-organoid-segmentation\reports\segmentations\organoid_measurements_all_kbO_segmentations\Condição 1 - 51_labels.tif
Condição 1 - 51.jpg,ConvPaint,4,327.7577283483199,721.0836914339801,52825.0,6262.435313441652,0.35676971077919006,129.67158415650957,0.01692633234341311,C:\Users\sophi\napari-organoid-segmentation\reports\segmentations\organoid_measurements_all_kbO_segmentations\Condição 1 - 51_labels.tif
Condição 1 - 51.jpg,ConvPaint,5,353.3796887269213,303.85126945456744,49667.0,7538.770449965447,0.36282193660736084,125.73582272801309,0.010981881504031654,C:\Users\sophi\napari-organoid-segmentation\reports\segmentations\organoid_measurements_all_kbO_segmentations\Condição 1 - 51_labels.tif
Condição 1 - 51.jpg,ConvPaint,6,723.2646223027199,1592.1275333354151,64046.0,1545.6204537917824,0.2529803216457367,142.78121364705882,0.3368962388156252,C:\Users\sophi\napari-organoid-segmentation\reports\segmentations\organoid_measurements_all_kbO_segmentations\Condição 1 - 51_labels.tif
Condição 1 - 51.jpg,ConvPaint,7,749.37808,1168.2942755555555,56250.0,4278.48477375996,0.3280307650566101,133.80930871145785,0.03861467725151104,C:\Users\sophi\napari-organoid-segmentation\reports\segmentations\organoid_measurements_all_kbO_segmentations\Condição 1 - 51_labels.tif
Condição 1 - 51.jpg,ConvPaint,8,767.915133994289,743.6498590000532,56383.0,3956.105048082993,0.32193276286125183,133.96740765089348,0.04527124245682531,C:\Users\sophi\napari-organoid-segmentation\reports\segmentations\organoid_measurements_all_kbO_segmentations\Condição 1 - 51_labels.tif
Condição 1 - 51.jpg,ConvPaint,9,796.5350873409532,319.65829199913736,46370.0,6868.614028991844,0.36376723647117615,121.4908614766657,0.012351188072127452,C:\Users\sophi\napari-organoid-segmentation\reports\segmentations\organoid_measurements_all_kbO_segmentations\Condição 1 - 51_labels.tif
Condição 1 - 52.jpg,ConvPaint,1,44.62066235651141,308.3821744293442,15158.0,868.2335854398791,0.3149895668029785,69.46179708857164,0.25268450079617527,C:\Users\sophi\napari-organoid-segmentation\reports\segmentations\organoid_measurements_all_kbO_segmentations\Condição 1 - 52_labels.tif
Condição 1 - 52.jpg,ConvPaint,2,41.08393676695564,723.6710861805201,19610.0,1275.5361466505706,0.3142792284488678,79.00668875521956,0.1514613826383017,C:\Users\sophi\napari-organoid-segmentation\reports\segmentations\organoid_measurements_all_kbO_segmentations\Condição 1 - 52_labels.tif
Condição 1 - 52.jpg,ConvPaint,3,28.37147468569487,1140.2613829425757,11772.0,1146.2579720575186,0.3469635546207428,61.21391982348119,0.11258884895224786,C:\Users\sophi\napari-organoid-segmentation\reports\segmentations\organoid_measurements_all_kbO_segmentations\Condição 1 - 52_labels.tif
Condição 1 - 52.jpg,ConvPaint,4,20.551067279113752,1575.064577141313,7402.0,1143.77269068328,0.3540118932723999,48.53998122715355,0.07110162050157579,C:\Users\sophi\napari-organoid-segmentation\reports\segmentations\organoid_measurements_all_kbO_segmentations\Condição 1 - 52_labels.tif
Condição 1 - 52.jpg,ConvPaint,5,349.25005867718164,1592.5783223020233,63909.0,1968.528137423857,0.28544530272483826,142.62842113730306,0.20724718125570013,C:\Users\sophi\napari-organoid-segmentation\reports\segmentations\organoid_measurements_all_kbO_segmentations\Condição 1 - 52_labels.tif
Condição 1 - 52.jpg,ConvPaint,6,332.2525836204023,1896.2213579286588,8999.0,745.8538597629122,0.31662604212760925,53.52074986178662,0.20328092712752094,C:\Users\sophi\napari-organoid-segmentation\reports\segmentations\organoid_measurements_all_kbO_segmentations\Condição 1 - 52_labels.tif
Condição 1 - 52.jpg,ConvPaint,7,374.3188134169198,1174.258078588509,61892.0,4458.841158839814,0.3280765116214752,140.35966470352932,0.03912013800005296,C:\Users\sophi\napari-organoid-segmentation\reports\segmentations\organoid_measurements_all_kbO_segmentations\Condição 1 - 52_labels.tif
Condição 1 - 52.jpg,ConvPaint,8,403.6986659927433,756.1243569146344,55397.0,5317.2067786356565,0.34816774725914,132.79086099925496,0.024622322247066602,C:\Users\sophi\napari-organoid-segmentation\reports\segmentations\organoid_measurements_all_kbO_segmentations\Condição 1 - 52_labels.tif
Condição 1 - 52.jpg,ConvPaint,9,420.45232141650337,322.26581964812686,44391.0,8018.235528804152,0.3827100694179535,118.8700725901379,0.008676552007254017,C:\Users\sophi\napari-organoid-segmentation\reports\segmentations\organoid_measurements_all_kbO_segmentations\Condição 1 - 52_labels.tif
Condição 1 - 52.jpg,ConvPaint,10,795.6818356929597,1620.9811069376224,62298.0,2779.052090765608,0.27978086471557617,140.81927882743113,0.10136559963382873,C:\Users\sophi\napari-organoid-segmentation\reports\segmentations\organoid_measurements_all_kbO_segmentations\Condição 1 - 52_labels.tif
Condição 1 - 52.jpg,ConvPaint,11,815.1994132091718,1203.6281691488343,62714.0,4297.538597629122,0.32668209075927734,141.28866268080483,0.0426711938666353,C:\Users\sophi\napari-organoid-segmentation\reports\segmentations\organoid_measurements_all_kbO_segmentations\Condição 1 - 52_labels.tif
Condição 1 - 52.jpg,ConvPaint,12,844.2270272860885,778.4823950412167,62596.0,3384.4278118292177,0.31294506788253784,141.15567872232614,0.06867298660977908,C:\Users\sophi\napari-organoid-segmentation\reports\segmentations\organoid_measurements_all_kbO_segmentations\Condição 1 - 52_labels.tif
Condição 1 - 52.jpg,ConvPaint,13,865.8806295955883,350.7475107230392,52224.0,5465.774275110054,0.3524118959903717,128.93182499314233,0.02196729651523837,C:\Users\sophi\napari-organoid-segmentation\reports\segmentations\organoid_measurements_all_kbO_segmentations\Condição 1 - 52_labels.tif
Condição 1 - 52.jpg,ConvPaint,14,902.8716471647165,16.752475247524753,5555.0,1049.7615433949868,0.4145531952381134,42.050106037333094,0.06334503923008283,C:\Users\sophi\napari-organoid-segmentation\reports\segmentations\organoid_measurements_all_kbO_segmentations\Condição 1 - 52_labels.tif
Condição 1 - 73.jpg,ConvPaint,1,60.60083352627923,174.3948003836867,30233.0,2833.553570062023,0.3246954381465912,98.09924968619558,0.047318204053553165,C:\Users\sophi\napari-organoid-segmentation\reports\segmentations\organoid_measurements_all_kbO_segmentations\Condição 1 - 73_labels.tif
Condição 1 - 73.jpg,ConvPaint,2,38.723412279378486,549.6065771609594,13258.0,1415.9747468305832,0.3363752067089081,64.96270061369599,0.0830953770279978,C:\Users\sophi\napari-organoid-segmentation\reports\segmentations\organoid_measurements_all_kbO_segmentations\Condição 1 - 73_labels.tif
Condição 1 - 73.jpg,ConvPaint,3,271.1985777278229,1462.7146377312813,46264.0,1851.8996744053609,0.28960317373275757,121.35192035730992,0.16951890275595918,C:\Users\sophi\napari-organoid-segmentation\reports\segmentations\organoid_measurements_all_kbO_segmentations\Condição 1 - 73_labels.tif
Condição 1 - 73.jpg,ConvPaint,4,323.1276636920761,1043.7441780453714,46505.0,3155.1963184303922,0.3298766613006592,121.66758507086917,0.058702519260287134,C:\Users\sophi\napari-organoid-segmentation\reports\segmentations\organoid_measurements_all_kbO_segmentations\Condição 1 - 73_labels.tif
Condição 1 - 73.jpg,ConvPaint,5,394.7407673993688,632.816012402414,36122.0,2169.576910659136,0.3275800943374634,107.22867950660816,0.09643430429305797,C:\Users\sophi\napari-organoid-segmentation\reports\segmentations\organoid_measurements_all_kbO_segmentations\Condição 1 - 73_labels.tif
Condição 1 - 73.jpg,ConvPaint,6,454.46787172356665,246.3759245015088,33802.0,4059.033980271128,0.3531040847301483,103.7280616457499,0.02578142317203085,C:\Users\sophi\napari-organoid-segmentation\reports\segmentations\organoid_measurements_all_kbO_segmentations\Condição 1 - 73_labels.tif
Condição 1 - 73.jpg,ConvPaint,7,702.0794069441043,1526.827942201541,53081.0,2426.511939501681,0.3045329749584198,129.98541098339382,0.1132880482829098,C:\Users\sophi\napari-organoid-segmentation\reports\segmentations\organoid_measurements_all_kbO_segmentations\Condição 1 - 73_labels.tif
Condição 1 - 73.jpg,ConvPaint,8,770.6232333905692,1113.4750583366354,45426.0,2178.263202160151,0.32328760623931885,120.24784775531276,0.12030776276575322,C:\Users\sophi\napari-organoid-segmentation\reports\segmentations\organoid_measurements_all_kbO_segmentations\Condição 1 - 73_labels.tif
Condição 1 - 73.jpg,ConvPaint,9,832.5524672228844,709.9292252681764,41950.0,3774.7263684265527,0.3486729860305786,115.55561312809525,0.0369973722593614,C:\Users\sophi\napari-organoid-segmentation\reports\segmentations\organoid_measurements_all_kbO_segmentations\Condição 1 - 73_labels.tif
Condição 1 - 73.jpg,ConvPaint,10,883.2682061642548,311.23372016538246,42568.0,3037.3973285571683,0.3322412967681885,116.40367363219944,0.05798156009900533,C:\Users\sophi\napari-organoid-segmentation\reports\segmentations\organoid_measurements_all_kbO_segmentations\Condição 1 - 73_labels.tif
Condição 1 - 73.jpg,ConvPaint,11,1040.346221846414,1583.985010377431,13009.0,1227.0153313703993,0.3165132999420166,64.349773188139,0.10858099055827067,C:\Users\sophi\napari-organoid-segmentation\reports\segmentations\organoid_measurements_all_kbO_segmentations\Condição 1 - 73_labels.tif
Condição 1 - 74.jpg,ConvPaint,1,178.5178590355061,1582.4406288641583,28305.0,1802.125071149777,0.315477579832077,94.91976258099362,0.10952245395624315,C:\Users\sophi\napari-organoid-segmentation\reports\segmentations\organoid_measurements_all_kbO_segmentations\Condição 1 - 74_labels.tif
Condição 1 - 74.jpg,ConvPaint,2,236.83121966494443,1150.755101508272,38322.0,2231.588057947429,0.2947295904159546,110.44578515423404,0.0967007791198456,C:\Users\sophi\napari-organoid-segmentation\reports\segmentations\organoid_measurements_all_kbO_segmentations\Condição 1 - 74_labels.tif
Condição 1 - 74.jpg,ConvPaint,3,307.3609470575828,749.2086057793714,37928.0,2102.8489885977783,0.3309376537799835,109.87655511153784,0.1077838356348591,C:\Users\sophi\napari-organoid-segmentation\reports\segmentations\organoid_measurements_all_kbO_segmentations\Condição 1 - 74_labels.tif
Condição 1 - 74.jpg,ConvPaint,4,387.0050532140135,313.1351099568077,35423.0,2576.460207673571,0.323025107383728,106.1861153743201,0.06705764918210125,C:\Users\sophi\napari-organoid-segmentation\reports\segmentations\organoid_measurements_all_kbO_segmentations\Condição 1 - 74_labels.tif
Condição 1 - 74.jpg,ConvPaint,5,613.9280201894591,1651.8095899930506,27341.0,2492.2886347983176,0.34745877981185913,93.28939166995903,0.05531304724914267,C:\Users\sophi\napari-organoid-segmentation\reports\segmentations\organoid_measurements_all_kbO_segmentations\Condição 1 - 74_labels.tif
Condição 1 - 74.jpg,ConvPaint,6,673.0385625382208,1220.55426454189,27799.0,2083.9728342582794,0.33444327116012573,94.06751046999807,0.08043682703024349,C:\Users\sophi\napari-organoid-segmentation\reports\segmentations\organoid_measurements_all_kbO_segmentations\Condição 1 - 74_labels.tif
Condição 1 - 74.jpg,ConvPaint,7,754.3064669725564,824.6618763166248,34653.0,2384.4652583074544,0.32708755135536194,105.02567536525008,0.07658940653137047,C:\Users\sophi\napari-organoid-segmentation\reports\segmentations\organoid_measurements_all_kbO_segmentations\Condição 1 - 74_labels.tif
Condição 1 - 74.jpg,ConvPaint,8,823.2985878264275,388.043784723072,40859.0,3200.440005138038,0.3365931510925293,114.0430779994275,0.05012775056964503,C:\Users\sophi\napari-organoid-segmentation\reports\segmentations\organoid_measurements_all_kbO_segmentations\Condição 1 - 74_labels.tif
Condição 1 - 74.jpg,ConvPaint,9,890.0444076025816,36.27076795547398,16889.0,1978.8712831743646,0.3429855406284332,73.32077241653992,0.05419743177450459,C:\Users\sophi\napari-organoid-segmentation\reports\segmentations\organoid_measurements_all_kbO_segmentations\Condição 1 - 74_labels.tif
Condição 1 - 74.jpg,ConvPaint,10,1026.3111283643893,1715.457712215321,19320.0,2337.2844507162113,0.27381521463394165,78.42032262794406,0.044442025724441475,C:\Users\sophi\napari-organoid-segmentation\reports\segmentations\organoid_measurements_all_kbO_segmentations\Condição 1 - 74_labels.tif
Condição 1 - 74.jpg,ConvPaint,11,1046.2307301863534,1290.7982017257632,13791.0,1145.4183976444792,0.3412740230560303,66.25565364827862,0.1320922426334711,C:\Users\sophi\napari-organoid-segmentation\reports\segmentations\organoid_measurements_all_kbO_segmentations\Condição 1 - 74_labels.tif
Condição 1 - 75.jpg,ConvPaint,1,42.753440204284296,647.8583250579278,21147.0,762.1198410471445,0.23607464134693146,82.04449502025484,0.4575221168191016,C:\Users\sophi\napari-organoid-segmentation\reports\segmentations\organoid_measurements_all_kbO_segmentations\Condição 1 - 75_labels.tif
Condição 1 - 75.jpg,ConvPaint,2,196.35674118776575,1896.7218488547524,7291.0,807.0437226013956,0.34636202454566956,48.1746549563774,0.1406704363612482,C:\Users\sophi\napari-organoid-segmentation\reports\segmentations\organoid_measurements_all_kbO_segmentations\Condição 1 - 75_labels.tif
Condição 1 - 75.jpg,ConvPaint,3,266.992768625164,1538.7516839189386,34295.0,2133.067242667258,0.325181245803833,104.48175700414451,0.0947177948444389,C:\Users\sophi\napari-organoid-segmentation\reports\segmentations\organoid_measurements_all_kbO_segmentations\Condição 1 - 75_labels.tif
Condição 1 - 75.jpg,ConvPaint,4,330.1216820599677,1120.8120517638342,37787.0,2993.468396369034,0.34528300166130066,109.67212804184524,0.052991098535145734,C:\Users\sophi\napari-organoid-segmentation\reports\segmentations\organoid_measurements_all_kbO_segmentations\Condição 1 - 75_labels.tif
Condição 1 - 75.jpg,ConvPaint,5,397.18902533011357,707.3918974464368,38926.0,2333.4124804588187,0.3303947448730469,111.31276040773689,0.08983935174765637,C:\Users\sophi\napari-organoid-segmentation\reports\segmentations\organoid_measurements_all_kbO_segmentations\Condição 1 - 75_labels.tif
Condição 1 - 75.jpg,ConvPaint,6,468.3457066639823,302.09769478558485,39736.0,3341.7892475429553,0.338470995426178,112.46493514602277,0.04471321484111802,C:\Users\sophi\napari-organoid-segmentation\reports\segmentations\organoid_measurements_all_kbO_segmentations\Condição 1 - 75_labels.tif
Condição 1 - 75.jpg,ConvPaint,7,704.2601827362347,1618.7050973791777,41590.0,3309.8592693342944,0.3268709182739258,115.0587161686756,0.047706738553817414,C:\Users\sophi\napari-organoid-segmentation\reports\segmentations\organoid_measurements_all_kbO_segmentations\Condição 1 - 75_labels.tif
Condição 1 - 75.jpg,ConvPaint,8,757.048878394333,1192.4986304604486,42350.0,2192.0916292848974,0.31822046637535095,116.10522675523069,0.11075054481999162,C:\Users\sophi\napari-organoid-segmentation\reports\segmentations\organoid_measurements_all_kbO_segmentations\Condição 1 - 75_labels.tif
Condição 1 - 75.jpg,ConvPaint,9,830.7904664174546,780.683060910357,40929.0,2921.763814904789,0.33875563740730286,114.1407259991646,0.06024913075610719,C:\Users\sophi\napari-organoid-segmentation\reports\segmentations\organoid_measurements_all_kbO_segmentations\Condição 1 - 75_labels.tif
Condição 1 - 75.jpg,ConvPaint,10,883.8786475749521,354.5248506673526,34989.0,2064.12106653642,0.32909291982650757,105.533618376727,0.10319794798802538,C:\Users\sophi\napari-organoid-segmentation\reports\segmentations\organoid_measurements_all_kbO_segmentations\Condição 1 - 75_labels.tif
Condição 1 - 75.jpg,ConvPaint,11,956.038509010121,30.74837488685921,12153.0,952.4173516239528,0.32849374413490295,62.19662407873604,0.16835994062698398,C:\Users\sophi\napari-organoid-segmentation\reports\segmentations\organoid_measurements_all_kbO_segmentations\Condição 1 - 75_labels.tif
Condição 1 - 75.jpg,ConvPaint,12,1052.048348017621,1674.0078193832599,9080.0,778.9015869776647,0.32041463255882263,53.76108040719438,0.18807476816623017,C:\Users\sophi\napari-organoid-segmentation\reports\segmentations\organoid_measurements_all_kbO_segmentations\Condição 1 - 75_labels.tif
Condição 1 -28.jpg,ConvPaint,1,21.863265570374207,268.74698951184774,7723.0,540.2792206135786,0.3181370794773102,49.58131957700819,0.33247528691235295,C:\Users\sophi\napari-organoid-segmentation\reports\segmentations\organoid_measurements_all_kbO_segmentations\Condição 1 -28_labels.tif
Condição 1 -28.jpg,ConvPaint,2,19.77019137204022,1116.876094712942,6166.0,451.4802307403552,0.29120543599128723,44.302356124807325,0.3801332929257618,C:\Users\sophi\napari-organoid-segmentation\reports\segmentations\organoid_measurements_all_kbO_segmentations\Condição 1 -28_labels.tif
Condição 1 -28.jpg,ConvPaint,3,344.105228712339,1108.934015847416,42783.0,1088.2935059634515,0.24066679179668427,116.69726586600525,0.4539301435021727,C:\Users\sophi\napari-organoid-segmentation\reports\segmentations\organoid_measurements_all_kbO_segmentations\Condição 1 -28_labels.tif
Condição 1 -28.jpg,ConvPaint,4,347.5147239634773,1545.0496442464676,49613.0,1733.5504320004434,0.24377736449241638,125.66745156657075,0.20745905326151876,C:\Users\sophi\napari-organoid-segmentation\reports\segmentations\organoid_measurements_all_kbO_segmentations\Condição 1 -28_labels.tif
Condição 1 -28.jpg,ConvPaint,5,359.21747131931164,257.86675430210323,41840.0,1322.0163773909258,0.2798328995704651,115.4040104932658,0.3008346587457297,C:\Users\sophi\napari-organoid-segmentation\reports\segmentations\organoid_measurements_all_kbO_segmentations\Condição 1 -28_labels.tif
Condição 1 -28.jpg,ConvPaint,6,365.8096803481419,691.5517047055508,31941.0,1452.3422791987305,0.2875954806804657,100.83221744361501,0.1902919480960412,C:\Users\sophi\napari-organoid-segmentation\reports\segmentations\organoid_measurements_all_kbO_segmentations\Condição 1 -28_labels.tif
Condição 1 -28.jpg,ConvPaint,7,359.16690962099125,1901.0934766763849,5488.0,594.4568901432422,0.3020786941051483,41.795749250092925,0.19515659690005424,C:\Users\sophi\napari-organoid-segmentation\reports\segmentations\organoid_measurements_all_kbO_segmentations\Condição 1 -28_labels.tif
Condição 1 -28.jpg,ConvPaint,8,792.2850209706411,1542.5482324745356,50070.0,1977.8174593052022,0.2373507171869278,126.24490485252227,0.16084776946311297,C:\Users\sophi\napari-organoid-segmentation\reports\segmentations\organoid_measurements_all_kbO_segmentations\Condição 1 -28_labels.tif
Condição 1 -28.jpg,ConvPaint,9,775.1130857446647,668.8130680235944,39501.0,1198.8387078612623,0.26422184705734253,112.13188134578816,0.34537940777642157,C:\Users\sophi\napari-organoid-segmentation\reports\segmentations\organoid_measurements_all_kbO_segmentations\Condição 1 -28_labels.tif
Condição 1 -28.jpg,ConvPaint,10,788.1180718091729,1119.9870524376277,40162.0,1496.4255403194156,0.2673987150192261,113.06618260520429,0.22537979107466036,C:\Users\sophi\napari-organoid-segmentation\reports\segmentations\organoid_measurements_all_kbO_segmentations\Condição 1 -28_labels.tif
Condição 1 -28.jpg,ConvPaint,11,791.0835275499928,233.58578621781038,34755.0,1347.549385979917,0.2813488245010376,105.1801316519315,0.24051256827189985,C:\Users\sophi\napari-organoid-segmentation\reports\segmentations\organoid_measurements_all_kbO_segmentations\Condição 1 -28_labels.tif
Condição 1- 76.jpg,ConvPaint,1,51.10945174894567,348.81136194492683,20155.0,1576.8519471906084,0.339803010225296,80.09703962091422,0.1018616786737839,C:\Users\sophi\napari-organoid-segmentation\reports\segmentations\organoid_measurements_all_kbO_segmentations\Condição 1- 76_labels.tif
Condição 1- 76.jpg,ConvPaint,2,26.78170869401581,752.7517877305231,5314.0,1042.1158364337878,0.38891276717185974,41.12783406867743,0.061489282122627796,C:\Users\sophi\napari-organoid-segmentation\reports\segmentations\organoid_measurements_all_kbO_segmentations\Condição 1- 76_labels.tif
Condição 1- 76.jpg,ConvPaint,3,259.0913549969344,1624.1116288575515,48930.0,2436.328173317607,0.24142716825008392,124.79945004275011,0.10358896767185102,C:\Users\sophi\napari-organoid-segmentation\reports\segmentations\organoid_measurements_all_kbO_segmentations\Condição 1- 76_labels.tif
Condição 1- 76.jpg,ConvPaint,4,328.7114644838075,1205.4669439971372,44712.0,3274.2551929334377,0.31917890906333923,119.29908478714181,0.05240936656015884,C:\Users\sophi\napari-organoid-segmentation\reports\segmentations\organoid_measurements_all_kbO_segmentations\Condição 1- 76_labels.tif
Condição 1- 76.jpg,ConvPaint,5,384.1042078360077,802.1172766316233,37953.0,3151.5100269293766,0.3259442448616028,109.91276136251608,0.04801960552071329,C:\Users\sophi\napari-organoid-segmentation\reports\segmentations\organoid_measurements_all_kbO_segmentations\Condição 1- 76_labels.tif
Condição 1- 76.jpg,ConvPaint,6,441.7519137182691,394.19965802972513,38015.0,4091.1588719521556,0.34991970658302307,110.00250144099816,0.028541196085329595,C:\Users\sophi\napari-organoid-segmentation\reports\segmentations\organoid_measurements_all_kbO_segmentations\Condição 1- 76_labels.tif
Condição 1- 76.jpg,ConvPaint,7,507.5451963241437,22.1874686716792,5985.0,904.2874093090415,0.37866103649139404,43.64727561727063,0.09197314781907295,C:\Users\sophi\napari-organoid-segmentation\reports\segmentations\organoid_measurements_all_kbO_segmentations\Condição 1- 76_labels.tif
Condição 1- 76.jpg,ConvPaint,8,676.5304108738553,1684.2465464866184,45099.0,2730.590149988482,0.28249695897102356,119.81426274447786,0.07600877577160531,C:\Users\sophi\napari-organoid-segmentation\reports\segmentations\organoid_measurements_all_kbO_segmentations\Condição 1- 76_labels.tif
Condição 1- 76.jpg,ConvPaint,9,760.7296506472779,1257.9739138145062,56390.0,3124.7749621930825,0.29520219564437866,133.97572347968102,0.07257289810482388,C:\Users\sophi\napari-organoid-segmentation\reports\segmentations\organoid_measurements_all_kbO_segmentations\Condição 1- 76_labels.tif
Condição 1- 76.jpg,ConvPaint,10,806.4223952231586,875.0201806432108,52922.0,4632.498013089306,0.34173446893692017,129.79058439123605,0.030989575627587147,C:\Users\sophi\napari-organoid-segmentation\reports\segmentations\organoid_measurements_all_kbO_segmentations\Condição 1- 76_labels.tif
Condição 1- 76.jpg,ConvPaint,11,851.4846718643555,456.22456034112986,39633.0,3167.2978695143065,0.3373672068119049,112.31907994246649,0.04964654082932798,C:\Users\sophi\napari-organoid-segmentation\reports\segmentations\organoid_measurements_all_kbO_segmentations\Condição 1- 76_labels.tif
Condição 1- 76.jpg,ConvPaint,12,935.9208794161107,52.752026149644024,22333.0,2301.7180002623404,0.3336309790611267,84.31378705847933,0.05297277226681117,C:\Users\sophi\napari-organoid-segmentation\reports\segmentations\organoid_measurements_all_kbO_segmentations\Condição 1- 76_labels.tif
Condição 1- 76.jpg,ConvPaint,13,1034.0905469994689,1759.1101964949548,18830.0,2576.118974495367,0.2617639899253845,77.41947530719114,0.035655649436934826,C:\Users\sophi\napari-organoid-segmentation\reports\segmentations\organoid_measurements_all_kbO_segmentations\Condição 1- 76_labels.tif
Condição 2 - 29.jpg,ConvPaint,1,226.18723879082978,1571.681456684926,49290.0,1245.5189027078677,0.16824239492416382,125.25771149912903,0.3992712469639093,C:\Users\sophi\napari-organoid-segmentation\reports\segmentations\organoid_measurements_all_kbO_segmentations\Condição 2 - 29_labels.tif
Condição 2 - 29.jpg,ConvPaint,2,244.27342760658505,1146.2043478260869,47380.0,1112.0214280248092,0.19907410442829132,122.80685000189526,0.4814803954348568,C:\Users\sophi\napari-organoid-segmentation\reports\segmentations\organoid_measurements_all_kbO_segmentations\Condição 2 - 29_labels.tif
Condição 2 - 29.jpg,ConvPaint,3,257.2214583921901,739.6193615218006,31857.0,1694.2072862499358,0.27182736992836,100.69954341583193,0.13947027242306417,C:\Users\sophi\napari-organoid-segmentation\reports\segmentations\organoid_measurements_all_kbO_segmentations\Condição 2 - 29_labels.tif
Condição 2 - 29.jpg,ConvPaint,4,270.20221458571973,305.92840778923255,26190.0,2277.334269972017,0.30682283639907837,91.30463251748773,0.0634587918043515,C:\Users\sophi\napari-organoid-segmentation\reports\segmentations\organoid_measurements_all_kbO_segmentations\Condição 2 - 29_labels.tif
Condição 2 - 29.jpg,ConvPaint,5,646.2074397220554,1602.0747629372274,38281.0,1442.3483758531404,0.21330851316452026,110.38668739029038,0.2312345892022495,C:\Users\sophi\napari-organoid-segmentation\reports\segmentations\organoid_measurements_all_kbO_segmentations\Condição 2 - 29_labels.tif
Condição 2 - 29.jpg,ConvPaint,6,687.0596796173922,750.7541847728266,38891.0,1135.9564568673536,0.22689712047576904,111.2627061668635,0.37873514300831757,C:\Users\sophi\napari-organoid-segmentation\reports\segmentations\organoid_measurements_all_kbO_segmentations\Condição 2 - 29_labels.tif
Condição 2 - 29.jpg,ConvPaint,7,676.9551549463647,1173.6682061978545,33560.0,1924.876333808248,0.2475561499595642,103.35608245443524,0.11382198371733332,C:\Users\sophi\napari-organoid-segmentation\reports\segmentations\organoid_measurements_all_kbO_segmentations\Condição 2 - 29_labels.tif
Condição 2 - 29.jpg,ConvPaint,8,715.29125179116,332.0327001506411,27217.0,1693.8824304626578,0.284864217042923,93.07760295723257,0.11920201327830443,C:\Users\sophi\napari-organoid-segmentation\reports\segmentations\organoid_measurements_all_kbO_segmentations\Condição 2 - 29_labels.tif
Condição 2 - 29.jpg,ConvPaint,9,1038.5712764338962,1634.8601856077894,13146.0,1091.6894295625948,0.25081247091293335,64.6877249852869,0.1386134208214856,C:\Users\sophi\napari-organoid-segmentation\reports\segmentations\organoid_measurements_all_kbO_segmentations\Condição 2 - 29_labels.tif
Condição 2 - 29.jpg,ConvPaint,10,1052.9304283759604,1201.0739922113462,9501.0,807.4284989122459,0.2824450135231018,54.993292578569935,0.18313486548628108,C:\Users\sophi\napari-organoid-segmentation\reports\segmentations\organoid_measurements_all_kbO_segmentations\Condição 2 - 29_labels.tif
Condição 2 - 30.jpg,ConvPaint,1,234.71669818967845,1895.4116455012158,7402.0,525.7289680818844,0.2731921970844269,48.53998122715355,0.33653879043724017,C:\Users\sophi\napari-organoid-segmentation\reports\segmentations\organoid_measurements_all_kbO_segmentations\Condição 2 - 30_labels.tif
Condição 2 - 30.jpg,ConvPaint,2,258.23579908092927,1521.650082971662,31336.0,1078.9270196158307,0.2456686943769455,99.87271195604566,0.3382745180665394,C:\Users\sophi\napari-organoid-segmentation\reports\segmentations\organoid_measurements_all_kbO_segmentations\Condição 2 - 30_labels.tif
Condição 2 - 30.jpg,ConvPaint,3,292.4078109285954,1094.8004022795842,29830.0,1206.7148622007608,0.26805534958839417,97.44323426930409,0.2574268213162563,C:\Users\sophi\napari-organoid-segmentation\reports\segmentations\organoid_measurements_all_kbO_segmentations\Condição 2 - 30_labels.tif
Condição 2 - 30.jpg,ConvPaint,4,299.63667139892976,670.5826143933602,27471.0,1194.726009489054,0.26780256628990173,93.5109131778474,0.24185089335427973,C:\Users\sophi\napari-organoid-segmentation\reports\segmentations\organoid_measurements_all_kbO_segmentations\Condição 2 - 30_labels.tif
Condição 2 - 30.jpg,ConvPaint,5,323.63037151702787,226.35724458204334,32300.0,2579.9911242215094,0.2744884490966797,101.39728459745083,0.060978391260948284,C:\Users\sophi\napari-organoid-segmentation\reports\segmentations\organoid_measurements_all_kbO_segmentations\Condição 2 - 30_labels.tif
Condição 2 - 30.jpg,ConvPaint,6,696.4810105450599,1538.2968754347403,35941.0,1152.8326112068523,0.2322489321231842,106.95969156337176,0.33983453727924545,C:\Users\sophi\napari-organoid-segmentation\reports\segmentations\organoid_measurements_all_kbO_segmentations\Condição 2 - 30_labels.tif
Condição 2 - 30.jpg,ConvPaint,7,667.9408151033863,1895.2894815702728,6674.0,491.0660171779822,0.23201948404312134,46.09121587017009,0.34778937026570483,C:\Users\sophi\napari-organoid-segmentation\reports\segmentations\organoid_measurements_all_kbO_segmentations\Condição 2 - 30_labels.tif
Condição 2 - 30.jpg,ConvPaint,8,726.7592504258944,1108.8629642248723,29350.0,982.8082245892128,0.24851588904857635,96.65606633571562,0.3818391065833554,C:\Users\sophi\napari-organoid-segmentation\reports\segmentations\organoid_measurements_all_kbO_segmentations\Condição 2 - 30_labels.tif
Condição 2 - 30.jpg,ConvPaint,9,733.7110588683801,702.6296025669536,31477.0,1501.3189386016174,0.26752954721450806,100.09715424230191,0.17549197915811043,C:\Users\sophi\napari-organoid-segmentation\reports\segmentations\organoid_measurements_all_kbO_segmentations\Condição 2 - 30_labels.tif
Condição 2 - 30.jpg,ConvPaint,10,747.2775690904213,274.6656493158036,29816.0,1691.419443665006,0.26852405071258545,97.42036525519653,0.1309654098434385,C:\Users\sophi\napari-organoid-segmentation\reports\segmentations\organoid_measurements_all_kbO_segmentations\Condição 2 - 30_labels.tif
Condição 2 - 30.jpg,ConvPaint,11,1052.0007172131147,1555.752868852459,9760.0,579.1137443927346,0.25132232904434204,55.73781919983771,0.3657058747207061,C:\Users\sophi\napari-organoid-segmentation\reports\segmentations\organoid_measurements_all_kbO_segmentations\Condição 2 - 30_labels.tif
Condição 2 - 31.jpg,ConvPaint,1,267.82366512854315,1882.526499670402,15170.0,759.9604614807105,0.21085165441036224,69.48928675276574,0.3300756211388844,C:\Users\sophi\napari-organoid-segmentation\reports\segmentations\organoid_measurements_all_kbO_segmentations\Condição 2 - 31_labels.tif
Condição 2 - 31.jpg,ConvPaint,2,278.7808766118538,1526.4814267124098,33812.0,1630.0834405894348,0.2705807089805603,103.7434039910313,0.1599046352624183,C:\Users\sophi\napari-organoid-segmentation\reports\segmentations\organoid_measurements_all_kbO_segmentations\Condição 2 - 31_labels.tif
Condição 2 - 31.jpg,ConvPaint,3,295.1634855409194,1096.1339913207112,26039.0,1728.2255762131654,0.28455886244773865,91.04104089002786,0.10955527909727909,C:\Users\sophi\napari-organoid-segmentation\reports\segmentations\organoid_measurements_all_kbO_segmentations\Condição 2 - 31_labels.tif
Condição 2 - 31.jpg,ConvPaint,4,287.1030883333987,677.6257505003335,25483.0,2237.3464632808364,0.31393927335739136,90.06381531792631,0.06397259010718956,C:\Users\sophi\napari-organoid-segmentation\reports\segmentations\organoid_measurements_all_kbO_segmentations\Condição 2 - 31_labels.tif
Condição 2 - 31.jpg,ConvPaint,5,311.1800249493217,245.52736628722906,25652.0,2645.7545801887995,0.299376904964447,90.36196766553171,0.04605024891359509,C:\Users\sophi\napari-organoid-segmentation\reports\segmentations\organoid_measurements_all_kbO_segmentations\Condição 2 - 31_labels.tif
Condição 2 - 31.jpg,ConvPaint,6,710.5029329252742,1893.8587095128794,7842.0,836.4640328181787,0.32133764028549194,49.96184671780344,0.14084523511577626,C:\Users\sophi\napari-organoid-segmentation\reports\segmentations\organoid_measurements_all_kbO_segmentations\Condição 2 - 31_labels.tif
Condição 2 - 31.jpg,ConvPaint,7,717.2000787556606,1116.7710966725733,25395.0,1644.1423150924802,0.2970331609249115,89.90817293014781,0.11805360874926407,C:\Users\sophi\napari-organoid-segmentation\reports\segmentations\organoid_measurements_all_kbO_segmentations\Condição 2 - 31_labels.tif
Condição 2 - 31.jpg,ConvPaint,8,713.2854338020695,1526.5946935526665,18845.0,1681.331131910437,0.30834704637527466,77.45030539083454,0.08377211817790985,C:\Users\sophi\napari-organoid-segmentation\reports\segmentations\organoid_measurements_all_kbO_segmentations\Condição 2 - 31_labels.tif
Condição 2 - 31.jpg,ConvPaint,9,738.4005126014524,678.3237505339598,23410.0,1246.8925317304245,0.2952594459056854,86.32285001992543,0.1892139840595482,C:\Users\sophi\napari-organoid-segmentation\reports\segmentations\organoid_measurements_all_kbO_segmentations\Condição 2 - 31_labels.tif
Condição 2 - 31.jpg,ConvPaint,10,756.0692907248635,258.1905300077942,25660.0,1255.5077554195746,0.29298627376556396,90.37605700336826,0.20456329787512398,C:\Users\sophi\napari-organoid-segmentation\reports\segmentations\organoid_measurements_all_kbO_segmentations\Condição 2 - 31_labels.tif
Condição 2 - 5.jpg,ConvPaint,1,45.898909419675654,190.5189015087303,17697.0,916.7127701597078,0.27227193117141724,75.05418080156856,0.26463236151279984,C:\Users\sophi\napari-organoid-segmentation\reports\segmentations\organoid_measurements_all_kbO_segmentations\Condição 2 - 5_labels.tif
Condição 2 - 5.jpg,ConvPaint,2,18.874819913558508,626.4946374259645,6247.0,654.5462479183374,0.34495869278907776,44.592396874244606,0.18323173529671088,C:\Users\sophi\napari-organoid-segmentation\reports\segmentations\organoid_measurements_all_kbO_segmentations\Condição 2 - 5_labels.tif
Condição 2 - 5.jpg,ConvPaint,3,225.7799311487951,1895.4934336350886,7843.0,500.3441917710341,0.2731338143348694,49.96503214588649,0.39368997295893565,C:\Users\sophi\napari-organoid-segmentation\reports\segmentations\organoid_measurements_all_kbO_segmentations\Condição 2 - 5_labels.tif
Condição 2 - 5.jpg,ConvPaint,4,264.8945897891796,1531.2929895859793,31496.0,970.1808075912434,0.24562758207321167,100.12735977366361,0.42049410116242886,C:\Users\sophi\napari-organoid-segmentation\reports\segmentations\organoid_measurements_all_kbO_segmentations\Condição 2 - 5_labels.tif
Condição 2 - 5.jpg,ConvPaint,5,320.5703034351816,1111.5182658837593,28441.0,1141.6021638285529,0.2681441009044647,95.14752478626646,0.27423643830191363,C:\Users\sophi\napari-organoid-segmentation\reports\segmentations\organoid_measurements_all_kbO_segmentations\Condição 2 - 5_labels.tif
Condição 2 - 5.jpg,ConvPaint,6,387.44411581569113,684.9409402241594,32120.0,1424.644840409422,0.27294301986694336,101.11435874406442,0.19887133152150624,C:\Users\sophi\napari-organoid-segmentation\reports\segmentations\organoid_measurements_all_kbO_segmentations\Condição 2 - 5_labels.tif
Condição 2 - 5.jpg,ConvPaint,7,431.9039088863892,248.9123172103487,35560.0,1275.8214639185592,0.2720258831977844,106.39125693728596,0.2745312628056759,C:\Users\sophi\napari-organoid-segmentation\reports\segmentations\organoid_measurements_all_kbO_segmentations\Condição 2 - 5_labels.tif
Condição 2 - 5.jpg,ConvPaint,8,696.8834199431317,1604.3990587312483,30597.0,879.1036431249679,0.24537086486816406,98.68803163284514,0.49751771692137226,C:\Users\sophi\napari-organoid-segmentation\reports\segmentations\organoid_measurements_all_kbO_segmentations\Condição 2 - 5_labels.tif
Condição 2 - 5.jpg,ConvPaint,9,759.7762505267935,1151.7658119103965,30847.0,1189.2356774809323,0.2664838433265686,99.09038832859316,0.2740860537840612,C:\Users\sophi\napari-organoid-segmentation\reports\segmentations\organoid_measurements_all_kbO_segmentations\Condição 2 - 5_labels.tif
Condição 2 - 5.jpg,ConvPaint,10,815.664334465137,728.0725726240697,29157.0,1011.642748368369,0.2605143189430237,96.33774624445387,0.35801263603679867,C:\Users\sophi\napari-organoid-segmentation\reports\segmentations\organoid_measurements_all_kbO_segmentations\Condição 2 - 5_labels.tif
Condição 2 - 5.jpg,ConvPaint,11,856.4543659973474,299.6175010024367,32421.0,1172.5016587651644,0.2649827301502228,101.58703076655345,0.2963530072564633,C:\Users\sophi\napari-organoid-segmentation\reports\segmentations\organoid_measurements_all_kbO_segmentations\Condição 2 - 5_labels.tif
Condição 2 - 5.jpg,ConvPaint,12,1049.640209981979,1643.1933714643892,12763.0,624.5218613006978,0.21833671629428864,63.738442696411404,0.41121347965107696,C:\Users\sophi\napari-organoid-segmentation\reports\segmentations\organoid_measurements_all_kbO_segmentations\Condição 2 - 5_labels.tif
Condição 2 - 78.jpg,ConvPaint,1,211.9993049429251,1599.58101424867,37407.0,1409.7392488184003,0.25567156076431274,109.11928295437548,0.23652941698396035,C:\Users\sophi\napari-organoid-segmentation\reports\segmentations\organoid_measurements_all_kbO_segmentations\Condição 2 - 78_labels.tif
Condição 2 - 78.jpg,ConvPaint,2,284.43570729860215,782.1932094285444,31691.0,1168.4123009900693,0.27355799078941345,100.43683887424231,0.29171151068464823,C:\Users\sophi\napari-organoid-segmentation\reports\segmentations\organoid_measurements_all_kbO_segmentations\Condição 2 - 78_labels.tif
Condição 2 - 78.jpg,ConvPaint,3,263.0042232722977,1176.9181925575901,33860.0,981.1391770309007,0.25874409079551697,103.81701568713653,0.4420135498657849,C:\Users\sophi\napari-organoid-segmentation\reports\segmentations\organoid_measurements_all_kbO_segmentations\Condição 2 - 78_labels.tif
Condição 2 - 78.jpg,ConvPaint,4,309.8298262893983,389.3306769340974,22336.0,769.0853531617383,0.28487154841423035,84.31944981913217,0.47453274255714,C:\Users\sophi\napari-organoid-segmentation\reports\segmentations\organoid_measurements_all_kbO_segmentations\Condição 2 - 78_labels.tif
Condição 2 - 78.jpg,ConvPaint,5,388.0564053537285,18.809751434034418,5230.0,747.9432175380073,0.4005773365497589,40.801479197955864,0.11748280207928738,C:\Users\sophi\napari-organoid-segmentation\reports\segmentations\organoid_measurements_all_kbO_segmentations\Condição 2 - 78_labels.tif
Condição 2 - 78.jpg,ConvPaint,6,675.9326798535267,1228.4385563746262,62537.0,1641.3433252192567,0.26231977343559265,141.0891397389456,0.29170779930929563,C:\Users\sophi\napari-organoid-segmentation\reports\segmentations\organoid_measurements_all_kbO_segmentations\Condição 2 - 78_labels.tif
Condição 2 - 78.jpg,ConvPaint,7,643.5318202200683,1648.2435583456936,28991.0,961.0803025278549,0.2522478699684143,96.06311420287328,0.3944152578136732,C:\Users\sophi\napari-organoid-segmentation\reports\segmentations\organoid_measurements_all_kbO_segmentations\Condição 2 - 78_labels.tif
Condição 2 - 78.jpg,ConvPaint,8,718.0705228553538,823.3423411083281,51104.0,1605.1412690719537,0.24496759474277496,127.5417908904232,0.24925176183383646,C:\Users\sophi\napari-organoid-segmentation\reports\segmentations\organoid_measurements_all_kbO_segmentations\Condição 2 - 78_labels.tif
Condição 2 - 78.jpg,ConvPaint,9,755.3079290634619,423.0704479945283,20469.0,864.097546470558,0.2836915850639343,80.71855462219335,0.3444934318613159,C:\Users\sophi\napari-organoid-segmentation\reports\segmentations\organoid_measurements_all_kbO_segmentations\Condição 2 - 78_labels.tif
Condição 2 - 78.jpg,ConvPaint,10,1041.0552957767386,1696.5950419357232,13473.0,1372.2213921310595,0.23008136451244354,65.48732012041883,0.08991368621658842,C:\Users\sophi\napari-organoid-segmentation\reports\segmentations\organoid_measurements_all_kbO_segmentations\Condição 2 - 78_labels.tif
Condição 2 - 79.jpg,ConvPaint,1,18.91900731050404,355.2822239322816,5198.0,420.8233764908628,0.3325261175632477,40.67646479702168,0.36884714476788544,C:\Users\sophi\napari-organoid-segmentation\reports\segmentations\organoid_measurements_all_kbO_segmentations\Condição 2 - 79_labels.tif
Condição 2 - 79.jpg,ConvPaint,2,286.7040594979857,1598.3305591216963,45178.0,1434.2123368838193,0.2368941605091095,119.91915625958721,0.2760005562024894,C:\Users\sophi\napari-organoid-segmentation\reports\segmentations\organoid_measurements_all_kbO_segmentations\Condição 2 - 79_labels.tif
Condição 2 - 79.jpg,ConvPaint,3,313.95636436758497,1167.1758898049468,49730.0,1586.9991334482227,0.24209469556808472,125.8155421238565,0.24812752523778778,C:\Users\sophi\napari-organoid-segmentation\reports\segmentations\organoid_measurements_all_kbO_segmentations\Condição 2 - 79_labels.tif
Condição 2 - 79.jpg,ConvPaint,4,347.5487637666416,767.9549073377858,45218.0,1344.6437943888955,0.2597401440143585,119.97223192663645,0.3142727383711675,C:\Users\sophi\napari-organoid-segmentation\reports\segmentations\organoid_measurements_all_kbO_segmentations\Condição 2 - 79_labels.tif
Condição 2 - 79.jpg,ConvPaint,5,372.6316224854296,385.4284263959391,26595.0,1119.9919907732863,0.2920910120010376,92.0078878306524,0.2664280981902136,C:\Users\sophi\napari-organoid-segmentation\reports\segmentations\organoid_measurements_all_kbO_segmentations\Condição 2 - 79_labels.tif
Condição 2 - 79.jpg,ConvPaint,6,423.9498039215686,23.56403361344538,8925.0,651.0609665440987,0.3206661343574524,53.30024140836824,0.2645908196136474,C:\Users\sophi\napari-organoid-segmentation\reports\segmentations\organoid_measurements_all_kbO_segmentations\Condição 2 - 79_labels.tif
Condição 2 - 79.jpg,ConvPaint,7,719.5516336320029,1625.231984795004,55245.0,1346.5016587651644,0.21651093661785126,132.6085580278419,0.3829032533987645,C:\Users\sophi\napari-organoid-segmentation\reports\segmentations\organoid_measurements_all_kbO_segmentations\Condição 2 - 79_labels.tif
Condição 2 - 79.jpg,ConvPaint,8,787.6805878845007,799.4606890714272,51983.0,1766.8580438450183,0.2616966664791107,128.63398778507954,0.2092511664041094,C:\Users\sophi\napari-organoid-segmentation\reports\segmentations\organoid_measurements_all_kbO_segmentations\Condição 2 - 79_labels.tif
Condição 2 - 79.jpg,ConvPaint,9,777.4423855356661,1233.0316332343857,33351.0,1398.9158723275375,0.28860044479370117,103.03374696727089,0.21415860479958349,C:\Users\sophi\napari-organoid-segmentation\reports\segmentations\organoid_measurements_all_kbO_segmentations\Condição 2 - 79_labels.tif
Condição 2 - 79.jpg,ConvPaint,10,818.6737816049836,407.77100128252107,43664.0,1601.4082963767125,0.28419968485832214,117.89267521915446,0.2139583470758659,C:\Users\sophi\napari-organoid-segmentation\reports\segmentations\organoid_measurements_all_kbO_segmentations\Condição 2 - 79_labels.tif
Condição 2 - 79.jpg,ConvPaint,11,879.3929690219283,26.109293421510618,8619.0,571.6406563273158,0.28610438108444214,52.37855390346407,0.3314519102809814,C:\Users\sophi\napari-organoid-segmentation\reports\segmentations\organoid_measurements_all_kbO_segmentations\Condição 2 - 79_labels.tif
Condição 2 - 80.jpg,ConvPaint,1,230.94270714448757,1871.207441223465,21905.0,1536.4894654563445,0.2447299063205719,83.50196438920425,0.11659876423066154,C:\Users\sophi\napari-organoid-segmentation\reports\segmentations\organoid_measurements_all_kbO_segmentations\Condição 2 - 80_labels.tif
Condição 2 - 80.jpg,ConvPaint,2,246.91823990008166,1482.1649132920209,41634.0,1585.1057351660208,0.25222769379615784,115.11956306977515,0.20822915044807674,C:\Users\sophi\napari-organoid-segmentation\reports\segmentations\organoid_measurements_all_kbO_segmentations\Condição 2 - 80_labels.tif
Condição 2 - 80.jpg,ConvPaint,3,279.2546155119022,1063.2680660946032,42303.0,1401.7209588551707,0.2578422725200653,116.04078212091169,0.270556453328904,C:\Users\sophi\napari-organoid-segmentation\reports\segmentations\organoid_measurements_all_kbO_segmentations\Condição 2 - 80_labels.tif
Condição 2 - 80.jpg,ConvPaint,4,317.64172577574124,636.3346305944385,47793.0,1297.9747468305832,0.22818267345428467,123.34092747495419,0.35648533641606867,C:\Users\sophi\napari-organoid-segmentation\reports\segmentations\organoid_measurements_all_kbO_segmentations\Condição 2 - 80_labels.tif
Condição 2 - 80.jpg,ConvPaint,5,336.75233431746716,204.02553947336838,41661.0,2120.9839815465725,0.2833879292011261,115.15688502344489,0.11637636209274772,C:\Users\sophi\napari-organoid-segmentation\reports\segmentations\organoid_measurements_all_kbO_segmentations\Condição 2 - 80_labels.tif
Condição 2 - 80.jpg,ConvPaint,6,646.3796077853141,1880.6551164848127,13564.0,1299.0153313703995,0.27583572268486023,65.70810677684251,0.10101109791119904,C:\Users\sophi\napari-organoid-segmentation\reports\segmentations\organoid_measurements_all_kbO_segmentations\Condição 2 - 80_labels.tif
Condição 2 - 80.jpg,ConvPaint,7,693.7166389700069,1524.9920782175184,61981.0,1962.190042307233,0.2467767596244812,140.46054625964376,0.20229554000418282,C:\Users\sophi\napari-organoid-segmentation\reports\segmentations\organoid_measurements_all_kbO_segmentations\Condição 2 - 80_labels.tif
Condição 2 - 80.jpg,ConvPaint,8,717.8378208851202,1091.9957254036474,43045.0,1929.9595949289333,0.2758792042732239,117.05404329104257,0.14522324690452487,C:\Users\sophi\napari-organoid-segmentation\reports\segmentations\organoid_measurements_all_kbO_segmentations\Condição 2 - 80_labels.tif
Condição 2 - 80.jpg,ConvPaint,9,757.6116484249462,684.576691022648,32983.0,1702.7159082212872,0.27587997913360596,102.46372517139892,0.14296035949550195,C:\Users\sophi\napari-organoid-segmentation\reports\segmentations\organoid_measurements_all_kbO_segmentations\Condição 2 - 80_labels.tif
Condição 2 - 80.jpg,ConvPaint,10,785.2137297056861,252.4156473175674,40467.0,2827.370849898476,0.2839707136154175,113.49469663468622,0.06361291851673376,C:\Users\sophi\napari-organoid-segmentation\reports\segmentations\organoid_measurements_all_kbO_segmentations\Condição 2 - 80_labels.tif
Condição 2 - 80.jpg,ConvPaint,11,1053.4748412310698,1545.9272105520274,12282.0,962.2213921310594,0.25778552889823914,62.52585083075093,0.16669744417634982,C:\Users\sophi\napari-organoid-segmentation\reports\segmentations\organoid_measurements_all_kbO_segmentations\Condição 2 - 80_labels.tif
Condição 2 -32.jpg,ConvPaint,1,272.05211138401444,1564.5942946764123,33793.0,1070.2051942088829,0.23754264414310455,103.71425159450769,0.3707682211961377,C:\Users\sophi\napari-organoid-segmentation\reports\segmentations\organoid_measurements_all_kbO_segmentations\Condição 2 -32_labels.tif
Condição 2 -32.jpg,ConvPaint,2,301.28725009430406,1147.7154281403243,26510.0,1263.3006486383879,0.276644229888916,91.86073743843063,0.20874022800173708,C:\Users\sophi\napari-organoid-segmentation\reports\segmentations\organoid_measurements_all_kbO_segmentations\Condição 2 -32_labels.tif
Condição 2 -32.jpg,ConvPaint,3,330.5051867219917,717.8832246591583,33740.0,1164.862048458375,0.24869906902313232,103.63288840827076,0.3124682896024429,C:\Users\sophi\napari-organoid-segmentation\reports\segmentations\organoid_measurements_all_kbO_segmentations\Condição 2 -32_labels.tif
Condição 2 -32.jpg,ConvPaint,4,361.0427781448892,292.10242409487705,28753.0,1245.7442994522837,0.27096468210220337,95.66798919932693,0.23282800202822657,C:\Users\sophi\napari-organoid-segmentation\reports\segmentations\organoid_measurements_all_kbO_segmentations\Condição 2 -32_labels.tif
Condição 2 -32.jpg,ConvPaint,5,707.3780207298026,1602.3570921482324,35215.0,1168.56662992262,0.24657976627349854,105.87389972019633,0.3240638566864025,C:\Users\sophi\napari-organoid-segmentation\reports\segmentations\organoid_measurements_all_kbO_segmentations\Condição 2 -32_labels.tif
Condição 2 -32.jpg,ConvPaint,6,718.7584774563854,1172.124952798127,26482.0,852.5472939388638,0.26379233598709106,91.81221272749691,0.45785049151933543,C:\Users\sophi\napari-organoid-segmentation\reports\segmentations\organoid_measurements_all_kbO_segmentations\Condição 2 -32_labels.tif
Condição 2 -32.jpg,ConvPaint,7,768.448864520143,747.3898740083995,25716.0,989.2640687119284,0.27979958057403564,90.47462093373126,0.33020892747723485,C:\Users\sophi\napari-organoid-segmentation\reports\segmentations\organoid_measurements_all_kbO_segmentations\Condição 2 -32_labels.tif
Condição 2 -32.jpg,ConvPaint,8,798.4428767174018,321.6790726956264,27003.0,1003.050865276332,0.26194390654563904,92.71095866520257,0.337268644087476,C:\Users\sophi\napari-organoid-segmentation\reports\segmentations\organoid_measurements_all_kbO_segmentations\Condição 2 -32_labels.tif
Condição 2 -32.jpg,ConvPaint,9,1062.2049830124574,1626.4526236315592,5298.0,509.52186130069776,0.3107958137989044,41.06587119496825,0.25644614398025223,C:\Users\sophi\napari-organoid-segmentation\reports\segmentations\organoid_measurements_all_kbO_segmentations\Condição 2 -32_labels.tif
Condição 2 -6.jpg,ConvPaint,1,31.09339430894309,183.04400406504064,9840.0,694.6822868876585,0.29690736532211304,55.965786691946896,0.25623149577809945,C:\Users\sophi\napari-organoid-segmentation\reports\segmentations\organoid_measurements_all_kbO_segmentations\Condição 2 -6_labels.tif
Condição 2 -6.jpg,ConvPaint,2,17.359853121175032,629.0398671096345,5719.0,481.1726188957804,0.3131412863731384,42.666312696143535,0.3104046001683712,C:\Users\sophi\napari-organoid-segmentation\reports\segmentations\organoid_measurements_all_kbO_segmentations\Condição 2 -6_labels.tif
Condição 2 -6.jpg,ConvPaint,3,250.61804299778984,1891.362969660438,9954.0,585.2203461105328,0.24233120679855347,56.289045178200105,0.36523187019842646,C:\Users\sophi\napari-organoid-segmentation\reports\segmentations\organoid_measurements_all_kbO_segmentations\Condição 2 -6_labels.tif
Condição 2 -6.jpg,ConvPaint,4,276.9989305692662,1534.8623313589997,24312.0,760.7422074112308,0.25438031554222107,87.97016512943647,0.5279046972037078,C:\Users\sophi\napari-organoid-segmentation\reports\segmentations\organoid_measurements_all_kbO_segmentations\Condição 2 -6_labels.tif
Condição 2 -6.jpg,ConvPaint,5,327.1064805221716,1085.1999844591794,38608.0,1304.0519112968586,0.22058753669261932,110.85715171238972,0.2852971337921297,C:\Users\sophi\napari-organoid-segmentation\reports\segmentations\organoid_measurements_all_kbO_segmentations\Condição 2 -6_labels.tif
Condição 2 -6.jpg,ConvPaint,6,374.7871596954209,655.0738239282362,38348.0,1178.1046891454944,0.250314861536026,110.48324540569944,0.34720407488525623,C:\Users\sophi\napari-organoid-segmentation\reports\segmentations\organoid_measurements_all_kbO_segmentations\Condição 2 -6_labels.tif
Condição 2 -6.jpg,ConvPaint,7,415.55779923909864,233.99015949663448,27336.0,940.9442635585337,0.2748942971229553,93.28086110623177,0.38798687286704014,C:\Users\sophi\napari-organoid-segmentation\reports\segmentations\organoid_measurements_all_kbO_segmentations\Condição 2 -6_labels.tif
Condição 2 -6.jpg,ConvPaint,8,688.0868709845993,1571.5421905259598,32531.0,1051.4295449327724,0.25004953145980835,101.75922025764984,0.36978298579699187,C:\Users\sophi\napari-organoid-segmentation\reports\segmentations\organoid_measurements_all_kbO_segmentations\Condição 2 -6_labels.tif
Condição 2 -6.jpg,ConvPaint,9,737.5471796764471,1140.1448914313835,32514.0,1486.2306268470488,0.27326005697250366,101.73262819459532,0.18497279214012352,C:\Users\sophi\napari-organoid-segmentation\reports\segmentations\organoid_measurements_all_kbO_segmentations\Condição 2 -6_labels.tif
Condição 2 -6.jpg,ConvPaint,10,781.443641256728,717.3001001376894,31956.0,1438.1889962867062,0.2780171036720276,100.85589086855173,0.1941468521085117,C:\Users\sophi\napari-organoid-segmentation\reports\segmentations\organoid_measurements_all_kbO_segmentations\Condição 2 -6_labels.tif
Condição 2 -6.jpg,ConvPaint,11,826.6678567819731,272.8051130048166,29689.0,1180.1818536117698,0.2780602276325226,97.21266486888713,0.26785981736701425,C:\Users\sophi\napari-organoid-segmentation\reports\segmentations\organoid_measurements_all_kbO_segmentations\Condição 2 -6_labels.tif
Condição 2 -6.jpg,ConvPaint,12,1055.0403496973772,1606.9539340954943,8922.0,668.0609665440987,0.2826610803604126,53.291282631700476,0.251211714668219,C:\Users\sophi\napari-organoid-segmentation\reports\segmentations\organoid_measurements_all_kbO_segmentations\Condição 2 -6_labels.tif
Condição 2 -7.jpg,ConvPaint,1,21.57948717948718,193.5924585218703,6630.0,585.6822868876584,0.31974685192108154,45.939030740738666,0.24288417148056762,C:\Users\sophi\napari-organoid-segmentation\reports\segmentations\organoid_measurements_all_kbO_segmentations\Condição 2 -7_labels.tif
Condição 2 -7.jpg,ConvPaint,2,232.21671209897252,1545.910009086461,28614.0,1212.5249993622774,0.2564340829849243,95.43646621319854,0.24457216829636028,C:\Users\sophi\napari-organoid-segmentation\reports\segmentations\organoid_measurements_all_kbO_segmentations\Condição 2 -7_labels.tif
Condição 2 -7.jpg,ConvPaint,3,287.1038988557706,1113.4267905071338,28316.0,822.1503243191938,0.25322356820106506,94.93820483440909,0.5264283903388818,C:\Users\sophi\napari-organoid-segmentation\reports\segmentations\organoid_measurements_all_kbO_segmentations\Condição 2 -7_labels.tif
Condição 2 -7.jpg,ConvPaint,4,319.0035546887288,691.5693164302118,31789.0,1326.413347010596,0.27117323875427246,100.59201246568497,0.22705389883552404,C:\Users\sophi\napari-organoid-segmentation\reports\segmentations\organoid_measurements_all_kbO_segmentations\Condição 2 -7_labels.tif
Condição 2 -7.jpg,ConvPaint,5,380.51674524183693,258.78327221931204,28635.0,1309.9575028878803,0.27669185400009155,95.47148051053176,0.20969720317021914,C:\Users\sophi\napari-organoid-segmentation\reports\segmentations\organoid_measurements_all_kbO_segmentations\Condição 2 -7_labels.tif
Condição 2 -7.jpg,ConvPaint,6,661.3668689149147,1607.7641597290815,35435.0,890.4406922210657,0.2224329113960266,106.20409981221357,0.5616067305558787,C:\Users\sophi\napari-organoid-segmentation\reports\segmentations\organoid_measurements_all_kbO_segmentations\Condição 2 -7_labels.tif
Condição 2 -7.jpg,ConvPaint,7,713.3038190317725,1173.6319626020124,25242.0,935.0386719675123,0.2677061855792999,89.63692401600606,0.3628060163173548,C:\Users\sophi\napari-organoid-segmentation\reports\segmentations\organoid_measurements_all_kbO_segmentations\Condição 2 -7_labels.tif
Condição 2 -7.jpg,ConvPaint,8,766.6051592124453,741.4604399611084,32912.0,1303.4783181680514,0.26885613799095154,102.35338281698812,0.2434201441111551,C:\Users\sophi\napari-organoid-segmentation\reports\segmentations\organoid_measurements_all_kbO_segmentations\Condição 2 -7_labels.tif
Condição 2 -7.jpg,ConvPaint,9,812.765306122449,317.92382328654,33908.0,1690.131167804187,0.2778163552284241,103.890575225667,0.1491664716540037,C:\Users\sophi\napari-organoid-segmentation\reports\segmentations\organoid_measurements_all_kbO_segmentations\Condição 2 -7_labels.tif
Condição 2 -7.jpg,ConvPaint,10,1031.7512298689867,1665.16679612656,19311.0,1519.523953341751,0.2131907045841217,78.40205489714656,0.10509922819027305,C:\Users\sophi\napari-organoid-segmentation\reports\segmentations\organoid_measurements_all_kbO_segmentations\Condição 2 -7_labels.tif
Condição 2- 8.jpg,ConvPaint,1,19.91390728476821,277.98218227688426,6342.0,530.5279579551077,0.31097137928009033,44.930182485469615,0.2831519460620565,C:\Users\sophi\napari-organoid-segmentation\reports\segmentations\organoid_measurements_all_kbO_segmentations\Condição 2- 8_labels.tif
Condição 2- 8.jpg,ConvPaint,2,214.0543796913759,1611.3385200219066,31041.0,1093.0924958366747,0.24210497736930847,99.40149484304071,0.3264613273904877,C:\Users\sophi\napari-organoid-segmentation\reports\segmentations\organoid_measurements_all_kbO_segmentations\Condição 2- 8_labels.tif
Condição 2- 8.jpg,ConvPaint,3,276.5337693631669,1191.5855077452668,29050.0,1425.0641046056783,0.2724558711051941,96.16081423136517,0.17975757426233457,C:\Users\sophi\napari-organoid-segmentation\reports\segmentations\organoid_measurements_all_kbO_segmentations\Condição 2- 8_labels.tif
Condição 2- 8.jpg,ConvPaint,4,323.2288147046898,756.572273280173,29596.0,1454.3900064134828,0.268867552280426,97.06028740682498,0.17582519965982557,C:\Users\sophi\napari-organoid-segmentation\reports\segmentations\organoid_measurements_all_kbO_segmentations\Condição 2- 8_labels.tif
Condição 2- 8.jpg,ConvPaint,5,375.9587440565928,328.20738142177896,34492.0,1596.4143930311225,0.2695111930370331,104.78141340071392,0.17007362642271137,C:\Users\sophi\napari-organoid-segmentation\reports\segmentations\organoid_measurements_all_kbO_segmentations\Condição 2- 8_labels.tif
Condição 2- 8.jpg,ConvPaint,6,629.0856890459364,1659.6281549722362,31696.0,1063.5716805565035,0.24394679069519043,100.44476169756904,0.35211197257400684,C:\Users\sophi\napari-organoid-segmentation\reports\segmentations\organoid_measurements_all_kbO_segmentations\Condição 2- 8_labels.tif
Condição 2- 8.jpg,ConvPaint,7,686.9378844869407,1240.030055893416,28447.0,1122.613311116846,0.26686352491378784,95.15756056283858,0.28365207301927264,C:\Users\sophi\napari-organoid-segmentation\reports\segmentations\organoid_measurements_all_kbO_segmentations\Condição 2- 8_labels.tif
Condição 2- 8.jpg,ConvPaint,8,759.3045090148611,812.3060299756013,31559.0,1493.0762979144981,0.2672874927520752,100.22744982326074,0.17789719277285143,C:\Users\sophi\napari-organoid-segmentation\reports\segmentations\organoid_measurements_all_kbO_segmentations\Condição 2- 8_labels.tif
Condição 2- 8.jpg,ConvPaint,9,805.9365860517436,377.1962035995501,35560.0,1155.8265145524424,0.26073670387268066,106.39125693728596,0.334492443029225,C:\Users\sophi\napari-organoid-segmentation\reports\segmentations\organoid_measurements_all_kbO_segmentations\Condição 2- 8_labels.tif
Condição 2- 8.jpg,ConvPaint,10,1033.0696836203444,1736.4645574689628,17479.0,1843.0813485483816,0.20513266324996948,74.59047191569763,0.06466025871777167,C:\Users\sophi\napari-organoid-segmentation\reports\segmentations\organoid_measurements_all_kbO_segmentations\Condição 2- 8_labels.tif
Condição 2- 8.jpg,ConvPaint,11,1059.1724267468069,1292.3478587528175,5324.0,514.1492782986674,0.29758918285369873,41.16651350360511,0.2530867738265664,C:\Users\sophi\napari-organoid-segmentation\reports\segmentations\organoid_measurements_all_kbO_segmentations\Condição 2- 8_labels.tif
Condição 3 - 10.jpg,ConvPaint,1,15.630639466457435,1617.0945468811299,5098.0,430.6812408671319,0.2691974639892578,40.283294301297715,0.34538047610036343,C:\Users\sophi\napari-organoid-segmentation\reports\segmentations\organoid_measurements_all_kbO_segmentations\Condição 3 - 10_labels.tif
Condição 3 - 10.jpg,ConvPaint,2,272.1868031019135,286.34827696966914,21793.0,1057.0336213336288,0.27897965908050537,83.28821855222593,0.24510336879008288,C:\Users\sophi\napari-organoid-segmentation\reports\segmentations\organoid_measurements_all_kbO_segmentations\Condição 3 - 10_labels.tif
Condição 3 - 10.jpg,ConvPaint,3,288.39446789037476,720.2336401077948,19667.0,770.8843430349616,0.2844671905040741,79.12142902890854,0.4158814329237286,C:\Users\sophi\napari-organoid-segmentation\reports\segmentations\organoid_measurements_all_kbO_segmentations\Condição 3 - 10_labels.tif
Condição 3 - 10.jpg,ConvPaint,4,343.85340515582914,1147.7145055790688,23391.0,884.5767311903867,0.25867217779159546,86.28781227800974,0.3756536654587647,C:\Users\sophi\napari-organoid-segmentation\reports\segmentations\organoid_measurements_all_kbO_segmentations\Condição 3 - 10_labels.tif
Condição 3 - 10.jpg,ConvPaint,5,378.33336085538537,1572.415968294596,24223.0,890.6183617507293,0.2427862584590912,87.80899938519947,0.38375540367878463,C:\Users\sophi\napari-organoid-segmentation\reports\segmentations\organoid_measurements_all_kbO_segmentations\Condição 3 - 10_labels.tif
Condição 3 - 10.jpg,ConvPaint,6,716.2925183111554,259.1456839360356,26077.0,820.097546470558,0.24560582637786865,91.10744701732514,0.48723274275143175,C:\Users\sophi\napari-organoid-segmentation\reports\segmentations\organoid_measurements_all_kbO_segmentations\Condição 3 - 10_labels.tif
Condição 3 - 10.jpg,ConvPaint,7,724.2061732756337,681.2528040272013,22646.0,975.7371567773473,0.26072752475738525,84.90256581822557,0.29890672066557444,C:\Users\sophi\napari-organoid-segmentation\reports\segmentations\organoid_measurements_all_kbO_segmentations\Condição 3 - 10_labels.tif
Condição 3 - 10.jpg,ConvPaint,8,766.1120232943746,1108.4954907590893,24727.0,889.3462838120872,0.2569308876991272,88.71780292402755,0.3928615298448107,C:\Users\sophi\napari-organoid-segmentation\reports\segmentations\organoid_measurements_all_kbO_segmentations\Condição 3 - 10_labels.tif
Condição 3 - 10.jpg,ConvPaint,9,809.9698961435108,1559.6013871740868,27538.0,1309.4011537017761,0.24306820333003998,93.62487728018247,0.20183515901161292,C:\Users\sophi\napari-organoid-segmentation\reports\segmentations\organoid_measurements_all_kbO_segmentations\Condição 3 - 10_labels.tif
Condição 3 - 11.jpg,ConvPaint,1,39.561105815061964,1164.1984747378456,15735.0,633.2558800164655,0.23942281305789948,70.771505983001,0.49308086494822156,C:\Users\sophi\napari-organoid-segmentation\reports\segmentations\organoid_measurements_all_kbO_segmentations\Condição 3 - 11_labels.tif
Condição 3 - 11.jpg,ConvPaint,2,320.7150443981816,275.00484343799127,23537.0,1674.041810029092,0.2923594117164612,86.55668542121909,0.10554274136277945,C:\Users\sophi\napari-organoid-segmentation\reports\segmentations\organoid_measurements_all_kbO_segmentations\Condição 3 - 11_labels.tif
Condição 3 - 11.jpg,ConvPaint,3,351.5779797491101,705.4228496388706,28937.0,1022.9381669041239,0.25330594182014465,95.97360666610561,0.34750783641364336,C:\Users\sophi\napari-organoid-segmentation\reports\segmentations\organoid_measurements_all_kbO_segmentations\Condição 3 - 11_labels.tif
Condição 3 - 11.jpg,ConvPaint,4,368.87009590235397,1135.6185701830864,27528.0,1223.6904755831215,0.25690093636512756,93.60787652151602,0.23101562988995192,C:\Users\sophi\napari-organoid-segmentation\reports\segmentations\organoid_measurements_all_kbO_segmentations\Condição 3 - 11_labels.tif
Condição 3 - 11.jpg,ConvPaint,5,439.18417622087776,1560.105491860815,29917.0,1067.1219330881977,0.23508137464523315,97.58522872320619,0.3301412664362291,C:\Users\sophi\napari-organoid-segmentation\reports\segmentations\organoid_measurements_all_kbO_segmentations\Condição 3 - 11_labels.tif
Condição 3 - 11.jpg,ConvPaint,6,741.6530900640623,269.2483984424067,31844.0,1687.2611101190982,0.28371116518974304,100.67899490775933,0.14056360478863655,C:\Users\sophi\napari-organoid-segmentation\reports\segmentations\organoid_measurements_all_kbO_segmentations\Condição 3 - 11_labels.tif
Condição 3 - 11.jpg,ConvPaint,7,770.335813739404,676.4194699090943,26071.0,1133.2996026178612,0.2707406282424927,91.09696505755615,0.2550809822557908,C:\Users\sophi\napari-organoid-segmentation\reports\segmentations\organoid_measurements_all_kbO_segmentations\Condição 3 - 11_labels.tif
Condição 3 - 11.jpg,ConvPaint,8,829.9787043885601,1106.9048015285996,32448.0,1159.0985924910847,0.25924038887023926,101.62932247580736,0.3034988434361164,C:\Users\sophi\napari-organoid-segmentation\reports\segmentations\organoid_measurements_all_kbO_segmentations\Condição 3 - 11_labels.tif
Condição 3 - 11.jpg,ConvPaint,9,868.4656008038301,1517.3481588746379,33838.0,1641.0001794687491,0.23723161220550537,103.7832834742046,0.15790551303222766,C:\Users\sophi\napari-organoid-segmentation\reports\segmentations\organoid_measurements_all_kbO_segmentations\Condição 3 - 11_labels.tif
Condição 3 - 11.jpg,ConvPaint,10,892.985949908369,1896.417715332926,8185.0,585.8355697996826,0.18395057320594788,51.04279007278429,0.29969332762920975,C:\Users\sophi\napari-organoid-segmentation\reports\segmentations\organoid_measurements_all_kbO_segmentations\Condição 3 - 11_labels.tif
Condição 3 - 12.jpg,ConvPaint,1,293.35111542192044,300.20999030067895,22682.0,1139.9270196158307,0.2843906879425049,84.9700231753572,0.2193497352003053,C:\Users\sophi\napari-organoid-segmentation\reports\segmentations\organoid_measurements_all_kbO_segmentations\Condição 3 - 12_labels.tif
Condição 3 - 12.jpg,ConvPaint,2,329.9807766096232,723.8902616836774,26062.0,797.5351006300441,0.24620836973190308,91.08123985608646,0.5148941912218239,C:\Users\sophi\napari-organoid-segmentation\reports\segmentations\organoid_measurements_all_kbO_segmentations\Condição 3 - 12_labels.tif
Condição 3 - 12.jpg,ConvPaint,3,324.5099055567758,1145.8926422139248,22765.0,968.5889244992065,0.25389906764030457,85.12534616067059,0.30492885375021833,C:\Users\sophi\napari-organoid-segmentation\reports\segmentations\organoid_measurements_all_kbO_segmentations\Condição 3 - 12_labels.tif
Condição 3 - 12.jpg,ConvPaint,4,353.01904537047966,1575.368669578562,25413.0,935.8021279348029,0.24583697319030762,89.94003078489952,0.36466807429628695,C:\Users\sophi\napari-organoid-segmentation\reports\segmentations\organoid_measurements_all_kbO_segmentations\Condição 3 - 12_labels.tif
Condição 3 - 12.jpg,ConvPaint,5,714.7194075071537,264.55798687089714,23764.0,1374.241774135342,0.28936487436294556,86.97307707142252,0.15812593830443422,C:\Users\sophi\napari-organoid-segmentation\reports\segmentations\organoid_measurements_all_kbO_segmentations\Condição 3 - 12_labels.tif
Condição 3 - 12.jpg,ConvPaint,6,754.0569242478869,702.2830188679245,24963.0,946.1808075912431,0.26468321681022644,89.14016877259077,0.3503953802922038,C:\Users\sophi\napari-organoid-segmentation\reports\segmentations\organoid_measurements_all_kbO_segmentations\Condição 3 - 12_labels.tif
Condição 3 - 12.jpg,ConvPaint,7,768.6638568786456,1134.5873168302746,28116.0,898.517856687341,0.23972411453723907,94.60232956932646,0.43763291020744033,C:\Users\sophi\napari-organoid-segmentation\reports\segmentations\organoid_measurements_all_kbO_segmentations\Condição 3 - 12_labels.tif
Condição 3 - 12.jpg,ConvPaint,8,797.3168877784425,1583.6215997466306,28417.0,1022.0985924910846,0.22409150004386902,95.10737109017775,0.34182396763992795,C:\Users\sophi\napari-organoid-segmentation\reports\segmentations\organoid_measurements_all_kbO_segmentations\Condição 3 - 12_labels.tif
Condição 3 - 33.jpg,ConvPaint,1,56.760136640427746,226.09163819991088,20199.0,889.4345955666557,0.263213574886322,80.1844211242208,0.3208571322652819,C:\Users\sophi\napari-organoid-segmentation\reports\segmentations\organoid_measurements_all_kbO_segmentations\Condição 3 - 33_labels.tif
Condição 3 - 33.jpg,ConvPaint,2,24.43118131868132,620.4114010989011,7280.0,534.6995308303615,0.2862071990966797,48.13830046250071,0.31997911822664377,C:\Users\sophi\napari-organoid-segmentation\reports\segmentations\organoid_measurements_all_kbO_segmentations\Condição 3 - 33_labels.tif
Condição 3 - 33.jpg,ConvPaint,3,267.8433598183882,1899.1248581157774,6167.0,505.35028842544403,0.24242569506168365,44.30594845046698,0.30345812957450663,C:\Users\sophi\napari-organoid-segmentation\reports\segmentations\organoid_measurements_all_kbO_segmentations\Condição 3 - 33_labels.tif
Condição 3 - 33.jpg,ConvPaint,4,315.66141254925736,1536.5367535616854,26392.0,799.6356056934324,0.23243629932403564,91.65606644495826,0.5186781089721623,C:\Users\sophi\napari-organoid-segmentation\reports\segmentations\organoid_measurements_all_kbO_segmentations\Condição 3 - 33_labels.tif
Condição 3 - 33.jpg,ConvPaint,5,361.5813542081288,1115.0425014373534,22611.0,884.3584771209069,0.26972851157188416,84.83693085267578,0.36330631571660865,C:\Users\sophi\napari-organoid-segmentation\reports\segmentations\organoid_measurements_all_kbO_segmentations\Condição 3 - 33_labels.tif
Condição 3 - 33.jpg,ConvPaint,6,420.14490743210797,685.2128261217521,18743.0,1263.8925317304247,0.2997942268848419,77.24041815489342,0.1474445328905503,C:\Users\sophi\napari-organoid-segmentation\reports\segmentations\organoid_measurements_all_kbO_segmentations\Condição 3 - 33_labels.tif
Condição 3 - 33.jpg,ConvPaint,7,454.33749523446437,291.60442877112723,31476.0,1387.9696961967,0.27083155512809753,100.09556422499948,0.20531913800274637,C:\Users\sophi\napari-organoid-segmentation\reports\segmentations\organoid_measurements_all_kbO_segmentations\Condição 3 - 33_labels.tif
Condição 3 - 33.jpg,ConvPaint,8,741.4689459689961,1588.9393468118196,39866.0,964.7310601229374,0.21594402194023132,112.6487546429298,0.5382697876947387,C:\Users\sophi\napari-organoid-segmentation\reports\segmentations\organoid_measurements_all_kbO_segmentations\Condição 3 - 33_labels.tif
Condição 3 - 33.jpg,ConvPaint,9,790.4034976354461,1166.1268289586442,31507.0,887.5533905932737,0.2444189041852951,100.14484302245769,0.5026063163546264,C:\Users\sophi\napari-organoid-segmentation\reports\segmentations\organoid_measurements_all_kbO_segmentations\Condição 3 - 33_labels.tif
Condição 3 - 33.jpg,ConvPaint,10,858.9639946606717,748.3083813404525,28468.0,1194.430590953299,0.26686105132102966,95.19267744884662,0.2507523349364965,C:\Users\sophi\napari-organoid-segmentation\reports\segmentations\organoid_measurements_all_kbO_segmentations\Condição 3 - 33_labels.tif
Condição 3 - 33.jpg,ConvPaint,11,896.2471906286181,335.5910917387455,29366.0,1422.5676759431467,0.2732258141040802,96.6824085223015,0.18235126729515747,C:\Users\sophi\napari-organoid-segmentation\reports\segmentations\organoid_measurements_all_kbO_segmentations\Condição 3 - 33_labels.tif
Condição 3 - 34.jpg,ConvPaint,1,46.034817458826474,277.2786022919406,15969.0,935.2569260369921,0.2694956958293915,71.29579631695654,0.22941706469203865,C:\Users\sophi\napari-organoid-segmentation\reports\segmentations\organoid_measurements_all_kbO_segmentations\Condição 3 - 34_labels.tif
Condição 3 - 34.jpg,ConvPaint,2,19.754275940706954,689.0782972253896,5262.0,517.0843071412118,0.3261721134185791,40.92611172710042,0.24730790155537924,C:\Users\sophi\napari-organoid-segmentation\reports\segmentations\organoid_measurements_all_kbO_segmentations\Condição 3 - 34_labels.tif
Condição 3 - 34.jpg,ConvPaint,3,280.29816107778544,1586.8273838791097,30507.0,993.2996026178612,0.2596457004547119,98.54278105375808,0.3885517261131497,C:\Users\sophi\napari-organoid-segmentation\reports\segmentations\organoid_measurements_all_kbO_segmentations\Condição 3 - 34_labels.tif
Condição 3 - 34.jpg,ConvPaint,4,323.81152194986845,1165.580182800166,28884.0,941.1869042456533,0.2614538073539734,95.88567542929763,0.4097466852047611,C:\Users\sophi\napari-organoid-segmentation\reports\segmentations\organoid_measurements_all_kbO_segmentations\Condição 3 - 34_labels.tif
Condição 3 - 34.jpg,ConvPaint,5,385.4959279589567,743.7835898539805,27873.0,1769.8235559596121,0.28437262773513794,94.1926295290709,0.11182364296055117,C:\Users\sophi\napari-organoid-segmentation\reports\segmentations\organoid_measurements_all_kbO_segmentations\Condição 3 - 34_labels.tif
Condição 3 - 34.jpg,ConvPaint,6,435.45734047809066,340.78086877208983,26313.0,1524.0468606629752,0.28766757249832153,91.51878514902874,0.1423585606691155,C:\Users\sophi\napari-organoid-segmentation\reports\segmentations\organoid_measurements_all_kbO_segmentations\Condição 3 - 34_labels.tif
Condição 3 - 34.jpg,ConvPaint,7,480.47768709845457,21.06025351623546,5759.0,926.6711395993652,0.3404008746147156,42.81526170108564,0.08427634019523837,C:\Users\sophi\napari-organoid-segmentation\reports\segmentations\organoid_measurements_all_kbO_segmentations\Condição 3 - 34_labels.tif
Condição 3 - 34.jpg,ConvPaint,8,707.189866605159,1644.2787836850805,26013.0,809.4112549695428,0.2642250657081604,90.9955771963613,0.49895551458926457,C:\Users\sophi\napari-organoid-segmentation\reports\segmentations\organoid_measurements_all_kbO_segmentations\Condição 3 - 34_labels.tif
Condição 3 - 34.jpg,ConvPaint,9,747.4508035482314,1237.7949003451731,26943.0,1707.734198184517,0.28261783719062805,92.60790065350727,0.11609546736497722,C:\Users\sophi\napari-organoid-segmentation\reports\segmentations\organoid_measurements_all_kbO_segmentations\Condição 3 - 34_labels.tif
Condição 3 - 34.jpg,ConvPaint,10,805.9948933949605,814.2891382138065,26828.0,1402.2834046956846,0.28533053398132324,92.41005154494145,0.17144569042357538,C:\Users\sophi\napari-organoid-segmentation\reports\segmentations\organoid_measurements_all_kbO_segmentations\Condição 3 - 34_labels.tif
Condição 3 - 34.jpg,ConvPaint,11,854.9132448286508,397.21611608521147,25912.0,1934.8590898655448,0.29099786281585693,90.81875230806898,0.08697854027548109,C:\Users\sophi\napari-organoid-segmentation\reports\segmentations\organoid_measurements_all_kbO_segmentations\Condição 3 - 34_labels.tif
Condição 3 - 34.jpg,ConvPaint,12,901.263382202523,35.146778042959426,11732.0,929.6711395993651,0.29034551978111267,61.10983214433036,0.17057807938289107,C:\Users\sophi\napari-organoid-segmentation\reports\segmentations\organoid_measurements_all_kbO_segmentations\Condição 3 - 34_labels.tif
Condição 3 - 34.jpg,ConvPaint,13,1059.19848071679,1706.26821192053,5134.0,452.5512985522207,0.2951786518096924,40.425276197789685,0.31501417569555723,C:\Users\sophi\napari-organoid-segmentation\reports\segmentations\organoid_measurements_all_kbO_segmentations\Condição 3 - 34_labels.tif
Condição 3 - 35.jpg,ConvPaint,1,46.06670355342432,230.43483339481125,16266.0,1130.7249634685274,0.2711666226387024,71.95574062342448,0.15987356938209682,C:\Users\sophi\napari-organoid-segmentation\reports\segmentations\organoid_measurements_all_kbO_segmentations\Condição 3 - 35_labels.tif
Condição 3 - 35.jpg,ConvPaint,2,30.987230161143206,614.4476537954799,9867.0,684.4812767608818,0.30013176798820496,56.0425164225828,0.26464996827349757,C:\Users\sophi\napari-organoid-segmentation\reports\segmentations\organoid_measurements_all_kbO_segmentations\Condição 3 - 35_labels.tif
Condição 3 - 35.jpg,ConvPaint,3,263.30646627053477,1875.882768262845,14305.0,598.3563850798539,0.24759724736213684,67.47905543099374,0.5020857165522372,C:\Users\sophi\napari-organoid-segmentation\reports\segmentations\organoid_measurements_all_kbO_segmentations\Condição 3 - 35_labels.tif
Condição 3 - 35.jpg,ConvPaint,4,296.3592001988848,1506.8357424441524,28157.0,1115.9392129246505,0.26515358686447144,94.67128110085442,0.2841287416042782,C:\Users\sophi\napari-organoid-segmentation\reports\segmentations\organoid_measurements_all_kbO_segmentations\Condição 3 - 35_labels.tif
Condição 3 - 35.jpg,ConvPaint,5,353.03155339805824,1081.3485583995293,27192.0,1181.6965722375312,0.2748197317123413,93.0348452200015,0.24470287059404536,C:\Users\sophi\napari-organoid-segmentation\reports\segmentations\organoid_measurements_all_kbO_segmentations\Condição 3 - 35_labels.tif
Condição 3 - 35.jpg,ConvPaint,6,400.3439206508414,664.3873472268658,26919.0,1757.1545084013,0.2877404987812042,92.5666453220676,0.10955920803320846,C:\Users\sophi\napari-organoid-segmentation\reports\segmentations\organoid_measurements_all_kbO_segmentations\Condição 3 - 35_labels.tif
Condição 3 - 35.jpg,ConvPaint,7,444.9310823847193,261.3666216476944,25915.0,1725.0884912233178,0.2860276997089386,90.82400949337645,0.10943048437389316,C:\Users\sophi\napari-organoid-segmentation\reports\segmentations\organoid_measurements_all_kbO_segmentations\Condição 3 - 35_labels.tif
Condição 3 - 35.jpg,ConvPaint,8,727.0429804114015,1555.6256492045966,24453.0,1085.7970773009197,0.2781364321708679,88.22489244454897,0.26064216551536323,C:\Users\sophi\napari-organoid-segmentation\reports\segmentations\organoid_measurements_all_kbO_segmentations\Condição 3 - 35_labels.tif
Condição 3 - 35.jpg,ConvPaint,9,771.3787457401387,1139.3459986681812,25529.0,1359.2539674441618,0.2884995937347412,90.14506688879871,0.17363706996162567,C:\Users\sophi\napari-organoid-segmentation\reports\segmentations\organoid_measurements_all_kbO_segmentations\Condição 3 - 35_labels.tif
Condição 3 - 35.jpg,ConvPaint,10,819.4702022286422,735.0352042921998,24230.0,1883.2682527940347,0.30605602264404297,87.82168605892993,0.08584972482930263,C:\Users\sophi\napari-organoid-segmentation\reports\segmentations\organoid_measurements_all_kbO_segmentations\Condição 3 - 35_labels.tif
Condição 3 - 35.jpg,ConvPaint,11,883.2664237820239,327.85981163520796,25801.0,1751.6032098490793,0.28995731472969055,90.62402205501576,0.10567565248679546,C:\Users\sophi\napari-organoid-segmentation\reports\segmentations\organoid_measurements_all_kbO_segmentations\Condição 3 - 35_labels.tif
Condição 3 - 36.jpg,ConvPaint,1,142.57043571237637,1868.342261427426,18705.0,718.8183258569795,0.20935432612895966,77.16207890581879,0.45491399241471686,C:\Users\sophi\napari-organoid-segmentation\reports\segmentations\organoid_measurements_all_kbO_segmentations\Condição 3 - 36_labels.tif
Condição 3 - 36.jpg,ConvPaint,2,190.98195619171545,1470.8032964649751,23055.0,793.6061684419096,0.25502514839172363,85.66582997886202,0.46000750899073084,C:\Users\sophi\napari-organoid-segmentation\reports\segmentations\organoid_measurements_all_kbO_segmentations\Condição 3 - 36_labels.tif
Condição 3 - 36.jpg,ConvPaint,3,252.90841934300832,1041.4461675485934,19087.0,1288.1229791087242,0.2918245494365692,77.94601206982954,0.1445549214269184,C:\Users\sophi\napari-organoid-segmentation\reports\segmentations\organoid_measurements_all_kbO_segmentations\Condição 3 - 36_labels.tif
Condição 3 - 36.jpg,ConvPaint,4,289.6090317714717,647.4286163225543,31821.0,1138.1402230514273,0.2602410316467285,100.64262957740324,0.308696811369509,C:\Users\sophi\napari-organoid-segmentation\reports\segmentations\organoid_measurements_all_kbO_segmentations\Condição 3 - 36_labels.tif
Condição 3 - 36.jpg,ConvPaint,5,332.67632793438963,260.1017078691319,34019.0,1047.364573775317,0.25407785177230835,104.06048249977691,0.3897047029792839,C:\Users\sophi\napari-organoid-segmentation\reports\segmentations\organoid_measurements_all_kbO_segmentations\Condição 3 - 36_labels.tif
Condição 3 - 36.jpg,ConvPaint,6,565.9728602728107,1885.1574669587956,14149.0,700.6345596729059,0.2097575068473816,67.11010787962164,0.36220338051725776,C:\Users\sophi\napari-organoid-segmentation\reports\segmentations\organoid_measurements_all_kbO_segmentations\Condição 3 - 36_labels.tif
Condição 3 - 36.jpg,ConvPaint,7,620.0147304671482,1524.2137652588083,31703.0,865.5767311903867,0.2304772436618805,100.45585260045686,0.5317396907671043,C:\Users\sophi\napari-organoid-segmentation\reports\segmentations\organoid_measurements_all_kbO_segmentations\Condição 3 - 36_labels.tif
Condição 3 - 36.jpg,ConvPaint,8,691.766148700439,1106.8391401296076,28702.0,1049.8559518039651,0.25656968355178833,95.58310704955746,0.32723714486714867,C:\Users\sophi\napari-organoid-segmentation\reports\segmentations\organoid_measurements_all_kbO_segmentations\Condição 3 - 36_labels.tif
Condição 3 - 36.jpg,ConvPaint,9,730.5781265857041,692.5149013903454,29561.0,1195.0874452027913,0.2656506299972534,97.00287905768074,0.2600935710071089,C:\Users\sophi\napari-organoid-segmentation\reports\segmentations\organoid_measurements_all_kbO_segmentations\Condição 3 - 36_labels.tif
Condição 3 - 36.jpg,ConvPaint,10,777.2338329349441,299.73825828541896,30958.0,1472.1656556895932,0.2728772461414337,99.26851190824708,0.1795020431843577,C:\Users\sophi\napari-organoid-segmentation\reports\segmentations\organoid_measurements_all_kbO_segmentations\Condição 3 - 36_labels.tif
Condição 3 - 36.jpg,ConvPaint,11,1015.0845369924571,1570.936406676296,24924.0,735.723917448001,0.2203950434923172,89.07050916686622,0.5786258840683716,C:\Users\sophi\napari-organoid-segmentation\reports\segmentations\organoid_measurements_all_kbO_segmentations\Condição 3 - 36_labels.tif
Condição 3 - 36.jpg,ConvPaint,12,1051.2544210526316,1175.5451578947368,9500.0,523.7289680818844,0.2525639235973358,54.990398423233955,0.4352314573719736,C:\Users\sophi\napari-organoid-segmentation\reports\segmentations\organoid_measurements_all_kbO_segmentations\Condição 3 - 36_labels.tif
Condição 3 - 58.jpg,ConvPaint,1,49.989242558208076,113.58787700167011,20358.0,1283.9158723275375,0.3157918453216553,80.49939541965276,0.15519289634756986,C:\Users\sophi\napari-organoid-segmentation\reports\segmentations\organoid_measurements_all_kbO_segmentations\Condição 3 - 58_labels.tif
Condição 3 - 58.jpg,ConvPaint,2,22.52784180516802,537.2888511464273,8243.0,748.866053071732,0.3577595055103302,51.22331882856661,0.1847084976349713,C:\Users\sophi\napari-organoid-segmentation\reports\segmentations\organoid_measurements_all_kbO_segmentations\Condição 3 - 58_labels.tif
Condição 3 - 58.jpg,ConvPaint,3,133.12497930349357,1840.7163198852033,36238.0,1758.6326471006023,0.2908156216144562,107.40071533992783,0.1472393265816551,C:\Users\sophi\napari-organoid-segmentation\reports\segmentations\organoid_measurements_all_kbO_segmentations\Condição 3 - 58_labels.tif
Condição 3 - 58.jpg,ConvPaint,4,201.66470204390933,1454.0377839055297,47507.0,3578.9425304549795,0.3172312080860138,122.9713290280842,0.046607737453586234,C:\Users\sophi\napari-organoid-segmentation\reports\segmentations\organoid_measurements_all_kbO_segmentations\Condição 3 - 58_labels.tif
Condição 3 - 58.jpg,ConvPaint,5,279.42613083657585,1024.0989178015564,49344.0,3947.3771260216354,0.3337830603122711,125.32630619248685,0.03979485950001454,C:\Users\sophi\napari-organoid-segmentation\reports\segmentations\organoid_measurements_all_kbO_segmentations\Condição 3 - 58_labels.tif
Condição 3 - 58.jpg,ConvPaint,6,356.4299241603467,600.3346262188516,46150.0,3664.2400410317878,0.3393971025943756,121.20231535487241,0.043193036573192164,C:\Users\sophi\napari-organoid-segmentation\reports\segmentations\organoid_measurements_all_kbO_segmentations\Condição 3 - 58_labels.tif
Condição 3 - 58.jpg,ConvPaint,7,426.8378067885117,181.22718015665797,38300.0,1839.2205255792824,0.3137904107570648,110.41407809169618,0.1422790733546984,C:\Users\sophi\napari-organoid-segmentation\reports\segmentations\organoid_measurements_all_kbO_segmentations\Condição 3 - 58_labels.tif
Condição 3 - 58.jpg,ConvPaint,8,558.9420892790282,1869.9389274867913,24037.0,985.7838379715732,0.28129997849464417,87.47122232025671,0.3108327282491687,C:\Users\sophi\napari-organoid-segmentation\reports\segmentations\organoid_measurements_all_kbO_segmentations\Condição 3 - 58_labels.tif
Condição 3 - 58.jpg,ConvPaint,9,624.4721867948592,1516.340076523104,50965.0,4637.335495461292,0.32719331979751587,127.36821954222683,0.029781382809186227,C:\Users\sophi\napari-organoid-segmentation\reports\segmentations\organoid_measurements_all_kbO_segmentations\Condição 3 - 58_labels.tif
Condição 3 - 58.jpg,ConvPaint,10,693.7362104241811,1085.8765635216942,47409.0,5201.507247805295,0.3512207269668579,122.84442760698319,0.02201974284975309,C:\Users\sophi\napari-organoid-segmentation\reports\segmentations\organoid_measurements_all_kbO_segmentations\Condição 3 - 58_labels.tif
Condição 3 - 58.jpg,ConvPaint,11,776.9506755818337,665.2493998134958,50401.0,5330.6504294495535,0.3590957522392273,126.66150391318286,0.022288898693321298,C:\Users\sophi\napari-organoid-segmentation\reports\segmentations\organoid_measurements_all_kbO_segmentations\Condição 3 - 58_labels.tif
Condição 3 - 58.jpg,ConvPaint,12,847.6495665045464,237.20480016916895,47290.0,2595.010460205265,0.3247072100639343,122.69015656372544,0.08824720364687305,C:\Users\sophi\napari-organoid-segmentation\reports\segmentations\organoid_measurements_all_kbO_segmentations\Condição 3 - 58_labels.tif
Condição 3 - 58.jpg,ConvPaint,13,979.7020408163265,1902.352504638219,5390.0,542.072113832392,0.27952125668525696,41.420891908922385,0.2305072008257562,C:\Users\sophi\napari-organoid-segmentation\reports\segmentations\organoid_measurements_all_kbO_segmentations\Condição 3 - 58_labels.tif
Condição 3 - 58.jpg,ConvPaint,14,1010.1508736953208,1581.374369649349,34108.0,1022.0914498161483,0.25030988454818726,104.196514327288,0.4102859148011982,C:\Users\sophi\napari-organoid-segmentation\reports\segmentations\organoid_measurements_all_kbO_segmentations\Condição 3 - 58_labels.tif
Condição 3 - 58.jpg,ConvPaint,15,1047.661080192259,1153.1531748039463,15812.0,849.0315292925759,0.2879798412322998,70.94445658638946,0.27564431068043654,C:\Users\sophi\napari-organoid-segmentation\reports\segmentations\organoid_measurements_all_kbO_segmentations\Condição 3 - 58_labels.tif
Condição 3 - 59.jpg,ConvPaint,1,87.82389357597397,248.45417374528492,34729.0,3982.085712099237,0.336856871843338,105.1407819890877,0.02752205984178547,C:\Users\sophi\napari-organoid-segmentation\reports\segmentations\organoid_measurements_all_kbO_segmentations\Condição 3 - 59_labels.tif
Condição 3 - 59.jpg,ConvPaint,2,62.622756282409256,673.9058137215795,20056.0,3786.362840671762,0.35813626646995544,79.90008183539054,0.017579629843508915,C:\Users\sophi\napari-organoid-segmentation\reports\segmentations\organoid_measurements_all_kbO_segmentations\Condição 3 - 59_labels.tif
Condição 3 - 59.jpg,ConvPaint,3,26.382452617045313,1115.1184887661605,7967.0,682.1025971044413,0.3461957275867462,50.35846367023383,0.21518167062822008,C:\Users\sophi\napari-organoid-segmentation\reports\segmentations\organoid_measurements_all_kbO_segmentations\Condição 3 - 59_labels.tif
Condição 3 - 59.jpg,ConvPaint,4,258.6841658583899,1593.813409311348,49488.0,2141.12106653642,0.31444644927978516,125.5090420944381,0.13565234871069926,C:\Users\sophi\napari-organoid-segmentation\reports\segmentations\organoid_measurements_all_kbO_segmentations\Condição 3 - 59_labels.tif
Condição 3 - 59.jpg,ConvPaint,5,331.995479463263,1173.3814023891343,48888.0,3515.735423673793,0.32399043440818787,124.74587654809741,0.04970267522197417,C:\Users\sophi\napari-organoid-segmentation\reports\segmentations\organoid_measurements_all_kbO_segmentations\Condição 3 - 59_labels.tif
Condição 3 - 59.jpg,ConvPaint,6,421.39916350175474,744.9249314936782,41602.0,5998.265653138704,0.3550206422805786,115.07531396880071,0.014530236450889005,C:\Users\sophi\napari-organoid-segmentation\reports\segmentations\organoid_measurements_all_kbO_segmentations\Condição 3 - 59_labels.tif
Condição 3 - 59.jpg,ConvPaint,7,476.45797779076565,315.65241379310345,42775.0,5325.529542381882,0.3460840582847595,116.68635473572583,0.01895283954350965,C:\Users\sophi\napari-organoid-segmentation\reports\segmentations\organoid_measurements_all_kbO_segmentations\Condição 3 - 59_labels.tif
Condição 3 - 59.jpg,ConvPaint,8,675.3429684852592,1678.2749915282955,59020.0,2170.014464818622,0.30836766958236694,137.06439903405743,0.1575011799200839,C:\Users\sophi\napari-organoid-segmentation\reports\segmentations\organoid_measurements_all_kbO_segmentations\Condição 3 - 59_labels.tif
Condição 3 - 59.jpg,ConvPaint,9,748.9711054455122,1253.4701575472316,45891.0,6727.091121670619,0.3537551462650299,120.86173499855254,0.012743325153519839,C:\Users\sophi\napari-organoid-segmentation\reports\segmentations\organoid_measurements_all_kbO_segmentations\Condição 3 - 59_labels.tif
Condição 3 - 59.jpg,ConvPaint,10,834.6818701199771,817.9534374404875,42008.0,5583.3001410241095,0.34947118163108826,115.63546903441296,0.016934014202493883,C:\Users\sophi\napari-organoid-segmentation\reports\segmentations\organoid_measurements_all_kbO_segmentations\Condição 3 - 59_labels.tif
Condição 3 - 59.jpg,ConvPaint,11,903.5681950337045,389.95802554217903,46433.0,5106.779325743937,0.3530868589878082,121.5733644560845,0.022373937727193222,C:\Users\sophi\napari-organoid-segmentation\reports\segmentations\organoid_measurements_all_kbO_segmentations\Condição 3 - 59_labels.tif
Condição 3 - 59.jpg,ConvPaint,12,976.8562722194007,47.80223463687151,19690.0,1397.3778131046633,0.33611130714416504,79.16768064657975,0.1267149607082835,C:\Users\sophi\napari-organoid-segmentation\reports\segmentations\organoid_measurements_all_kbO_segmentations\Condição 3 - 59_labels.tif
Condição 3 - 59.jpg,ConvPaint,13,1037.4889424364123,1741.7745649263722,18675.0,1892.838707861262,0.2505904734134674,77.10017590435376,0.0655002952205752,C:\Users\sophi\napari-organoid-segmentation\reports\segmentations\organoid_measurements_all_kbO_segmentations\Condição 3 - 59_labels.tif
Condição 3 - 59.jpg,ConvPaint,14,1062.9577155409115,1317.3503569467325,5463.0,658.7533546995239,0.38674506545066833,41.70044254228063,0.15819595871909278,C:\Users\sophi\napari-organoid-segmentation\reports\segmentations\organoid_measurements_all_kbO_segmentations\Condição 3 - 59_labels.tif
Condição 3 - 60.jpg,ConvPaint,1,31.800829875518673,226.72917720878453,9881.0,2232.4042917633556,0.3881686329841614,56.08226087972948,0.02491523947444233,C:\Users\sophi\napari-organoid-segmentation\reports\segmentations\organoid_measurements_all_kbO_segmentations\Condição 3 - 60_labels.tif
Condição 3 - 60.jpg,ConvPaint,2,191.87156642281747,1575.6371011357492,35131.0,2608.9282451051067,0.3321276605129242,105.7475513263676,0.06485987493561188,C:\Users\sophi\napari-organoid-segmentation\reports\segmentations\organoid_measurements_all_kbO_segmentations\Condição 3 - 60_labels.tif
Condição 3 - 60.jpg,ConvPaint,3,258.5116243824073,1147.604831620745,32991.0,4452.51525703201,0.36116793751716614,102.47615066487147,0.020911949005937135,C:\Users\sophi\napari-organoid-segmentation\reports\segmentations\organoid_measurements_all_kbO_segmentations\Condição 3 - 60_labels.tif
Condição 3 - 60.jpg,ConvPaint,4,320.26490674670015,725.5251891097296,32653.0,5174.980335870714,0.37858855724334717,101.94985391632162,0.015322003054674129,C:\Users\sophi\napari-organoid-segmentation\reports\segmentations\organoid_measurements_all_kbO_segmentations\Condição 3 - 60_labels.tif
Condição 3 - 60.jpg,ConvPaint,5,384.1746595815344,296.04417137163733,30110.0,4810.007681081184,0.36226725578308105,97.8994927106057,0.016354191534158857,C:\Users\sophi\napari-organoid-segmentation\reports\segmentations\organoid_measurements_all_kbO_segmentations\Condição 3 - 60_labels.tif
Condição 3 - 60.jpg,ConvPaint,6,616.3113860898677,1640.1880066957692,30467.0,1140.447834896002,0.32628297805786133,98.47815647320755,0.29436671848282003,C:\Users\sophi\napari-organoid-segmentation\reports\segmentations\organoid_measurements_all_kbO_segmentations\Condição 3 - 60_labels.tif
Condição 3 - 60.jpg,ConvPaint,7,678.813327967267,1212.3726397692592,29817.0,4037.928424573856,0.3653309941291809,97.421998934235,0.022980346694172506,C:\Users\sophi\napari-organoid-segmentation\reports\segmentations\organoid_measurements_all_kbO_segmentations\Condição 3 - 60_labels.tif
Condição 3 - 60.jpg,ConvPaint,8,749.1755227019671,780.7172460720029,32332.0,3392.8725086636405,0.3522361218929291,101.44749992037418,0.035294525900439785,C:\Users\sophi\napari-organoid-segmentation\reports\segmentations\organoid_measurements_all_kbO_segmentations\Condição 3 - 60_labels.tif
Condição 3 - 60.jpg,ConvPaint,9,805.995792079208,360.63415841584157,32320.0,1776.995128834866,0.3355591297149658,101.4286720876307,0.1286200699740973,C:\Users\sophi\napari-organoid-segmentation\reports\segmentations\organoid_measurements_all_kbO_segmentations\Condição 3 - 60_labels.tif
Condição 3 - 60.jpg,ConvPaint,10,1036.4376415399547,1722.7910870268522,12364.0,1209.1919548795365,0.2681256830692291,62.73422855807178,0.10626209216648602,C:\Users\sophi\napari-organoid-segmentation\reports\segmentations\organoid_measurements_all_kbO_segmentations\Condição 3 - 60_labels.tif
Condição 3 - 82.jpg,ConvPaint,1,54.09713825070536,332.1635429262394,19848.0,752.1320343559643,0.2713785767555237,79.48468167499873,0.44089831871101137,C:\Users\sophi\napari-organoid-segmentation\reports\segmentations\organoid_measurements_all_kbO_segmentations\Condição 3 - 82_labels.tif
Condição 3 - 82.jpg,ConvPaint,2,31.171225850572746,706.9551205334245,11698.0,830.7005768508881,0.3097513020038605,61.021218019456015,0.2130259236187495,C:\Users\sophi\napari-organoid-segmentation\reports\segmentations\organoid_measurements_all_kbO_segmentations\Condição 3 - 82_labels.tif
Condição 3 - 82.jpg,ConvPaint,3,254.94836992681303,1655.292987358616,37575.0,1177.3056992722709,0.25502702593803406,109.36404332940482,0.34066723094573165,C:\Users\sophi\napari-organoid-segmentation\reports\segmentations\organoid_measurements_all_kbO_segmentations\Condição 3 - 82_labels.tif
Condição 3 - 82.jpg,ConvPaint,4,344.08987956138776,1233.216400023968,33378.0,1064.4234482783627,0.2830394506454468,103.0754450926241,0.3702041715281672,C:\Users\sophi\napari-organoid-segmentation\reports\segmentations\organoid_measurements_all_kbO_segmentations\Condição 3 - 82_labels.tif
Condição 3 - 82.jpg,ConvPaint,5,401.4160873546068,827.373427379701,29489.0,1268.2295808265221,0.2929331958293915,96.88467491648926,0.23039558476713548,C:\Users\sophi\napari-organoid-segmentation\reports\segmentations\organoid_measurements_all_kbO_segmentations\Condição 3 - 82_labels.tif
Condição 3 - 82.jpg,ConvPaint,6,460.17548599465874,399.4968635488479,32202.0,1164.9331162702406,0.2976727783679962,101.2433452375534,0.2981883877741485,C:\Users\sophi\napari-organoid-segmentation\reports\segmentations\organoid_measurements_all_kbO_segmentations\Condição 3 - 82_labels.tif
Condição 3 - 82.jpg,ConvPaint,7,548.6274873524452,23.687015177065767,5930.0,423.99494936611666,0.30813875794410706,43.446261347437925,0.41451780597212823,C:\Users\sophi\napari-organoid-segmentation\reports\segmentations\organoid_measurements_all_kbO_segmentations\Condição 3 - 82_labels.tif
Condição 3 - 82.jpg,ConvPaint,8,696.7302753465789,1710.50785791861,31306.0,1119.1341263970173,0.2699584364891052,99.8248931723433,0.3141037827709267,C:\Users\sophi\napari-organoid-segmentation\reports\segmentations\organoid_measurements_all_kbO_segmentations\Condição 3 - 82_labels.tif
Condição 3 - 82.jpg,ConvPaint,9,758.0010036130068,1290.3370801552255,29892.0,1364.56662992262,0.3019496500492096,97.54444688348933,0.2017322556382614,C:\Users\sophi\napari-organoid-segmentation\reports\segmentations\organoid_measurements_all_kbO_segmentations\Condição 3 - 82_labels.tif
Condição 3 - 82.jpg,ConvPaint,10,829.7455133169467,868.3756692144517,29699.0,1240.8153672641492,0.28664302825927734,97.22903532264628,0.24240265003938408,C:\Users\sophi\napari-organoid-segmentation\reports\segmentations\organoid_measurements_all_kbO_segmentations\Condição 3 - 82_labels.tif
Condição 3 - 82.jpg,ConvPaint,11,891.729452231935,451.23803858687216,38666.0,2098.386001800126,0.30998316407203674,110.94038966572296,0.11034898675598837,C:\Users\sophi\napari-organoid-segmentation\reports\segmentations\organoid_measurements_all_kbO_segmentations\Condição 3 - 82_labels.tif
Condição 3 - 82.jpg,ConvPaint,12,960.2494096812279,56.591401023219206,20328.0,1236.7077195258244,0.2994484603404999,80.44006070574596,0.16702072815825392,C:\Users\sophi\napari-organoid-segmentation\reports\segmentations\organoid_measurements_all_kbO_segmentations\Condição 3 - 82_labels.tif
Condição 3 - 82.jpg,ConvPaint,13,1046.7652478718078,1801.2849273910867,9985.0,1182.5168106668143,0.20191700756549835,56.37662825626547,0.08973116089331963,C:\Users\sophi\napari-organoid-segmentation\reports\segmentations\organoid_measurements_all_kbO_segmentations\Condição 3 - 82_labels.tif
Condição 3 - 83.jpg,ConvPaint,1,29.389869439071568,222.53324468085106,8272.0,680.3685783886737,0.33039453625679016,51.31334503335674,0.2245597381426605,C:\Users\sophi\napari-organoid-segmentation\reports\segmentations\organoid_measurements_all_kbO_segmentations\Condição 3 - 83_labels.tif
Condição 3 - 83.jpg,ConvPaint,2,234.07706453260684,1533.73359441512,29365.0,1215.0519112968586,0.2922557294368744,96.68076234591354,0.24994830925147601,C:\Users\sophi\napari-organoid-segmentation\reports\segmentations\organoid_measurements_all_kbO_segmentations\Condição 3 - 83_labels.tif
Condição 3 - 83.jpg,ConvPaint,3,286.9671842707926,1093.855554934927,35806.0,1078.7199128346442,0.2835155427455902,106.75862393594632,0.3866769460071243,C:\Users\sophi\napari-organoid-segmentation\reports\segmentations\organoid_measurements_all_kbO_segmentations\Condição 3 - 83_labels.tif
Condição 3 - 83.jpg,ConvPaint,4,341.65858989335646,691.7316953687305,26537.0,1400.7392488184005,0.3115338087081909,91.90750486037173,0.16996014498476358,C:\Users\sophi\napari-organoid-segmentation\reports\segmentations\organoid_measurements_all_kbO_segmentations\Condição 3 - 83_labels.tif
Condição 3 - 83.jpg,ConvPaint,5,410.4587016086265,252.86560898002475,45256.0,1799.4976541518076,0.279691219329834,120.02263207051256,0.17562383650090177,C:\Users\sophi\napari-organoid-segmentation\reports\segmentations\organoid_measurements_all_kbO_segmentations\Condição 3 - 83_labels.tif
Condição 3 - 83.jpg,ConvPaint,6,671.6529679068447,1584.8804032945186,35210.0,932.0742058734452,0.26779669523239136,105.86638320322118,0.5093014469773554,C:\Users\sophi\napari-organoid-segmentation\reports\segmentations\organoid_measurements_all_kbO_segmentations\Condição 3 - 83_labels.tif
Condição 3 - 83.jpg,ConvPaint,7,723.0853857826544,1155.3093848488386,34268.0,1384.96359954229,0.2972451150417328,104.44062035312764,0.22450287342504371,C:\Users\sophi\napari-organoid-segmentation\reports\segmentations\organoid_measurements_all_kbO_segmentations\Condição 3 - 83_labels.tif
Condição 3 - 83.jpg,ConvPaint,8,769.9104563146207,748.221423625206,41879.0,1180.5544366138004,0.26584479212760925,115.45778329541483,0.3776018658548251,C:\Users\sophi\napari-organoid-segmentation\reports\segmentations\organoid_measurements_all_kbO_segmentations\Condição 3 - 83_labels.tif
Condição 3 - 83.jpg,ConvPaint,9,824.4611136983567,301.6683298959927,45093.0,1847.6164491784255,0.280402809381485,119.806292396041,0.1659951325143389,C:\Users\sophi\napari-organoid-segmentation\reports\segmentations\organoid_measurements_all_kbO_segmentations\Condição 3 - 83_labels.tif
Condição 3 - 83.jpg,ConvPaint,10,1036.6543697848047,1650.7691894793345,20493.0,1058.9777054234137,0.207979217171669,80.76586220405514,0.2296369499998401,C:\Users\sophi\napari-organoid-segmentation\reports\segmentations\organoid_measurements_all_kbO_segmentations\Condição 3 - 83_labels.tif
Condição 3 - 83.jpg,ConvPaint,11,1059.758146639511,1230.4209097080789,5892.0,476.78784258493016,0.2984964847564697,43.30683374936218,0.32570337305402475,C:\Users\sophi\napari-organoid-segmentation\reports\segmentations\organoid_measurements_all_kbO_segmentations\Condição 3 - 83_labels.tif
Condição 3 - 84.jpg,ConvPaint,1,32.464274595267746,700.9375778331258,12848.0,602.7056274847714,0.2768072485923767,63.950335555721225,0.4444622689053685,C:\Users\sophi\napari-organoid-segmentation\reports\segmentations\organoid_measurements_all_kbO_segmentations\Condição 3 - 84_labels.tif
Condição 3 - 84.jpg,ConvPaint,2,289.93489818437155,1587.6306215936067,29907.0,943.2518754031088,0.27435165643692017,97.56891803283783,0.4224033560211894,C:\Users\sophi\napari-organoid-segmentation\reports\segmentations\organoid_measurements_all_kbO_segmentations\Condição 3 - 84_labels.tif
Condição 3 - 84.jpg,ConvPaint,3,347.53536087467995,1155.8613590754965,28902.0,897.2752160002217,0.2822093963623047,95.9155479079587,0.4511141155138682,C:\Users\sophi\napari-organoid-segmentation\reports\segmentations\organoid_measurements_all_kbO_segmentations\Condição 3 - 84_labels.tif
Condição 3 - 84.jpg,ConvPaint,4,414.9671357156082,756.5938406467938,32406.0,1514.4966081312812,0.3101489245891571,101.56352776303076,0.1775410081451806,C:\Users\sophi\napari-organoid-segmentation\reports\segmentations\organoid_measurements_all_kbO_segmentations\Condição 3 - 84_labels.tif
Condição 3 - 84.jpg,ConvPaint,5,480.8604327375353,334.6841015992474,26575.0,1599.36056916196,0.313406765460968,91.9732853894773,0.13055405571184936,C:\Users\sophi\napari-organoid-segmentation\reports\segmentations\organoid_measurements_all_kbO_segmentations\Condição 3 - 84_labels.tif
Condição 3 - 84.jpg,ConvPaint,6,718.2092288040875,1671.022513172601,31315.0,1130.4356415871823,0.2817173898220062,99.8392412122879,0.30794318418677735,C:\Users\sophi\napari-organoid-segmentation\reports\segmentations\organoid_measurements_all_kbO_segmentations\Condição 3 - 84_labels.tif
Condição 3 - 84.jpg,ConvPaint,7,774.2623165782079,1236.0475491726506,32030.0,1007.7432534317572,0.31197839975357056,100.97259853280401,0.39633917768837806,C:\Users\sophi\napari-organoid-segmentation\reports\segmentations\organoid_measurements_all_kbO_segmentations\Condição 3 - 84_labels.tif
Condição 3 - 84.jpg,ConvPaint,8,827.999829572568,821.6793237439498,29338.0,1218.9514062334704,0.30659615993499756,96.63630498347943,0.24812331956593967,C:\Users\sophi\napari-organoid-segmentation\reports\segmentations\organoid_measurements_all_kbO_segmentations\Condição 3 - 84_labels.tif
Condição 3 - 84.jpg,ConvPaint,9,919.0347072935165,411.1720410007166,32097.0,1279.1707063234767,0.30609580874443054,101.07815004659084,0.24650021119017146,C:\Users\sophi\napari-organoid-segmentation\reports\segmentations\organoid_measurements_all_kbO_segmentations\Condição 3 - 84_labels.tif
Condição 3 - 84.jpg,ConvPaint,10,1051.5328106852496,1746.314169570267,6888.0,901.5990257669731,0.24619971215724945,46.8243365786847,0.10648198412873519,C:\Users\sophi\napari-organoid-segmentation\reports\segmentations\organoid_measurements_all_kbO_segmentations\Condição 3 - 84_labels.tif
Condição 3 - 9.jpg,ConvPaint,1,230.85504654282346,318.847160684525,24601.0,1023.5422433049805,0.275648295879364,88.49147704726956,0.29508768285475895,C:\Users\sophi\napari-organoid-segmentation\reports\segmentations\organoid_measurements_all_kbO_segmentations\Condição 3 - 9_labels.tif
Condição 3 - 9.jpg,ConvPaint,2,256.861477953381,750.5538716893989,27714.0,816.2985565973347,0.24687020480632782,93.9235869507632,0.5226500779644081,C:\Users\sophi\napari-organoid-segmentation\reports\segmentations\organoid_measurements_all_kbO_segmentations\Condição 3 - 9_labels.tif
Condição 3 - 9.jpg,ConvPaint,3,317.39974370374244,1617.4881659125977,38237.0,1129.0752518939717,0.22394633293151855,110.32323018299276,0.3769188857496958,C:\Users\sophi\napari-organoid-segmentation\reports\segmentations\organoid_measurements_all_kbO_segmentations\Condição 3 - 9_labels.tif
Condição 3 - 9.jpg,ConvPaint,4,296.9939573759815,1197.302710134964,27637.0,794.9432175380074,0.23525354266166687,93.79301852729458,0.5495769961149531,C:\Users\sophi\napari-organoid-segmentation\reports\segmentations\organoid_measurements_all_kbO_segmentations\Condição 3 - 9_labels.tif
Condição 3 - 9.jpg,ConvPaint,5,650.3757873425315,286.4736052789442,26672.0,1091.282358675158,0.27445101737976074,92.14098590906256,0.28144347040727824,C:\Users\sophi\napari-organoid-segmentation\reports\segmentations\organoid_measurements_all_kbO_segmentations\Condição 3 - 9_labels.tif
Condição 3 - 9.jpg,ConvPaint,6,693.7393479728388,718.5277369654132,25183.0,926.1808075912433,0.2765209972858429,89.53210521241193,0.3689145422133548,C:\Users\sophi\napari-organoid-segmentation\reports\segmentations\organoid_measurements_all_kbO_segmentations\Condição 3 - 9_labels.tif
Condição 3 - 9.jpg,ConvPaint,7,715.3890939070352,1146.0217493718592,25472.0,817.5828278447966,0.2624862790107727,90.04437473198153,0.4788609114018504,C:\Users\sophi\napari-organoid-segmentation\reports\segmentations\organoid_measurements_all_kbO_segmentations\Condição 3 - 9_labels.tif
Condição 3 - 9.jpg,ConvPaint,8,750.6457103825137,1604.861393442623,36600.0,956.4234482783627,0.2088392972946167,107.93582275744573,0.5027945012073413,C:\Users\sophi\napari-organoid-segmentation\reports\segmentations\organoid_measurements_all_kbO_segmentations\Condição 3 - 9_labels.tif
Condição 4 - 13.jpg,ConvPaint,1,57.976675996268156,220.47492114265404,22509.0,972.4467888754755,0.27807527780532837,84.64536152743955,0.29911236868578805,C:\Users\sophi\napari-organoid-segmentation\reports\segmentations\organoid_measurements_all_kbO_segmentations\Condição 4 - 13_labels.tif
Condição 4 - 13.jpg,ConvPaint,2,32.69936791064161,652.072214044506,11549.0,575.3858223313767,0.2803003191947937,60.631352248952844,0.43836506097969413,C:\Users\sophi\napari-organoid-segmentation\reports\segmentations\organoid_measurements_all_kbO_segmentations\Condição 4 - 13_labels.tif
Condição 4 - 13.jpg,ConvPaint,3,291.21790248780337,1514.3616254052909,33001.0,1026.9797974644666,0.2539753317832947,102.49168041334515,0.3931996870298802,C:\Users\sophi\napari-organoid-segmentation\reports\segmentations\organoid_measurements_all_kbO_segmentations\Condição 4 - 13_labels.tif
Condição 4 - 13.jpg,ConvPaint,4,327.7367514002585,1110.2687573090416,32494.0,941.9970414071697,0.2567501664161682,101.70133451266062,0.4601654019047401,C:\Users\sophi\napari-organoid-segmentation\reports\segmentations\organoid_measurements_all_kbO_segmentations\Condição 4 - 13_labels.tif
Condição 4 - 13.jpg,ConvPaint,5,400.97487910161954,698.9661809094155,30811.0,1010.4772721475249,0.27297812700271606,99.0325497157817,0.3791949619166814,C:\Users\sophi\napari-organoid-segmentation\reports\segmentations\organoid_measurements_all_kbO_segmentations\Condição 4 - 13_labels.tif
Condição 4 - 13.jpg,ConvPaint,6,459.8667700609743,268.8388111070981,47069.0,1172.0985924910847,0.247560054063797,122.40313734861881,0.4305430140621831,C:\Users\sophi\napari-organoid-segmentation\reports\segmentations\organoid_measurements_all_kbO_segmentations\Condição 4 - 13_labels.tif
Condição 4 - 13.jpg,ConvPaint,7,688.0698992443325,1892.8308564231738,7940.0,465.69343417595167,0.2787805497646332,50.273059348912696,0.4600765911255872,C:\Users\sophi\napari-organoid-segmentation\reports\segmentations\organoid_measurements_all_kbO_segmentations\Condição 4 - 13_labels.tif
Condição 4 - 13.jpg,ConvPaint,8,725.3328341320554,1581.9676184771033,30048.0,947.3818177180199,0.2559044063091278,97.79864753691915,0.42070274309495864,C:\Users\sophi\napari-organoid-segmentation\reports\segmentations\organoid_measurements_all_kbO_segmentations\Condição 4 - 13_labels.tif
Condição 4 - 13.jpg,ConvPaint,9,771.7122047693302,1182.4251321644545,26293.0,871.4112549695428,0.2706625163555145,91.48399771233441,0.4351146196680919,C:\Users\sophi\napari-organoid-segmentation\reports\segmentations\organoid_measurements_all_kbO_segmentations\Condição 4 - 13_labels.tif
Condição 4 - 13.jpg,ConvPaint,10,834.951751081345,758.4808427515,35835.0,923.5472939388638,0.2570498287677765,106.80184816470236,0.5279575350691507,C:\Users\sophi\napari-organoid-segmentation\reports\segmentations\organoid_measurements_all_kbO_segmentations\Condição 4 - 13_labels.tif
Condição 4 - 13.jpg,ConvPaint,11,885.8404636009186,343.2751428724029,37446.0,916.9970414071697,0.25129270553588867,109.17615123294202,0.5596022191456818,C:\Users\sophi\napari-organoid-segmentation\reports\segmentations\organoid_measurements_all_kbO_segmentations\Condição 4 - 13_labels.tif
Condição 4 - 14.jpg,ConvPaint,1,36.717389669949625,287.37621231486355,13301.0,841.4284989122459,0.29194533824920654,65.06796290134339,0.2360802860947105,C:\Users\sophi\napari-organoid-segmentation\reports\segmentations\organoid_measurements_all_kbO_segmentations\Condição 4 - 14_labels.tif
Condição 4 - 14.jpg,ConvPaint,2,218.60936309199784,1890.398584648884,9185.0,556.3919189857867,0.2606726884841919,54.0710301788131,0.37284420492032766,C:\Users\sophi\napari-organoid-segmentation\reports\segmentations\organoid_measurements_all_kbO_segmentations\Condição 4 - 14_labels.tif
Condição 4 - 14.jpg,ConvPaint,3,250.49748878923768,1580.718923766816,33450.0,818.9787514439402,0.24300268292427063,103.18655771391833,0.6267014766761175,C:\Users\sophi\napari-organoid-segmentation\reports\segmentations\organoid_measurements_all_kbO_segmentations\Condição 4 - 14_labels.tif
Condição 4 - 14.jpg,ConvPaint,4,304.0983621529469,1191.7105759863614,32848.0,848.3757210636101,0.24690982699394226,102.2538172459354,0.5735117676087034,C:\Users\sophi\napari-organoid-segmentation\reports\segmentations\organoid_measurements_all_kbO_segmentations\Condição 4 - 14_labels.tif
Condição 4 - 14.jpg,ConvPaint,5,370.9117756200136,770.5976250850392,32338.0,1276.7503961066936,0.26692765951156616,101.45691252650764,0.24929353627679568,C:\Users\sophi\napari-organoid-segmentation\reports\segmentations\organoid_measurements_all_kbO_segmentations\Condição 4 - 14_labels.tif
Condição 4 - 14.jpg,ConvPaint,6,423.0978204391938,334.5181721224055,36567.0,1084.642748368369,0.26310157775878906,107.88715219192076,0.39059417450833667,C:\Users\sophi\napari-organoid-segmentation\reports\segmentations\organoid_measurements_all_kbO_segmentations\Condição 4 - 14_labels.tif
Condição 4 - 14.jpg,ConvPaint,7,484.3614618927351,18.419997028673304,6731.0,495.34419177103416,0.2762733995914459,46.28762084945709,0.34472700373505544,C:\Users\sophi\napari-organoid-segmentation\reports\segmentations\organoid_measurements_all_kbO_segmentations\Condição 4 - 14_labels.tif
Condição 4 - 14.jpg,ConvPaint,8,682.1558257918552,1633.9466440422323,31824.0,985.8437584951455,0.2437996119260788,100.64737362650331,0.4114797311297691,C:\Users\sophi\napari-organoid-segmentation\reports\segmentations\organoid_measurements_all_kbO_segmentations\Condição 4 - 14_labels.tif
Condição 4 - 14.jpg,ConvPaint,9,723.7210803928701,1243.642142597308,32988.0,863.6417023478423,0.24320444464683533,102.47149128138463,0.5557745303383457,C:\Users\sophi\napari-organoid-segmentation\reports\segmentations\organoid_measurements_all_kbO_segmentations\Condição 4 - 14_labels.tif
Condição 4 - 14.jpg,ConvPaint,10,794.9988797169812,833.464445754717,33920.0,1040.607214462436,0.26029714941978455,103.90895697366122,0.39363349168700623,C:\Users\sophi\napari-organoid-segmentation\reports\segmentations\organoid_measurements_all_kbO_segmentations\Condição 4 - 14_labels.tif
Condição 4 - 14.jpg,ConvPaint,11,853.0024622864979,407.0616506669991,32084.0,1120.0336213336288,0.2789627015590668,101.0576785223208,0.3213928808637648,C:\Users\sophi\napari-organoid-segmentation\reports\segmentations\organoid_measurements_all_kbO_segmentations\Condição 4 - 14_labels.tif
Condição 4 - 14.jpg,ConvPaint,12,916.5747012656437,37.849607579721415,14143.0,688.469083452062,0.2599950432777405,67.09587707376178,0.3749579105242087,C:\Users\sophi\napari-organoid-segmentation\reports\segmentations\organoid_measurements_all_kbO_segmentations\Condição 4 - 14_labels.tif
Condição 4 - 14.jpg,ConvPaint,13,1049.5100633090806,1716.8747992062742,10583.0,1014.776695296637,0.22955980896949768,58.04027502935403,0.12914502785020882,C:\Users\sophi\napari-organoid-segmentation\reports\segmentations\organoid_measurements_all_kbO_segmentations\Condição 4 - 14_labels.tif
Condição 4 - 15.jpg,ConvPaint,1,39.88781456105526,248.10552602932702,15617.0,744.3391411371508,0.25823092460632324,70.5056415652837,0.3542140309981724,C:\Users\sophi\napari-organoid-segmentation\reports\segmentations\organoid_measurements_all_kbO_segmentations\Condição 4 - 15_labels.tif
Condição 4 - 15.jpg,ConvPaint,2,21.130851825340013,653.1786685755189,6985.0,484.4446968344225,0.2888059914112091,47.15288490637427,0.3740140029109725,C:\Users\sophi\napari-organoid-segmentation\reports\segmentations\organoid_measurements_all_kbO_segmentations\Condição 4 - 15_labels.tif
Condição 4 - 15.jpg,ConvPaint,3,230.2017004858531,1565.2752214918548,27992.0,885.5889244992065,0.257572740316391,94.39348671416195,0.448517549381582,C:\Users\sophi\napari-organoid-segmentation\reports\segmentations\organoid_measurements_all_kbO_segmentations\Condição 4 - 15_labels.tif
Condição 4 - 15.jpg,ConvPaint,4,288.54715556096966,1129.283810451943,41045.0,1102.6488450227787,0.24527254700660706,114.30235902383507,0.42422442551970485,C:\Users\sophi\napari-organoid-segmentation\reports\segmentations\organoid_measurements_all_kbO_segmentations\Condição 4 - 15_labels.tif
Condição 4 - 15.jpg,ConvPaint,5,360.67025660236,706.126334519573,32034.0,1047.8204178980327,0.2664499878883362,100.97890321255996,0.36664631250198293,C:\Users\sophi\napari-organoid-segmentation\reports\segmentations\organoid_measurements_all_kbO_segmentations\Condição 4 - 15_labels.tif
Condição 4 - 15.jpg,ConvPaint,6,427.55316575316573,300.74537894537895,26455.0,904.1747109368334,0.2693479657173157,91.76539674077688,0.40664264157928,C:\Users\sophi\napari-organoid-segmentation\reports\segmentations\organoid_measurements_all_kbO_segmentations\Condição 4 - 15_labels.tif
Condição 4 - 15.jpg,ConvPaint,7,652.7942195621358,1617.4533522339475,38094.0,1061.2579720575186,0.23531749844551086,110.11674170754111,0.4250348201164604,C:\Users\sophi\napari-organoid-segmentation\reports\segmentations\organoid_measurements_all_kbO_segmentations\Condição 4 - 15_labels.tif
Condição 4 - 15.jpg,ConvPaint,8,710.7671326566903,1191.3381391404262,36553.0,1074.199097554473,0.2505316138267517,107.86649743862132,0.3980735520600372,C:\Users\sophi\napari-organoid-segmentation\reports\segmentations\organoid_measurements_all_kbO_segmentations\Condição 4 - 15_labels.tif
Condição 4 - 15.jpg,ConvPaint,9,793.6602369328463,765.2245741012598,29291.0,1090.5128060534578,0.2722335159778595,96.55886741366332,0.3095155857890042,C:\Users\sophi\napari-organoid-segmentation\reports\segmentations\organoid_measurements_all_kbO_segmentations\Condição 4 - 15_labels.tif
Condição 4 - 15.jpg,ConvPaint,10,864.5467823796056,356.4775483321065,25811.0,1122.6316010800756,0.2803948223590851,90.64158246792596,0.25735947900799805,C:\Users\sophi\napari-organoid-segmentation\reports\segmentations\organoid_measurements_all_kbO_segmentations\Condição 4 - 15_labels.tif
Condição 4 - 15.jpg,ConvPaint,11,1038.530659573017,1682.874428756565,14661.0,1049.6173157302028,0.2167016565799713,68.31355093493937,0.16722895824002004,C:\Users\sophi\napari-organoid-segmentation\reports\segmentations\organoid_measurements_all_kbO_segmentations\Condição 4 - 15_labels.tif
Condição 4 - 16.jpg,ConvPaint,1,39.47998050840575,177.21765613579143,12313.0,785.8305191657992,0.28445306420326233,62.60470931632072,0.25056243483515284,C:\Users\sophi\napari-organoid-segmentation\reports\segmentations\organoid_measurements_all_kbO_segmentations\Condição 4 - 16_labels.tif
Condição 4 - 16.jpg,ConvPaint,2,128.14744309253356,1867.3022044628026,22273.0,795.8305191657993,0.20643019676208496,84.200451869165,0.44192381032774936,C:\Users\sophi\napari-organoid-segmentation\reports\segmentations\organoid_measurements_all_kbO_segmentations\Condição 4 - 16_labels.tif
Condição 4 - 16.jpg,ConvPaint,3,211.1162486429307,1488.960053447652,35923.0,922.6183617507293,0.225942000746727,106.93290439046493,0.5303203286222725,C:\Users\sophi\napari-organoid-segmentation\reports\segmentations\organoid_measurements_all_kbO_segmentations\Condição 4 - 16_labels.tif
Condição 4 - 16.jpg,ConvPaint,4,274.44057989049276,1066.531949975112,32144.0,1781.426586339942,0.27901649475097656,101.15212791380993,0.12728403208913214,C:\Users\sophi\napari-organoid-segmentation\reports\segmentations\organoid_measurements_all_kbO_segmentations\Condição 4 - 16_labels.tif
Condição 4 - 16.jpg,ConvPaint,5,351.6618298415804,656.8562267329692,36801.0,1747.3433252192572,0.25758180022239685,108.23179810688576,0.15146524558127109,C:\Users\sophi\napari-organoid-segmentation\reports\segmentations\organoid_measurements_all_kbO_segmentations\Condição 4 - 16_labels.tif
Condição 4 - 16.jpg,ConvPaint,6,423.06544773741234,238.6789356277884,25104.0,923.7960312803932,0.27516576647758484,89.39156214519289,0.3696584226113241,C:\Users\sophi\napari-organoid-segmentation\reports\segmentations\organoid_measurements_all_kbO_segmentations\Condição 4 - 16_labels.tif
Condição 4 - 16.jpg,ConvPaint,7,628.8640052393291,1557.9319741450497,35119.0,1400.804219975856,0.24078460037708282,105.72948923024525,0.22490397030663006,C:\Users\sophi\napari-organoid-segmentation\reports\segmentations\organoid_measurements_all_kbO_segmentations\Condição 4 - 16_labels.tif
Condição 4 - 16.jpg,ConvPaint,8,711.3249920475029,1137.137560527339,28293.0,954.6660889654818,0.25202977657318115,94.89963967159196,0.3901089115829238,C:\Users\sophi\napari-organoid-segmentation\reports\segmentations\organoid_measurements_all_kbO_segmentations\Condição 4 - 16_labels.tif
Condição 4 - 16.jpg,ConvPaint,9,761.3301504003463,723.3701309240424,36968.0,1158.2051942088829,0.2426794320344925,108.47709376841902,0.3463098170789802,C:\Users\sophi\napari-organoid-segmentation\reports\segmentations\organoid_measurements_all_kbO_segmentations\Condição 4 - 16_labels.tif
Condição 4 - 16.jpg,ConvPaint,10,834.4857709295322,312.3067908050592,39848.0,982.6599923110718,0.2247040718793869,112.6233206074643,0.5185729311006125,C:\Users\sophi\napari-organoid-segmentation\reports\segmentations\organoid_measurements_all_kbO_segmentations\Condição 4 - 16_labels.tif
Condição 4 - 16.jpg,ConvPaint,11,1013.7522903076319,1624.9185470359675,28053.0,1920.2062402294093,0.22178886830806732,94.49628160469533,0.09560782144381211,C:\Users\sophi\napari-organoid-segmentation\reports\segmentations\organoid_measurements_all_kbO_segmentations\Condição 4 - 16_labels.tif
Condição 4 - 16.jpg,ConvPaint,12,1052.6130577736026,1213.295537811179,10645.0,800.6822868876584,0.24347804486751556,58.21003984216513,0.20865802288047702,C:\Users\sophi\napari-organoid-segmentation\reports\segmentations\organoid_measurements_all_kbO_segmentations\Condição 4 - 16_labels.tif
Condição 4 - 40.jpg,ConvPaint,1,269.85579421904004,1549.0323786793954,37710.0,1024.8437584951455,0.23558084666728973,109.56032953578931,0.45118128352271136,C:\Users\sophi\napari-organoid-segmentation\reports\segmentations\organoid_measurements_all_kbO_segmentations\Condição 4 - 40_labels.tif
Condição 4 - 40.jpg,ConvPaint,2,310.31588051360524,1124.6235779389262,30062.0,1030.5716805565035,0.2597668170928955,97.8214281149949,0.35568973032585155,C:\Users\sophi\napari-organoid-segmentation\reports\segmentations\organoid_measurements_all_kbO_segmentations\Condição 4 - 40_labels.tif
Condição 4 - 40.jpg,ConvPaint,3,353.17141544117646,682.754052473262,23936.0,696.6589462905454,0.25816673040390015,87.28725815200758,0.6197563754697397,C:\Users\sophi\napari-organoid-segmentation\reports\segmentations\organoid_measurements_all_kbO_segmentations\Condição 4 - 40_labels.tif
Condição 4 - 40.jpg,ConvPaint,4,378.4483170134639,247.23072215422278,32680.0,919.2752160002217,0.24546140432357788,101.99199517847605,0.4859603193789332,C:\Users\sophi\napari-organoid-segmentation\reports\segmentations\organoid_measurements_all_kbO_segmentations\Condição 4 - 40_labels.tif
Condição 4 - 40.jpg,ConvPaint,5,700.607607871576,1589.6331542341036,30337.0,954.4528855298854,0.24296998977661133,98.2678330744993,0.418478841805502,C:\Users\sophi\napari-organoid-segmentation\reports\segmentations\organoid_measurements_all_kbO_segmentations\Condição 4 - 40_labels.tif
Condição 4 - 40.jpg,ConvPaint,6,741.2133028369055,1139.5462426679455,27107.0,829.097546470558,0.2550460696220398,92.8893216940678,0.49554153285547764,C:\Users\sophi\napari-organoid-segmentation\reports\segmentations\organoid_measurements_all_kbO_segmentations\Condição 4 - 40_labels.tif
Condição 4 - 40.jpg,ConvPaint,7,775.2159076846925,724.9883368395001,32324.0,994.6305550595491,0.26123151183128357,101.43494842018134,0.410592837226376,C:\Users\sophi\napari-organoid-segmentation\reports\segmentations\organoid_measurements_all_kbO_segmentations\Condição 4 - 40_labels.tif
Condição 4 - 40.jpg,ConvPaint,8,803.1703777394154,289.91444538724875,34177.0,1147.9564568673536,0.25130730867385864,104.30185511343225,0.3259064623661652,C:\Users\sophi\napari-organoid-segmentation\reports\segmentations\organoid_measurements_all_kbO_segmentations\Condição 4 - 40_labels.tif
Condição 4 - 40.jpg,ConvPaint,9,1050.1393643031786,1620.4855523449655,8998.0,507.1076477383248,0.261844664812088,53.51777607376589,0.43969905515057994,C:\Users\sophi\napari-organoid-segmentation\reports\segmentations\organoid_measurements_all_kbO_segmentations\Condição 4 - 40_labels.tif
Condição 4 - 62.jpg,ConvPaint,1,271.5961841004184,1621.3225439330545,29875.0,2784.8338366961284,0.31749823689460754,97.5167054906017,0.0484082300368187,C:\Users\sophi\napari-organoid-segmentation\reports\segmentations\organoid_measurements_all_kbO_segmentations\Condição 4 - 62_labels.tif
Condição 4 - 62.jpg,ConvPaint,2,324.54699621722125,762.7245624158492,31194.0,2834.7749621930825,0.32606157660484314,99.64616695898125,0.04878022007552799,C:\Users\sophi\napari-organoid-segmentation\reports\segmentations\organoid_measurements_all_kbO_segmentations\Condição 4 - 62_labels.tif
Condição 4 - 62.jpg,ConvPaint,3,311.9300694025347,1186.135221786361,26512.0,2493.282538143907,0.32748812437057495,91.86420250840182,0.053593159905835595,C:\Users\sophi\napari-organoid-segmentation\reports\segmentations\organoid_measurements_all_kbO_segmentations\Condição 4 - 62_labels.tif
Condição 4 - 62.jpg,ConvPaint,4,363.96097354660105,345.910835127653,26008.0,2870.2013690642752,0.34495872259140015,90.98683157395925,0.03967272994333304,C:\Users\sophi\napari-organoid-segmentation\reports\segmentations\organoid_measurements_all_kbO_segmentations\Condição 4 - 62_labels.tif
Condição 4 - 62.jpg,ConvPaint,5,706.5256013504008,1646.3940075960052,28436.0,2073.510893481154,0.29981961846351624,95.13916083045021,0.08311238153073078,C:\Users\sophi\napari-organoid-segmentation\reports\segmentations\organoid_measurements_all_kbO_segmentations\Condição 4 - 62_labels.tif
Condição 4 - 62.jpg,ConvPaint,6,728.0618395303327,1208.00455434976,28105.0,2697.697797726807,0.33666175603866577,94.58382182590972,0.04852961644263438,C:\Users\sophi\napari-organoid-segmentation\reports\segmentations\organoid_measurements_all_kbO_segmentations\Condição 4 - 62_labels.tif
Condição 4 - 62.jpg,ConvPaint,7,768.1957168141593,794.2290619469027,28250.0,2195.8317446550755,0.3366510570049286,94.82749751360143,0.07362582896218081,C:\Users\sophi\napari-organoid-segmentation\reports\segmentations\organoid_measurements_all_kbO_segmentations\Condição 4 - 62_labels.tif
Condição 4 - 62.jpg,ConvPaint,8,788.3686521788087,365.21979506812295,26643.0,2640.3252147247767,0.34222301840782166,92.09088064295365,0.04802619085827676,C:\Users\sophi\napari-organoid-segmentation\reports\segmentations\organoid_measurements_all_kbO_segmentations\Condição 4 - 62_labels.tif
Condição 4 - 62.jpg,ConvPaint,9,1059.2443356896865,1679.6673916983868,5517.0,699.0498192558056,0.36254286766052246,41.90603348058574,0.14187196777128025,C:\Users\sophi\napari-organoid-segmentation\reports\segmentations\organoid_measurements_all_kbO_segmentations\Condição 4 - 62_labels.tif
Condição 4 - 63.jpg,ConvPaint,1,31.407153075822603,96.27458273724368,10485.0,1036.1158364337875,0.3282223641872406,57.77091964506923,0.1227330919857725,C:\Users\sophi\napari-organoid-segmentation\reports\segmentations\organoid_measurements_all_kbO_segmentations\Condição 4 - 63_labels.tif
Condição 4 - 63.jpg,ConvPaint,2,218.0370634718328,1867.029416263064,19615.0,1509.1412690719537,0.2838953733444214,79.01676035813576,0.10822768911562819,C:\Users\sophi\napari-organoid-segmentation\reports\segmentations\organoid_measurements_all_kbO_segmentations\Condição 4 - 63_labels.tif
Condição 4 - 63.jpg,ConvPaint,3,255.47388368685904,1444.8386202942863,31398.0,2478.3647532440664,0.3071177303791046,99.97146496075098,0.06423643066419563,C:\Users\sophi\napari-organoid-segmentation\reports\segmentations\organoid_measurements_all_kbO_segmentations\Condição 4 - 63_labels.tif
Condição 4 - 63.jpg,ConvPaint,4,296.49388532154495,1028.7408925171824,30991.0,2396.092675305424,0.30442386865615845,99.32140596428273,0.06783256364272663,C:\Users\sophi\napari-organoid-segmentation\reports\segmentations\organoid_measurements_all_kbO_segmentations\Condição 4 - 63_labels.tif
Condição 4 - 63.jpg,ConvPaint,5,335.98913370431643,591.0333132801925,26596.0,2713.455157039688,0.332588255405426,92.00961761111768,0.045392164338509275,C:\Users\sophi\napari-organoid-segmentation\reports\segmentations\organoid_measurements_all_kbO_segmentations\Condição 4 - 63_labels.tif
Condição 4 - 63.jpg,ConvPaint,6,371.48100298420553,143.95032389548,27478.0,2189.576910659136,0.32554998993873596,93.52282637173772,0.0720235582994456,C:\Users\sophi\napari-organoid-segmentation\reports\segmentations\organoid_measurements_all_kbO_segmentations\Condição 4 - 63_labels.tif
Condição 4 - 63.jpg,ConvPaint,7,644.2843228200371,1878.2534455340578,15092.0,869.1269837220809,0.2905063331127167,69.31040904716815,0.2510673237631821,C:\Users\sophi\napari-organoid-segmentation\reports\segmentations\organoid_measurements_all_kbO_segmentations\Condição 4 - 63_labels.tif
Condição 4 - 63.jpg,ConvPaint,8,682.3448159658517,1498.6482195679037,26707.0,2629.3536059557728,0.31993213295936584,92.20142152000965,0.048544158718562276,C:\Users\sophi\napari-organoid-segmentation\reports\segmentations\organoid_measurements_all_kbO_segmentations\Condição 4 - 63_labels.tif
Condição 4 - 63.jpg,ConvPaint,9,727.8565671104714,1066.9820079165167,27790.0,2397.063238053901,0.3290424942970276,94.05228193429197,0.06077702359683424,C:\Users\sophi\napari-organoid-segmentation\reports\segmentations\organoid_measurements_all_kbO_segmentations\Condição 4 - 63_labels.tif
Condição 4 - 63.jpg,ConvPaint,10,758.4520504397584,626.6005439581788,28311.0,2127.4652583074544,0.3317714035511017,94.92982243609907,0.07860318070907295,C:\Users\sophi\napari-organoid-segmentation\reports\segmentations\organoid_measurements_all_kbO_segmentations\Condição 4 - 63_labels.tif
Condição 4 - 63.jpg,ConvPaint,11,805.8063735527345,197.70816425300623,26861.0,2436.069334708311,0.316425085067749,92.46686894657351,0.05687910460352133,C:\Users\sophi\napari-organoid-segmentation\reports\segmentations\organoid_measurements_all_kbO_segmentations\Condição 4 - 63_labels.tif
Condição 4 - 63.jpg,ConvPaint,12,1054.4800361609161,1535.801114961579,6637.0,683.4873734152916,0.32170695066452026,45.9632757166177,0.17853389907207845,C:\Users\sophi\napari-organoid-segmentation\reports\segmentations\organoid_measurements_all_kbO_segmentations\Condição 4 - 63_labels.tif
Condição 4 - 64.jpg,ConvPaint,1,22.629868454990973,295.68119680165074,7754.0,933.5594872476836,0.37556886672973633,49.68072923648678,0.111802539190606,C:\Users\sophi\napari-organoid-segmentation\reports\segmentations\organoid_measurements_all_kbO_segmentations\Condição 4 - 64_labels.tif
Condição 4 - 64.jpg,ConvPaint,2,239.26410295230886,1615.0894171082514,33025.0,1777.8174593052022,0.28441518545150757,102.52894221252693,0.13130412092063812,C:\Users\sophi\napari-organoid-segmentation\reports\segmentations\organoid_measurements_all_kbO_segmentations\Condição 4 - 64_labels.tif
Condição 4 - 64.jpg,ConvPaint,3,277.5311259087299,1189.5417557578348,32738.0,1970.510893481154,0.29718685150146484,102.08246202891533,0.10595082144798275,C:\Users\sophi\napari-organoid-segmentation\reports\segmentations\organoid_measurements_all_kbO_segmentations\Condição 4 - 64_labels.tif
Condição 4 - 64.jpg,ConvPaint,4,308.55791118054003,754.9822743647783,31367.0,2280.162697096763,0.3082355260848999,99.92210065809746,0.07581430796256762,C:\Users\sophi\napari-organoid-segmentation\reports\segmentations\organoid_measurements_all_kbO_segmentations\Condição 4 - 64_labels.tif
Condição 4 - 64.jpg,ConvPaint,5,347.8818959052047,319.08774561271935,33335.0,2199.831744655075,0.3175436854362488,103.00902900200866,0.0865628195186213,C:\Users\sophi\napari-organoid-segmentation\reports\segmentations\organoid_measurements_all_kbO_segmentations\Condição 4 - 64_labels.tif
Condição 4 - 64.jpg,ConvPaint,6,649.0352575488455,1670.933836589698,33780.0,1606.9240610230004,0.2795051038265228,103.69430049568032,0.16439128944550535,C:\Users\sophi\napari-organoid-segmentation\reports\segmentations\organoid_measurements_all_kbO_segmentations\Condição 4 - 64_labels.tif
Condição 4 - 64.jpg,ConvPaint,7,698.6515699685742,1225.894710433887,37867.0,2089.600251256249,0.3093610107898712,109.78816174853098,0.10897938181584998,C:\Users\sophi\napari-organoid-segmentation\reports\segmentations\organoid_measurements_all_kbO_segmentations\Condição 4 - 64_labels.tif
Condição 4 - 64.jpg,ConvPaint,8,711.6646984273287,796.2890719511493,34718.0,1624.0600999923215,0.30254626274108887,105.1241296207909,0.16540946974323234,C:\Users\sophi\napari-organoid-segmentation\reports\segmentations\organoid_measurements_all_kbO_segmentations\Condição 4 - 64_labels.tif
Condição 4 - 64.jpg,ConvPaint,9,751.3168953568953,346.38153846153847,36075.0,1888.2865427572642,0.3129768371582031,107.15889670988709,0.12713947321555752,C:\Users\sophi\napari-organoid-segmentation\reports\segmentations\organoid_measurements_all_kbO_segmentations\Condição 4 - 64_labels.tif
Condição 4 - 64.jpg,ConvPaint,10,1036.7192570452605,1710.1052519214347,18736.0,1677.282358675158,0.23681744933128357,77.22599321173864,0.0836901571563602,C:\Users\sophi\napari-organoid-segmentation\reports\segmentations\organoid_measurements_all_kbO_segmentations\Condição 4 - 64_labels.tif
Condição 4 - 64.jpg,ConvPaint,11,1044.3086648413594,1270.5966339185054,12418.0,722.1025971044414,0.30496466159820557,62.87107575531305,0.29927035966895865,C:\Users\sophi\napari-organoid-segmentation\reports\segmentations\organoid_measurements_all_kbO_segmentations\Condição 4 - 64_labels.tif
Condição 4 - 64.jpg,ConvPaint,12,1061.0846306724081,840.7505796621398,6038.0,674.5817818242701,0.3600848317146301,43.84010826603566,0.16673768074558323,C:\Users\sophi\napari-organoid-segmentation\reports\segmentations\organoid_measurements_all_kbO_segmentations\Condição 4 - 64_labels.tif
Condição 4 - 87.jpg,ConvPaint,1,23.072339318240957,678.9586260733802,7686.0,530.6579002700189,0.28624698519706726,49.462407798333224,0.34298961888277013,C:\Users\sophi\napari-organoid-segmentation\reports\segmentations\organoid_measurements_all_kbO_segmentations\Condição 4 - 87_labels.tif
Condição 4 - 87.jpg,ConvPaint,2,348.1582205691634,241.1256759732792,40867.0,1563.6864709697645,0.2522182762622833,114.0542420020973,0.21003093441067713,C:\Users\sophi\napari-organoid-segmentation\reports\segmentations\organoid_measurements_all_kbO_segmentations\Condição 4 - 87_labels.tif
Condição 4 - 87.jpg,ConvPaint,3,350.7542953595002,679.0207588048571,39694.0,1328.6082604829626,0.24131213128566742,112.4054830610117,0.28257961740788345,C:\Users\sophi\napari-organoid-segmentation\reports\segmentations\organoid_measurements_all_kbO_segmentations\Condição 4 - 87_labels.tif
Condição 4 - 87.jpg,ConvPaint,4,358.9533121802759,1525.431522372596,30886.0,1449.1889962867062,0.25713208317756653,99.15300875249605,0.18480830148683383,C:\Users\sophi\napari-organoid-segmentation\reports\segmentations\organoid_measurements_all_kbO_segmentations\Condição 4 - 87_labels.tif
Condição 4 - 87.jpg,ConvPaint,5,366.96751417223936,1093.3935639363183,29459.0,1517.7270555095806,0.2624766230583191,96.83538060589368,0.16070911603019772,C:\Users\sophi\napari-organoid-segmentation\reports\segmentations\organoid_measurements_all_kbO_segmentations\Condição 4 - 87_labels.tif
Condição 4 - 87.jpg,ConvPaint,6,361.57845631891433,1892.8320610687024,8253.0,517.1431816442574,0.2627798020839691,51.25438020964476,0.38779312290464546,C:\Users\sophi\napari-organoid-segmentation\reports\segmentations\organoid_measurements_all_kbO_segmentations\Condição 4 - 87_labels.tif
Condição 4 - 87.jpg,ConvPaint,7,774.3311974505018,254.94517900732302,29496.0,1916.220525579282,0.2852393388748169,96.89617331389867,0.10094434933813996,C:\Users\sophi\napari-organoid-segmentation\reports\segmentations\organoid_measurements_all_kbO_segmentations\Condição 4 - 87_labels.tif
Condição 4 - 87.jpg,ConvPaint,8,795.2505644149794,1521.7900017917937,27905.0,1180.613311116846,0.25715288519859314,94.24668362313169,0.2515802474361362,C:\Users\sophi\napari-organoid-segmentation\reports\segmentations\organoid_measurements_all_kbO_segmentations\Condição 4 - 87_labels.tif
Condição 4 - 87.jpg,ConvPaint,9,797.2400921100473,660.6453157193067,33004.0,1555.549385979917,0.2614232003688812,102.49633887905377,0.17139921752940193,C:\Users\sophi\napari-organoid-segmentation\reports\segmentations\organoid_measurements_all_kbO_segmentations\Condição 4 - 87_labels.tif
Condição 4 - 87.jpg,ConvPaint,10,808.5245255885203,1091.8647262950574,31987.0,1429.7981233214462,0.26252591609954834,100.90479834656483,0.19662282381404309,C:\Users\sophi\napari-organoid-segmentation\reports\segmentations\organoid_measurements_all_kbO_segmentations\Condição 4 - 87_labels.tif
Condição 4 - 87.jpg,ConvPaint,11,818.9604187111547,1888.827172609312,9171.0,708.3452377915607,0.2569425404071808,54.029806275717334,0.22968709791329922,C:\Users\sophi\napari-organoid-segmentation\reports\segmentations\organoid_measurements_all_kbO_segmentations\Condição 4 - 87_labels.tif
Condição 4 - 88.jpg,ConvPaint,1,22.077753218047068,1643.402808477441,7691.0,596.9482681718907,0.30117252469062805,49.478493657745226,0.27121848280755523,C:\Users\sophi\napari-organoid-segmentation\reports\segmentations\organoid_measurements_all_kbO_segmentations\Condição 4 - 88_labels.tif
Condição 4 - 88.jpg,ConvPaint,2,344.749679028649,353.7100619933238,27261.0,2481.3525599352465,0.29193195700645447,93.15280890695846,0.055638408281393624,C:\Users\sophi\napari-organoid-segmentation\reports\segmentations\organoid_measurements_all_kbO_segmentations\Condição 4 - 88_labels.tif
Condição 4 - 88.jpg,ConvPaint,3,348.7040431852764,777.1194478660966,27602.0,1279.430590953299,0.2757517099380493,93.73360911884802,0.21189316830246516,C:\Users\sophi\napari-organoid-segmentation\reports\segmentations\organoid_measurements_all_kbO_segmentations\Condição 4 - 88_labels.tif
Condição 4 - 88.jpg,ConvPaint,4,353.40134976929966,1198.9386750223814,29042.0,996.2163414971759,0.2678220272064209,96.14757258792157,0.3677300004188358,C:\Users\sophi\napari-organoid-segmentation\reports\segmentations\organoid_measurements_all_kbO_segmentations\Condição 4 - 88_labels.tif
Condição 4 - 88.jpg,ConvPaint,5,368.5687273871323,1626.380084945729,31785.0,1025.1158364337878,0.24707746505737305,100.58568353573875,0.38008978177314445,C:\Users\sophi\napari-organoid-segmentation\reports\segmentations\organoid_measurements_all_kbO_segmentations\Condição 4 - 88_labels.tif
Condição 4 - 88.jpg,ConvPaint,6,356.2066449010947,18.29844440176685,5207.0,433.5868324581535,0.3027726709842682,40.71166389818768,0.3480529125172564,C:\Users\sophi\napari-organoid-segmentation\reports\segmentations\organoid_measurements_all_kbO_segmentations\Condição 4 - 88_labels.tif
Condição 4 - 88.jpg,ConvPaint,7,770.9087923762918,775.8342294195293,31061.0,1312.5615792887365,0.27079418301582336,99.43351233238582,0.22656140140109768,C:\Users\sophi\napari-organoid-segmentation\reports\segmentations\organoid_measurements_all_kbO_segmentations\Condição 4 - 88_labels.tif
Condição 4 - 88.jpg,ConvPaint,8,776.8900950267046,347.2432198099466,28834.0,1513.9291116568838,0.26106953620910645,95.8026474489271,0.15808973728545603,C:\Users\sophi\napari-organoid-segmentation\reports\segmentations\organoid_measurements_all_kbO_segmentations\Condição 4 - 88_labels.tif
Condição 4 - 88.jpg,ConvPaint,9,783.9622675508144,1199.5756090529046,27748.0,897.6538956566621,0.2719947099685669,93.98118280713338,0.4327366810717912,C:\Users\sophi\napari-organoid-segmentation\reports\segmentations\organoid_measurements_all_kbO_segmentations\Condição 4 - 88_labels.tif
Condição 4 - 88.jpg,ConvPaint,10,783.9517146500235,1608.598349104087,29802.0,1260.589970519733,0.2454826831817627,97.39749087142508,0.2356717786140472,C:\Users\sophi\napari-organoid-segmentation\reports\segmentations\organoid_measurements_all_kbO_segmentations\Condição 4 - 88_labels.tif
Condição 5 - 17.jpg,ConvPaint,1,23.326833073322934,602.735569422777,7692.0,483.8944443027283,0.25198423862457275,49.48171020211122,0.41280777441693345,C:\Users\sophi\napari-organoid-segmentation\reports\segmentations\organoid_measurements_all_kbO_segmentations\Condição 5 - 17_labels.tif
Condição 5 - 17.jpg,ConvPaint,2,20.249206807037783,1028.5700894144793,6934.0,463.82337649086287,0.2615387737751007,46.98042944459325,0.4050311593878822,C:\Users\sophi\napari-organoid-segmentation\reports\segmentations\organoid_measurements_all_kbO_segmentations\Condição 5 - 17_labels.tif
Condição 5 - 17.jpg,ConvPaint,3,285.3803811403842,1881.1150254346671,13171.0,667.8122292025696,0.21933510899543762,64.74920471269672,0.37112471602942415,C:\Users\sophi\napari-organoid-segmentation\reports\segmentations\organoid_measurements_all_kbO_segmentations\Condição 5 - 17_labels.tif
Condição 5 - 17.jpg,ConvPaint,4,325.72441454907823,1490.6269556552068,40140.0,1053.4295449327724,0.21075552701950073,113.03521058244355,0.4545443281598524,C:\Users\sophi\napari-organoid-segmentation\reports\segmentations\organoid_measurements_all_kbO_segmentations\Condição 5 - 17_labels.tif
Condição 5 - 17.jpg,ConvPaint,5,366.53951533260744,1066.7441442353954,39491.0,948.7899346259833,0.1999325007200241,112.11768689767051,0.5512744411500082,C:\Users\sophi\napari-organoid-segmentation\reports\segmentations\organoid_measurements_all_kbO_segmentations\Condição 5 - 17_labels.tif
Condição 5 - 17.jpg,ConvPaint,6,362.5486901158543,630.1873499634694,28743.0,961.9442635585339,0.25697416067123413,95.65135157738597,0.3903391757084078,C:\Users\sophi\napari-organoid-segmentation\reports\segmentations\organoid_measurements_all_kbO_segmentations\Condição 5 - 17_labels.tif
Condição 5 - 17.jpg,ConvPaint,7,379.3103916523728,219.94713645892892,41976.0,972.9797974644666,0.19943927228450775,115.59141742556321,0.5571899436070054,C:\Users\sophi\napari-organoid-segmentation\reports\segmentations\organoid_measurements_all_kbO_segmentations\Condição 5 - 17_labels.tif
Condição 5 - 17.jpg,ConvPaint,8,729.2530419924403,1874.3129498265416,19313.0,756.0609665440988,0.19583721458911896,78.40611476069675,0.42456674108756026,C:\Users\sophi\napari-organoid-segmentation\reports\segmentations\organoid_measurements_all_kbO_segmentations\Condição 5 - 17_labels.tif
Condição 5 - 17.jpg,ConvPaint,9,758.7067314397285,1513.1929942819952,43022.0,1106.5067093990478,0.1817215532064438,117.022766688363,0.4415626760185598,C:\Users\sophi\napari-organoid-segmentation\reports\segmentations\organoid_measurements_all_kbO_segmentations\Condição 5 - 17_labels.tif
Condição 5 - 17.jpg,ConvPaint,10,780.4111150989758,1108.1438392092984,36221.0,1020.4356415871823,0.21494096517562866,107.37552042930028,0.437118373801253,C:\Users\sophi\napari-organoid-segmentation\reports\segmentations\organoid_measurements_all_kbO_segmentations\Condição 5 - 17_labels.tif
Condição 5 - 17.jpg,ConvPaint,11,800.3038654350205,665.0144794768048,39297.0,1016.3168465605643,0.21623495221138,111.84195812558194,0.47809148828976233,C:\Users\sophi\napari-organoid-segmentation\reports\segmentations\organoid_measurements_all_kbO_segmentations\Condição 5 - 17_labels.tif
Condição 5 - 17.jpg,ConvPaint,12,838.6594723468331,251.22059792326755,31877.0,862.7838379715733,0.244913712143898,100.73114832007374,0.5381251677965827,C:\Users\sophi\napari-organoid-segmentation\reports\segmentations\organoid_measurements_all_kbO_segmentations\Condição 5 - 17_labels.tif
Condição 5 - 18.jpg,ConvPaint,1,153.40599373148427,1866.9172212442575,23291.0,780.303607231218,0.20052751898765564,86.10316811306463,0.4806962899294657,C:\Users\sophi\napari-organoid-segmentation\reports\segmentations\organoid_measurements_all_kbO_segmentations\Condição 5 - 18_labels.tif
Condição 5 - 18.jpg,ConvPaint,2,187.5486479262262,1516.559918920123,44894.0,984.9087296526011,0.2069302350282669,119.5416414072314,0.5815756204137343,C:\Users\sophi\napari-organoid-segmentation\reports\segmentations\organoid_measurements_all_kbO_segmentations\Condição 5 - 18_labels.tif
Condição 5 - 18.jpg,ConvPaint,3,206.0833410759082,1096.9279321131035,32289.0,1456.3067452927976,0.2577989399433136,101.38001733570782,0.19131927958833542,C:\Users\sophi\napari-organoid-segmentation\reports\segmentations\organoid_measurements_all_kbO_segmentations\Condição 5 - 18_labels.tif
Condição 5 - 18.jpg,ConvPaint,4,248.68100698336065,641.4045176308302,34797.0,1073.891485709898,0.23296478390693665,105.24366541287587,0.3791672938256066,C:\Users\sophi\napari-organoid-segmentation\reports\segmentations\organoid_measurements_all_kbO_segmentations\Condição 5 - 18_labels.tif
Condição 5 - 18.jpg,ConvPaint,5,261.5324492872807,231.4265350877193,29184.0,1270.6021638285529,0.2820468842983246,96.38234132032562,0.22716190364498562,C:\Users\sophi\napari-organoid-segmentation\reports\segmentations\organoid_measurements_all_kbO_segmentations\Condição 5 - 18_labels.tif
Condição 5 - 18.jpg,ConvPaint,6,616.0308655232718,1525.4042279016967,32593.0,976.4823227814084,0.25141090154647827,101.85614424465659,0.4295417966159176,C:\Users\sophi\napari-organoid-segmentation\reports\segmentations\organoid_measurements_all_kbO_segmentations\Condição 5 - 18_labels.tif
Condição 5 - 18.jpg,ConvPaint,7,635.6608431649312,1115.1548909425019,37549.0,1042.0803025278549,0.2322891354560852,109.3261995878168,0.4345160927467672,C:\Users\sophi\napari-organoid-segmentation\reports\segmentations\organoid_measurements_all_kbO_segmentations\Condição 5 - 18_labels.tif
Condição 5 - 18.jpg,ConvPaint,8,651.8436766791285,686.011757122599,38785.0,1403.8509011700821,0.2550683915615082,111.11097576584557,0.24730431244299633,C:\Users\sophi\napari-organoid-segmentation\reports\segmentations\organoid_measurements_all_kbO_segmentations\Condição 5 - 18_labels.tif
Condição 5 - 18.jpg,ConvPaint,9,664.6219787398302,252.35910683532276,33678.0,1094.4244942988892,0.25860604643821716,103.53762768625569,0.35333328226780675,C:\Users\sophi\napari-organoid-segmentation\reports\segmentations\organoid_measurements_all_kbO_segmentations\Condição 5 - 18_labels.tif
Condição 5 - 18.jpg,ConvPaint,10,1029.6558356403905,1598.1382291514888,20589.0,707.7056274847714,0.23306944966316223,80.95481608056475,0.5165826545048251,C:\Users\sophi\napari-organoid-segmentation\reports\segmentations\organoid_measurements_all_kbO_segmentations\Condição 5 - 18_labels.tif
Condição 5 - 18.jpg,ConvPaint,11,1041.0219470328593,1157.8319641981363,16312.0,681.7350647362942,0.23046235740184784,72.05741366042771,0.4410479544226946,C:\Users\sophi\napari-organoid-segmentation\reports\segmentations\organoid_measurements_all_kbO_segmentations\Condição 5 - 18_labels.tif
Condição 5 - 18.jpg,ConvPaint,12,1045.2011358913976,718.2231611026458,14438.0,647.770598642227,0.2460106909275055,67.79202118775903,0.4323888011660939,C:\Users\sophi\napari-organoid-segmentation\reports\segmentations\organoid_measurements_all_kbO_segmentations\Condição 5 - 18_labels.tif
Condição 5 - 18.jpg,ConvPaint,13,1052.8640731842543,299.7642764738496,10822.0,575.7584053334073,0.2562130093574524,58.6919891320867,0.4102388820217405,C:\Users\sophi\napari-organoid-segmentation\reports\segmentations\organoid_measurements_all_kbO_segmentations\Condição 5 - 18_labels.tif
Condição 5 - 19.jpg,ConvPaint,1,21.81988324175824,253.6311813186813,5824.0,496.0782104868018,0.3156358003616333,43.056204862184465,0.29739312667383694,C:\Users\sophi\napari-organoid-segmentation\reports\segmentations\organoid_measurements_all_kbO_segmentations\Condição 5 - 19_labels.tif
Condição 5 - 19.jpg,ConvPaint,2,237.1688024046828,1900.5098876760007,6321.0,572.9360748630709,0.22502519190311432,44.855733084721074,0.24198214243147662,C:\Users\sophi\napari-organoid-segmentation\reports\segmentations\organoid_measurements_all_kbO_segmentations\Condição 5 - 19_labels.tif
Condição 5 - 19.jpg,ConvPaint,3,302.98416198877305,1132.3563218390805,29928.0,1249.2112908632926,0.2604280412197113,97.6031673344082,0.24099928683435767,C:\Users\sophi\napari-organoid-segmentation\reports\segmentations\organoid_measurements_all_kbO_segmentations\Condição 5 - 19_labels.tif
Condição 5 - 19.jpg,ConvPaint,4,286.5264563917307,1571.94842293798,32941.0,892.5828278447966,0.22646445035934448,102.39846659389119,0.5195766057141697,C:\Users\sophi\napari-organoid-segmentation\reports\segmentations\organoid_measurements_all_kbO_segmentations\Condição 5 - 19_labels.tif
Condição 5 - 19.jpg,ConvPaint,5,339.1942276724885,703.6324786324786,24219.0,910.1747109368334,0.2689913809299469,87.80174903431723,0.3673808732814279,C:\Users\sophi\napari-organoid-segmentation\reports\segmentations\organoid_measurements_all_kbO_segmentations\Condição 5 - 19_labels.tif
Condição 5 - 19.jpg,ConvPaint,6,398.80827731250236,275.9441544297142,26627.0,1340.4844148224613,0.27715596556663513,92.06322468508147,0.1862123857350013,C:\Users\sophi\napari-organoid-segmentation\reports\segmentations\organoid_measurements_all_kbO_segmentations\Condição 5 - 19_labels.tif
Condição 5 - 19.jpg,ConvPaint,7,720.2707475553268,1610.9221886258363,31088.0,1034.0153313703993,0.25527966022491455,99.476719596505,0.36538329766259753,C:\Users\sophi\napari-organoid-segmentation\reports\segmentations\organoid_measurements_all_kbO_segmentations\Condição 5 - 19_labels.tif
Condição 5 - 19.jpg,ConvPaint,8,759.7296954774233,1208.326972516928,27617.0,835.3757210636101,0.24032683670520782,93.75907490338068,0.49730481705295837,C:\Users\sophi\napari-organoid-segmentation\reports\segmentations\organoid_measurements_all_kbO_segmentations\Condição 5 - 19_labels.tif
Condição 5 - 19.jpg,ConvPaint,9,776.480706921944,739.5771886761578,30555.0,920.7077195258246,0.25944024324417114,98.62027465154274,0.45294824700936925,C:\Users\sophi\napari-organoid-segmentation\reports\segmentations\organoid_measurements_all_kbO_segmentations\Condição 5 - 19_labels.tif
Condição 5 - 19.jpg,ConvPaint,10,825.5357872437013,354.4602027691609,26434.0,1178.8681451127852,0.273029088973999,91.72896778762052,0.23902442637505436,C:\Users\sophi\napari-organoid-segmentation\reports\segmentations\organoid_measurements_all_kbO_segmentations\Condição 5 - 19_labels.tif
Condição 5 - 19.jpg,ConvPaint,11,1053.2644156983117,1639.8970620477965,9122.0,541.3147545195113,0.25987809896469116,53.88527425715247,0.3912012217473111,C:\Users\sophi\napari-organoid-segmentation\reports\segmentations\organoid_measurements_all_kbO_segmentations\Condição 5 - 19_labels.tif
Condição 5 - 20.jpg,ConvPaint,1,25.80324759985777,202.0036742918099,8437.0,794.144227664784,0.31117698550224304,51.822586868397856,0.16811216690201639,C:\Users\sophi\napari-organoid-segmentation\reports\segmentations\organoid_measurements_all_kbO_segmentations\Condição 5 - 20_labels.tif
Condição 5 - 20.jpg,ConvPaint,2,31.327384886538884,597.1495924212381,13617.0,802.2680733252853,0.27485916018486023,65.83635561120222,0.2658595604201507,C:\Users\sophi\napari-organoid-segmentation\reports\segmentations\organoid_measurements_all_kbO_segmentations\Condição 5 - 20_labels.tif
Condição 5 - 20.jpg,ConvPaint,3,19.066066066066067,1024.1063695274222,6327.0,438.6101730552664,0.2746592164039612,44.87701694503372,0.41328562294420096,C:\Users\sophi\napari-organoid-segmentation\reports\segmentations\organoid_measurements_all_kbO_segmentations\Condição 5 - 20_labels.tif
Condição 5 - 20.jpg,ConvPaint,4,278.5046944662995,1862.9151848937845,19065.0,1410.6843789287113,0.21989190578460693,77.90107817029215,0.12038904215822227,C:\Users\sophi\napari-organoid-segmentation\reports\segmentations\organoid_measurements_all_kbO_segmentations\Condição 5 - 20_labels.tif
Condição 5 - 20.jpg,ConvPaint,5,315.46854586993595,1472.8225375679763,31077.0,1465.2245301926391,0.23489801585674286,99.45911890286212,0.18190330513085237,C:\Users\sophi\napari-organoid-segmentation\reports\segmentations\organoid_measurements_all_kbO_segmentations\Condição 5 - 20_labels.tif
Condição 5 - 20.jpg,ConvPaint,6,342.90133633071065,1047.8105657549645,40035.0,1028.9737008100567,0.22905685007572174,112.8872725038924,0.4751613931889266,C:\Users\sophi\napari-organoid-segmentation\reports\segmentations\organoid_measurements_all_kbO_segmentations\Condição 5 - 20_labels.tif
Condição 5 - 20.jpg,ConvPaint,7,397.2717192568564,649.7090533765851,33910.0,1130.885389055488,0.25064054131507874,103.89363907618379,0.3331965283038057,C:\Users\sophi\napari-organoid-segmentation\reports\segmentations\organoid_measurements_all_kbO_segmentations\Condição 5 - 20_labels.tif
Condição 5 - 20.jpg,ConvPaint,8,411.174877969411,254.10123657663522,30730.0,1766.7047609329943,0.2779697775840759,98.9022891667725,0.12372129738362989,C:\Users\sophi\napari-organoid-segmentation\reports\segmentations\organoid_measurements_all_kbO_segmentations\Condição 5 - 20_labels.tif
Condição 5 - 20.jpg,ConvPaint,9,702.5821732167057,1882.9069237402982,16234.0,679.8416664540924,0.212806835770607,71.88492673925221,0.4413873162150506,C:\Users\sophi\napari-organoid-segmentation\reports\segmentations\organoid_measurements_all_kbO_segmentations\Condição 5 - 20_labels.tif
Condição 5 - 20.jpg,ConvPaint,10,740.1412805974278,1507.4863227769326,36155.0,1234.8803384216048,0.22959958016872406,107.277648813604,0.29793976993265653,C:\Users\sophi\napari-organoid-segmentation\reports\segmentations\organoid_measurements_all_kbO_segmentations\Condição 5 - 20_labels.tif
Condição 5 - 20.jpg,ConvPaint,11,789.6393927919866,1082.5506178789026,29051.0,795.3635277547903,0.25159338116645813,96.1624693085889,0.5770847611942159,C:\Users\sophi\napari-organoid-segmentation\reports\segmentations\organoid_measurements_all_kbO_segmentations\Condição 5 - 20_labels.tif
Condição 5 - 20.jpg,ConvPaint,12,818.6591904678465,655.8618188189943,28535.0,966.2518754031087,0.25950244069099426,95.30463053941538,0.38406704254329826,C:\Users\sophi\napari-organoid-segmentation\reports\segmentations\organoid_measurements_all_kbO_segmentations\Condição 5 - 20_labels.tif
Condição 5 - 20.jpg,ConvPaint,13,844.4408526413346,286.65616311399447,26975.0,1675.3494218736669,0.28405967354774475,92.66287919014687,0.12077040344935551,C:\Users\sophi\napari-organoid-segmentation\reports\segmentations\organoid_measurements_all_kbO_segmentations\Condição 5 - 20_labels.tif
Condição 5 - 41.jpg,ConvPaint,1,30.718465184104996,1315.8199963543566,10972.0,537.6639969244288,0.2611531615257263,59.09734402837873,0.47695098555782856,C:\Users\sophi\napari-organoid-segmentation\reports\segmentations\organoid_measurements_all_kbO_segmentations\Condição 5 - 41_labels.tif
Condição 5 - 41.jpg,ConvPaint,2,52.85152970922882,1748.7697597977244,19775.0,905.2924599429248,0.2165568768978119,79.33837658588976,0.3032135113518892,C:\Users\sophi\napari-organoid-segmentation\reports\segmentations\organoid_measurements_all_kbO_segmentations\Condição 5 - 41_labels.tif
Condição 5 - 41.jpg,ConvPaint,3,205.7387797703767,31.227061391023817,10539.0,542.0426765808692,0.2791554927825928,57.919494908803976,0.4507568198828533,C:\Users\sophi\napari-organoid-segmentation\reports\segmentations\organoid_measurements_all_kbO_segmentations\Condição 5 - 41_labels.tif
Condição 5 - 41.jpg,ConvPaint,4,254.6018616535864,416.4872056944698,27395.0,953.494516090228,0.27170640230178833,93.38147210236592,0.3786559361467825,C:\Users\sophi\napari-organoid-segmentation\reports\segmentations\organoid_measurements_all_kbO_segmentations\Condição 5 - 41_labels.tif
Condição 5 - 41.jpg,ConvPaint,5,324.8780565562534,841.3916536487391,31367.0,982.2935059634514,0.2579667568206787,99.92210065809746,0.40850775188361577,C:\Users\sophi\napari-organoid-segmentation\reports\segmentations\organoid_measurements_all_kbO_segmentations\Condição 5 - 41_labels.tif
Condição 5 - 41.jpg,ConvPaint,6,405.9181720728947,1264.3663397784571,25187.0,796.0203820042827,0.25450462102890015,89.53921544949529,0.4995028037708125,C:\Users\sophi\napari-organoid-segmentation\reports\segmentations\organoid_measurements_all_kbO_segmentations\Condição 5 - 41_labels.tif
Condição 5 - 41.jpg,ConvPaint,7,450.9772387946007,1684.5276211950395,32819.0,1275.6610383315985,0.231564462184906,102.20866966488619,0.25343385236284527,C:\Users\sophi\napari-organoid-segmentation\reports\segmentations\organoid_measurements_all_kbO_segmentations\Condição 5 - 41_labels.tif
Condição 5 - 41.jpg,ConvPaint,8,682.4877202624257,352.1111530931199,29113.0,1009.636651713959,0.2678298354148865,96.2650285226608,0.3588943394500328,C:\Users\sophi\napari-organoid-segmentation\reports\segmentations\organoid_measurements_all_kbO_segmentations\Condição 5 - 41_labels.tif
Condição 5 - 41.jpg,ConvPaint,9,765.6012518154782,771.424406943772,28918.0,901.7432534317572,0.25366994738578796,95.94209341401124,0.4469020161346303,C:\Users\sophi\napari-organoid-segmentation\reports\segmentations\organoid_measurements_all_kbO_segmentations\Condição 5 - 41_labels.tif
Condição 5 - 41.jpg,ConvPaint,10,818.7187393235395,1191.895883156816,23416.0,858.9737008100567,0.2685675323009491,86.33391161577033,0.398807060940649,C:\Users\sophi\napari-organoid-segmentation\reports\segmentations\organoid_measurements_all_kbO_segmentations\Condição 5 - 41_labels.tif
Condição 5 - 41.jpg,ConvPaint,11,888.9973983043066,1617.162162162162,32671.0,1069.2407281148155,0.23760870099067688,101.97795002602585,0.3591048789852987,C:\Users\sophi\napari-organoid-segmentation\reports\segmentations\organoid_measurements_all_kbO_segmentations\Condição 5 - 41_labels.tif
Condição 5 - 41.jpg,ConvPaint,12,1046.2555777811972,280.2714263732882,12998.0,619.2558800164657,0.25763753056526184,64.32256136548754,0.4259377364372651,C:\Users\sophi\napari-organoid-segmentation\reports\segmentations\organoid_measurements_all_kbO_segmentations\Condição 5 - 41_labels.tif
Condição 5 - 42.jpg,ConvPaint,1,23.356269113149846,1297.598623853211,7848.0,476.92997820866105,0.27934330701828003,49.98095624105635,0.4335703901471665,C:\Users\sophi\napari-organoid-segmentation\reports\segmentations\organoid_measurements_all_kbO_segmentations\Condição 5 - 42_labels.tif
Condição 5 - 42.jpg,ConvPaint,2,56.306060470724844,1704.1106694654102,22391.0,797.717820793591,0.21930889785289764,84.42319978265013,0.44216541032161943,C:\Users\sophi\napari-organoid-segmentation\reports\segmentations\organoid_measurements_all_kbO_segmentations\Condição 5 - 42_labels.tif
Condição 5 - 42.jpg,ConvPaint,3,126.40229125358009,27.25776602775942,9078.0,528.5218613006979,0.28291282057762146,53.755159257288526,0.40838908939382607,C:\Users\sophi\napari-organoid-segmentation\reports\segmentations\organoid_measurements_all_kbO_segmentations\Condição 5 - 42_labels.tif
Condição 5 - 42.jpg,ConvPaint,4,226.98496732026143,374.80171998624013,29070.0,912.9737008100567,0.2546660304069519,96.19391036527621,0.43826658625130255,C:\Users\sophi\napari-organoid-segmentation\reports\segmentations\organoid_measurements_all_kbO_segmentations\Condição 5 - 42_labels.tif
Condição 5 - 42.jpg,ConvPaint,5,296.58410278745646,800.9960801393728,22960.0,929.4589821842953,0.27424338459968567,85.48915128119961,0.3339806381935909,C:\Users\sophi\napari-organoid-segmentation\reports\segmentations\organoid_measurements_all_kbO_segmentations\Condição 5 - 42_labels.tif
Condição 5 - 42.jpg,ConvPaint,6,382.3646525293817,1205.3453628002044,31312.0,1514.0884912233178,0.2549727261066437,99.83445876142592,0.1716398615944666,C:\Users\sophi\napari-organoid-segmentation\reports\segmentations\organoid_measurements_all_kbO_segmentations\Condição 5 - 42_labels.tif
Condição 5 - 42.jpg,ConvPaint,7,452.29915201005025,1624.9397927135678,31840.0,1040.9564568673536,0.25142884254455566,100.67267144608756,0.3692476978710509,C:\Users\sophi\napari-organoid-segmentation\reports\segmentations\organoid_measurements_all_kbO_segmentations\Condição 5 - 42_labels.tif
Condição 5 - 42.jpg,ConvPaint,8,638.7801742685026,292.3417061101549,18592.0,750.5056633785213,0.2963157594203949,76.92865138509212,0.4147897607371106,C:\Users\sophi\napari-organoid-segmentation\reports\segmentations\organoid_measurements_all_kbO_segmentations\Condição 5 - 42_labels.tif
Condição 5 - 42.jpg,ConvPaint,9,708.0704515739716,704.6978779040531,19886.0,1291.8509011700821,0.30499374866485596,79.56073401277078,0.14973816756266872,C:\Users\sophi\napari-organoid-segmentation\reports\segmentations\organoid_measurements_all_kbO_segmentations\Condição 5 - 42_labels.tif
Condição 5 - 42.jpg,ConvPaint,10,784.5873856372979,1135.3339077578644,31916.0,1139.9686501761732,0.26908576488494873,100.79274937931727,0.30862599574447724,C:\Users\sophi\napari-organoid-segmentation\reports\segmentations\organoid_measurements_all_kbO_segmentations\Condição 5 - 42_labels.tif
Condição 5 - 42.jpg,ConvPaint,11,883.3187212863706,1548.3362557427258,26120.0,1357.3656197958435,0.2664998769760132,91.18253246713766,0.17815144397541519,C:\Users\sophi\napari-organoid-segmentation\reports\segmentations\organoid_measurements_all_kbO_segmentations\Condição 5 - 42_labels.tif
Condição 5 - 42.jpg,ConvPaint,12,948.4470367847412,1899.421491825613,5872.0,477.75840533340715,0.29127463698387146,43.23327019404407,0.3232802981877819,C:\Users\sophi\napari-organoid-segmentation\reports\segmentations\organoid_measurements_all_kbO_segmentations\Condição 5 - 42_labels.tif
Condição 5 - 42.jpg,ConvPaint,13,1039.7811437860205,241.92204817496676,13534.0,595.2203461105328,0.26949238777160645,65.63540202978437,0.4800433966810613,C:\Users\sophi\napari-organoid-segmentation\reports\segmentations\organoid_measurements_all_kbO_segmentations\Condição 5 - 42_labels.tif
Condição 5 - 43.jpg,ConvPaint,1,104.56579849211789,44.354066712360066,17508.0,1038.4173516239528,0.26441606879234314,74.65232405830248,0.2040339930823044,C:\Users\sophi\napari-organoid-segmentation\reports\segmentations\organoid_measurements_all_kbO_segmentations\Condição 5 - 43_labels.tif
Condição 5 - 43.jpg,ConvPaint,2,62.01174175931344,1750.6034328067096,25635.0,776.0731598529185,0.23566403985023499,90.33202052606525,0.5348572144351964,C:\Users\sophi\napari-organoid-segmentation\reports\segmentations\organoid_measurements_all_kbO_segmentations\Condição 5 - 43_labels.tif
Condição 5 - 43.jpg,ConvPaint,3,185.35512518724587,393.9590555674442,28038.0,1162.3706704297267,0.26167792081832886,94.47101454319797,0.26077599388298583,C:\Users\sophi\napari-organoid-segmentation\reports\segmentations\organoid_measurements_all_kbO_segmentations\Condição 5 - 43_labels.tif
Condição 5 - 43.jpg,ConvPaint,4,291.6775126794771,812.9776769769269,27998.0,1612.7514421272201,0.2853076457977295,94.40360265039557,0.13527015740750617,C:\Users\sophi\napari-organoid-segmentation\reports\segmentations\organoid_measurements_all_kbO_segmentations\Condição 5 - 43_labels.tif
Condição 5 - 43.jpg,ConvPaint,5,376.99316866334635,1243.2489904428592,29716.0,1128.3767670841366,0.2682146728038788,97.25685877015319,0.29328641199527106,C:\Users\sophi\napari-organoid-segmentation\reports\segmentations\organoid_measurements_all_kbO_segmentations\Condição 5 - 43_labels.tif
Condição 5 - 43.jpg,ConvPaint,6,449.64400408580184,1632.237875383044,24475.0,808.8254685319159,0.2676725685596466,88.26457083308271,0.4701353727517335,C:\Users\sophi\napari-organoid-segmentation\reports\segmentations\organoid_measurements_all_kbO_segmentations\Condição 5 - 43_labels.tif
Condição 5 - 43.jpg,ConvPaint,7,618.3685656713684,303.4981132075472,27295.0,1548.3016946589141,0.2900821268558502,93.21088103535212,0.14308093990626936,C:\Users\sophi\napari-organoid-segmentation\reports\segmentations\organoid_measurements_all_kbO_segmentations\Condição 5 - 43_labels.tif
Condição 5 - 43.jpg,ConvPaint,8,723.9352707037137,723.207945279592,25877.0,1266.5138520739843,0.280818372964859,90.75739597838817,0.20272340943593528,C:\Users\sophi\napari-organoid-segmentation\reports\segmentations\organoid_measurements_all_kbO_segmentations\Condição 5 - 43_labels.tif
Condição 5 - 43.jpg,ConvPaint,9,806.2470307917888,1153.1210410557185,27280.0,1421.940258945177,0.274270623922348,93.18526543984198,0.1695475541508807,C:\Users\sophi\napari-organoid-segmentation\reports\segmentations\organoid_measurements_all_kbO_segmentations\Condição 5 - 43_labels.tif
Condição 5 - 43.jpg,ConvPaint,10,900.5344264784028,1538.4953313595993,26346.0,1379.4488809165287,0.27884772419929504,91.57615552859897,0.17398560958854317,C:\Users\sophi\napari-organoid-segmentation\reports\segmentations\organoid_measurements_all_kbO_segmentations\Condição 5 - 43_labels.tif
Condição 5 - 43.jpg,ConvPaint,11,994.8137813211845,1883.2031402538237,12292.0,673.3208511739211,0.24916799366474152,62.551299914319564,0.340712673303102,C:\Users\sophi\napari-organoid-segmentation\reports\segmentations\organoid_measurements_all_kbO_segmentations\Condição 5 - 43_labels.tif
Condição 5 - 43.jpg,ConvPaint,12,1009.2594448094612,209.46776445466492,24352.0,1608.5676759431467,0.272842139005661,88.04250307861352,0.11826761107285291,C:\Users\sophi\napari-organoid-segmentation\reports\segmentations\organoid_measurements_all_kbO_segmentations\Condição 5 - 43_labels.tif
Condição 5 - 43.jpg,ConvPaint,13,1054.4702070714186,618.5030285955769,7099.0,684.8010819142763,0.3372311592102051,47.536111347256096,0.19022963060448309,C:\Users\sophi\napari-organoid-segmentation\reports\segmentations\organoid_measurements_all_kbO_segmentations\Condição 5 - 43_labels.tif
Condição 5 - 44.jpg,ConvPaint,1,44.86064231738035,1667.6224811083123,15880.0,610.3858223313767,0.23976962268352509,71.09684235321986,0.5356134658134087,C:\Users\sophi\napari-organoid-segmentation\reports\segmentations\organoid_measurements_all_kbO_segmentations\Condição 5 - 44_labels.tif
Condição 5 - 44.jpg,ConvPaint,2,136.16404539790523,306.9657495032499,29693.0,780.0081886954629,0.24926191568374634,97.21921338117943,0.6132896256172952,C:\Users\sophi\napari-organoid-segmentation\reports\segmentations\organoid_measurements_all_kbO_segmentations\Condição 5 - 44_labels.tif
Condição 5 - 44.jpg,ConvPaint,3,249.5073352090032,759.2404541800643,29856.0,983.0508652763322,0.24994300305843353,97.48569106234645,0.38823037060425847,C:\Users\sophi\napari-organoid-segmentation\reports\segmentations\organoid_measurements_all_kbO_segmentations\Condição 5 - 44_labels.tif
Condição 5 - 44.jpg,ConvPaint,4,343.598350033189,1167.8692986060626,31637.0,977.6955262170047,0.2518506944179535,100.35123252455142,0.4159086019600238,C:\Users\sophi\napari-organoid-segmentation\reports\segmentations\organoid_measurements_all_kbO_segmentations\Condição 5 - 44_labels.tif
Condição 5 - 44.jpg,ConvPaint,5,433.2632010663386,1567.5982090980553,29259.0,899.9259735953042,0.2499861866235733,96.50610840693729,0.4539999131901324,C:\Users\sophi\napari-organoid-segmentation\reports\segmentations\organoid_measurements_all_kbO_segmentations\Condição 5 - 44_labels.tif
Condição 5 - 44.jpg,ConvPaint,6,536.4616106466474,1887.889182733322,11722.0,555.6639969244288,0.25245675444602966,61.08378251096108,0.47707544499800425,C:\Users\sophi\napari-organoid-segmentation\reports\segmentations\organoid_measurements_all_kbO_segmentations\Condição 5 - 44_labels.tif
Condição 5 - 44.jpg,ConvPaint,7,585.1221454670016,217.35978533911853,35032.0,1111.1635636485403,0.24746866524219513,105.59844664004558,0.35654866306105804,C:\Users\sophi\napari-organoid-segmentation\reports\segmentations\organoid_measurements_all_kbO_segmentations\Condição 5 - 44_labels.tif
Condição 5 - 44.jpg,ConvPaint,8,661.6930235443745,645.7851226851134,32237.0,943.517856687341,0.25288480520248413,101.29835043527046,0.45505536135667773,C:\Users\sophi\napari-organoid-segmentation\reports\segmentations\organoid_measurements_all_kbO_segmentations\Condição 5 - 44_labels.tif
Condição 5 - 44.jpg,ConvPaint,9,764.9134543806842,1064.6062400880344,30897.0,1036.186904245653,0.25565120577812195,99.170663774226,0.36161794886828275,C:\Users\sophi\napari-organoid-segmentation\reports\segmentations\organoid_measurements_all_kbO_segmentations\Condição 5 - 44_labels.tif
Condição 5 - 44.jpg,ConvPaint,10,852.7028870558376,1464.710755076142,31520.0,935.7310601229374,0.24460087716579437,100.16550110947922,0.4523701937740643,C:\Users\sophi\napari-organoid-segmentation\reports\segmentations\organoid_measurements_all_kbO_segmentations\Condição 5 - 44_labels.tif
Condição 5 - 44.jpg,ConvPaint,11,963.5468653859301,1837.7901141724208,29254.0,1734.3828637385466,0.20506450533866882,96.49786220647903,0.12220955796779288,C:\Users\sophi\napari-organoid-segmentation\reports\segmentations\organoid_measurements_all_kbO_segmentations\Condição 5 - 44_labels.tif
Condição 5 - 44.jpg,ConvPaint,12,995.5636776390465,113.35675368898978,35240.0,845.8305191657993,0.20909228920936584,105.91147430338596,0.6189834841572884,C:\Users\sophi\napari-organoid-segmentation\reports\segmentations\organoid_measurements_all_kbO_segmentations\Condição 5 - 44_labels.tif
Condição 5 - 44.jpg,ConvPaint,13,1044.00942812983,557.4264296754251,12940.0,680.8538597629122,0.2549774646759033,64.17889004352017,0.3507812187858335,C:\Users\sophi\napari-organoid-segmentation\reports\segmentations\organoid_measurements_all_kbO_segmentations\Condição 5 - 44_labels.tif
Condição 5 - 65.jpg,ConvPaint,1,297.2016776684222,1425.7769463575055,41963.0,1178.2762620207482,0.23133404552936554,115.57351666333602,0.3798237667549087,C:\Users\sophi\napari-organoid-segmentation\reports\segmentations\organoid_measurements_all_kbO_segmentations\Condição 5 - 65_labels.tif
Condição 5 - 65.jpg,ConvPaint,2,295.4659803318992,1843.4655808236016,32540.0,1041.4406922210655,0.19336828589439392,101.77329559575315,0.3770147373217237,C:\Users\sophi\napari-organoid-segmentation\reports\segmentations\organoid_measurements_all_kbO_segmentations\Condição 5 - 65_labels.tif
Condição 5 - 65.jpg,ConvPaint,3,307.8241611356932,992.7719625737464,43392.0,1197.4123009900693,0.25603222846984863,117.52490196246515,0.38030505774734535,C:\Users\sophi\napari-organoid-segmentation\reports\segmentations\organoid_measurements_all_kbO_segmentations\Condição 5 - 65_labels.tif
Condição 5 - 65.jpg,ConvPaint,4,328.68898316682635,558.2033392637197,36535.0,1790.7758287448598,0.27838438749313354,107.83993551428335,0.14316489138141736,C:\Users\sophi\napari-organoid-segmentation\reports\segmentations\organoid_measurements_all_kbO_segmentations\Condição 5 - 65_labels.tif
Condição 5 - 65.jpg,ConvPaint,5,346.9362648221344,144.1874835309618,30360.0,2728.5952006223656,0.30001845955848694,98.30507690114426,0.051242865728865244,C:\Users\sophi\napari-organoid-segmentation\reports\segmentations\organoid_measurements_all_kbO_segmentations\Condição 5 - 65_labels.tif
Condição 5 - 65.jpg,ConvPaint,6,690.2215736120265,1849.549163606691,31863.0,1119.3046532517446,0.19580720365047455,100.70902592853395,0.3195949505839514,C:\Users\sophi\napari-organoid-segmentation\reports\segmentations\organoid_measurements_all_kbO_segmentations\Condição 5 - 65_labels.tif
Condição 5 - 65.jpg,ConvPaint,7,719.4442572969746,1453.362642048483,46903.0,1719.3433252192572,0.2474507987499237,122.18710485021869,0.19938168958134167,C:\Users\sophi\napari-organoid-segmentation\reports\segmentations\organoid_measurements_all_kbO_segmentations\Condição 5 - 65_labels.tif
Condição 5 - 65.jpg,ConvPaint,8,728.9541635220125,1010.2980628930818,39750.0,1529.4255403194156,0.25360000133514404,112.48474552491854,0.21354544901373776,C:\Users\sophi\napari-organoid-segmentation\reports\segmentations\organoid_measurements_all_kbO_segmentations\Condição 5 - 65_labels.tif
Condição 5 - 65.jpg,ConvPaint,9,739.2164123557872,584.961906534106,37618.0,1393.3656197958435,0.2606545388698578,109.42660233444991,0.24348677935365867,C:\Users\sophi\napari-organoid-segmentation\reports\segmentations\organoid_measurements_all_kbO_segmentations\Condição 5 - 65_labels.tif
Condição 5 - 65.jpg,ConvPaint,10,751.5682795353912,157.25332092665084,31166.0,2508.8134546918454,0.29206299781799316,99.60143529489935,0.06222346476777016,C:\Users\sophi\napari-organoid-segmentation\reports\segmentations\organoid_measurements_all_kbO_segmentations\Condição 5 - 65_labels.tif
Condição 5 - 65.jpg,ConvPaint,11,1059.0436183062677,1456.850489867132,7451.0,870.1086937588512,0.2950655221939087,48.7003794847168,0.12367371638280543,C:\Users\sophi\napari-organoid-segmentation\reports\segmentations\organoid_measurements_all_kbO_segmentations\Condição 5 - 65_labels.tif
Condição 5 - 66.jpg,ConvPaint,1,42.567301857021484,257.27078528947686,16478.0,1352.4539315504119,0.297611802816391,72.42313376633534,0.11320598845846798,C:\Users\sophi\napari-organoid-segmentation\reports\segmentations\organoid_measurements_all_kbO_segmentations\Condição 5 - 66_labels.tif
Condição 5 - 66.jpg,ConvPaint,2,36.571022351540805,713.3312392540669,15122.0,1057.6721856198917,0.29280853271484375,69.37926274378593,0.16987009538944792,C:\Users\sophi\napari-organoid-segmentation\reports\segmentations\organoid_measurements_all_kbO_segmentations\Condição 5 - 66_labels.tif
Condição 5 - 66.jpg,ConvPaint,3,35.890636932946386,1126.4899190468916,13094.0,747.3746750430836,0.2766350209712982,64.55965961566523,0.29458148382808336,C:\Users\sophi\napari-organoid-segmentation\reports\segmentations\organoid_measurements_all_kbO_segmentations\Condição 5 - 66_labels.tif
Condição 5 - 66.jpg,ConvPaint,4,32.50975712480696,1573.6034676400393,14246.0,676.2914139223983,0.2601272165775299,67.33975526072457,0.39141282946280787,C:\Users\sophi\napari-organoid-segmentation\reports\segmentations\organoid_measurements_all_kbO_segmentations\Condição 5 - 66_labels.tif
Condição 5 - 66.jpg,ConvPaint,5,393.8799808211573,1587.616852146264,39627.0,1269.5016587651644,0.24946779012680054,112.31057768440634,0.30898294880001487,C:\Users\sophi\napari-organoid-segmentation\reports\segmentations\organoid_measurements_all_kbO_segmentations\Condição 5 - 66_labels.tif
Condição 5 - 66.jpg,ConvPaint,6,403.8524301737409,1151.022542335606,36376.0,1934.2499628308049,0.2724195420742035,107.60502042108244,0.12217985653732952,C:\Users\sophi\napari-organoid-segmentation\reports\segmentations\organoid_measurements_all_kbO_segmentations\Condição 5 - 66_labels.tif
Condição 5 - 66.jpg,ConvPaint,7,417.65081711423176,714.7821302455449,36531.0,2851.2247096613883,0.2938516438007355,107.83403197590295,0.05646879658904988,C:\Users\sophi\napari-organoid-segmentation\reports\segmentations\organoid_measurements_all_kbO_segmentations\Condição 5 - 66_labels.tif
Condição 5 - 66.jpg,ConvPaint,8,422.76926550270923,274.07363034316677,33220.0,2996.8876605652904,0.31070569157600403,102.83119380336653,0.046480261742222875,C:\Users\sophi\napari-organoid-segmentation\reports\segmentations\organoid_measurements_all_kbO_segmentations\Condição 5 - 66_labels.tif
Condição 5 - 66.jpg,ConvPaint,9,819.1349422454068,1611.4499125798961,34889.0,1192.2529214236351,0.2579898536205292,105.38270075807638,0.30843353769722115,C:\Users\sophi\napari-organoid-segmentation\reports\segmentations\organoid_measurements_all_kbO_segmentations\Condição 5 - 66_labels.tif
Condição 5 - 66.jpg,ConvPaint,10,845.4613231128145,741.8684552574571,30005.0,2024.716954241814,0.281633585691452,97.72864541650334,0.09197607153413141,C:\Users\sophi\napari-organoid-segmentation\reports\segmentations\organoid_measurements_all_kbO_segmentations\Condição 5 - 66_labels.tif
Condição 5 - 66.jpg,ConvPaint,11,844.3546984090649,1169.1532276525122,34948.0,1952.7758287448596,0.2730645537376404,105.47176827166176,0.1151668290874925,C:\Users\sophi\napari-organoid-segmentation\reports\segmentations\organoid_measurements_all_kbO_segmentations\Condição 5 - 66_labels.tif
Condição 5 - 66.jpg,ConvPaint,12,857.1965130759652,301.6305728518057,32120.0,2634.608439951712,0.30733731389045715,101.11435874406442,0.05815047185765907,C:\Users\sophi\napari-organoid-segmentation\reports\segmentations\organoid_measurements_all_kbO_segmentations\Condição 5 - 66_labels.tif
Condição 5 - 67.jpg,ConvPaint,1,250.1646076112036,1577.9445369315692,34239.0,1384.1534623807734,0.2742552161216736,104.39641848764165,0.22457553820599893,C:\Users\sophi\napari-organoid-segmentation\reports\segmentations\organoid_measurements_all_kbO_segmentations\Condição 5 - 67_labels.tif
Condição 5 - 67.jpg,ConvPaint,2,258.6696997270246,1155.9410979678496,32970.0,1807.4865068635145,0.28557726740837097,102.44353053013928,0.12681735277427492,C:\Users\sophi\napari-organoid-segmentation\reports\segmentations\organoid_measurements_all_kbO_segmentations\Condição 5 - 67_labels.tif
Condição 5 - 67.jpg,ConvPaint,3,273.51151695072497,293.22106183900127,37727.0,1626.9940828143394,0.28025001287460327,109.58502213375635,0.17909777445818514,C:\Users\sophi\napari-organoid-segmentation\reports\segmentations\organoid_measurements_all_kbO_segmentations\Condição 5 - 67_labels.tif
Condição 5 - 67.jpg,ConvPaint,4,282.3287468000931,718.5541947870607,34376.0,1958.362661203013,0.27800002694129944,104.60506989364325,0.11263645264664948,C:\Users\sophi\napari-organoid-segmentation\reports\segmentations\organoid_measurements_all_kbO_segmentations\Condição 5 - 67_labels.tif
Condição 5 - 67.jpg,ConvPaint,5,678.5027670732767,1587.6158259206675,34513.0,1593.8580438450183,0.28710487484931946,104.81330593899406,0.1707234971300457,C:\Users\sophi\napari-organoid-segmentation\reports\segmentations\organoid_measurements_all_kbO_segmentations\Condição 5 - 67_labels.tif
Condição 5 - 67.jpg,ConvPaint,6,698.4085231708183,1161.5151869987935,28182.0,2571.5129855222067,0.3166802227497101,94.71330008204544,0.05355551884417705,C:\Users\sophi\napari-organoid-segmentation\reports\segmentations\organoid_measurements_all_kbO_segmentations\Condição 5 - 67_labels.tif
Condição 5 - 67.jpg,ConvPaint,7,717.990550686574,298.6977361614662,35029.0,1966.94844764064,0.27686363458633423,105.59392502948266,0.11377625858893567,C:\Users\sophi\napari-organoid-segmentation\reports\segmentations\organoid_measurements_all_kbO_segmentations\Condição 5 - 67_labels.tif
Condição 5 - 67.jpg,ConvPaint,8,721.8789683115978,733.6082081965785,34429.0,2216.298736066084,0.28663182258605957,104.68567748943371,0.08808007487323069,C:\Users\sophi\napari-organoid-segmentation\reports\segmentations\organoid_measurements_all_kbO_segmentations\Condição 5 - 67_labels.tif
Condição 5 - 67.jpg,ConvPaint,9,1039.8139783414078,1595.798660587062,14036.0,992.5889244992065,0.296285480260849,66.84158557721149,0.1790252849579684,C:\Users\sophi\napari-organoid-segmentation\reports\segmentations\organoid_measurements_all_kbO_segmentations\Condição 5 - 67_labels.tif
Condição 5 - 67.jpg,ConvPaint,10,1052.020163681651,1152.050883643696,8431.0,699.3452377915606,0.3130929470062256,51.80415669051605,0.21662357036421792,C:\Users\sophi\napari-organoid-segmentation\reports\segmentations\organoid_measurements_all_kbO_segmentations\Condição 5 - 67_labels.tif
Condição 5 - 68.jpg,ConvPaint,1,261.14081757849533,1693.2290725559087,35862.0,1673.2966440250311,0.2911171317100525,106.84207569269282,0.16095278292476314,C:\Users\sophi\napari-organoid-segmentation\reports\segmentations\organoid_measurements_all_kbO_segmentations\Condição 5 - 68_labels.tif
Condição 5 - 68.jpg,ConvPaint,2,274.2956589286248,1256.518030533895,33471.0,1524.5382386916237,0.2840045988559723,103.21894303110092,0.1809680505585227,C:\Users\sophi\napari-organoid-segmentation\reports\segmentations\organoid_measurements_all_kbO_segmentations\Condição 5 - 68_labels.tif
Condição 5 - 68.jpg,ConvPaint,3,294.60238058432526,406.7937857474107,32345.0,2567.761722863736,0.2971217930316925,101.46789279675966,0.06164637988901673,C:\Users\sophi\napari-organoid-segmentation\reports\segmentations\organoid_measurements_all_kbO_segmentations\Condição 5 - 68_labels.tif
Condição 5 - 68.jpg,ConvPaint,4,294.85800533689127,833.4410940627084,29980.0,2603.0571413994912,0.2993132770061493,97.68792344906326,0.055599910071538444,C:\Users\sophi\napari-organoid-segmentation\reports\segmentations\organoid_measurements_all_kbO_segmentations\Condição 5 - 68_labels.tif
Condição 5 - 68.jpg,ConvPaint,5,309.25396067951897,34.50066806642489,10478.0,1294.732106143464,0.3249269425868988,57.75163190277621,0.07854678669807615,C:\Users\sophi\napari-organoid-segmentation\reports\segmentations\organoid_measurements_all_kbO_segmentations\Condição 5 - 68_labels.tif
Condição 5 - 68.jpg,ConvPaint,6,671.43661030542,396.89634431597943,29926.0,3020.2551929334377,0.3112356960773468,97.59990601397176,0.041226005436774175,C:\Users\sophi\napari-organoid-segmentation\reports\segmentations\organoid_measurements_all_kbO_segmentations\Condição 5 - 68_labels.tif
Condição 5 - 68.jpg,ConvPaint,7,681.7259216433139,832.7784995238743,29404.0,3145.0125522463186,0.32626134157180786,96.74494246909335,0.037356958664169125,C:\Users\sophi\napari-organoid-segmentation\reports\segmentations\organoid_measurements_all_kbO_segmentations\Condição 5 - 68_labels.tif
Condição 5 - 68.jpg,ConvPaint,8,673.8363336586023,1691.4937918503315,29719.0,1128.6488450227787,0.31746283173561096,97.26176796406735,0.29317462142010264,C:\Users\sophi\napari-organoid-segmentation\reports\segmentations\organoid_measurements_all_kbO_segmentations\Condição 5 - 68_labels.tif
Condição 5 - 68.jpg,ConvPaint,9,692.6166820702402,1253.8510474430068,25968.0,3591.9557697843256,0.35479941964149475,90.91683630890748,0.025292188271458828,C:\Users\sophi\napari-organoid-segmentation\reports\segmentations\organoid_measurements_all_kbO_segmentations\Condição 5 - 68_labels.tif
Condição 5 - 68.jpg,ConvPaint,10,685.1106634772756,26.481681984136976,7943.0,1083.8498551495554,0.33964845538139343,50.282555881317826,0.08496815317808663,C:\Users\sophi\napari-organoid-segmentation\reports\segmentations\organoid_measurements_all_kbO_segmentations\Condição 5 - 68_labels.tif
Condição 5 - 68.jpg,ConvPaint,11,1049.3443818668636,858.4057797063983,10831.0,873.1625176280136,0.33265918493270874,58.716389341108474,0.17852056432353675,C:\Users\sophi\napari-organoid-segmentation\reports\segmentations\organoid_measurements_all_kbO_segmentations\Condição 5 - 68_labels.tif
Condição 5 - 68.jpg,ConvPaint,12,1045.8009794319296,37.006856023506366,5105.0,708.9959953866432,0.32310962677001953,40.31094105783505,0.12761979601098,C:\Users\sophi\napari-organoid-segmentation\reports\segmentations\organoid_measurements_all_kbO_segmentations\Condição 5 - 68_labels.tif
Condição 5 - 68.jpg,ConvPaint,13,1052.0193000514669,413.6042202779207,7772.0,1325.986940139403,0.35377877950668335,49.7383597982525,0.05554745459617559,C:\Users\sophi\napari-organoid-segmentation\reports\segmentations\organoid_measurements_all_kbO_segmentations\Condição 5 - 68_labels.tif
Condição 5 - 68.jpg,ConvPaint,14,1052.2734007525871,1256.5343367826904,8504.0,790.1919548795365,0.36427614092826843,52.02794702952401,0.1711464550725994,C:\Users\sophi\napari-organoid-segmentation\reports\segmentations\organoid_measurements_all_kbO_segmentations\Condição 5 - 68_labels.tif
Condição 5 - 68.jpg,ConvPaint,15,1057.6239273094398,1699.1978798586572,5943.0,860.7838379715732,0.39482471346855164,43.49385765358446,0.10079230707625118,C:\Users\sophi\napari-organoid-segmentation\reports\segmentations\organoid_measurements_all_kbO_segmentations\Condição 5 - 68_labels.tif
Condição 5 - 91.jpg,ConvPaint,1,185.48535058430718,1608.6931135225375,23960.0,1252.6082604829626,0.27086010575294495,87.3310075114425,0.19189609404749156,C:\Users\sophi\napari-organoid-segmentation\reports\segmentations\organoid_measurements_all_kbO_segmentations\Condição 5 - 91_labels.tif
Condição 5 - 91.jpg,ConvPaint,2,226.1027394845397,1175.41621126115,28363.0,1402.8569978244918,0.2773764133453369,95.01696323199798,0.18110699441397973,C:\Users\sophi\napari-organoid-segmentation\reports\segmentations\organoid_measurements_all_kbO_segmentations\Condição 5 - 91_labels.tif
Condição 5 - 91.jpg,ConvPaint,3,231.69770738102832,714.1740547819,28221.0,2006.3738084913061,0.2847772240638733,94.77881249516031,0.08809648143606306,C:\Users\sophi\napari-organoid-segmentation\reports\segmentations\organoid_measurements_all_kbO_segmentations\Condição 5 - 91_labels.tif
Condição 5 - 91.jpg,ConvPaint,4,294.81987991994663,307.6841754151891,28481.0,3149.8399333505376,0.31523942947387695,95.21440998294608,0.036073487303146294,C:\Users\sophi\napari-organoid-segmentation\reports\segmentations\organoid_measurements_all_kbO_segmentations\Condição 5 - 91_labels.tif
Condição 5 - 91.jpg,ConvPaint,5,596.2224201986504,1652.3342937296231,26378.0,1282.8092706097395,0.25689977407455444,91.6317531086033,0.20143157489686966,C:\Users\sophi\napari-organoid-segmentation\reports\segmentations\organoid_measurements_all_kbO_segmentations\Condição 5 - 91_labels.tif
Condição 5 - 91.jpg,ConvPaint,6,637.1315375196782,1202.3953122266923,22868.0,1932.9768388716363,0.30727484822273254,85.31770318785502,0.07691034278193552,C:\Users\sophi\napari-organoid-segmentation\reports\segmentations\organoid_measurements_all_kbO_segmentations\Condição 5 - 91_labels.tif
Condição 5 - 91.jpg,ConvPaint,7,665.3205163333029,781.4368131031754,32847.0,1641.9646455628165,0.2732158899307251,102.2522607646353,0.153100980137097,C:\Users\sophi\napari-organoid-segmentation\reports\segmentations\organoid_measurements_all_kbO_segmentations\Condição 5 - 91_labels.tif
Condição 5 - 91.jpg,ConvPaint,8,717.8629945340969,345.5268414888079,30736.0,2297.13325984524,0.2998792827129364,98.91194397920299,0.0731955758166941,C:\Users\sophi\napari-organoid-segmentation\reports\segmentations\organoid_measurements_all_kbO_segmentations\Condição 5 - 91_labels.tif
Condição 5 - 91.jpg,ConvPaint,9,1019.6894549924874,1721.9097117880071,14642.0,2147.638743755012,0.2782452404499054,68.26927093138657,0.03989218333879723,C:\Users\sophi\napari-organoid-segmentation\reports\segmentations\organoid_measurements_all_kbO_segmentations\Condição 5 - 91_labels.tif
Condição 5 - 91.jpg,ConvPaint,10,1032.3469831984219,1258.266376436977,14701.0,1682.0235200658622,0.30546247959136963,68.40667830546889,0.06529690744421529,C:\Users\sophi\napari-organoid-segmentation\reports\segmentations\organoid_measurements_all_kbO_segmentations\Condição 5 - 91_labels.tif
Condição 5 - 91.jpg,ConvPaint,11,1046.0322218382862,804.8544402211472,11576.0,1422.0580079512683,0.3185153603553772,60.70218482446543,0.07193392495974875,C:\Users\sophi\napari-organoid-segmentation\reports\segmentations\organoid_measurements_all_kbO_segmentations\Condição 5 - 91_labels.tif
Condição 5 - 92.jpg,ConvPaint,1,74.60465501532344,278.1510809243767,24146.0,1821.1250711497773,0.30262312293052673,87.66932480516665,0.09149039734794645,C:\Users\sophi\napari-organoid-segmentation\reports\segmentations\organoid_measurements_all_kbO_segmentations\Condição 5 - 92_labels.tif
Condição 5 - 92.jpg,ConvPaint,2,42.649547920433996,726.2497649186257,13825.0,1383.0519112968586,0.31217077374458313,66.33727592003538,0.09082345977976412,C:\Users\sophi\napari-organoid-segmentation\reports\segmentations\organoid_measurements_all_kbO_segmentations\Condição 5 - 92_labels.tif
Condição 5 - 92.jpg,ConvPaint,3,321.086905783422,1623.0224472284194,29135.0,1053.1158364337875,0.26487138867378235,96.30139424725242,0.33012057982879195,C:\Users\sophi\napari-organoid-segmentation\reports\segmentations\organoid_measurements_all_kbO_segmentations\Condição 5 - 92_labels.tif
Condição 5 - 92.jpg,ConvPaint,4,343.4119878066071,1161.7981709910675,28212.0,1706.8752877877214,0.27814075350761414,94.7636982658291,0.12168587176899918,C:\Users\sophi\napari-organoid-segmentation\reports\segmentations\organoid_measurements_all_kbO_segmentations\Condição 5 - 92_labels.tif
Condição 5 - 92.jpg,ConvPaint,5,422.4649839509775,756.2751313101838,27416.0,3149.052090765608,0.3070409893989563,93.41725664787425,0.03474195601293478,C:\Users\sophi\napari-organoid-segmentation\reports\segmentations\organoid_measurements_all_kbO_segmentations\Condição 5 - 92_labels.tif
Condição 5 - 92.jpg,ConvPaint,6,491.08675625261714,329.7955003997107,26269.0,3104.846030004948,0.32149505615234375,91.4422353191456,0.034243115284643966,C:\Users\sophi\napari-organoid-segmentation\reports\segmentations\organoid_measurements_all_kbO_segmentations\Condição 5 - 92_labels.tif
Condição 5 - 92.jpg,ConvPaint,7,731.7989801921946,1667.2270641302216,25495.0,1124.3767670841366,0.27842801809310913,90.08501844510964,0.25342015596324324,C:\Users\sophi\napari-organoid-segmentation\reports\segmentations\organoid_measurements_all_kbO_segmentations\Condição 5 - 92_labels.tif
Condição 5 - 92.jpg,ConvPaint,8,775.4778023734858,1243.6862817438357,32526.0,1852.852993211135,0.28548577427864075,101.751399784052,0.11905800330855572,C:\Users\sophi\napari-organoid-segmentation\reports\segmentations\organoid_measurements_all_kbO_segmentations\Condição 5 - 92_labels.tif
Condição 5 - 92.jpg,ConvPaint,9,843.1864716636197,811.9876350340701,30085.0,2309.399241129472,0.29407739639282227,97.85884183781936,0.07088622392531939,C:\Users\sophi\napari-organoid-segmentation\reports\segmentations\organoid_measurements_all_kbO_segmentations\Condição 5 - 92_labels.tif
Condição 5 - 92.jpg,ConvPaint,10,922.615678012278,375.41229249155435,27529.0,1959.5525240414963,0.30780845880508423,93.60957673632316,0.09009205268415213,C:\Users\sophi\napari-organoid-segmentation\reports\segmentations\organoid_measurements_all_kbO_segmentations\Condição 5 - 92_labels.tif
Controle - 45.jpg,ConvPaint,1,304.4477132008347,1541.992405842712,29233.0,899.074205873445,0.2507708668708801,96.46322046671857,0.4544563482590046,C:\Users\sophi\napari-organoid-segmentation\reports\segmentations\organoid_measurements_all_kbO_segmentations\Controle - 45_labels.tif
Controle - 45.jpg,ConvPaint,2,307.7284581681619,1891.3247444189442,9586.0,538.1787155501902,0.2554624378681183,55.2387415584191,0.4159051068033964,C:\Users\sophi\napari-organoid-segmentation\reports\segmentations\organoid_measurements_all_kbO_segmentations\Controle - 45_labels.tif
Controle - 45.jpg,ConvPaint,3,329.97882579403273,255.41443695861406,25975.0,1312.2001435749994,0.27806586027145386,90.92908936981588,0.18956810048264255,C:\Users\sophi\napari-organoid-segmentation\reports\segmentations\organoid_measurements_all_kbO_segmentations\Controle - 45_labels.tif
Controle - 45.jpg,ConvPaint,4,311.6352266605095,1106.0004233048564,25986.0,754.6711395993652,0.25959423184394836,90.9483408445255,0.5733684796968772,C:\Users\sophi\napari-organoid-segmentation\reports\segmentations\organoid_measurements_all_kbO_segmentations\Controle - 45_labels.tif
Controle - 45.jpg,ConvPaint,5,346.89318582337967,679.041152666275,30642.0,985.5655839020935,0.2607995569705963,98.76057681303666,0.3964203250959053,C:\Users\sophi\napari-organoid-segmentation\reports\segmentations\organoid_measurements_all_kbO_segmentations\Controle - 45_labels.tif
Controle - 45.jpg,ConvPaint,6,750.9875171046385,1112.6357340333436,35809.0,998.3107499061543,0.251016765832901,106.76309621941171,0.45151331472514256,C:\Users\sophi\napari-organoid-segmentation\reports\segmentations\organoid_measurements_all_kbO_segmentations\Controle - 45_labels.tif
Controle - 45.jpg,ConvPaint,7,764.678308668076,674.8996194503171,35475.0,976.4001076812497,0.24888770282268524,106.26402595596487,0.4676022916085937,C:\Users\sophi\napari-organoid-segmentation\reports\segmentations\organoid_measurements_all_kbO_segmentations\Controle - 45_labels.tif
Controle - 45.jpg,ConvPaint,8,753.3651979921918,1892.1326268823202,8965.0,509.5868324581535,0.2430747151374817,53.419548197618475,0.4338341777155289,C:\Users\sophi\napari-organoid-segmentation\reports\segmentations\organoid_measurements_all_kbO_segmentations\Controle - 45_labels.tif
Controle - 45.jpg,ConvPaint,9,742.7025837654132,1540.4814605028103,22951.0,817.2752160002217,0.2626834213733673,85.47239436101097,0.4317922258332995,C:\Users\sophi\napari-organoid-segmentation\reports\segmentations\organoid_measurements_all_kbO_segmentations\Controle - 45_labels.tif
Controle - 45.jpg,ConvPaint,10,776.751422013771,272.71463260486314,30063.0,1063.16966030295,0.2585258483886719,97.82305509614439,0.3342235375155707,C:\Users\sophi\napari-organoid-segmentation\reports\segmentations\organoid_measurements_all_kbO_segmentations\Controle - 45_labels.tif
Controle - 46.jpg,ConvPaint,1,23.78606820169047,262.492713494608,6862.0,497.7645019878171,0.29662537574768066,46.73587956798472,0.3480268368419568,C:\Users\sophi\napari-organoid-segmentation\reports\segmentations\organoid_measurements_all_kbO_segmentations\Controle - 46_labels.tif
Controle - 46.jpg,ConvPaint,2,18.153658110703685,699.5968220708922,5727.0,469.05992052357226,0.3003481924533844,42.696144066819066,0.32709988833116316,C:\Users\sophi\napari-organoid-segmentation\reports\segmentations\organoid_measurements_all_kbO_segmentations\Controle - 46_labels.tif
Controle - 46.jpg,ConvPaint,3,350.9296967521981,1547.9554279562176,27865.0,1588.7747827243331,0.2782297134399414,94.17911115800216,0.1387216466708468,C:\Users\sophi\napari-organoid-segmentation\reports\segmentations\organoid_measurements_all_kbO_segmentations\Controle - 46_labels.tif
Controle - 46.jpg,ConvPaint,4,362.7258492940025,1113.8592199077311,28612.0,1803.965691583343,0.28281059861183167,95.43313084820501,0.11048454536596891,C:\Users\sophi\napari-organoid-segmentation\reports\segmentations\organoid_measurements_all_kbO_segmentations\Controle - 46_labels.tif
Controle - 46.jpg,ConvPaint,5,367.0159324807303,686.9476381173836,23223.0,1284.57272657703,0.27928364276885986,85.97738357757912,0.1768523325079414,C:\Users\sophi\napari-organoid-segmentation\reports\segmentations\organoid_measurements_all_kbO_segmentations\Controle - 46_labels.tif
Controle - 46.jpg,ConvPaint,6,398.078728744653,264.73988051048184,28287.0,1120.619407771256,0.27017539739608765,94.8895766166173,0.2830612858422826,C:\Users\sophi\napari-organoid-segmentation\reports\segmentations\organoid_measurements_all_kbO_segmentations\Controle - 46_labels.tif
Controle - 46.jpg,ConvPaint,7,779.3506645401383,1560.4930356193513,28215.0,1462.8986283848344,0.2802874445915222,94.76873661010605,0.1656767067285824,C:\Users\sophi\napari-organoid-segmentation\reports\segmentations\organoid_measurements_all_kbO_segmentations\Controle - 46_labels.tif
Controle - 46.jpg,ConvPaint,8,787.3739258017188,1135.795263047579,23855.0,1513.2072862499358,0.28395265340805054,87.13944190155412,0.1309159125477006,C:\Users\sophi\napari-organoid-segmentation\reports\segmentations\organoid_measurements_all_kbO_segmentations\Controle - 46_labels.tif
Controle - 46.jpg,ConvPaint,9,811.2007216959855,281.4638776123891,26604.0,1191.8803384216048,0.27335354685783386,92.02345468430083,0.23533769311638064,C:\Users\sophi\napari-organoid-segmentation\reports\segmentations\organoid_measurements_all_kbO_segmentations\Controle - 46_labels.tif
Controle - 46.jpg,ConvPaint,10,811.2704243191894,709.4120091830272,25264.0,1197.2945519839777,0.2847508490085602,89.67597763362988,0.22146747999425398,C:\Users\sophi\napari-organoid-segmentation\reports\segmentations\organoid_measurements_all_kbO_segmentations\Controle - 46_labels.tif
Controle - 47.jpg,ConvPaint,1,20.68347239481626,287.20912480028403,5633.0,451.1076477383247,0.3078734278678894,42.3442981860993,0.3478477796356759,C:\Users\sophi\napari-organoid-segmentation\reports\segmentations\organoid_measurements_all_kbO_segmentations\Controle - 47_labels.tif
Controle - 47.jpg,ConvPaint,2,375.37106990014263,713.8285306704707,35050.0,1087.3767670841364,0.2584684193134308,105.62557223864808,0.37250987240828576,C:\Users\sophi\napari-organoid-segmentation\reports\segmentations\organoid_measurements_all_kbO_segmentations\Controle - 47_labels.tif
Controle - 47.jpg,ConvPaint,3,361.14680944375414,1563.410130838389,27362.0,772.4051583151329,0.2566836178302765,93.32521152272241,0.5763248842114286,C:\Users\sophi\napari-organoid-segmentation\reports\segmentations\organoid_measurements_all_kbO_segmentations\Controle - 47_labels.tif
Controle - 47.jpg,ConvPaint,4,374.6988904715496,1123.2744208711297,26678.0,1028.5361466505706,0.2688625156879425,92.15134911443873,0.31690129516328824,C:\Users\sophi\napari-organoid-segmentation\reports\segmentations\organoid_measurements_all_kbO_segmentations\Controle - 47_labels.tif
Controle - 47.jpg,ConvPaint,5,383.1937296883961,289.6638501242592,26155.0,1051.1574669941303,0.2717742323875427,91.24360291624309,0.29746031189716965,C:\Users\sophi\napari-organoid-segmentation\reports\segmentations\organoid_measurements_all_kbO_segmentations\Controle - 47_labels.tif
Controle - 47.jpg,ConvPaint,6,787.0440944260224,1553.2735275540817,25332.0,736.2213921310594,0.25516653060913086,89.79658143163239,0.587303350564839,C:\Users\sophi\napari-organoid-segmentation\reports\segmentations\organoid_measurements_all_kbO_segmentations\Controle - 47_labels.tif
Controle - 47.jpg,ConvPaint,7,824.9039894642169,718.9208531414622,31132.0,1174.5249993622774,0.27358004450798035,99.54709125169741,0.28359094235962956,C:\Users\sophi\napari-organoid-segmentation\reports\segmentations\organoid_measurements_all_kbO_segmentations\Controle - 47_labels.tif
Controle - 47.jpg,ConvPaint,8,806.4684987668556,1133.117965471958,31221.0,968.6660889654818,0.2548728287220001,99.6892820545124,0.41812725839415554,C:\Users\sophi\napari-organoid-segmentation\reports\segmentations\organoid_measurements_all_kbO_segmentations\Controle - 47_labels.tif
Controle - 47.jpg,ConvPaint,9,818.136773189862,314.4958838400207,15427.0,1247.9158723275375,0.3145015835762024,70.07543516923273,0.12448606135346814,C:\Users\sophi\napari-organoid-segmentation\reports\segmentations\organoid_measurements_all_kbO_segmentations\Controle - 47_labels.tif
Controle - 48.jpg,ConvPaint,1,357.84062543822745,1882.2606226335718,14262.0,932.2630226914019,0.26282787322998047,67.37756003858571,0.2062117361736846,C:\Users\sophi\napari-organoid-segmentation\reports\segmentations\organoid_measurements_all_kbO_segmentations\Controle - 48_labels.tif
Controle - 48.jpg,ConvPaint,2,360.50580870402695,1059.682206705592,33226.0,1361.679328294828,0.2654481828212738,102.84047976522974,0.22518436630655334,C:\Users\sophi\napari-organoid-segmentation\reports\segmentations\organoid_measurements_all_kbO_segmentations\Controle - 48_labels.tif
Controle - 48.jpg,ConvPaint,3,353.0029397354238,1494.287189537557,26533.0,897.2102448427661,0.26341700553894043,91.90057785517193,0.4141977859962267,C:\Users\sophi\napari-organoid-segmentation\reports\segmentations\organoid_measurements_all_kbO_segmentations\Controle - 48_labels.tif
Controle - 48.jpg,ConvPaint,4,358.13153638814015,640.724049116502,33390.0,1281.2001435749994,0.2658969461917877,103.09397217915686,0.2556185257388426,C:\Users\sophi\napari-organoid-segmentation\reports\segmentations\organoid_measurements_all_kbO_segmentations\Controle - 48_labels.tif
Controle - 48.jpg,ConvPaint,5,375.83052810902893,215.41308347529812,29350.0,1611.8519471906084,0.271957129240036,96.65606633571562,0.14196054996563492,C:\Users\sophi\napari-organoid-segmentation\reports\segmentations\organoid_measurements_all_kbO_segmentations\Controle - 48_labels.tif
Controle - 48.jpg,ConvPaint,6,795.625140388769,219.2398272138229,34725.0,1459.496608131281,0.266818106174469,105.13472688760898,0.20485470279244736,C:\Users\sophi\napari-organoid-segmentation\reports\segmentations\organoid_measurements_all_kbO_segmentations\Controle - 48_labels.tif
Controle - 48.jpg,ConvPaint,7,796.5661713890809,1077.2057993549872,34728.0,1425.9879861599293,0.2736334502696991,105.1392682464106,0.21461392811264107,C:\Users\sophi\napari-organoid-segmentation\reports\segmentations\organoid_measurements_all_kbO_segmentations\Controle - 48_labels.tif
Controle - 48.jpg,ConvPaint,8,797.1129573035041,653.9966471827433,33703.0,1280.0163773909258,0.2679009735584259,103.57604980907651,0.2584921576983599,C:\Users\sophi\napari-organoid-segmentation\reports\segmentations\organoid_measurements_all_kbO_segmentations\Controle - 48_labels.tif
Controle - 48.jpg,ConvPaint,9,793.7673197712571,1888.0712477735071,10667.0,600.4274528917193,0.2754060924053192,58.27016008149021,0.37181857082839465,C:\Users\sophi\napari-organoid-segmentation\reports\segmentations\organoid_measurements_all_kbO_segmentations\Controle - 48_labels.tif
Controle - 48.jpg,ConvPaint,10,794.3122418233951,1498.8769985906595,20577.0,1307.8103166302658,0.30366626381874084,80.93122097190836,0.15118280668068082,C:\Users\sophi\napari-organoid-segmentation\reports\segmentations\organoid_measurements_all_kbO_segmentations\Controle - 48_labels.tif
Controle - 93.jpg,ConvPaint,1,64.21406034312758,158.14992112009466,20284.0,1175.5300499961606,0.28347641229629517,80.35295720352805,0.1844573627165038,C:\Users\sophi\napari-organoid-segmentation\reports\segmentations\organoid_measurements_all_kbO_segmentations\Controle - 93_labels.tif
Controle - 93.jpg,ConvPaint,2,21.51547181372549,586.9151348039215,6528.0,580.2914139223983,0.3407343327999115,45.58428388170407,0.24361146321932797,C:\Users\sophi\napari-organoid-segmentation\reports\segmentations\organoid_measurements_all_kbO_segmentations\Controle - 93_labels.tif
Controle - 93.jpg,ConvPaint,3,93.66942620610905,1880.9575363973736,14012.0,569.350288425444,0.2268814593553543,66.78441528685622,0.543188920102391,C:\Users\sophi\napari-organoid-segmentation\reports\segmentations\organoid_measurements_all_kbO_segmentations\Controle - 93_labels.tif
Controle - 93.jpg,ConvPaint,4,202.8379046207067,1480.8686372621696,32376.0,1006.3290398693841,0.2599116265773773,101.51650543180851,0.4017473720479638,C:\Users\sophi\napari-organoid-segmentation\reports\segmentations\organoid_measurements_all_kbO_segmentations\Controle - 93_labels.tif
Controle - 93.jpg,ConvPaint,5,296.19540194976764,1068.708780028548,32927.0,1134.2051942088829,0.27226030826568604,102.3767044906881,0.32164645112349055,C:\Users\sophi\napari-organoid-segmentation\reports\segmentations\organoid_measurements_all_kbO_segmentations\Controle - 93_labels.tif
Controle - 93.jpg,ConvPaint,6,362.8202420893362,646.2444904940464,30402.0,1094.6427483683688,0.27095097303390503,98.37305098328305,0.3188358957448245,C:\Users\sophi\napari-organoid-segmentation\reports\segmentations\organoid_measurements_all_kbO_segmentations\Controle - 93_labels.tif
Controle - 93.jpg,ConvPaint,7,459.4430302051365,231.98397674042965,30955.0,2447.5058428472703,0.2920023798942566,99.26370196007824,0.06493714607200815,C:\Users\sophi\napari-organoid-segmentation\reports\segmentations\organoid_measurements_all_kbO_segmentations\Controle - 93_labels.tif
Controle - 93.jpg,ConvPaint,8,618.7058126822158,1568.3555940233236,32928.0,935.547293938864,0.2659967839717865,102.37825908004034,0.4727632649543305,C:\Users\sophi\napari-organoid-segmentation\reports\segmentations\organoid_measurements_all_kbO_segmentations\Controle - 93_labels.tif
Controle - 93.jpg,ConvPaint,9,713.282880209771,1150.7908501242064,28984.0,1506.082394568908,0.2917558252811432,96.05151607939871,0.1605723344639119,C:\Users\sophi\napari-organoid-segmentation\reports\segmentations\organoid_measurements_all_kbO_segmentations\Controle - 93_labels.tif
Controle - 93.jpg,ConvPaint,10,793.9090345383519,720.802598127364,32254.0,1302.3950570473662,0.27273398637771606,101.32505647159535,0.23895051291026262,C:\Users\sophi\napari-organoid-segmentation\reports\segmentations\organoid_measurements_all_kbO_segmentations\Controle - 93_labels.tif
Controle - 93.jpg,ConvPaint,11,874.8722250066335,299.2607977829535,33919.0,1629.2367235014588,0.26819339394569397,103.90742528552998,0.1605774373012171,C:\Users\sophi\napari-organoid-segmentation\reports\segmentations\organoid_measurements_all_kbO_segmentations\Controle - 93_labels.tif
Controle - 93.jpg,ConvPaint,12,1017.1080728103829,1660.35246102359,24502.0,1421.8549057834389,0.21411250531673431,88.31324267217934,0.15230032778316074,C:\Users\sophi\napari-organoid-segmentation\reports\segmentations\organoid_measurements_all_kbO_segmentations\Controle - 93_labels.tif
Controle - 93.jpg,ConvPaint,13,1059.2810959698463,1232.3944621629457,6898.0,530.7645019878171,0.3100927472114563,46.85831404239581,0.30770128912680383,C:\Users\sophi\napari-organoid-segmentation\reports\segmentations\organoid_measurements_all_kbO_segmentations\Controle - 93_labels.tif
Controle - 94.jpg,ConvPaint,1,32.29502254442578,153.47431703651313,11311.0,676.7178207935912,0.31518444418907166,60.003359261168505,0.3103813655988744,C:\Users\sophi\napari-organoid-segmentation\reports\segmentations\organoid_measurements_all_kbO_segmentations\Controle - 94_labels.tif
Controle - 94.jpg,ConvPaint,2,150.05786238944685,1883.589791635437,13342.0,615.2853172679884,0.2590284049510956,65.1681709231135,0.44287146345931916,C:\Users\sophi\napari-organoid-segmentation\reports\segmentations\organoid_measurements_all_kbO_segmentations\Controle - 94_labels.tif
Controle - 94.jpg,ConvPaint,3,225.38645106140476,1508.5924989314717,28076.0,811.0203820042827,0.26317042112350464,94.53501131589347,0.5363910963234526,C:\Users\sophi\napari-organoid-segmentation\reports\segmentations\organoid_measurements_all_kbO_segmentations\Controle - 94_labels.tif
Controle - 94.jpg,ConvPaint,4,288.29103088946783,1082.6085529654565,29557.0,1264.9453095790604,0.2853943407535553,96.99631594001033,0.23212756599520662,C:\Users\sophi\napari-organoid-segmentation\reports\segmentations\organoid_measurements_all_kbO_segmentations\Controle - 94_labels.tif
Controle - 94.jpg,ConvPaint,5,370.290243151739,650.2642736226531,25992.0,1274.9097756731276,0.29656198620796204,90.95883993152665,0.20095122591605086,C:\Users\sophi\napari-organoid-segmentation\reports\segmentations\organoid_measurements_all_kbO_segmentations\Controle - 94_labels.tif
Controle - 94.jpg,ConvPaint,6,447.7293673760944,243.68709476537603,27299.0,1398.2600640985718,0.30738770961761475,93.21771067201395,0.17546103821521886,C:\Users\sophi\napari-organoid-segmentation\reports\segmentations\organoid_measurements_all_kbO_segmentations\Controle - 94_labels.tif
Controle - 94.jpg,ConvPaint,7,648.2308565153734,1578.5199853587117,27320.0,754.4579361637687,0.2546404302120209,93.25355805834522,0.6031432842877273,C:\Users\sophi\napari-organoid-segmentation\reports\segmentations\organoid_measurements_all_kbO_segmentations\Controle - 94_labels.tif
Controle - 94.jpg,ConvPaint,8,725.540711814476,1146.1262631452746,29193.0,1498.3727624707797,0.2917979955673218,96.39720176106464,0.16339879583975667,C:\Users\sophi\napari-organoid-segmentation\reports\segmentations\organoid_measurements_all_kbO_segmentations\Controle - 94_labels.tif
Controle - 94.jpg,ConvPaint,9,798.9670257917074,718.7442703232125,30630.0,1629.479364188578,0.28526756167411804,98.74123664310423,0.14496365519392695,C:\Users\sophi\napari-organoid-segmentation\reports\segmentations\organoid_measurements_all_kbO_segmentations\Controle - 94_labels.tif
Controle - 94.jpg,ConvPaint,10,857.1948500904626,296.88094468855,30952.0,1282.7270555095806,0.28446054458618164,99.25889177882598,0.23639052796892232,C:\Users\sophi\napari-organoid-segmentation\reports\segmentations\organoid_measurements_all_kbO_segmentations\Controle - 94_labels.tif
Controle - 94.jpg,ConvPaint,11,1023.7897731763218,1642.6474353908163,25306.0,1373.6417023478423,0.19635319709777832,89.75048735113926,0.16853357509575204,C:\Users\sophi\napari-organoid-segmentation\reports\segmentations\organoid_measurements_all_kbO_segmentations\Controle - 94_labels.tif
Controle - 94.jpg,ConvPaint,12,1058.3029893599055,1226.196419523729,5921.0,588.5695885154503,0.3180961012840271,43.413279490200054,0.21478764117149315,C:\Users\sophi\napari-organoid-segmentation\reports\segmentations\organoid_measurements_all_kbO_segmentations\Controle - 94_labels.tif
Controle - 95.jpg,ConvPaint,1,56.68112050655232,259.1393419628902,24953.0,752.8538597629122,0.23397037386894226,89.12231252578744,0.5532370641725227,C:\Users\sophi\napari-organoid-segmentation\reports\segmentations\organoid_measurements_all_kbO_segmentations\Controle - 95_labels.tif
Controle - 95.jpg,ConvPaint,2,27.872916666666665,698.0131944444445,8640.0,708.9432175380073,0.32876408100128174,52.44232466841979,0.21602335293872293,C:\Users\sophi\napari-organoid-segmentation\reports\segmentations\organoid_measurements_all_kbO_segmentations\Controle - 95_labels.tif
Controle - 95.jpg,ConvPaint,3,280.47784461152884,1609.965664160401,39900.0,936.3818177180199,0.22083495557308197,112.69678104867613,0.5718430081355207,C:\Users\sophi\napari-organoid-segmentation\reports\segmentations\organoid_measurements_all_kbO_segmentations\Controle - 95_labels.tif
Controle - 95.jpg,ConvPaint,4,343.74537949150954,1177.4378772242549,31977.0,984.8792924010781,0.261968195438385,100.88902433118815,0.41426817240604114,C:\Users\sophi\napari-organoid-segmentation\reports\segmentations\organoid_measurements_all_kbO_segmentations\Controle - 95_labels.tif
Controle - 95.jpg,ConvPaint,5,415.1657194137003,767.1465375411307,26744.0,1226.744299452284,0.27948451042175293,92.26526755014206,0.22332026294397395,C:\Users\sophi\napari-organoid-segmentation\reports\segmentations\organoid_measurements_all_kbO_segmentations\Controle - 95_labels.tif
Controle - 95.jpg,ConvPaint,6,472.713921611289,325.50377645852114,32173.0,1285.8509011700821,0.27676138281822205,101.19774685333215,0.24452327049970127,C:\Users\sophi\napari-organoid-segmentation\reports\segmentations\organoid_measurements_all_kbO_segmentations\Controle - 95_labels.tif
Controle - 95.jpg,ConvPaint,7,708.0925068150085,1671.5731034329913,45121.0,1199.7199128346442,0.23119638860225677,119.84348282029698,0.39393887980865666,C:\Users\sophi\napari-organoid-segmentation\reports\segmentations\organoid_measurements_all_kbO_segmentations\Controle - 95_labels.tif
Controle - 95.jpg,ConvPaint,8,778.5454055739843,1254.1300501828698,35271.0,1028.4295449327724,0.2718208432197571,105.95804828132916,0.4190622569423202,C:\Users\sophi\napari-organoid-segmentation\reports\segmentations\organoid_measurements_all_kbO_segmentations\Controle - 95_labels.tif
Controle - 95.jpg,ConvPaint,9,809.9030973965597,791.4447059507206,34416.0,976.9026329981912,0.2578398585319519,104.66591156102993,0.4531768295990064,C:\Users\sophi\napari-organoid-segmentation\reports\segmentations\organoid_measurements_all_kbO_segmentations\Controle - 95_labels.tif
Controle - 95.jpg,ConvPaint,10,891.519746162928,378.5589728453365,33880.0,1140.7970773009195,0.2578584551811218,103.84767182708926,0.32714212167990414,C:\Users\sophi\napari-organoid-segmentation\reports\segmentations\organoid_measurements_all_kbO_segmentations\Controle - 95_labels.tif
Controle - 95.jpg,ConvPaint,11,968.4265484383271,33.17085759661197,7556.0,1079.1869042456533,0.3299058675765991,49.04232355837886,0.0815283175343113,C:\Users\sophi\napari-organoid-segmentation\reports\segmentations\organoid_measurements_all_kbO_segmentations\Controle - 95_labels.tif
Controle - 95.jpg,ConvPaint,12,1061.3447160316318,1702.8502875629044,5564.0,437.7878425849301,0.30011066794395447,42.084156243491584,0.3648123997843134,C:\Users\sophi\napari-organoid-segmentation\reports\segmentations\organoid_measurements_all_kbO_segmentations\Controle - 95_labels.tif
Controle 21.jpg,ConvPaint,1,189.27205483505105,1549.5342472508507,40558.0,946.9381669041239,0.21841779351234436,113.62223534080898,0.5683857119245914,C:\Users\sophi\napari-organoid-segmentation\reports\segmentations\organoid_measurements_all_kbO_segmentations\Controle 21_labels.tif
Controle 21.jpg,ConvPaint,2,236.74521882155642,1115.3384074563808,31007.0,991.8731957466684,0.25829553604125977,99.34704143003353,0.39605664576584926,C:\Users\sophi\napari-organoid-segmentation\reports\segmentations\organoid_measurements_all_kbO_segmentations\Controle 21_labels.tif
Controle 21.jpg,ConvPaint,3,301.3449405444361,711.2160382612113,30527.0,1083.9625535217635,0.2722889482975006,98.5750774563864,0.3264866532043555,C:\Users\sophi\napari-organoid-segmentation\reports\segmentations\organoid_measurements_all_kbO_segmentations\Controle 21_labels.tif
Controle 21.jpg,ConvPaint,4,376.444270716998,267.9772168863078,26862.0,960.9737008100567,0.26622140407562256,92.46859014102564,0.3655318327827872,C:\Users\sophi\napari-organoid-segmentation\reports\segmentations\organoid_measurements_all_kbO_segmentations\Controle 21_labels.tif
Controle 21.jpg,ConvPaint,5,605.9836663397891,1610.1810492767836,32632.0,1317.3006486383879,0.24843183159828186,101.91706533230565,0.2363108949772249,C:\Users\sophi\napari-organoid-segmentation\reports\segmentations\organoid_measurements_all_kbO_segmentations\Controle 21_labels.tif
Controle 21.jpg,ConvPaint,6,674.7345390070922,1196.017659574468,28200.0,1047.7077195258244,0.26525449752807617,94.74354220939229,0.32283356703158644,C:\Users\sophi\napari-organoid-segmentation\reports\segmentations\organoid_measurements_all_kbO_segmentations\Controle 21_labels.tif
Controle 21.jpg,ConvPaint,7,727.5775552801513,774.952025308199,30662.0,952.1574669941303,0.269157350063324,98.79280201597376,0.4250037755714616,C:\Users\sophi\napari-organoid-segmentation\reports\segmentations\organoid_measurements_all_kbO_segmentations\Controle 21_labels.tif
Controle 21.jpg,ConvPaint,8,780.7397514806643,338.54947160608526,34444.0,988.3462838120872,0.25699448585510254,104.70847969345408,0.44310349673919086,C:\Users\sophi\napari-organoid-segmentation\reports\segmentations\organoid_measurements_all_kbO_segmentations\Controle 21_labels.tif
Controle 21.jpg,ConvPaint,9,846.0051629187701,27.397544745296006,8716.0,531.6995308303615,0.27240505814552307,52.672468785675115,0.3874311462029436,C:\Users\sophi\napari-organoid-segmentation\reports\segmentations\organoid_measurements_all_kbO_segmentations\Controle 21_labels.tif
Controle 21.jpg,ConvPaint,10,1023.8519045290902,1691.6634517089649,22499.0,1484.553390593274,0.18973341584205627,84.62655687932191,0.12828664200116136,C:\Users\sophi\napari-organoid-segmentation\reports\segmentations\organoid_measurements_all_kbO_segmentations\Controle 21_labels.tif
Controle 21.jpg,ConvPaint,11,1049.1635185185185,1255.7813888888888,10800.0,705.0020920410531,0.2886779308319092,58.632301428350395,0.27305668161022745,C:\Users\sophi\napari-organoid-segmentation\reports\segmentations\organoid_measurements_all_kbO_segmentations\Controle 21_labels.tif
Controle 22.jpg,ConvPaint,1,42.73531619982674,214.85451920300318,17315.0,733.8244225113895,0.25608718395233154,74.23971766697619,0.40406202587215695,C:\Users\sophi\napari-organoid-segmentation\reports\segmentations\organoid_measurements_all_kbO_segmentations\Controle 22_labels.tif
Controle 22.jpg,ConvPaint,2,247.69957513416816,1891.7023703041145,8944.0,535.4213562373095,0.26861560344696045,53.356945396338276,0.3920579592183656,C:\Users\sophi\napari-organoid-segmentation\reports\segmentations\organoid_measurements_all_kbO_segmentations\Controle 22_labels.tif
Controle 22.jpg,ConvPaint,3,296.34569088540053,1517.0255010237638,32234.0,1135.0275246792191,0.2582002878189087,101.29363687442715,0.31442080755435275,C:\Users\sophi\napari-organoid-segmentation\reports\segmentations\organoid_measurements_all_kbO_segmentations\Controle 22_labels.tif
Controle 22.jpg,ConvPaint,4,331.5853501892915,1090.6892239048134,29584.0,1293.7442994522837,0.2657182216644287,97.04060837021409,0.22211089363048425,C:\Users\sophi\napari-organoid-segmentation\reports\segmentations\organoid_measurements_all_kbO_segmentations\Controle 22_labels.tif
Controle 22.jpg,ConvPaint,5,372.910707580981,667.6236474724375,29297.0,1280.3483758531402,0.27345210313796997,96.5687565184854,0.224582910228915,C:\Users\sophi\napari-organoid-segmentation\reports\segmentations\organoid_measurements_all_kbO_segmentations\Controle 22_labels.tif
Controle 22.jpg,ConvPaint,6,405.4111208834164,247.63334310563863,30699.0,1810.4743135546946,0.2803775668144226,98.85239094708935,0.11769265436084732,C:\Users\sophi\napari-organoid-segmentation\reports\segmentations\organoid_measurements_all_kbO_segmentations\Controle 22_labels.tif
Controle 22.jpg,ConvPaint,7,719.4022779661017,1557.9846508474577,36875.0,991.1808075912433,0.25069230794906616,108.34056051649023,0.4716676871337898,C:\Users\sophi\napari-organoid-segmentation\reports\segmentations\organoid_measurements_all_kbO_segmentations\Controle 22_labels.tif
Controle 22.jpg,ConvPaint,8,760.7282983390786,1129.6923987604025,28719.0,1848.540330732677,0.2908734977245331,95.61140947246979,0.10561395763542672,C:\Users\sophi\napari-organoid-segmentation\reports\segmentations\organoid_measurements_all_kbO_segmentations\Controle 22_labels.tif
Controle 22.jpg,ConvPaint,9,817.9259027994589,719.1114580081174,28827.0,1667.290547370621,0.2851286828517914,95.79101778883098,0.13031269789916244,C:\Users\sophi\napari-organoid-segmentation\reports\segmentations\organoid_measurements_all_kbO_segmentations\Controle 22_labels.tif
Controle 22.jpg,ConvPaint,10,849.9004486079958,305.4898403483309,30316.0,1238.5310960166871,0.26309049129486084,98.23381550946598,0.2483521548159467,C:\Users\sophi\napari-organoid-segmentation\reports\segmentations\organoid_measurements_all_kbO_segmentations\Controle 22_labels.tif
Controle 23.jpg,ConvPaint,1,262.7244319841131,1877.0086443548857,17121.0,751.1320343559643,0.2079026997089386,73.82264937912132,0.38133478487259836,C:\Users\sophi\napari-organoid-segmentation\reports\segmentations\organoid_measurements_all_kbO_segmentations\Controle 23_labels.tif
Controle 23.jpg,ConvPaint,2,273.39086122486685,1536.3576685038643,32477.0,831.9493141924172,0.2142387479543686,101.67472731013824,0.5896469184062423,C:\Users\sophi\napari-organoid-segmentation\reports\segmentations\organoid_measurements_all_kbO_segmentations\Controle 23_labels.tif
Controle 23.jpg,ConvPaint,3,303.91047120418847,1089.7395661929693,40110.0,914.6122650963196,0.20898108184337616,112.9929623243494,0.6025436083615302,C:\Users\sophi\napari-organoid-segmentation\reports\segmentations\organoid_measurements_all_kbO_segmentations\Controle 23_labels.tif
Controle 23.jpg,ConvPaint,4,320.407010194107,674.3666247730764,35805.0,1252.0691552395617,0.2357749491930008,106.75713313315708,0.2870099205373848,C:\Users\sophi\napari-organoid-segmentation\reports\segmentations\organoid_measurements_all_kbO_segmentations\Controle 23_labels.tif
Controle 23.jpg,ConvPaint,5,338.5470588235294,232.36462692459534,25330.0,798.8132752230962,0.25105875730514526,89.79303657319657,0.4988322307137305,C:\Users\sophi\napari-organoid-segmentation\reports\segmentations\organoid_measurements_all_kbO_segmentations\Controle 23_labels.tif
Controle 23.jpg,ConvPaint,6,701.0464868160342,1885.5759792714525,13122.0,674.8061325481597,0.2343616932630539,64.6286494250321,0.36211945323160727,C:\Users\sophi\napari-organoid-segmentation\reports\segmentations\organoid_measurements_all_kbO_segmentations\Controle 23_labels.tif
Controle 23.jpg,ConvPaint,7,719.4059866317931,1531.0942749200813,34410.0,1063.8498551495554,0.2350463569164276,104.65678756575818,0.3820620125757615,C:\Users\sophi\napari-organoid-segmentation\reports\segmentations\organoid_measurements_all_kbO_segmentations\Controle 23_labels.tif
Controle 23.jpg,ConvPaint,8,729.3283792152226,1115.5147216123403,35526.0,872.7127701597078,0.23378965258598328,106.34038281182436,0.5861564032578077,C:\Users\sophi\napari-organoid-segmentation\reports\segmentations\organoid_measurements_all_kbO_segmentations\Controle 23_labels.tif
Controle 23.jpg,ConvPaint,9,762.1839681936445,692.5948782412956,34207.0,1031.5128060534576,0.2473297268152237,104.34762228574702,0.40399464042135547,C:\Users\sophi\napari-organoid-segmentation\reports\segmentations\organoid_measurements_all_kbO_segmentations\Controle 23_labels.tif
Controle 23.jpg,ConvPaint,10,788.4689996335654,261.95720043972153,27290.0,788.9198769408944,0.24368561804294586,93.20234328575462,0.5509949304920847,C:\Users\sophi\napari-organoid-segmentation\reports\segmentations\organoid_measurements_all_kbO_segmentations\Controle 23_labels.tif
Controle 24.jpg,ConvPaint,1,64.17990893802043,219.1833955453464,24379.0,858.1147904132612,0.23424646258354187,88.09129761375202,0.41603989334159003,C:\Users\sophi\napari-organoid-segmentation\reports\segmentations\organoid_measurements_all_kbO_segmentations\Controle 24_labels.tif
Controle 24.jpg,ConvPaint,2,37.23741785209217,629.8429415190084,12021.0,522.2436867076458,0.2477090060710907,61.85792707337797,0.5538651811512425,C:\Users\sophi\napari-organoid-segmentation\reports\segmentations\organoid_measurements_all_kbO_segmentations\Controle 24_labels.tif
Controle 24.jpg,ConvPaint,3,311.98937892464676,1545.066179356358,40768.0,946.6183617507293,0.20015902817249298,113.91601046359014,0.5717147825706294,C:\Users\sophi\napari-organoid-segmentation\reports\segmentations\organoid_measurements_all_kbO_segmentations\Controle 24_labels.tif
Controle 24.jpg,ConvPaint,4,366.7180138631907,1132.8476982132502,36211.0,1312.9514062334702,0.2301909178495407,107.36069713168429,0.2639690911251879,C:\Users\sophi\napari-organoid-segmentation\reports\segmentations\organoid_measurements_all_kbO_segmentations\Controle 24_labels.tif
Controle 24.jpg,ConvPaint,5,425.5284701759974,695.0677311459743,25114.0,789.1503243191939,0.2514260411262512,89.40936461925965,0.5067646065358135,C:\Users\sophi\napari-organoid-segmentation\reports\segmentations\organoid_measurements_all_kbO_segmentations\Controle 24_labels.tif
Controle 24.jpg,ConvPaint,6,495.82900557011794,276.02219855832243,24416.0,877.5239533417508,0.2643451690673828,88.15812033535784,0.39844320080593615,C:\Users\sophi\napari-organoid-segmentation\reports\segmentations\organoid_measurements_all_kbO_segmentations\Controle 24_labels.tif
Controle 24.jpg,ConvPaint,7,733.4886613826508,1610.3263154997799,36336.0,847.2985565973347,0.22076773643493652,107.54584150200424,0.6360247966063356,C:\Users\sophi\napari-organoid-segmentation\reports\segmentations\organoid_measurements_all_kbO_segmentations\Controle 24_labels.tif
Controle 24.jpg,ConvPaint,8,804.8906741281334,1191.8124152652379,34667.0,950.8670990922585,0.23997144401073456,105.0468886942087,0.48182184154049834,C:\Users\sophi\napari-organoid-segmentation\reports\segmentations\organoid_measurements_all_kbO_segmentations\Controle 24_labels.tif
Controle 24.jpg,ConvPaint,9,870.6275134600594,765.3724865399406,27303.0,809.4701294725885,0.24273134768009186,93.22453980833608,0.5236228358624244,C:\Users\sophi\napari-organoid-segmentation\reports\segmentations\organoid_measurements_all_kbO_segmentations\Controle 24_labels.tif
Controle 24.jpg,ConvPaint,10,919.0536115337245,345.75950880243425,27606.0,905.6122650963193,0.2520311772823334,93.7404006711606,0.4229886909701325,C:\Users\sophi\napari-organoid-segmentation\reports\segmentations\organoid_measurements_all_kbO_segmentations\Controle 24_labels.tif
Controle 69.jpg,ConvPaint,1,60.67825432059616,167.11816235928333,25228.0,1258.4417382415922,0.30394428968429565,89.6120628523006,0.20018266123932685,C:\Users\sophi\napari-organoid-segmentation\reports\segmentations\organoid_measurements_all_kbO_segmentations\Controle 69_labels.tif
Controle 69.jpg,ConvPaint,2,27.012874251497006,596.5108782435129,10020.0,909.7838379715732,0.3436241149902344,56.475349131825496,0.15212519594876003,C:\Users\sophi\napari-organoid-segmentation\reports\segmentations\organoid_measurements_all_kbO_segmentations\Controle 69_labels.tif
Controle 69.jpg,ConvPaint,3,192.42621114533745,1880.3943573228787,14284.0,939.2335854398791,0.29335084557533264,67.4295069998978,0.20347566563568276,C:\Users\sophi\napari-organoid-segmentation\reports\segmentations\organoid_measurements_all_kbO_segmentations\Controle 69_labels.tif
Controle 69.jpg,ConvPaint,4,249.06968993306924,1515.1912853435324,36605.0,2479.1464991745866,0.3207499384880066,107.94319517115314,0.0748420876081687,C:\Users\sophi\napari-organoid-segmentation\reports\segmentations\organoid_measurements_all_kbO_segmentations\Controle 69_labels.tif
Controle 69.jpg,ConvPaint,5,322.38901006295544,1085.5896743171566,40346.0,2653.4541110191612,0.317008376121521,113.32488988731124,0.07200906727200308,C:\Users\sophi\napari-organoid-segmentation\reports\segmentations\organoid_measurements_all_kbO_segmentations\Controle 69_labels.tif
Controle 69.jpg,ConvPaint,6,381.80948373429294,661.7782001799239,34459.0,1833.1545084013,0.31811943650245667,104.73127693295467,0.12885889166742237,C:\Users\sophi\napari-organoid-segmentation\reports\segmentations\organoid_measurements_all_kbO_segmentations\Controle 69_labels.tif
Controle 69.jpg,ConvPaint,7,445.60775423112364,219.86208234324232,41242.0,2316.553570062023,0.30392441153526306,114.57633405722098,0.09657503775288483,C:\Users\sophi\napari-organoid-segmentation\reports\segmentations\organoid_measurements_all_kbO_segmentations\Controle 69_labels.tif
Controle 69.jpg,ConvPaint,8,682.2514749262536,1566.4841161788065,35256.0,2241.298736066084,0.30832546949386597,105.93551504238663,0.08819488719586804,C:\Users\sophi\napari-organoid-segmentation\reports\segmentations\organoid_measurements_all_kbO_segmentations\Controle 69_labels.tif
Controle 69.jpg,ConvPaint,9,755.9787997046725,1136.7253981647505,37924.0,2241.174890405583,0.3183898329734802,109.8707610041638,0.09487952586304939,C:\Users\sophi\napari-organoid-segmentation\reports\segmentations\organoid_measurements_all_kbO_segmentations\Controle 69_labels.tif
Controle 69.jpg,ConvPaint,10,801.1399299229153,706.1619901892082,35675.0,2176.7901140947324,0.32355397939682007,106.56315118091588,0.0946108039645048,C:\Users\sophi\napari-organoid-segmentation\reports\segmentations\organoid_measurements_all_kbO_segmentations\Controle 69_labels.tif
Controle 69.jpg,ConvPaint,11,872.2613763566458,282.1257361171947,41094.0,1890.6824663564078,0.31965023279190063,114.37056641827343,0.14446115646236876,C:\Users\sophi\napari-organoid-segmentation\reports\segmentations\organoid_measurements_all_kbO_segmentations\Controle 69_labels.tif
Controle 69.jpg,ConvPaint,12,1044.3352605999664,1629.1288754818167,11934.0,1156.6904755831215,0.3295961320400238,61.6336773340465,0.11208863449692284,C:\Users\sophi\napari-organoid-segmentation\reports\segmentations\organoid_measurements_all_kbO_segmentations\Controle 69_labels.tif
Controle 70.jpg,ConvPaint,1,51.82996165542774,157.17664947772047,22689.0,1484.419443665006,0.3075917363166809,84.98313366559289,0.12939334808815742,C:\Users\sophi\napari-organoid-segmentation\reports\segmentations\organoid_measurements_all_kbO_segmentations\Controle 70_labels.tif
Controle 70.jpg,ConvPaint,2,35.98309218013331,584.1613558770931,12302.0,1229.7554467405769,0.33496832847595215,62.576738648103046,0.10222287168217366,C:\Users\sophi\napari-organoid-segmentation\reports\segmentations\organoid_measurements_all_kbO_segmentations\Controle 70_labels.tif
Controle 70.jpg,ConvPaint,3,110.01668984700973,1895.4459476545708,7909.0,1264.589970519733,0.35180673003196716,50.1748232665308,0.062148689222431046,C:\Users\sophi\napari-organoid-segmentation\reports\segmentations\organoid_measurements_all_kbO_segmentations\Controle 70_labels.tif
Controle 70.jpg,ConvPaint,4,232.39452894705812,1504.6605647918877,33924.0,3040.757718250379,0.32121074199676514,103.91508350041833,0.046105558054027974,C:\Users\sophi\napari-organoid-segmentation\reports\segmentations\organoid_measurements_all_kbO_segmentations\Controle 70_labels.tif
Controle 70.jpg,ConvPaint,5,295.0757811811047,1095.7102501543254,34019.0,2993.651116532581,0.33109089732170105,104.06048249977691,0.04770117046790458,C:\Users\sophi\napari-organoid-segmentation\reports\segmentations\organoid_measurements_all_kbO_segmentations\Controle 70_labels.tif
Controle 70.jpg,ConvPaint,6,362.8464469649609,664.8919353398231,33591.0,2389.310929374904,0.3212546110153198,103.40380740959064,0.07394136396891877,C:\Users\sophi\napari-organoid-segmentation\reports\segmentations\organoid_measurements_all_kbO_segmentations\Controle 70_labels.tif
Controle 70.jpg,ConvPaint,7,445.70551154747295,232.4183867008814,35852.0,1687.267206773508,0.31237420439720154,106.82717837451884,0.15825430034814642,C:\Users\sophi\napari-organoid-segmentation\reports\segmentations\organoid_measurements_all_kbO_segmentations\Controle 70_labels.tif
Controle 70.jpg,ConvPaint,8,648.4650214658554,1574.5153040738796,32377.0,2782.2064196981582,0.31567761301994324,101.51807319375496,0.052561502651390965,C:\Users\sophi\napari-organoid-segmentation\reports\segmentations\organoid_measurements_all_kbO_segmentations\Controle 70_labels.tif
Controle 70.jpg,ConvPaint,9,714.1777655172414,1160.670924137931,36250.0,2877.2247096613883,0.32319891452789307,107.41849642478903,0.055026300075787474,C:\Users\sophi\napari-organoid-segmentation\reports\segmentations\organoid_measurements_all_kbO_segmentations\Controle 70_labels.tif
Controle 70.jpg,ConvPaint,10,790.5159110109828,734.5882081871944,39061.0,2211.281492123381,0.30850130319595337,111.50561629005531,0.10038415312495595,C:\Users\sophi\napari-organoid-segmentation\reports\segmentations\organoid_measurements_all_kbO_segmentations\Controle 70_labels.tif
Controle 70.jpg,ConvPaint,11,861.6775767323415,299.1968636911942,37305.0,1755.5159441150372,0.2972627878189087,108.97041022262104,0.1521133573545741,C:\Users\sophi\napari-organoid-segmentation\reports\segmentations\organoid_measurements_all_kbO_segmentations\Controle 70_labels.tif
Controle 70.jpg,ConvPaint,12,1028.2242375168692,1631.4853981106612,18525.0,1435.152416360247,0.29651567339897156,76.7899123684532,0.11302435246413231,C:\Users\sophi\napari-organoid-segmentation\reports\segmentations\organoid_measurements_all_kbO_segmentations\Controle 70_labels.tif
Controle 70.jpg,ConvPaint,13,1055.8497865528282,1222.1075240128068,7496.0,926.0031380615796,0.38141387701034546,48.84722005225778,0.10985365851492161,C:\Users\sophi\napari-organoid-segmentation\reports\segmentations\organoid_measurements_all_kbO_segmentations\Controle 70_labels.tif
Controle 71.jpg,ConvPaint,1,63.80844650898904,270.9726605439523,28201.0,1336.407250356186,0.29828548431396484,94.74522204453943,0.19842515412690798,C:\Users\sophi\napari-organoid-segmentation\reports\segmentations\organoid_measurements_all_kbO_segmentations\Controle 71_labels.tif
Controle 71.jpg,ConvPaint,2,47.73711716774375,700.6705254284911,17795.0,1147.4062043356596,0.3089931607246399,75.2617062299318,0.16985309645885432,C:\Users\sophi\napari-organoid-segmentation\reports\segmentations\organoid_measurements_all_kbO_segmentations\Controle 71_labels.tif
Controle 71.jpg,ConvPaint,3,265.3700074494298,1619.169703741906,34902.0,2685.9749262993328,0.30728909373283386,105.40233226825042,0.0607933771709477,C:\Users\sophi\napari-organoid-segmentation\reports\segmentations\organoid_measurements_all_kbO_segmentations\Controle 71_labels.tif
Controle 71.jpg,ConvPaint,4,325.9500598597571,1207.6947437432302,35082.0,2316.53022946491,0.32152482867240906,105.67377833265803,0.08215202338527842,C:\Users\sophi\napari-organoid-segmentation\reports\segmentations\organoid_measurements_all_kbO_segmentations\Controle 71_labels.tif
Controle 71.jpg,ConvPaint,5,390.0951791268287,775.6029835272434,34724.0,1938.818505325729,0.3152697682380676,105.13321305774853,0.11608211146478457,C:\Users\sophi\napari-organoid-segmentation\reports\segmentations\organoid_measurements_all_kbO_segmentations\Controle 71_labels.tif
Controle 71.jpg,ConvPaint,6,469.39380421313507,343.4563403552251,36315.0,1602.6275964667188,0.3069305717945099,107.51475952986343,0.17767678160382713,C:\Users\sophi\napari-organoid-segmentation\reports\segmentations\organoid_measurements_all_kbO_segmentations\Controle 71_labels.tif
Controle 71.jpg,ConvPaint,7,682.8290488037102,1683.351085721306,32559.0,2647.188129734929,0.30313801765441895,101.8030038076384,0.058386347571103926,C:\Users\sophi\napari-organoid-segmentation\reports\segmentations\organoid_measurements_all_kbO_segmentations\Controle 71_labels.tif
Controle 71.jpg,ConvPaint,8,745.0951710316064,1268.3326381929962,36923.0,2471.998266896446,0.3119600713253021,108.4110507631215,0.07592949657407486,C:\Users\sophi\napari-organoid-segmentation\reports\segmentations\organoid_measurements_all_kbO_segmentations\Controle 71_labels.tif
Controle 71.jpg,ConvPaint,9,818.1357802809771,842.2532843943804,39505.0,1832.107827207074,0.29910168051719666,112.13755862194722,0.14789717204531683,C:\Users\sophi\napari-organoid-segmentation\reports\segmentations\organoid_measurements_all_kbO_segmentations\Controle 71_labels.tif
Controle 71.jpg,ConvPaint,10,886.9506788290199,407.03566504030545,37712.0,1451.916918348064,0.2923889756202698,109.56323483615805,0.22480496434682962,C:\Users\sophi\napari-organoid-segmentation\reports\segmentations\organoid_measurements_all_kbO_segmentations\Controle 71_labels.tif
Controle 71.jpg,ConvPaint,11,961.0729151611505,35.92368839427663,13838.0,703.475180106472,0.283211350440979,66.36845790743745,0.3513869526086631,C:\Users\sophi\napari-organoid-segmentation\reports\segmentations\organoid_measurements_all_kbO_segmentations\Controle 71_labels.tif
Controle 71.jpg,ConvPaint,12,1046.4018396609251,1738.4069798899811,11089.0,1428.2285348059959,0.2555445432662964,59.41160095378726,0.06831354710334203,C:\Users\sophi\napari-organoid-segmentation\reports\segmentations\organoid_measurements_all_kbO_segmentations\Controle 71_labels.tif
Controle 72.jpg,ConvPaint,1,35.242142298670835,174.3312744331509,12790.0,1309.2112908632926,0.3063848912715912,63.805826099900024,0.09376935406012066,C:\Users\sophi\napari-organoid-segmentation\reports\segmentations\organoid_measurements_all_kbO_segmentations\Controle 72_labels.tif
Controle 72.jpg,ConvPaint,2,167.50815260408422,1895.8592686401773,6317.0,948.0031380615796,0.3505554795265198,44.84153823212363,0.0883285682892639,C:\Users\sophi\napari-organoid-segmentation\reports\segmentations\organoid_measurements_all_kbO_segmentations\Controle 72_labels.tif
Controle 72.jpg,ConvPaint,3,238.7738542216154,1531.7759021938127,32227.0,2739.999312916972,0.30140212178230286,101.28263771271472,0.05394222240036658,C:\Users\sophi\napari-organoid-segmentation\reports\segmentations\organoid_measurements_all_kbO_segmentations\Controle 72_labels.tif
Controle 72.jpg,ConvPaint,4,311.91516092603047,1103.93740824393,35420.0,2487.2764414894973,0.31114259362220764,106.18161878889333,0.07194660544332429,C:\Users\sophi\napari-organoid-segmentation\reports\segmentations\organoid_measurements_all_kbO_segmentations\Controle 72_labels.tif
Controle 72.jpg,ConvPaint,5,364.043048562828,678.463517941341,37539.0,2625.7089450150997,0.31582117080688477,109.31164081401998,0.06842257210856767,C:\Users\sophi\napari-organoid-segmentation\reports\segmentations\organoid_measurements_all_kbO_segmentations\Controle 72_labels.tif
Controle 72.jpg,ConvPaint,6,432.8575491467917,250.64793932741244,40084.0,2945.8348827166546,0.3209822475910187,112.9563343854211,0.05804490656801998,C:\Users\sophi\napari-organoid-segmentation\reports\segmentations\organoid_measurements_all_kbO_segmentations\Controle 72_labels.tif
Controle 72.jpg,ConvPaint,7,656.2564035716614,1593.6230528579808,30686.0,2095.2571055057415,0.31791263818740845,98.83145838970404,0.0878365967278942,C:\Users\sophi\napari-organoid-segmentation\reports\segmentations\organoid_measurements_all_kbO_segmentations\Controle 72_labels.tif
Controle 72.jpg,ConvPaint,8,729.7094902006532,1162.7030447970135,34288.0,1859.0073221436858,0.31774064898490906,104.47109350183818,0.12467799713540598,C:\Users\sophi\napari-organoid-segmentation\reports\segmentations\organoid_measurements_all_kbO_segmentations\Controle 72_labels.tif
Controle 72.jpg,ConvPaint,9,788.5153799321602,736.1577421505813,34493.0,2099.275395468971,0.3282257318496704,104.78293231312766,0.09835625882093278,C:\Users\sophi\napari-organoid-segmentation\reports\segmentations\organoid_measurements_all_kbO_segmentations\Controle 72_labels.tif
Controle 72.jpg,ConvPaint,10,850.5626213010662,312.81145321672454,41735.0,1777.6347391416552,0.3036051392555237,115.25911287130621,0.16596833006339062,C:\Users\sophi\napari-organoid-segmentation\reports\segmentations\organoid_measurements_all_kbO_segmentations\Controle 72_labels.tif
Controle 72.jpg,ConvPaint,11,1033.4446929547332,1662.7425973647105,20567.0,1567.500612744638,0.2634018063545227,80.91155312526155,0.10518780038695225,C:\Users\sophi\napari-organoid-segmentation\reports\segmentations\organoid_measurements_all_kbO_segmentations\Controle 72_labels.tif
Controle 72.jpg,ConvPaint,12,1054.6477794793261,1240.947549770291,7836.0,686.422402257836,0.34042981266975403,49.94272988269848,0.2089880211163555,C:\Users\sophi\napari-organoid-segmentation\reports\segmentations\organoid_measurements_all_kbO_segmentations\Controle 72_labels.tif
Controle- 96.jpg,ConvPaint,1,45.12146650676718,300.5806064759294,17511.0,875.6000717874997,0.27619749307632446,74.65871963116136,0.28701806687223574,C:\Users\sophi\napari-organoid-segmentation\reports\segmentations\organoid_measurements_all_kbO_segmentations\Controle- 96_labels.tif
Controle- 96.jpg,ConvPaint,2,186.62813136915972,1632.867856866438,38761.0,1173.370670429727,0.24861599504947662,111.07659293645044,0.35378089817360514,C:\Users\sophi\napari-organoid-segmentation\reports\segmentations\organoid_measurements_all_kbO_segmentations\Controle- 96_labels.tif
Controle- 96.jpg,ConvPaint,3,253.7837154865138,1210.6599989360004,37594.0,1275.7026688919411,0.26274174451828003,109.39169009204231,0.2902882604511825,C:\Users\sophi\napari-organoid-segmentation\reports\segmentations\organoid_measurements_all_kbO_segmentations\Controle- 96_labels.tif
Controle- 96.jpg,ConvPaint,4,340.7640917405375,782.0715913887716,35535.0,1781.6986642785844,0.2799021303653717,106.35385186038633,0.14066876512568338,C:\Users\sophi\napari-organoid-segmentation\reports\segmentations\organoid_measurements_all_kbO_segmentations\Controle- 96_labels.tif
Controle- 96.jpg,ConvPaint,5,417.0909344774187,372.41448554238275,39391.0,1555.9230150024741,0.2677706182003021,111.97564345278708,0.20447050068702802,C:\Users\sophi\napari-organoid-segmentation\reports\segmentations\organoid_measurements_all_kbO_segmentations\Controle- 96_labels.tif
Controle- 96.jpg,ConvPaint,6,605.1266337791792,1707.1164623912932,39326.0,1052.0447686219222,0.25322461128234863,111.88321850958593,0.4464997259033262,C:\Users\sophi\napari-organoid-segmentation\reports\segmentations\organoid_measurements_all_kbO_segmentations\Controle- 96_labels.tif
Controle- 96.jpg,ConvPaint,7,685.258954996819,1285.0053384228142,36153.0,1512.2123368838193,0.2864053249359131,107.27468161314944,0.19866833479756352,C:\Users\sophi\napari-organoid-segmentation\reports\segmentations\organoid_measurements_all_kbO_segmentations\Controle- 96_labels.tif
Controle- 96.jpg,ConvPaint,8,784.973965915903,854.7053466929291,35031.0,1109.5067093990478,0.2653018534183502,105.59693945803718,0.35760413610845365,C:\Users\sophi\napari-organoid-segmentation\reports\segmentations\organoid_measurements_all_kbO_segmentations\Controle- 96_labels.tif
Controle- 96.jpg,ConvPaint,9,847.7191000049778,435.58601722335607,40178.0,1160.613311116846,0.2634546160697937,113.08870238486399,0.3748202828474169,C:\Users\sophi\napari-organoid-segmentation\reports\segmentations\organoid_measurements_all_kbO_segmentations\Controle- 96_labels.tif
Controle- 96.jpg,ConvPaint,10,923.2281819791114,42.80323951141795,11298.0,957.3879143724298,0.3056081533432007,59.968867707373526,0.15489434151709783,C:\Users\sophi\napari-organoid-segmentation\reports\segmentations\organoid_measurements_all_kbO_segmentations\Controle- 96_labels.tif
Controle- 96.jpg,ConvPaint,11,1005.9238850929395,1771.069429138197,27222.0,2153.6265504461926,0.21244005858898163,93.08615214786327,0.07375459801856565,C:\Users\sophi\napari-organoid-segmentation\reports\segmentations\organoid_measurements_all_kbO_segmentations\Controle- 96_labels.tif
Controle- 96.jpg,ConvPaint,12,1040.755828849603,1355.4843282944744,11709.0,819.5645378815669,0.2767537832260132,61.04990137032168,0.21906013608696512,C:\Users\sophi\napari-organoid-segmentation\reports\segmentations\organoid_measurements_all_kbO_segmentations\Controle- 96_labels.tif
