image_name,segmentation_method,object_id,centroid_y_px,centroid_x_px,area_px,perimeter_px,mean_intensity,equivalent_radius_px,circularity,segmentation_file
Condição 1 - 1_.jpg,ConvPaint,1,1.5142857142857142,1612.5714285714287,35.0,26.44974746830583,0.38935571908950806,3.3377905890622728,0.6286875333537318,C:\Users\sophi\napari-organoid-segmentation\reports\segmentations\organoid_measurements_aspirina_1_v2_segmentations\Condição 1 - 1__labels.tif
Condição 1 - 1_.jpg,ConvPaint,2,2.5,1634.0,2.0,0.0,0.5137255191802979,0.7978845608028654,,C:\Users\sophi\napari-organoid-segmentation\reports\segmentations\organoid_measurements_aspirina_1_v2_segmentations\Condição 1 - 1__labels.tif
Condição 1 - 1_.jpg,ConvPaint,3,249.2686454254183,322.52794588821644,22472.0,2409.3393206059,0.26498526334762573,84.57576344510373,0.0486469541167059,C:\Users\sophi\napari-organoid-segmentation\reports\segmentations\organoid_measurements_aspirina_1_v2_segmentations\Condição 1 - 1__labels.tif
Condição 1 - 1_.jpg,ConvPaint,4,161.5,306.0,2.0,0.0,0.4862745404243469,0.7978845608028654,,C:\Users\sophi\napari-organoid-segmentation\reports\segmentations\organoid_measurements_aspirina_1_v2_segmentations\Condição 1 - 1__labels.tif
Condição 1 - 1_.jpg,ConvPaint,5,163.11764705882354,333.88235294117646,17.0,14.035533905932738,0.3727796971797943,2.326213245840639,1.084428468185178,C:\Users\sophi\napari-organoid-segmentation\reports\segmentations\organoid_measurements_aspirina_1_v2_segmentations\Condição 1 - 1__labels.tif
Condição 1 - 1_.jpg,ConvPaint,6,164.0,286.0,1.0,0.0,0.529411792755127,0.5641895835477563,,C:\Users\sophi\napari-organoid-segmentation\reports\segmentations\organoid_measurements_aspirina_1_v2_segmentations\Condição 1 - 1__labels.tif
Condição 1 - 1_.jpg,ConvPaint,7,166.0,290.0,1.0,0.0,0.5686274766921997,0.5641895835477563,,C:\Users\sophi\napari-organoid-segmentation\reports\segmentations\organoid_measurements_aspirina_1_v2_segmentations\Condição 1 - 1__labels.tif
Condição 1 - 1_.jpg,ConvPaint,8,169.0,365.0,1.0,0.0,0.5098039507865906,0.5641895835477563,,C:\Users\sophi\napari-organoid-segmentation\reports\segmentations\organoid_measurements_aspirina_1_v2_segmentations\Condição 1 - 1__labels.tif
Condição 1 - 1_.jpg,ConvPaint,9,174.0,340.0,1.0,0.0,0.3843137323856354,0.5641895835477563,,C:\Users\sophi\napari-organoid-segmentation\reports\segmentations\organoid_measurements_aspirina_1_v2_segmentations\Condição 1 - 1__labels.tif
Condição 1 - 1_.jpg,ConvPaint,10,176.0,281.0,1.0,0.0,0.5372549295425415,0.5641895835477563,,C:\Users\sophi\napari-organoid-segmentation\reports\segmentations\organoid_measurements_aspirina_1_v2_segmentations\Condição 1 - 1__labels.tif
Condição 1 - 1_.jpg,ConvPaint,11,176.0,284.0,1.0,0.0,0.4627451002597809,0.5641895835477563,,C:\Users\sophi\napari-organoid-segmentation\reports\segmentations\organoid_measurements_aspirina_1_v2_segmentations\Condição 1 - 1__labels.tif
Condição 1 - 1_.jpg,ConvPaint,12,176.0,290.0,1.0,0.0,0.4156862795352936,0.5641895835477563,,C:\Users\sophi\napari-organoid-segmentation\reports\segmentations\organoid_measurements_aspirina_1_v2_segmentations\Condição 1 - 1__labels.tif
Condição 1 - 1_.jpg,ConvPaint,13,177.33333333333334,286.6666666666667,3.0,3.414213562373095,0.45098039507865906,0.9772050238058398,3.2340725067158833,C:\Users\sophi\napari-organoid-segmentation\reports\segmentations\organoid_measurements_aspirina_1_v2_segmentations\Condição 1 - 1__labels.tif
Condição 1 - 1_.jpg,ConvPaint,14,182.0,380.0,1.0,0.0,0.6705882549285889,0.5641895835477563,,C:\Users\sophi\napari-organoid-segmentation\reports\segmentations\organoid_measurements_aspirina_1_v2_segmentations\Condição 1 - 1__labels.tif
Condição 1 - 1_.jpg,ConvPaint,15,196.0,269.0,1.0,0.0,0.3764705955982208,0.5641895835477563,,C:\Users\sophi\napari-organoid-segmentation\reports\segmentations\organoid_measurements_aspirina_1_v2_segmentations\Condição 1 - 1__labels.tif
Condição 1 - 1_.jpg,ConvPaint,16,198.0,269.0,1.0,0.0,0.3529411852359772,0.5641895835477563,,C:\Users\sophi\napari-organoid-segmentation\reports\segmentations\organoid_measurements_aspirina_1_v2_segmentations\Condição 1 - 1__labels.tif
Condição 1 - 1_.jpg,ConvPaint,17,283.106187890585,739.128521667862,19522.0,2103.5931085813127,0.26789042353630066,78.82921792127563,0.055438400768055514,C:\Users\sophi\napari-organoid-segmentation\reports\segmentations\organoid_measurements_aspirina_1_v2_segmentations\Condição 1 - 1__labels.tif
Condição 1 - 1_.jpg,ConvPaint,18,201.0,758.0,1.0,0.0,0.5333333611488342,0.5641895835477563,,C:\Users\sophi\napari-organoid-segmentation\reports\segmentations\organoid_measurements_aspirina_1_v2_segmentations\Condição 1 - 1__labels.tif
Condição 1 - 1_.jpg,ConvPaint,19,202.5,763.6666666666666,6.0,6.414213562373095,0.5248366594314575,1.381976597885342,1.8326278532479736,C:\Users\sophi\napari-organoid-segmentation\reports\segmentations\organoid_measurements_aspirina_1_v2_segmentations\Condição 1 - 1__labels.tif
Condição 1 - 1_.jpg,ConvPaint,20,208.4,769.2,5.0,4.621320343559642,0.45411762595176697,1.2615662610100802,2.9420342197716285,C:\Users\sophi\napari-organoid-segmentation\reports\segmentations\organoid_measurements_aspirina_1_v2_segmentations\Condição 1 - 1__labels.tif
Condição 1 - 1_.jpg,ConvPaint,21,212.0,774.0,10.0,9.242640687119284,0.42980390787124634,1.7841241161527712,1.4710171098858142,C:\Users\sophi\napari-organoid-segmentation\reports\segmentations\organoid_measurements_aspirina_1_v2_segmentations\Condição 1 - 1__labels.tif
Condição 1 - 1_.jpg,ConvPaint,22,211.0,778.0,1.0,0.0,0.4117647111415863,0.5641895835477563,,C:\Users\sophi\napari-organoid-segmentation\reports\segmentations\organoid_measurements_aspirina_1_v2_segmentations\Condição 1 - 1__labels.tif
Condição 1 - 1_.jpg,ConvPaint,23,211.0,782.0,1.0,0.0,0.40392157435417175,0.5641895835477563,,C:\Users\sophi\napari-organoid-segmentation\reports\segmentations\organoid_measurements_aspirina_1_v2_segmentations\Condição 1 - 1__labels.tif
Condição 1 - 1_.jpg,ConvPaint,24,212.0,250.0,1.0,0.0,0.40784314274787903,0.5641895835477563,,C:\Users\sophi\napari-organoid-segmentation\reports\segmentations\organoid_measurements_aspirina_1_v2_segmentations\Condição 1 - 1__labels.tif
Condição 1 - 1_.jpg,ConvPaint,25,214.0,753.0,1.0,0.0,0.3764705955982208,0.5641895835477563,,C:\Users\sophi\napari-organoid-segmentation\reports\segmentations\organoid_measurements_aspirina_1_v2_segmentations\Condição 1 - 1__labels.tif
Condição 1 - 1_.jpg,ConvPaint,26,222.0,808.0,1.0,0.0,0.686274528503418,0.5641895835477563,,C:\Users\sophi\napari-organoid-segmentation\reports\segmentations\organoid_measurements_aspirina_1_v2_segmentations\Condição 1 - 1__labels.tif
Condição 1 - 1_.jpg,ConvPaint,27,224.0,402.0,1.0,0.0,0.37254902720451355,0.5641895835477563,,C:\Users\sophi\napari-organoid-segmentation\reports\segmentations\organoid_measurements_aspirina_1_v2_segmentations\Condição 1 - 1__labels.tif
Condição 1 - 1_.jpg,ConvPaint,28,225.0,697.0,1.0,0.0,0.729411780834198,0.5641895835477563,,C:\Users\sophi\napari-organoid-segmentation\reports\segmentations\organoid_measurements_aspirina_1_v2_segmentations\Condição 1 - 1__labels.tif
Condição 1 - 1_.jpg,ConvPaint,29,226.0,687.0,1.0,0.0,0.6196078658103943,0.5641895835477563,,C:\Users\sophi\napari-organoid-segmentation\reports\segmentations\organoid_measurements_aspirina_1_v2_segmentations\Condição 1 - 1__labels.tif
Condição 1 - 1_.jpg,ConvPaint,30,316.12199918066364,1171.4172879967227,24410.0,2018.7535341682733,0.25267788767814636,88.14728765961168,0.07526811563988602,C:\Users\sophi\napari-organoid-segmentation\reports\segmentations\organoid_measurements_aspirina_1_v2_segmentations\Condição 1 - 1__labels.tif
Condição 1 - 1_.jpg,ConvPaint,31,228.0,400.0,1.0,0.0,0.3803921639919281,0.5641895835477563,,C:\Users\sophi\napari-organoid-segmentation\reports\segmentations\organoid_measurements_aspirina_1_v2_segmentations\Condição 1 - 1__labels.tif
Condição 1 - 1_.jpg,ConvPaint,32,228.0,411.0,1.0,0.0,0.38823530077934265,0.5641895835477563,,C:\Users\sophi\napari-organoid-segmentation\reports\segmentations\organoid_measurements_aspirina_1_v2_segmentations\Condição 1 - 1__labels.tif
Condição 1 - 1_.jpg,ConvPaint,33,228.0,679.0,1.0,0.0,0.7333333492279053,0.5641895835477563,,C:\Users\sophi\napari-organoid-segmentation\reports\segmentations\organoid_measurements_aspirina_1_v2_segmentations\Condição 1 - 1__labels.tif
Condição 1 - 1_.jpg,ConvPaint,34,229.0,1171.0,1.0,0.0,0.5333333611488342,0.5641895835477563,,C:\Users\sophi\napari-organoid-segmentation\reports\segmentations\organoid_measurements_aspirina_1_v2_segmentations\Condição 1 - 1__labels.tif
Condição 1 - 1_.jpg,ConvPaint,35,231.0,1161.0,1.0,0.0,0.4431372582912445,0.5641895835477563,,C:\Users\sophi\napari-organoid-segmentation\reports\segmentations\organoid_measurements_aspirina_1_v2_segmentations\Condição 1 - 1__labels.tif
Condição 1 - 1_.jpg,ConvPaint,36,232.0,1208.0,1.0,0.0,0.5803921818733215,0.5641895835477563,,C:\Users\sophi\napari-organoid-segmentation\reports\segmentations\organoid_measurements_aspirina_1_v2_segmentations\Condição 1 - 1__labels.tif
Condição 1 - 1_.jpg,ConvPaint,37,233.0,411.0,1.0,0.0,0.38823530077934265,0.5641895835477563,,C:\Users\sophi\napari-organoid-segmentation\reports\segmentations\organoid_measurements_aspirina_1_v2_segmentations\Condição 1 - 1__labels.tif
Condição 1 - 1_.jpg,ConvPaint,38,237.0,250.0,1.0,0.0,0.33725491166114807,0.5641895835477563,,C:\Users\sophi\napari-organoid-segmentation\reports\segmentations\organoid_measurements_aspirina_1_v2_segmentations\Condição 1 - 1__labels.tif
Condição 1 - 1_.jpg,ConvPaint,39,237.25,409.5,4.0,2.2071067811865475,0.38333332538604736,1.1283791670955126,10.31865673213065,C:\Users\sophi\napari-organoid-segmentation\reports\segmentations\organoid_measurements_aspirina_1_v2_segmentations\Condição 1 - 1__labels.tif
Condição 1 - 1_.jpg,ConvPaint,40,240.0,409.0,1.0,0.0,0.3529411852359772,0.5641895835477563,,C:\Users\sophi\napari-organoid-segmentation\reports\segmentations\organoid_measurements_aspirina_1_v2_segmentations\Condição 1 - 1__labels.tif
Condição 1 - 1_.jpg,ConvPaint,41,241.0,411.0,1.0,0.0,0.3686274588108063,0.5641895835477563,,C:\Users\sophi\napari-organoid-segmentation\reports\segmentations\organoid_measurements_aspirina_1_v2_segmentations\Condição 1 - 1__labels.tif
Condição 1 - 1_.jpg,ConvPaint,42,242.0,806.5,2.0,0.0,0.4215686321258545,0.7978845608028654,,C:\Users\sophi\napari-organoid-segmentation\reports\segmentations\organoid_measurements_aspirina_1_v2_segmentations\Condição 1 - 1__labels.tif
Condição 1 - 1_.jpg,ConvPaint,43,244.75,1178.25,4.0,3.2071067811865475,0.37156862020492554,1.1283791670955126,4.887007608661263,C:\Users\sophi\napari-organoid-segmentation\reports\segmentations\organoid_measurements_aspirina_1_v2_segmentations\Condição 1 - 1__labels.tif
Condição 1 - 1_.jpg,ConvPaint,44,245.0,1234.0,1.0,0.0,0.6078431606292725,0.5641895835477563,,C:\Users\sophi\napari-organoid-segmentation\reports\segmentations\organoid_measurements_aspirina_1_v2_segmentations\Condição 1 - 1__labels.tif
Condição 1 - 1_.jpg,ConvPaint,45,247.0,1130.0,1.0,0.0,0.33725491166114807,0.5641895835477563,,C:\Users\sophi\napari-organoid-segmentation\reports\segmentations\organoid_measurements_aspirina_1_v2_segmentations\Condição 1 - 1__labels.tif
Condição 1 - 1_.jpg,ConvPaint,46,248.5,1157.0,2.0,0.0,0.343137264251709,0.7978845608028654,,C:\Users\sophi\napari-organoid-segmentation\reports\segmentations\organoid_measurements_aspirina_1_v2_segmentations\Condição 1 - 1__labels.tif
Condição 1 - 1_.jpg,ConvPaint,47,345.10639910813825,1593.965618729097,22425.0,1784.734198184517,0.253718763589859,84.4872724004717,0.08846983653340859,C:\Users\sophi\napari-organoid-segmentation\reports\segmentations\organoid_measurements_aspirina_1_v2_segmentations\Condição 1 - 1__labels.tif
Condição 1 - 1_.jpg,ConvPaint,48,249.0,1127.0,1.0,0.0,0.3803921639919281,0.5641895835477563,,C:\Users\sophi\napari-organoid-segmentation\reports\segmentations\organoid_measurements_aspirina_1_v2_segmentations\Condição 1 - 1__labels.tif
Condição 1 - 1_.jpg,ConvPaint,49,259.0,1237.0,1.0,0.0,0.4274509847164154,0.5641895835477563,,C:\Users\sophi\napari-organoid-segmentation\reports\segmentations\organoid_measurements_aspirina_1_v2_segmentations\Condição 1 - 1__labels.tif
Condição 1 - 1_.jpg,ConvPaint,50,261.0,1598.0,1.0,0.0,0.364705890417099,0.5641895835477563,,C:\Users\sophi\napari-organoid-segmentation\reports\segmentations\organoid_measurements_aspirina_1_v2_segmentations\Condição 1 - 1__labels.tif
Condição 1 - 1_.jpg,ConvPaint,51,261.0,1602.0,1.0,0.0,0.4000000059604645,0.5641895835477563,,C:\Users\sophi\napari-organoid-segmentation\reports\segmentations\organoid_measurements_aspirina_1_v2_segmentations\Condição 1 - 1__labels.tif
Condição 1 - 1_.jpg,ConvPaint,52,265.0,1617.0,1.0,0.0,0.38823530077934265,0.5641895835477563,,C:\Users\sophi\napari-organoid-segmentation\reports\segmentations\organoid_measurements_aspirina_1_v2_segmentations\Condição 1 - 1__labels.tif
Condição 1 - 1_.jpg,ConvPaint,53,266.0,1577.0,1.0,0.0,0.4313725531101227,0.5641895835477563,,C:\Users\sophi\napari-organoid-segmentation\reports\segmentations\organoid_measurements_aspirina_1_v2_segmentations\Condição 1 - 1__labels.tif
Condição 1 - 1_.jpg,ConvPaint,54,268.5,1612.0,2.0,0.0,0.3490196168422699,0.7978845608028654,,C:\Users\sophi\napari-organoid-segmentation\reports\segmentations\organoid_measurements_aspirina_1_v2_segmentations\Condição 1 - 1__labels.tif
Condição 1 - 1_.jpg,ConvPaint,55,282.2875,821.9125,80.0,57.520815280171306,0.3342157006263733,5.046265044040321,0.3038433845611403,C:\Users\sophi\napari-organoid-segmentation\reports\segmentations\organoid_measurements_aspirina_1_v2_segmentations\Condição 1 - 1__labels.tif
Condição 1 - 1_.jpg,ConvPaint,56,269.5,1085.0,2.0,0.0,0.6294118165969849,0.7978845608028654,,C:\Users\sophi\napari-organoid-segmentation\reports\segmentations\organoid_measurements_aspirina_1_v2_segmentations\Condição 1 - 1__labels.tif
Condição 1 - 1_.jpg,ConvPaint,57,270.0,1640.0,1.0,0.0,0.364705890417099,0.5641895835477563,,C:\Users\sophi\napari-organoid-segmentation\reports\segmentations\organoid_measurements_aspirina_1_v2_segmentations\Condição 1 - 1__labels.tif
Condição 1 - 1_.jpg,ConvPaint,58,274.2857142857143,1633.857142857143,7.0,6.207106781186548,0.3663865625858307,1.4927053303604616,2.2831238497444226,C:\Users\sophi\napari-organoid-segmentation\reports\segmentations\organoid_measurements_aspirina_1_v2_segmentations\Condição 1 - 1__labels.tif
Condição 1 - 1_.jpg,ConvPaint,59,279.0,1642.0,1.0,0.0,0.35686275362968445,0.5641895835477563,,C:\Users\sophi\napari-organoid-segmentation\reports\segmentations\organoid_measurements_aspirina_1_v2_segmentations\Condição 1 - 1__labels.tif
Condição 1 - 1_.jpg,ConvPaint,60,283.5,413.5,2.0,0.0,0.4784314036369324,0.7978845608028654,,C:\Users\sophi\napari-organoid-segmentation\reports\segmentations\organoid_measurements_aspirina_1_v2_segmentations\Condição 1 - 1__labels.tif
Condição 1 - 1_.jpg,ConvPaint,61,289.9230769230769,396.0,13.0,7.0,0.38371044397354126,2.0342144725641096,3.3339350609524336,C:\Users\sophi\napari-organoid-segmentation\reports\segmentations\organoid_measurements_aspirina_1_v2_segmentations\Condição 1 - 1__labels.tif
Condição 1 - 1_.jpg,ConvPaint,62,287.0,1075.0,1.0,0.0,0.4274509847164154,0.5641895835477563,,C:\Users\sophi\napari-organoid-segmentation\reports\segmentations\organoid_measurements_aspirina_1_v2_segmentations\Condição 1 - 1__labels.tif
Condição 1 - 1_.jpg,ConvPaint,63,294.5,410.5,4.0,4.0,0.45000001788139343,1.1283791670955126,3.141592653589793,C:\Users\sophi\napari-organoid-segmentation\reports\segmentations\organoid_measurements_aspirina_1_v2_segmentations\Condição 1 - 1__labels.tif
Condição 1 - 1_.jpg,ConvPaint,64,296.3333333333333,1076.3333333333333,3.0,3.414213562373095,0.4588235318660736,0.9772050238058398,3.2340725067158833,C:\Users\sophi\napari-organoid-segmentation\reports\segmentations\organoid_measurements_aspirina_1_v2_segmentations\Condição 1 - 1__labels.tif
Condição 1 - 1_.jpg,ConvPaint,65,301.0,407.0,1.0,0.0,0.43529412150382996,0.5641895835477563,,C:\Users\sophi\napari-organoid-segmentation\reports\segmentations\organoid_measurements_aspirina_1_v2_segmentations\Condição 1 - 1__labels.tif
Condição 1 - 1_.jpg,ConvPaint,66,301.0,1075.0,1.0,0.0,0.4745098054409027,0.5641895835477563,,C:\Users\sophi\napari-organoid-segmentation\reports\segmentations\organoid_measurements_aspirina_1_v2_segmentations\Condição 1 - 1__labels.tif
Condição 1 - 1_.jpg,ConvPaint,67,308.5,392.5,2.0,0.0,0.5137255191802979,0.7978845608028654,,C:\Users\sophi\napari-organoid-segmentation\reports\segmentations\organoid_measurements_aspirina_1_v2_segmentations\Condição 1 - 1__labels.tif
Condição 1 - 1_.jpg,ConvPaint,68,308.3333333333333,396.3333333333333,3.0,3.414213562373095,0.43398693203926086,0.9772050238058398,3.2340725067158833,C:\Users\sophi\napari-organoid-segmentation\reports\segmentations\organoid_measurements_aspirina_1_v2_segmentations\Condição 1 - 1__labels.tif
Condição 1 - 1_.jpg,ConvPaint,69,311.0,1071.0,3.0,1.0,0.40130719542503357,0.9772050238058398,37.69911184307752,C:\Users\sophi\napari-organoid-segmentation\reports\segmentations\organoid_measurements_aspirina_1_v2_segmentations\Condição 1 - 1__labels.tif
Condição 1 - 1_.jpg,ConvPaint,70,311.0,398.5,2.0,0.0,0.4862745404243469,0.7978845608028654,,C:\Users\sophi\napari-organoid-segmentation\reports\segmentations\organoid_measurements_aspirina_1_v2_segmentations\Condição 1 - 1__labels.tif
Condição 1 - 1_.jpg,ConvPaint,71,313.5,1080.625,8.0,7.828427124746191,0.479411780834198,1.5957691216057308,1.6404040199635543,C:\Users\sophi\napari-organoid-segmentation\reports\segmentations\organoid_measurements_aspirina_1_v2_segmentations\Condição 1 - 1__labels.tif
Condição 1 - 1_.jpg,ConvPaint,72,314.7894736842105,385.2105263157895,19.0,17.86396103067893,0.4035087823867798,2.4592453796829674,0.7481831784245704,C:\Users\sophi\napari-organoid-segmentation\reports\segmentations\organoid_measurements_aspirina_1_v2_segmentations\Condição 1 - 1__labels.tif
Condição 1 - 1_.jpg,ConvPaint,73,313.6666666666667,381.0,3.0,1.2071067811865475,0.3777777850627899,0.9772050238058398,25.872580053727066,C:\Users\sophi\napari-organoid-segmentation\reports\segmentations\organoid_measurements_aspirina_1_v2_segmentations\Condição 1 - 1__labels.tif
Condição 1 - 1_.jpg,ConvPaint,74,315.1666666666667,377.6666666666667,6.0,5.0,0.39084967970848083,1.381976597885342,3.015928947446201,C:\Users\sophi\napari-organoid-segmentation\reports\segmentations\organoid_measurements_aspirina_1_v2_segmentations\Condição 1 - 1__labels.tif
Condição 1 - 1_.jpg,ConvPaint,75,314.0,819.0,1.0,0.0,0.43921568989753723,0.5641895835477563,,C:\Users\sophi\napari-organoid-segmentation\reports\segmentations\organoid_measurements_aspirina_1_v2_segmentations\Condição 1 - 1__labels.tif
Condição 1 - 1_.jpg,ConvPaint,76,316.93333333333334,1069.8666666666666,15.0,13.65685424949238,0.48810461163520813,2.1850968611841584,1.0106476583487134,C:\Users\sophi\napari-organoid-segmentation\reports\segmentations\organoid_measurements_aspirina_1_v2_segmentations\Condição 1 - 1__labels.tif
Condição 1 - 1_.jpg,ConvPaint,77,319.57142857142856,656.5714285714286,7.0,5.207106781186548,0.7389355897903442,1.4927053303604616,3.244254655414749,C:\Users\sophi\napari-organoid-segmentation\reports\segmentations\organoid_measurements_aspirina_1_v2_segmentations\Condição 1 - 1__labels.tif
Condição 1 - 1_.jpg,ConvPaint,78,319.0,381.0,1.0,0.0,0.38823530077934265,0.5641895835477563,,C:\Users\sophi\napari-organoid-segmentation\reports\segmentations\organoid_measurements_aspirina_1_v2_segmentations\Condição 1 - 1__labels.tif
Condição 1 - 1_.jpg,ConvPaint,79,320.0,1074.0,1.0,0.0,0.4431372582912445,0.5641895835477563,,C:\Users\sophi\napari-organoid-segmentation\reports\segmentations\organoid_measurements_aspirina_1_v2_segmentations\Condição 1 - 1__labels.tif
Condição 1 - 1_.jpg,ConvPaint,80,322.0,379.0,1.0,0.0,0.5098039507865906,0.5641895835477563,,C:\Users\sophi\napari-organoid-segmentation\reports\segmentations\organoid_measurements_aspirina_1_v2_segmentations\Condição 1 - 1__labels.tif
Condição 1 - 1_.jpg,ConvPaint,81,327.4,362.0,5.0,4.621320343559642,0.39372551441192627,1.2615662610100802,2.9420342197716285,C:\Users\sophi\napari-organoid-segmentation\reports\segmentations\organoid_measurements_aspirina_1_v2_segmentations\Condição 1 - 1__labels.tif
Condição 1 - 1_.jpg,ConvPaint,82,329.0,802.0,1.0,0.0,0.32156863808631897,0.5641895835477563,,C:\Users\sophi\napari-organoid-segmentation\reports\segmentations\organoid_measurements_aspirina_1_v2_segmentations\Condição 1 - 1__labels.tif
Condição 1 - 1_.jpg,ConvPaint,83,331.0,295.0,1.0,0.0,0.43529412150382996,0.5641895835477563,,C:\Users\sophi\napari-organoid-segmentation\reports\segmentations\organoid_measurements_aspirina_1_v2_segmentations\Condição 1 - 1__labels.tif
Condição 1 - 1_.jpg,ConvPaint,84,332.5,793.0,2.0,0.0,0.3274509906768799,0.7978845608028654,,C:\Users\sophi\napari-organoid-segmentation\reports\segmentations\organoid_measurements_aspirina_1_v2_segmentations\Condição 1 - 1__labels.tif
Condição 1 - 1_.jpg,ConvPaint,85,333.0,296.0,1.0,0.0,0.3843137323856354,0.5641895835477563,,C:\Users\sophi\napari-organoid-segmentation\reports\segmentations\organoid_measurements_aspirina_1_v2_segmentations\Condição 1 - 1__labels.tif
Condição 1 - 1_.jpg,ConvPaint,86,334.0,358.0,1.0,0.0,0.4588235318660736,0.5641895835477563,,C:\Users\sophi\napari-organoid-segmentation\reports\segmentations\organoid_measurements_aspirina_1_v2_segmentations\Condição 1 - 1__labels.tif
Condição 1 - 1_.jpg,ConvPaint,87,335.75,352.0,8.0,7.207106781186548,0.4112745225429535,1.5957691216057308,1.9354320909169331,C:\Users\sophi\napari-organoid-segmentation\reports\segmentations\organoid_measurements_aspirina_1_v2_segmentations\Condição 1 - 1__labels.tif
Condição 1 - 1_.jpg,ConvPaint,88,336.5,684.5,4.0,4.0,0.3901960849761963,1.1283791670955126,3.141592653589793,C:\Users\sophi\napari-organoid-segmentation\reports\segmentations\organoid_measurements_aspirina_1_v2_segmentations\Condição 1 - 1__labels.tif
Condição 1 - 1_.jpg,ConvPaint,89,337.5,1675.0,2.0,0.0,0.4745098054409027,0.7978845608028654,,C:\Users\sophi\napari-organoid-segmentation\reports\segmentations\organoid_measurements_aspirina_1_v2_segmentations\Condição 1 - 1__labels.tif
Condição 1 - 1_.jpg,ConvPaint,90,338.875,298.625,8.0,7.207106781186548,0.47156864404678345,1.5957691216057308,1.9354320909169331,C:\Users\sophi\napari-organoid-segmentation\reports\segmentations\organoid_measurements_aspirina_1_v2_segmentations\Condição 1 - 1__labels.tif
Condição 1 - 1_.jpg,ConvPaint,91,338.8,347.6,5.0,4.414213562373095,0.4313725531101227,1.2615662610100802,3.224580228790828,C:\Users\sophi\napari-organoid-segmentation\reports\segmentations\organoid_measurements_aspirina_1_v2_segmentations\Condição 1 - 1__labels.tif
Condição 1 - 1_.jpg,ConvPaint,92,343.0,696.0,1.0,0.0,0.3019607961177826,0.5641895835477563,,C:\Users\sophi\napari-organoid-segmentation\reports\segmentations\organoid_measurements_aspirina_1_v2_segmentations\Condição 1 - 1__labels.tif
Condição 1 - 1_.jpg,ConvPaint,93,357.3333333333333,711.3333333333334,3.0,3.414213562373095,0.335947722196579,0.9772050238058398,3.2340725067158833,C:\Users\sophi\napari-organoid-segmentation\reports\segmentations\organoid_measurements_aspirina_1_v2_segmentations\Condição 1 - 1__labels.tif
Condição 1 - 1_.jpg,ConvPaint,94,361.0,1104.0,1.0,0.0,0.5607843399047852,0.5641895835477563,,C:\Users\sophi\napari-organoid-segmentation\reports\segmentations\organoid_measurements_aspirina_1_v2_segmentations\Condição 1 - 1__labels.tif
Condição 1 - 1_.jpg,ConvPaint,95,362.0,703.0,3.0,1.0,0.4888888895511627,0.9772050238058398,37.69911184307752,C:\Users\sophi\napari-organoid-segmentation\reports\segmentations\organoid_measurements_aspirina_1_v2_segmentations\Condição 1 - 1__labels.tif
Condição 1 - 1_.jpg,ConvPaint,96,364.5,1104.0,2.0,0.0,0.7019608020782471,0.7978845608028654,,C:\Users\sophi\napari-organoid-segmentation\reports\segmentations\organoid_measurements_aspirina_1_v2_segmentations\Condição 1 - 1__labels.tif
Condição 1 - 1_.jpg,ConvPaint,97,368.3333333333333,1492.6666666666667,3.0,3.414213562373095,0.5084967017173767,0.9772050238058398,3.2340725067158833,C:\Users\sophi\napari-organoid-segmentation\reports\segmentations\organoid_measurements_aspirina_1_v2_segmentations\Condição 1 - 1__labels.tif
Condição 1 - 1_.jpg,ConvPaint,98,374.47058823529414,1492.9411764705883,17.0,13.449747468305834,0.4761245846748352,2.326213245840639,1.180947320601299,C:\Users\sophi\napari-organoid-segmentation\reports\segmentations\organoid_measurements_aspirina_1_v2_segmentations\Condição 1 - 1__labels.tif
Condição 1 - 1_.jpg,ConvPaint,99,377.8333333333333,1510.3333333333333,6.0,5.0,0.43529412150382996,1.381976597885342,3.015928947446201,C:\Users\sophi\napari-organoid-segmentation\reports\segmentations\organoid_measurements_aspirina_1_v2_segmentations\Condição 1 - 1__labels.tif
Condição 1 - 1_.jpg,ConvPaint,100,380.0,1243.0,1.0,0.0,0.43529412150382996,0.5641895835477563,,C:\Users\sophi\napari-organoid-segmentation\reports\segmentations\organoid_measurements_aspirina_1_v2_segmentations\Condição 1 - 1__labels.tif
Condição 1 - 1_.jpg,ConvPaint,101,385.0,1234.0,1.0,0.0,0.35686275362968445,0.5641895835477563,,C:\Users\sophi\napari-organoid-segmentation\reports\segmentations\organoid_measurements_aspirina_1_v2_segmentations\Condição 1 - 1__labels.tif
Condição 1 - 1_.jpg,ConvPaint,102,387.0,1229.0,1.0,0.0,0.3490196168422699,0.5641895835477563,,C:\Users\sophi\napari-organoid-segmentation\reports\segmentations\organoid_measurements_aspirina_1_v2_segmentations\Condição 1 - 1__labels.tif
Condição 1 - 1_.jpg,ConvPaint,103,388.3333333333333,1232.6666666666667,3.0,3.414213562373095,0.3777777850627899,0.9772050238058398,3.2340725067158833,C:\Users\sophi\napari-organoid-segmentation\reports\segmentations\organoid_measurements_aspirina_1_v2_segmentations\Condição 1 - 1__labels.tif
Condição 1 - 1_.jpg,ConvPaint,104,388.0,1488.0,1.0,0.0,0.46666666865348816,0.5641895835477563,,C:\Users\sophi\napari-organoid-segmentation\reports\segmentations\organoid_measurements_aspirina_1_v2_segmentations\Condição 1 - 1__labels.tif
Condição 1 - 1_.jpg,ConvPaint,105,394.3333333333333,1234.0,3.0,1.2071067811865475,0.43398693203926086,0.9772050238058398,25.872580053727066,C:\Users\sophi\napari-organoid-segmentation\reports\segmentations\organoid_measurements_aspirina_1_v2_segmentations\Condição 1 - 1__labels.tif
Condição 1 - 1_.jpg,ConvPaint,106,394.5,1496.5,2.0,0.0,0.44509804248809814,0.7978845608028654,,C:\Users\sophi\napari-organoid-segmentation\reports\segmentations\organoid_measurements_aspirina_1_v2_segmentations\Condição 1 - 1__labels.tif
Condição 1 - 1_.jpg,ConvPaint,107,404.02777777777777,1144.0555555555557,36.0,30.65685424949238,0.42636168003082275,3.385137501286538,0.48134579979428976,C:\Users\sophi\napari-organoid-segmentation\reports\segmentations\organoid_measurements_aspirina_1_v2_segmentations\Condição 1 - 1__labels.tif
Condição 1 - 1_.jpg,ConvPaint,108,400.625,1233.25,8.0,7.414213562373095,0.4230392277240753,1.5957691216057308,1.8288145488861385,C:\Users\sophi\napari-organoid-segmentation\reports\segmentations\organoid_measurements_aspirina_1_v2_segmentations\Condição 1 - 1__labels.tif
Condição 1 - 1_.jpg,ConvPaint,109,402.2,1150.4,5.0,5.207106781186548,0.39137256145477295,1.2615662610100802,2.3173247538676778,C:\Users\sophi\napari-organoid-segmentation\reports\segmentations\organoid_measurements_aspirina_1_v2_segmentations\Condição 1 - 1__labels.tif
Condição 1 - 1_.jpg,ConvPaint,110,402.6,1161.8,5.0,5.207106781186548,0.3584313988685608,1.2615662610100802,2.3173247538676778,C:\Users\sophi\napari-organoid-segmentation\reports\segmentations\organoid_measurements_aspirina_1_v2_segmentations\Condição 1 - 1__labels.tif
Condição 1 - 1_.jpg,ConvPaint,111,402.5,1210.0,2.0,0.0,0.31568628549575806,0.7978845608028654,,C:\Users\sophi\napari-organoid-segmentation\reports\segmentations\organoid_measurements_aspirina_1_v2_segmentations\Condição 1 - 1__labels.tif
Condição 1 - 1_.jpg,ConvPaint,112,404.0,1204.0,1.0,0.0,0.33725491166114807,0.5641895835477563,,C:\Users\sophi\napari-organoid-segmentation\reports\segmentations\organoid_measurements_aspirina_1_v2_segmentations\Condição 1 - 1__labels.tif
Condição 1 - 1_.jpg,ConvPaint,113,405.6666666666667,1229.6666666666667,6.0,5.414213562373095,0.393464058637619,1.381976597885342,2.5721148072672673,C:\Users\sophi\napari-organoid-segmentation\reports\segmentations\organoid_measurements_aspirina_1_v2_segmentations\Condição 1 - 1__labels.tif
Condição 1 - 1_.jpg,ConvPaint,114,404.5,1526.5,2.0,0.0,0.4176470637321472,0.7978845608028654,,C:\Users\sophi\napari-organoid-segmentation\reports\segmentations\organoid_measurements_aspirina_1_v2_segmentations\Condição 1 - 1__labels.tif
Condição 1 - 1_.jpg,ConvPaint,115,405.5,1150.0,2.0,0.0,0.44509804248809814,0.7978845608028654,,C:\Users\sophi\napari-organoid-segmentation\reports\segmentations\organoid_measurements_aspirina_1_v2_segmentations\Condição 1 - 1__labels.tif
Condição 1 - 1_.jpg,ConvPaint,116,408.7083333333333,1212.7916666666667,24.0,17.071067811865476,0.4089869260787964,2.763953195770684,1.0349032021490827,C:\Users\sophi\napari-organoid-segmentation\reports\segmentations\organoid_measurements_aspirina_1_v2_segmentations\Condição 1 - 1__labels.tif
Condição 1 - 1_.jpg,ConvPaint,117,406.0,1156.0,1.0,0.0,0.4274509847164154,0.5641895835477563,,C:\Users\sophi\napari-organoid-segmentation\reports\segmentations\organoid_measurements_aspirina_1_v2_segmentations\Condição 1 - 1__labels.tif
Condição 1 - 1_.jpg,ConvPaint,118,406.0,1534.0,1.0,0.0,0.3921568691730499,0.5641895835477563,,C:\Users\sophi\napari-organoid-segmentation\reports\segmentations\organoid_measurements_aspirina_1_v2_segmentations\Condição 1 - 1__labels.tif
Condição 1 - 1_.jpg,ConvPaint,119,406.0,1656.0,1.0,0.0,0.37254902720451355,0.5641895835477563,,C:\Users\sophi\napari-organoid-segmentation\reports\segmentations\organoid_measurements_aspirina_1_v2_segmentations\Condição 1 - 1__labels.tif
Condição 1 - 1_.jpg,ConvPaint,120,409.5,1150.75,4.0,2.2071067811865475,0.4754902124404907,1.1283791670955126,10.31865673213065,C:\Users\sophi\napari-organoid-segmentation\reports\segmentations\organoid_measurements_aspirina_1_v2_segmentations\Condição 1 - 1__labels.tif
Condição 1 - 1_.jpg,ConvPaint,121,408.0,1648.0,1.0,0.0,0.3529411852359772,0.5641895835477563,,C:\Users\sophi\napari-organoid-segmentation\reports\segmentations\organoid_measurements_aspirina_1_v2_segmentations\Condição 1 - 1__labels.tif
Condição 1 - 1_.jpg,ConvPaint,122,410.5,1650.5,2.0,0.0,0.34705883264541626,0.7978845608028654,,C:\Users\sophi\napari-organoid-segmentation\reports\segmentations\organoid_measurements_aspirina_1_v2_segmentations\Condição 1 - 1__labels.tif
Condição 1 - 1_.jpg,ConvPaint,123,411.0,1230.0,1.0,0.0,0.47843137383461,0.5641895835477563,,C:\Users\sophi\napari-organoid-segmentation\reports\segmentations\organoid_measurements_aspirina_1_v2_segmentations\Condição 1 - 1__labels.tif
Condição 1 - 1_.jpg,ConvPaint,124,412.0,1156.5,2.0,0.0,0.43921568989753723,0.7978845608028654,,C:\Users\sophi\napari-organoid-segmentation\reports\segmentations\organoid_measurements_aspirina_1_v2_segmentations\Condição 1 - 1__labels.tif
Condição 1 - 1_.jpg,ConvPaint,125,412.3333333333333,1164.3333333333333,3.0,3.414213562373095,0.34379085898399353,0.9772050238058398,3.2340725067158833,C:\Users\sophi\napari-organoid-segmentation\reports\segmentations\organoid_measurements_aspirina_1_v2_segmentations\Condição 1 - 1__labels.tif
Condição 1 - 1_.jpg,ConvPaint,126,416.2835820895522,1174.313432835821,67.0,50.7634559672906,0.4045068621635437,4.61809077155419,0.3267249532385413,C:\Users\sophi\napari-organoid-segmentation\reports\segmentations\organoid_measurements_aspirina_1_v2_segmentations\Condição 1 - 1__labels.tif
Condição 1 - 1_.jpg,ConvPaint,127,412.0,1654.0,1.0,0.0,0.3607843220233917,0.5641895835477563,,C:\Users\sophi\napari-organoid-segmentation\reports\segmentations\organoid_measurements_aspirina_1_v2_segmentations\Condição 1 - 1__labels.tif
Condição 1 - 1_.jpg,ConvPaint,128,414.1111111111111,1645.7777777777778,9.0,8.242640687119286,0.3481481671333313,1.692568750643269,1.6646373562696215,C:\Users\sophi\napari-organoid-segmentation\reports\segmentations\organoid_measurements_aspirina_1_v2_segmentations\Condição 1 - 1__labels.tif
Condição 1 - 1_.jpg,ConvPaint,129,414.0,1222.5,2.0,0.0,0.4215686321258545,0.7978845608028654,,C:\Users\sophi\napari-organoid-segmentation\reports\segmentations\organoid_measurements_aspirina_1_v2_segmentations\Condição 1 - 1__labels.tif
Condição 1 - 1_.jpg,ConvPaint,130,415.0,1196.0,1.0,0.0,0.4156862795352936,0.5641895835477563,,C:\Users\sophi\napari-organoid-segmentation\reports\segmentations\organoid_measurements_aspirina_1_v2_segmentations\Condição 1 - 1__labels.tif
Condição 1 - 1_.jpg,ConvPaint,131,418.1333333333333,1160.4666666666667,15.0,13.82842712474619,0.45045751333236694,2.1850968611841584,0.9857245032537326,C:\Users\sophi\napari-organoid-segmentation\reports\segmentations\organoid_measurements_aspirina_1_v2_segmentations\Condição 1 - 1__labels.tif
Condição 1 - 1_.jpg,ConvPaint,132,416.0,1193.5,2.0,0.0,0.42549020051956177,0.7978845608028654,,C:\Users\sophi\napari-organoid-segmentation\reports\segmentations\organoid_measurements_aspirina_1_v2_segmentations\Condição 1 - 1__labels.tif
Condição 1 - 1_.jpg,ConvPaint,133,416.25,1211.0,4.0,4.621320343559642,0.4274509847164154,1.1283791670955126,2.3536273758173025,C:\Users\sophi\napari-organoid-segmentation\reports\segmentations\organoid_measurements_aspirina_1_v2_segmentations\Condição 1 - 1__labels.tif
Condição 1 - 1_.jpg,ConvPaint,134,417.1818181818182,1215.909090909091,11.0,10.207106781186548,0.4545454680919647,1.8712051592547776,1.3267748571328708,C:\Users\sophi\napari-organoid-segmentation\reports\segmentations\organoid_measurements_aspirina_1_v2_segmentations\Condição 1 - 1__labels.tif
Condição 1 - 1_.jpg,ConvPaint,135,416.0,1497.0,1.0,0.0,0.5333333611488342,0.5641895835477563,,C:\Users\sophi\napari-organoid-segmentation\reports\segmentations\organoid_measurements_aspirina_1_v2_segmentations\Condição 1 - 1__labels.tif
Condição 1 - 1_.jpg,ConvPaint,136,417.42857142857144,1543.5714285714287,7.0,7.82842712474619,0.4162464737892151,1.4927053303604616,1.4353535174681102,C:\Users\sophi\napari-organoid-segmentation\reports\segmentations\organoid_measurements_aspirina_1_v2_segmentations\Condição 1 - 1__labels.tif
Condição 1 - 1_.jpg,ConvPaint,137,419.93333333333334,1194.4,15.0,13.828427124746192,0.4499346613883972,2.1850968611841584,0.9857245032537323,C:\Users\sophi\napari-organoid-segmentation\reports\segmentations\organoid_measurements_aspirina_1_v2_segmentations\Condição 1 - 1__labels.tif
Condição 1 - 1_.jpg,ConvPaint,138,418.5,1208.5,4.0,4.0,0.4382353127002716,1.1283791670955126,3.141592653589793,C:\Users\sophi\napari-organoid-segmentation\reports\segmentations\organoid_measurements_aspirina_1_v2_segmentations\Condição 1 - 1__labels.tif
Condição 1 - 1_.jpg,ConvPaint,139,420.7894736842105,1497.0526315789473,19.0,14.449747468305834,0.41940146684646606,2.4592453796829674,1.143517856266062,C:\Users\sophi\napari-organoid-segmentation\reports\segmentations\organoid_measurements_aspirina_1_v2_segmentations\Condição 1 - 1__labels.tif
Condição 1 - 1_.jpg,ConvPaint,140,418.0,1547.0,1.0,0.0,0.3843137323856354,0.5641895835477563,,C:\Users\sophi\napari-organoid-segmentation\reports\segmentations\organoid_measurements_aspirina_1_v2_segmentations\Condição 1 - 1__labels.tif
Condição 1 - 1_.jpg,ConvPaint,141,418.0,1552.5,2.0,0.0,0.3764705955982208,0.7978845608028654,,C:\Users\sophi\napari-organoid-segmentation\reports\segmentations\organoid_measurements_aspirina_1_v2_segmentations\Condição 1 - 1__labels.tif
Condição 1 - 1_.jpg,ConvPaint,142,418.57142857142856,1657.7142857142858,7.0,7.207106781186548,0.42352941632270813,1.4927053303604616,1.6935030795523165,C:\Users\sophi\napari-organoid-segmentation\reports\segmentations\organoid_measurements_aspirina_1_v2_segmentations\Condição 1 - 1__labels.tif
Condição 1 - 1_.jpg,ConvPaint,143,419.0,1212.5,2.0,0.0,0.4529411792755127,0.7978845608028654,,C:\Users\sophi\napari-organoid-segmentation\reports\segmentations\organoid_measurements_aspirina_1_v2_segmentations\Condição 1 - 1__labels.tif
Condição 1 - 1_.jpg,ConvPaint,144,421.46666666666664,1169.8,15.0,13.0,0.4337254762649536,2.1850968611841584,1.1153583385525891,C:\Users\sophi\napari-organoid-segmentation\reports\segmentations\organoid_measurements_aspirina_1_v2_segmentations\Condição 1 - 1__labels.tif
Condição 1 - 1_.jpg,ConvPaint,145,422.0,1184.1538461538462,13.0,9.035533905932738,0.43408748507499695,2.0342144725641096,2.0009930326955656,C:\Users\sophi\napari-organoid-segmentation\reports\segmentations\organoid_measurements_aspirina_1_v2_segmentations\Condição 1 - 1__labels.tif
Condição 1 - 1_.jpg,ConvPaint,146,420.5,1198.5,4.0,4.0,0.4372549057006836,1.1283791670955126,3.141592653589793,C:\Users\sophi\napari-organoid-segmentation\reports\segmentations\organoid_measurements_aspirina_1_v2_segmentations\Condição 1 - 1__labels.tif
Condição 1 - 1_.jpg,ConvPaint,147,420.5,1204.5,2.0,0.0,0.40784314274787903,0.7978845608028654,,C:\Users\sophi\napari-organoid-segmentation\reports\segmentations\organoid_measurements_aspirina_1_v2_segmentations\Condição 1 - 1__labels.tif
Condição 1 - 1_.jpg,ConvPaint,148,421.1,1505.4,10.0,9.414213562373096,0.4282352924346924,1.7841241161527712,1.4178874935108479,C:\Users\sophi\napari-organoid-segmentation\reports\segmentations\organoid_measurements_aspirina_1_v2_segmentations\Condição 1 - 1__labels.tif
Condição 1 - 1_.jpg,ConvPaint,149,420.3333333333333,1540.3333333333333,3.0,3.414213562373095,0.42091503739356995,0.9772050238058398,3.2340725067158833,C:\Users\sophi\napari-organoid-segmentation\reports\segmentations\organoid_measurements_aspirina_1_v2_segmentations\Condição 1 - 1__labels.tif
Condição 1 - 1_.jpg,ConvPaint,150,422.5,1644.1666666666667,6.0,4.82842712474619,0.37124183773994446,1.381976597885342,3.2340725067158833,C:\Users\sophi\napari-organoid-segmentation\reports\segmentations\organoid_measurements_aspirina_1_v2_segmentations\Condição 1 - 1__labels.tif
Condição 1 - 1_.jpg,ConvPaint,151,421.0,1493.0,1.0,0.0,0.6117647290229797,0.5641895835477563,,C:\Users\sophi\napari-organoid-segmentation\reports\segmentations\organoid_measurements_aspirina_1_v2_segmentations\Condição 1 - 1__labels.tif
Condição 1 - 1_.jpg,ConvPaint,152,423.0,1191.0,1.0,0.0,0.4470588266849518,0.5641895835477563,,C:\Users\sophi\napari-organoid-segmentation\reports\segmentations\organoid_measurements_aspirina_1_v2_segmentations\Condição 1 - 1__labels.tif
Condição 1 - 1_.jpg,ConvPaint,153,426.8333333333333,1626.3333333333333,12.0,10.414213562373096,0.35947713255882263,1.9544100476116797,1.3903948523206067,C:\Users\sophi\napari-organoid-segmentation\reports\segmentations\organoid_measurements_aspirina_1_v2_segmentations\Condição 1 - 1__labels.tif
Condição 1 - 1_.jpg,ConvPaint,154,424.9,1545.6,10.0,7.414213562373095,0.45411762595176697,1.7841241161527712,2.286018186107673,C:\Users\sophi\napari-organoid-segmentation\reports\segmentations\organoid_measurements_aspirina_1_v2_segmentations\Condição 1 - 1__labels.tif
Condição 1 - 1_.jpg,ConvPaint,155,426.0,1617.0,1.0,0.0,0.30588236451148987,0.5641895835477563,,C:\Users\sophi\napari-organoid-segmentation\reports\segmentations\organoid_measurements_aspirina_1_v2_segmentations\Condição 1 - 1__labels.tif
Condição 1 - 1_.jpg,ConvPaint,156,428.8333333333333,1637.9444444444443,18.0,15.242640687119286,0.39934638142585754,2.393653682408596,0.9735582576112822,C:\Users\sophi\napari-organoid-segmentation\reports\segmentations\organoid_measurements_aspirina_1_v2_segmentations\Condição 1 - 1__labels.tif
Condição 1 - 1_.jpg,ConvPaint,157,427.0,1567.0,1.0,0.0,0.35686275362968445,0.5641895835477563,,C:\Users\sophi\napari-organoid-segmentation\reports\segmentations\organoid_measurements_aspirina_1_v2_segmentations\Condição 1 - 1__labels.tif
Condição 1 - 1_.jpg,ConvPaint,158,429.42857142857144,1587.2857142857142,7.0,7.207106781186548,0.3338935673236847,1.4927053303604616,1.6935030795523165,C:\Users\sophi\napari-organoid-segmentation\reports\segmentations\organoid_measurements_aspirina_1_v2_segmentations\Condição 1 - 1__labels.tif
Condição 1 - 1_.jpg,ConvPaint,159,430.6666666666667,1596.6666666666667,3.0,3.414213562373095,0.3686274588108063,0.9772050238058398,3.2340725067158833,C:\Users\sophi\napari-organoid-segmentation\reports\segmentations\organoid_measurements_aspirina_1_v2_segmentations\Condição 1 - 1__labels.tif
Condição 1 - 1_.jpg,ConvPaint,160,431.6,1619.8,10.0,9.242640687119286,0.3494117558002472,1.7841241161527712,1.4710171098858134,C:\Users\sophi\napari-organoid-segmentation\reports\segmentations\organoid_measurements_aspirina_1_v2_segmentations\Condição 1 - 1__labels.tif
Condição 1 - 1_.jpg,ConvPaint,161,430.5,1624.0,2.0,0.0,0.37254902720451355,0.7978845608028654,,C:\Users\sophi\napari-organoid-segmentation\reports\segmentations\organoid_measurements_aspirina_1_v2_segmentations\Condição 1 - 1__labels.tif
Condição 1 - 1_.jpg,ConvPaint,162,431.0,1548.0,1.0,0.0,0.5058823823928833,0.5641895835477563,,C:\Users\sophi\napari-organoid-segmentation\reports\segmentations\organoid_measurements_aspirina_1_v2_segmentations\Condição 1 - 1__labels.tif
Condição 1 - 1_.jpg,ConvPaint,163,431.0,1604.0,1.0,0.0,0.3490196168422699,0.5641895835477563,,C:\Users\sophi\napari-organoid-segmentation\reports\segmentations\organoid_measurements_aspirina_1_v2_segmentations\Condição 1 - 1__labels.tif
Condição 1 - 1_.jpg,ConvPaint,164,431.0,1614.0,1.0,0.0,0.33725491166114807,0.5641895835477563,,C:\Users\sophi\napari-organoid-segmentation\reports\segmentations\organoid_measurements_aspirina_1_v2_segmentations\Condição 1 - 1__labels.tif
Condição 1 - 1_.jpg,ConvPaint,165,432.25,1601.25,4.0,3.2071067811865475,0.3637255132198334,1.1283791670955126,4.887007608661263,C:\Users\sophi\napari-organoid-segmentation\reports\segmentations\organoid_measurements_aspirina_1_v2_segmentations\Condição 1 - 1__labels.tif
Condição 1 - 1_.jpg,ConvPaint,166,433.6875,1628.625,16.0,13.863961030678928,0.45661765336990356,2.256758334191025,1.0460566114743564,C:\Users\sophi\napari-organoid-segmentation\reports\segmentations\organoid_measurements_aspirina_1_v2_segmentations\Condição 1 - 1__labels.tif
Condição 1 - 1_.jpg,ConvPaint,167,437.60869565217394,1619.695652173913,23.0,19.449747468305834,0.40920716524124146,2.7057581899030048,0.7640288644828539,C:\Users\sophi\napari-organoid-segmentation\reports\segmentations\organoid_measurements_aspirina_1_v2_segmentations\Condição 1 - 1__labels.tif
Condição 1 - 1_.jpg,ConvPaint,168,440.0,1586.0,3.0,1.0,0.38823530077934265,0.9772050238058398,37.69911184307752,C:\Users\sophi\napari-organoid-segmentation\reports\segmentations\organoid_measurements_aspirina_1_v2_segmentations\Condição 1 - 1__labels.tif
Condição 1 - 1_.jpg,ConvPaint,169,440.5,1596.0,2.0,0.0,0.3392156958580017,0.7978845608028654,,C:\Users\sophi\napari-organoid-segmentation\reports\segmentations\organoid_measurements_aspirina_1_v2_segmentations\Condição 1 - 1__labels.tif
Condição 1 - 1_.jpg,ConvPaint,170,441.3666666666667,1606.9,30.0,20.621320343559645,0.3955555558204651,3.0901936161855166,0.886539684760081,C:\Users\sophi\napari-organoid-segmentation\reports\segmentations\organoid_measurements_aspirina_1_v2_segmentations\Condição 1 - 1__labels.tif
Condição 1 - 1_.jpg,ConvPaint,171,440.0,1614.0,1.0,0.0,0.40784314274787903,0.5641895835477563,,C:\Users\sophi\napari-organoid-segmentation\reports\segmentations\organoid_measurements_aspirina_1_v2_segmentations\Condição 1 - 1__labels.tif
Condição 1 - 1_.jpg,ConvPaint,172,442.0,1592.0,1.0,0.0,0.40392157435417175,0.5641895835477563,,C:\Users\sophi\napari-organoid-segmentation\reports\segmentations\organoid_measurements_aspirina_1_v2_segmentations\Condição 1 - 1__labels.tif
Condição 1 - 1_.jpg,ConvPaint,173,442.0,1598.5,2.0,0.0,0.38235294818878174,0.7978845608028654,,C:\Users\sophi\napari-organoid-segmentation\reports\segmentations\organoid_measurements_aspirina_1_v2_segmentations\Condição 1 - 1__labels.tif
Condição 1 - 1_.jpg,ConvPaint,174,659.7182449351241,271.3593216480765,17572.0,2201.4631662664015,0.28736379742622375,74.78864432533571,0.04556256987304655,C:\Users\sophi\napari-organoid-segmentation\reports\segmentations\organoid_measurements_aspirina_1_v2_segmentations\Condição 1 - 1__labels.tif
Condição 1 - 1_.jpg,ConvPaint,175,581.3333333333334,240.77777777777777,9.0,8.414213562373096,0.5002179145812988,1.692568750643269,1.597442784589879,C:\Users\sophi\napari-organoid-segmentation\reports\segmentations\organoid_measurements_aspirina_1_v2_segmentations\Condição 1 - 1__labels.tif
Condição 1 - 1_.jpg,ConvPaint,176,580.5,261.0,2.0,0.0,0.6235294342041016,0.7978845608028654,,C:\Users\sophi\napari-organoid-segmentation\reports\segmentations\organoid_measurements_aspirina_1_v2_segmentations\Condição 1 - 1__labels.tif
Condição 1 - 1_.jpg,ConvPaint,177,582.0,227.0,1.0,0.0,0.5803921818733215,0.5641895835477563,,C:\Users\sophi\napari-organoid-segmentation\reports\segmentations\organoid_measurements_aspirina_1_v2_segmentations\Condição 1 - 1__labels.tif
Condição 1 - 1_.jpg,ConvPaint,178,584.0,221.5,2.0,0.0,0.7333333492279053,0.7978845608028654,,C:\Users\sophi\napari-organoid-segmentation\reports\segmentations\organoid_measurements_aspirina_1_v2_segmentations\Condição 1 - 1__labels.tif
Condição 1 - 1_.jpg,ConvPaint,179,584.4,278.8,5.0,5.207106781186548,0.6470588445663452,1.2615662610100802,2.3173247538676778,C:\Users\sophi\napari-organoid-segmentation\reports\segmentations\organoid_measurements_aspirina_1_v2_segmentations\Condição 1 - 1__labels.tif
Condição 1 - 1_.jpg,ConvPaint,180,586.0,222.0,1.0,0.0,0.5764706134796143,0.5641895835477563,,C:\Users\sophi\napari-organoid-segmentation\reports\segmentations\organoid_measurements_aspirina_1_v2_segmentations\Condição 1 - 1__labels.tif
Condição 1 - 1_.jpg,ConvPaint,181,586.5,241.83333333333334,6.0,5.207106781186548,0.4941176474094391,1.381976597885342,2.7807897046412133,C:\Users\sophi\napari-organoid-segmentation\reports\segmentations\organoid_measurements_aspirina_1_v2_segmentations\Condição 1 - 1__labels.tif
Condição 1 - 1_.jpg,ConvPaint,182,591.0,314.0,1.0,0.0,0.658823549747467,0.5641895835477563,,C:\Users\sophi\napari-organoid-segmentation\reports\segmentations\organoid_measurements_aspirina_1_v2_segmentations\Condição 1 - 1__labels.tif
Condição 1 - 1_.jpg,ConvPaint,183,595.25,313.5,4.0,3.414213562373095,0.531372606754303,1.1283791670955126,4.312096675621178,C:\Users\sophi\napari-organoid-segmentation\reports\segmentations\organoid_measurements_aspirina_1_v2_segmentations\Condição 1 - 1__labels.tif
Condição 1 - 1_.jpg,ConvPaint,184,596.0,289.5,2.0,0.0,0.40784314274787903,0.7978845608028654,,C:\Users\sophi\napari-organoid-segmentation\reports\segmentations\organoid_measurements_aspirina_1_v2_segmentations\Condição 1 - 1__labels.tif
Condição 1 - 1_.jpg,ConvPaint,185,598.0,277.5,2.0,0.0,0.386274516582489,0.7978845608028654,,C:\Users\sophi\napari-organoid-segmentation\reports\segmentations\organoid_measurements_aspirina_1_v2_segmentations\Condição 1 - 1__labels.tif
Condição 1 - 1_.jpg,ConvPaint,186,598.0,289.0,1.0,0.0,0.41960784792900085,0.5641895835477563,,C:\Users\sophi\napari-organoid-segmentation\reports\segmentations\organoid_measurements_aspirina_1_v2_segmentations\Condição 1 - 1__labels.tif
Condição 1 - 1_.jpg,ConvPaint,187,599.0,315.0,3.0,1.0,0.4888888895511627,0.9772050238058398,37.69911184307752,C:\Users\sophi\napari-organoid-segmentation\reports\segmentations\organoid_measurements_aspirina_1_v2_segmentations\Condição 1 - 1__labels.tif
Condição 1 - 1_.jpg,ConvPaint,188,600.5,228.0,2.0,0.0,0.41372549533843994,0.7978845608028654,,C:\Users\sophi\napari-organoid-segmentation\reports\segmentations\organoid_measurements_aspirina_1_v2_segmentations\Condição 1 - 1__labels.tif
Condição 1 - 1_.jpg,ConvPaint,189,605.0,229.0,1.0,0.0,0.37254902720451355,0.5641895835477563,,C:\Users\sophi\napari-organoid-segmentation\reports\segmentations\organoid_measurements_aspirina_1_v2_segmentations\Condição 1 - 1__labels.tif
Condição 1 - 1_.jpg,ConvPaint,190,704.6266733266733,718.2187312687313,20020.0,2569.400287149999,0.28157371282577515,79.82834033975332,0.038107494930047336,C:\Users\sophi\napari-organoid-segmentation\reports\segmentations\organoid_measurements_aspirina_1_v2_segmentations\Condição 1 - 1__labels.tif
Condição 1 - 1_.jpg,ConvPaint,191,618.0,726.0,1.0,0.0,0.47058823704719543,0.5641895835477563,,C:\Users\sophi\napari-organoid-segmentation\reports\segmentations\organoid_measurements_aspirina_1_v2_segmentations\Condição 1 - 1__labels.tif
Condição 1 - 1_.jpg,ConvPaint,192,627.1666666666666,336.3333333333333,6.0,5.0,0.4326797425746918,1.381976597885342,3.015928947446201,C:\Users\sophi\napari-organoid-segmentation\reports\segmentations\organoid_measurements_aspirina_1_v2_segmentations\Condição 1 - 1__labels.tif
Condição 1 - 1_.jpg,ConvPaint,193,627.0,219.0,1.0,0.0,0.34117648005485535,0.5641895835477563,,C:\Users\sophi\napari-organoid-segmentation\reports\segmentations\organoid_measurements_aspirina_1_v2_segmentations\Condição 1 - 1__labels.tif
Condição 1 - 1_.jpg,ConvPaint,194,629.0,753.0,1.0,0.0,0.529411792755127,0.5641895835477563,,C:\Users\sophi\napari-organoid-segmentation\reports\segmentations\organoid_measurements_aspirina_1_v2_segmentations\Condição 1 - 1__labels.tif
Condição 1 - 1_.jpg,ConvPaint,195,629.0,769.0,1.0,0.0,0.6980392336845398,0.5641895835477563,,C:\Users\sophi\napari-organoid-segmentation\reports\segmentations\organoid_measurements_aspirina_1_v2_segmentations\Condição 1 - 1__labels.tif
Condição 1 - 1_.jpg,ConvPaint,196,631.0,770.0,1.0,0.0,0.6196078658103943,0.5641895835477563,,C:\Users\sophi\napari-organoid-segmentation\reports\segmentations\organoid_measurements_aspirina_1_v2_segmentations\Condição 1 - 1__labels.tif
Condição 1 - 1_.jpg,ConvPaint,197,632.5,772.5,4.0,4.0,0.5980392694473267,1.1283791670955126,3.141592653589793,C:\Users\sophi\napari-organoid-segmentation\reports\segmentations\organoid_measurements_aspirina_1_v2_segmentations\Condição 1 - 1__labels.tif
Condição 1 - 1_.jpg,ConvPaint,198,643.4583333333334,789.75,24.0,17.035533905932738,0.4758169949054718,2.763953195770684,1.0392250515593557,C:\Users\sophi\napari-organoid-segmentation\reports\segmentations\organoid_measurements_aspirina_1_v2_segmentations\Condição 1 - 1__labels.tif
Condição 1 - 1_.jpg,ConvPaint,199,647.0,786.0,3.0,1.0,0.4718954265117645,0.9772050238058398,37.69911184307752,C:\Users\sophi\napari-organoid-segmentation\reports\segmentations\organoid_measurements_aspirina_1_v2_segmentations\Condição 1 - 1__labels.tif
Condição 1 - 1_.jpg,ConvPaint,200,648.0,654.0,1.0,0.0,0.7019608020782471,0.5641895835477563,,C:\Users\sophi\napari-organoid-segmentation\reports\segmentations\organoid_measurements_aspirina_1_v2_segmentations\Condição 1 - 1__labels.tif
Condição 1 - 1_.jpg,ConvPaint,201,648.3333333333334,794.6666666666666,3.0,3.414213562373095,0.44967320561408997,0.9772050238058398,3.2340725067158833,C:\Users\sophi\napari-organoid-segmentation\reports\segmentations\organoid_measurements_aspirina_1_v2_segmentations\Condição 1 - 1__labels.tif
Condição 1 - 1_.jpg,ConvPaint,202,654.8,358.2,15.0,12.207106781186548,0.40261438488960266,2.1850968611841584,1.2649566308747549,C:\Users\sophi\napari-organoid-segmentation\reports\segmentations\organoid_measurements_aspirina_1_v2_segmentations\Condição 1 - 1__labels.tif
Condição 1 - 1_.jpg,ConvPaint,203,742.0240571162502,1146.7971441874904,25772.0,2532.820597366782,0.25973668694496155,90.57307760437786,0.05048346179915793,C:\Users\sophi\napari-organoid-segmentation\reports\segmentations\organoid_measurements_aspirina_1_v2_segmentations\Condição 1 - 1__labels.tif
Condição 1 - 1_.jpg,ConvPaint,204,652.0,1139.0,1.0,0.0,0.5215686559677124,0.5641895835477563,,C:\Users\sophi\napari-organoid-segmentation\reports\segmentations\organoid_measurements_aspirina_1_v2_segmentations\Condição 1 - 1__labels.tif
Condição 1 - 1_.jpg,ConvPaint,205,654.5,351.0,8.0,8.414213562373096,0.4524509906768799,1.5957691216057308,1.4199491418576702,C:\Users\sophi\napari-organoid-segmentation\reports\segmentations\organoid_measurements_aspirina_1_v2_segmentations\Condição 1 - 1__labels.tif
Condição 1 - 1_.jpg,ConvPaint,206,656.0,1107.0,1.0,0.0,0.6784313917160034,0.5641895835477563,,C:\Users\sophi\napari-organoid-segmentation\reports\segmentations\organoid_measurements_aspirina_1_v2_segmentations\Condição 1 - 1__labels.tif
Condição 1 - 1_.jpg,ConvPaint,207,657.6666666666666,352.3333333333333,3.0,3.414213562373095,0.49803924560546875,0.9772050238058398,3.2340725067158833,C:\Users\sophi\napari-organoid-segmentation\reports\segmentations\organoid_measurements_aspirina_1_v2_segmentations\Condição 1 - 1__labels.tif
Condição 1 - 1_.jpg,ConvPaint,208,657.0,1105.0,1.0,0.0,0.6274510025978088,0.5641895835477563,,C:\Users\sophi\napari-organoid-segmentation\reports\segmentations\organoid_measurements_aspirina_1_v2_segmentations\Condição 1 - 1__labels.tif
Condição 1 - 1_.jpg,ConvPaint,209,660.5,648.0,2.0,0.0,0.7352941036224365,0.7978845608028654,,C:\Users\sophi\napari-organoid-segmentation\reports\segmentations\organoid_measurements_aspirina_1_v2_segmentations\Condição 1 - 1__labels.tif
Condição 1 - 1_.jpg,ConvPaint,210,664.5,793.0,2.0,0.0,0.39803922176361084,0.7978845608028654,,C:\Users\sophi\napari-organoid-segmentation\reports\segmentations\organoid_measurements_aspirina_1_v2_segmentations\Condição 1 - 1__labels.tif
Condição 1 - 1_.jpg,ConvPaint,211,664.0,1206.0,1.0,0.0,0.6549019813537598,0.5641895835477563,,C:\Users\sophi\napari-organoid-segmentation\reports\segmentations\organoid_measurements_aspirina_1_v2_segmentations\Condição 1 - 1__labels.tif
Condição 1 - 1_.jpg,ConvPaint,212,665.8333333333334,359.5,6.0,6.82842712474619,0.4385621249675751,1.381976597885342,1.6170362533579417,C:\Users\sophi\napari-organoid-segmentation\reports\segmentations\organoid_measurements_aspirina_1_v2_segmentations\Condição 1 - 1__labels.tif
Condição 1 - 1_.jpg,ConvPaint,213,665.3333333333334,665.3333333333334,3.0,3.414213562373095,0.35947713255882263,0.9772050238058398,3.2340725067158833,C:\Users\sophi\napari-organoid-segmentation\reports\segmentations\organoid_measurements_aspirina_1_v2_segmentations\Condição 1 - 1__labels.tif
Condição 1 - 1_.jpg,ConvPaint,214,666.0,1206.0,1.0,0.0,0.5803921818733215,0.5641895835477563,,C:\Users\sophi\napari-organoid-segmentation\reports\segmentations\organoid_measurements_aspirina_1_v2_segmentations\Condição 1 - 1__labels.tif
Condição 1 - 1_.jpg,ConvPaint,215,669.2,357.9,10.0,8.414213562373096,0.4392157196998596,1.7841241161527712,1.7749364273220878,C:\Users\sophi\napari-organoid-segmentation\reports\segmentations\organoid_measurements_aspirina_1_v2_segmentations\Condição 1 - 1__labels.tif
Condição 1 - 1_.jpg,ConvPaint,216,670.0,351.0,1.0,0.0,0.46666666865348816,0.5641895835477563,,C:\Users\sophi\napari-organoid-segmentation\reports\segmentations\organoid_measurements_aspirina_1_v2_segmentations\Condição 1 - 1__labels.tif
Condição 1 - 1_.jpg,ConvPaint,217,670.0,354.5,2.0,0.0,0.44509804248809814,0.7978845608028654,,C:\Users\sophi\napari-organoid-segmentation\reports\segmentations\organoid_measurements_aspirina_1_v2_segmentations\Condição 1 - 1__labels.tif
Condição 1 - 1_.jpg,ConvPaint,218,670.0,1169.0,1.0,0.0,0.32156863808631897,0.5641895835477563,,C:\Users\sophi\napari-organoid-segmentation\reports\segmentations\organoid_measurements_aspirina_1_v2_segmentations\Condição 1 - 1__labels.tif
Condição 1 - 1_.jpg,ConvPaint,219,672.3333333333334,354.6666666666667,3.0,3.414213562373095,0.42091503739356995,0.9772050238058398,3.2340725067158833,C:\Users\sophi\napari-organoid-segmentation\reports\segmentations\organoid_measurements_aspirina_1_v2_segmentations\Condição 1 - 1__labels.tif
Condição 1 - 1_.jpg,ConvPaint,220,677.8695652173913,356.7826086956522,23.0,17.035533905932738,0.41892582178115845,2.7057581899030048,0.9959240077443825,C:\Users\sophi\napari-organoid-segmentation\reports\segmentations\organoid_measurements_aspirina_1_v2_segmentations\Condição 1 - 1__labels.tif
Condição 1 - 1_.jpg,ConvPaint,221,674.0,648.0,1.0,0.0,0.7215686440467834,0.5641895835477563,,C:\Users\sophi\napari-organoid-segmentation\reports\segmentations\organoid_measurements_aspirina_1_v2_segmentations\Condição 1 - 1__labels.tif
Condição 1 - 1_.jpg,ConvPaint,222,676.0,192.0,1.0,0.0,0.545098066329956,0.5641895835477563,,C:\Users\sophi\napari-organoid-segmentation\reports\segmentations\organoid_measurements_aspirina_1_v2_segmentations\Condição 1 - 1__labels.tif
Condição 1 - 1_.jpg,ConvPaint,223,678.0,803.0,3.0,1.0,0.6339869499206543,0.9772050238058398,37.69911184307752,C:\Users\sophi\napari-organoid-segmentation\reports\segmentations\organoid_measurements_aspirina_1_v2_segmentations\Condição 1 - 1__labels.tif
Condição 1 - 1_.jpg,ConvPaint,224,681.0,353.0,1.0,0.0,0.364705890417099,0.5641895835477563,,C:\Users\sophi\napari-organoid-segmentation\reports\segmentations\organoid_measurements_aspirina_1_v2_segmentations\Condição 1 - 1__labels.tif
Condição 1 - 1_.jpg,ConvPaint,225,683.5,350.5,8.0,8.0,0.43578431010246277,1.5957691216057308,1.5707963267948966,C:\Users\sophi\napari-organoid-segmentation\reports\segmentations\organoid_measurements_aspirina_1_v2_segmentations\Condição 1 - 1__labels.tif
Condição 1 - 1_.jpg,ConvPaint,226,683.0,201.5,2.0,0.0,0.4490196108818054,0.7978845608028654,,C:\Users\sophi\napari-organoid-segmentation\reports\segmentations\organoid_measurements_aspirina_1_v2_segmentations\Condição 1 - 1__labels.tif
Condição 1 - 1_.jpg,ConvPaint,227,683.5,1217.0,2.0,0.0,0.5333333611488342,0.7978845608028654,,C:\Users\sophi\napari-organoid-segmentation\reports\segmentations\organoid_measurements_aspirina_1_v2_segmentations\Condição 1 - 1__labels.tif
Condição 1 - 1_.jpg,ConvPaint,228,685.2,358.8,5.0,4.207106781186548,0.43529415130615234,1.2615662610100802,3.5498728546441756,C:\Users\sophi\napari-organoid-segmentation\reports\segmentations\organoid_measurements_aspirina_1_v2_segmentations\Condição 1 - 1__labels.tif
Condição 1 - 1_.jpg,ConvPaint,229,684.5,805.0,2.0,0.0,0.6490195989608765,0.7978845608028654,,C:\Users\sophi\napari-organoid-segmentation\reports\segmentations\organoid_measurements_aspirina_1_v2_segmentations\Condição 1 - 1__labels.tif
Condição 1 - 1_.jpg,ConvPaint,230,688.0,355.0,1.0,0.0,0.4588235318660736,0.5641895835477563,,C:\Users\sophi\napari-organoid-segmentation\reports\segmentations\organoid_measurements_aspirina_1_v2_segmentations\Condição 1 - 1__labels.tif
Condição 1 - 1_.jpg,ConvPaint,231,688.5,657.0,2.0,0.0,0.32549020648002625,0.7978845608028654,,C:\Users\sophi\napari-organoid-segmentation\reports\segmentations\organoid_measurements_aspirina_1_v2_segmentations\Condição 1 - 1__labels.tif
Condição 1 - 1_.jpg,ConvPaint,232,689.0,352.0,1.0,0.0,0.4274509847164154,0.5641895835477563,,C:\Users\sophi\napari-organoid-segmentation\reports\segmentations\organoid_measurements_aspirina_1_v2_segmentations\Condição 1 - 1__labels.tif
Condição 1 - 1_.jpg,ConvPaint,233,690.5,354.5,4.0,4.0,0.45490196347236633,1.1283791670955126,3.141592653589793,C:\Users\sophi\napari-organoid-segmentation\reports\segmentations\organoid_measurements_aspirina_1_v2_segmentations\Condição 1 - 1__labels.tif
Condição 1 - 1_.jpg,ConvPaint,234,693.0,206.0,1.0,0.0,0.4117647111415863,0.5641895835477563,,C:\Users\sophi\napari-organoid-segmentation\reports\segmentations\organoid_measurements_aspirina_1_v2_segmentations\Condição 1 - 1__labels.tif
Condição 1 - 1_.jpg,ConvPaint,235,693.0,1074.0,1.0,0.0,0.4000000059604645,0.5641895835477563,,C:\Users\sophi\napari-organoid-segmentation\reports\segmentations\organoid_measurements_aspirina_1_v2_segmentations\Condição 1 - 1__labels.tif
Condição 1 - 1_.jpg,ConvPaint,236,695.7,353.1,10.0,7.414213562373096,0.4862745404243469,1.7841241161527712,2.2860181861076723,C:\Users\sophi\napari-organoid-segmentation\reports\segmentations\organoid_measurements_aspirina_1_v2_segmentations\Condição 1 - 1__labels.tif
Condição 1 - 1_.jpg,ConvPaint,237,696.3333333333334,202.33333333333334,3.0,3.414213562373095,0.5281046032905579,0.9772050238058398,3.2340725067158833,C:\Users\sophi\napari-organoid-segmentation\reports\segmentations\organoid_measurements_aspirina_1_v2_segmentations\Condição 1 - 1__labels.tif
Condição 1 - 1_.jpg,ConvPaint,238,697.0,346.0,1.0,0.0,0.40392157435417175,0.5641895835477563,,C:\Users\sophi\napari-organoid-segmentation\reports\segmentations\organoid_measurements_aspirina_1_v2_segmentations\Condição 1 - 1__labels.tif
Condição 1 - 1_.jpg,ConvPaint,239,699.0,197.14285714285714,7.0,5.414213562373095,0.4773109555244446,1.4927053303604616,3.000800608478478,C:\Users\sophi\napari-organoid-segmentation\reports\segmentations\organoid_measurements_aspirina_1_v2_segmentations\Condição 1 - 1__labels.tif
Condição 1 - 1_.jpg,ConvPaint,240,700.8888888888889,202.33333333333334,9.0,9.621320343559642,0.4949890673160553,1.692568750643269,1.221751902165316,C:\Users\sophi\napari-organoid-segmentation\reports\segmentations\organoid_measurements_aspirina_1_v2_segmentations\Condição 1 - 1__labels.tif
Condição 1 - 1_.jpg,ConvPaint,241,699.0,345.0,1.0,0.0,0.49803921580314636,0.5641895835477563,,C:\Users\sophi\napari-organoid-segmentation\reports\segmentations\organoid_measurements_aspirina_1_v2_segmentations\Condição 1 - 1__labels.tif
Condição 1 - 1_.jpg,ConvPaint,242,787.4887594936708,1563.9267848101265,19750.0,1835.4804102091043,0.25692668557167053,79.28821004493585,0.0736677586450208,C:\Users\sophi\napari-organoid-segmentation\reports\segmentations\organoid_measurements_aspirina_1_v2_segmentations\Condição 1 - 1__labels.tif
Condição 1 - 1_.jpg,ConvPaint,243,708.0,335.0,1.0,0.0,0.37254902720451355,0.5641895835477563,,C:\Users\sophi\napari-organoid-segmentation\reports\segmentations\organoid_measurements_aspirina_1_v2_segmentations\Condição 1 - 1__labels.tif
Condição 1 - 1_.jpg,ConvPaint,244,708.5,1551.0,2.0,0.0,0.5352941751480103,0.7978845608028654,,C:\Users\sophi\napari-organoid-segmentation\reports\segmentations\organoid_measurements_aspirina_1_v2_segmentations\Condição 1 - 1__labels.tif
Condição 1 - 1_.jpg,ConvPaint,245,708.8,1584.6,5.0,5.207106781186548,0.5309804677963257,1.2615662610100802,2.3173247538676778,C:\Users\sophi\napari-organoid-segmentation\reports\segmentations\organoid_measurements_aspirina_1_v2_segmentations\Condição 1 - 1__labels.tif
Condição 1 - 1_.jpg,ConvPaint,246,709.0,1590.5,2.0,0.0,0.6549019813537598,0.7978845608028654,,C:\Users\sophi\napari-organoid-segmentation\reports\segmentations\organoid_measurements_aspirina_1_v2_segmentations\Condição 1 - 1__labels.tif
Condição 1 - 1_.jpg,ConvPaint,247,710.0,222.0,1.0,0.0,0.4000000059604645,0.5641895835477563,,C:\Users\sophi\napari-organoid-segmentation\reports\segmentations\organoid_measurements_aspirina_1_v2_segmentations\Condição 1 - 1__labels.tif
Condição 1 - 1_.jpg,ConvPaint,248,711.25,340.75,12.0,10.035533905932738,0.4035947620868683,1.9544100476116797,1.4973045520592334,C:\Users\sophi\napari-organoid-segmentation\reports\segmentations\organoid_measurements_aspirina_1_v2_segmentations\Condição 1 - 1__labels.tif
Condição 1 - 1_.jpg,ConvPaint,249,710.0,1587.0,1.0,0.0,0.501960813999176,0.5641895835477563,,C:\Users\sophi\napari-organoid-segmentation\reports\segmentations\organoid_measurements_aspirina_1_v2_segmentations\Condição 1 - 1__labels.tif
Condição 1 - 1_.jpg,ConvPaint,250,711.0,214.0,1.0,0.0,0.43921568989753723,0.5641895835477563,,C:\Users\sophi\napari-organoid-segmentation\reports\segmentations\organoid_measurements_aspirina_1_v2_segmentations\Condição 1 - 1__labels.tif
Condição 1 - 1_.jpg,ConvPaint,251,712.0,1535.0,1.0,0.0,0.686274528503418,0.5641895835477563,,C:\Users\sophi\napari-organoid-segmentation\reports\segmentations\organoid_measurements_aspirina_1_v2_segmentations\Condição 1 - 1__labels.tif
Condição 1 - 1_.jpg,ConvPaint,252,712.5,1605.0,2.0,0.0,0.5411764979362488,0.7978845608028654,,C:\Users\sophi\napari-organoid-segmentation\reports\segmentations\organoid_measurements_aspirina_1_v2_segmentations\Condição 1 - 1__labels.tif
Condição 1 - 1_.jpg,ConvPaint,253,713.5,213.5,2.0,0.0,0.4803921580314636,0.7978845608028654,,C:\Users\sophi\napari-organoid-segmentation\reports\segmentations\organoid_measurements_aspirina_1_v2_segmentations\Condição 1 - 1__labels.tif
Condição 1 - 1_.jpg,ConvPaint,254,714.0,787.0,1.0,0.0,0.4156862795352936,0.5641895835477563,,C:\Users\sophi\napari-organoid-segmentation\reports\segmentations\organoid_measurements_aspirina_1_v2_segmentations\Condição 1 - 1__labels.tif
Condição 1 - 1_.jpg,ConvPaint,255,715.5,341.5,2.0,0.0,0.42549020051956177,0.7978845608028654,,C:\Users\sophi\napari-organoid-segmentation\reports\segmentations\organoid_measurements_aspirina_1_v2_segmentations\Condição 1 - 1__labels.tif
Condição 1 - 1_.jpg,ConvPaint,256,716.5,339.0,2.0,0.0,0.4745098054409027,0.7978845608028654,,C:\Users\sophi\napari-organoid-segmentation\reports\segmentations\organoid_measurements_aspirina_1_v2_segmentations\Condição 1 - 1__labels.tif
Condição 1 - 1_.jpg,ConvPaint,257,717.0,327.0,1.0,0.0,0.40392157435417175,0.5641895835477563,,C:\Users\sophi\napari-organoid-segmentation\reports\segmentations\organoid_measurements_aspirina_1_v2_segmentations\Condição 1 - 1__labels.tif
Condição 1 - 1_.jpg,ConvPaint,258,723.2285714285714,331.2857142857143,35.0,28.65685424949238,0.37994399666786194,3.3377905890622728,0.5355757179940117,C:\Users\sophi\napari-organoid-segmentation\reports\segmentations\organoid_measurements_aspirina_1_v2_segmentations\Condição 1 - 1__labels.tif
Condição 1 - 1_.jpg,ConvPaint,259,718.6666666666666,342.3333333333333,3.0,3.414213562373095,0.4562091529369354,0.9772050238058398,3.2340725067158833,C:\Users\sophi\napari-organoid-segmentation\reports\segmentations\organoid_measurements_aspirina_1_v2_segmentations\Condição 1 - 1__labels.tif
Condição 1 - 1_.jpg,ConvPaint,260,721.0,794.5,4.0,4.414213562373095,0.4950980544090271,1.1283791670955126,2.5796641830326625,C:\Users\sophi\napari-organoid-segmentation\reports\segmentations\organoid_measurements_aspirina_1_v2_segmentations\Condição 1 - 1__labels.tif
Condição 1 - 1_.jpg,ConvPaint,261,720.0,1067.0,1.0,0.0,0.33725491166114807,0.5641895835477563,,C:\Users\sophi\napari-organoid-segmentation\reports\segmentations\organoid_measurements_aspirina_1_v2_segmentations\Condição 1 - 1__labels.tif
Condição 1 - 1_.jpg,ConvPaint,262,722.0,327.0,1.0,0.0,0.3960784375667572,0.5641895835477563,,C:\Users\sophi\napari-organoid-segmentation\reports\segmentations\organoid_measurements_aspirina_1_v2_segmentations\Condição 1 - 1__labels.tif
Condição 1 - 1_.jpg,ConvPaint,263,722.0,782.0,1.0,0.0,0.40392157435417175,0.5641895835477563,,C:\Users\sophi\napari-organoid-segmentation\reports\segmentations\organoid_measurements_aspirina_1_v2_segmentations\Condição 1 - 1__labels.tif
Condição 1 - 1_.jpg,ConvPaint,264,722.0,1525.0,1.0,0.0,0.6313725709915161,0.5641895835477563,,C:\Users\sophi\napari-organoid-segmentation\reports\segmentations\organoid_measurements_aspirina_1_v2_segmentations\Condição 1 - 1__labels.tif
Condição 1 - 1_.jpg,ConvPaint,265,725.0,318.0,1.0,0.0,0.4000000059604645,0.5641895835477563,,C:\Users\sophi\napari-organoid-segmentation\reports\segmentations\organoid_measurements_aspirina_1_v2_segmentations\Condição 1 - 1__labels.tif
Condição 1 - 1_.jpg,ConvPaint,266,727.5,323.55555555555554,18.0,15.242640687119286,0.3862744867801666,2.393653682408596,0.9735582576112822,C:\Users\sophi\napari-organoid-segmentation\reports\segmentations\organoid_measurements_aspirina_1_v2_segmentations\Condição 1 - 1__labels.tif
Condição 1 - 1_.jpg,ConvPaint,267,725.0,1238.0,1.0,0.0,0.5843137502670288,0.5641895835477563,,C:\Users\sophi\napari-organoid-segmentation\reports\segmentations\organoid_measurements_aspirina_1_v2_segmentations\Condição 1 - 1__labels.tif
Condição 1 - 1_.jpg,ConvPaint,268,726.0,1593.0,1.0,0.0,0.34117648005485535,0.5641895835477563,,C:\Users\sophi\napari-organoid-segmentation\reports\segmentations\organoid_measurements_aspirina_1_v2_segmentations\Condição 1 - 1__labels.tif
Condição 1 - 1_.jpg,ConvPaint,269,729.5,313.5,2.0,0.0,0.38235294818878174,0.7978845608028654,,C:\Users\sophi\napari-organoid-segmentation\reports\segmentations\organoid_measurements_aspirina_1_v2_segmentations\Condição 1 - 1__labels.tif
Condição 1 - 1_.jpg,ConvPaint,270,731.5,301.0,4.0,2.0,0.3529411852359772,1.1283791670955126,12.566370614359172,C:\Users\sophi\napari-organoid-segmentation\reports\segmentations\organoid_measurements_aspirina_1_v2_segmentations\Condição 1 - 1__labels.tif
Condição 1 - 1_.jpg,ConvPaint,271,730.0,321.0,1.0,0.0,0.40392157435417175,0.5641895835477563,,C:\Users\sophi\napari-organoid-segmentation\reports\segmentations\organoid_measurements_aspirina_1_v2_segmentations\Condição 1 - 1__labels.tif
Condição 1 - 1_.jpg,ConvPaint,272,730.5,786.0,2.0,0.0,0.37254902720451355,0.7978845608028654,,C:\Users\sophi\napari-organoid-segmentation\reports\segmentations\organoid_measurements_aspirina_1_v2_segmentations\Condição 1 - 1__labels.tif
Condição 1 - 1_.jpg,ConvPaint,273,731.0,246.0,1.0,0.0,0.3529411852359772,0.5641895835477563,,C:\Users\sophi\napari-organoid-segmentation\reports\segmentations\organoid_measurements_aspirina_1_v2_segmentations\Condição 1 - 1__labels.tif
Condição 1 - 1_.jpg,ConvPaint,274,731.0,304.0,1.0,0.0,0.33725491166114807,0.5641895835477563,,C:\Users\sophi\napari-organoid-segmentation\reports\segmentations\organoid_measurements_aspirina_1_v2_segmentations\Condição 1 - 1__labels.tif
Condição 1 - 1_.jpg,ConvPaint,275,733.0714285714286,789.5,14.0,12.035533905932738,0.4372549057006836,2.111004122822376,1.2145270120957958,C:\Users\sophi\napari-organoid-segmentation\reports\segmentations\organoid_measurements_aspirina_1_v2_segmentations\Condição 1 - 1__labels.tif
Condição 1 - 1_.jpg,ConvPaint,276,732.5,1642.5,2.0,0.0,0.4470588266849518,0.7978845608028654,,C:\Users\sophi\napari-organoid-segmentation\reports\segmentations\organoid_measurements_aspirina_1_v2_segmentations\Condição 1 - 1__labels.tif
Condição 1 - 1_.jpg,ConvPaint,277,734.0,315.0,3.0,1.0,0.45098039507865906,0.9772050238058398,37.69911184307752,C:\Users\sophi\napari-organoid-segmentation\reports\segmentations\organoid_measurements_aspirina_1_v2_segmentations\Condição 1 - 1__labels.tif
Condição 1 - 1_.jpg,ConvPaint,278,734.5,274.5,4.0,4.0,0.39411765336990356,1.1283791670955126,3.141592653589793,C:\Users\sophi\napari-organoid-segmentation\reports\segmentations\organoid_measurements_aspirina_1_v2_segmentations\Condição 1 - 1__labels.tif
Condição 1 - 1_.jpg,ConvPaint,279,743.360655737705,1648.8032786885246,122.0,67.4558441227157,0.4180649220943451,6.231677632421503,0.3369229015284428,C:\Users\sophi\napari-organoid-segmentation\reports\segmentations\organoid_measurements_aspirina_1_v2_segmentations\Condição 1 - 1__labels.tif
Condição 1 - 1_.jpg,ConvPaint,280,737.6,303.6,5.0,2.414213562373095,0.4141176640987396,1.2615662610100802,10.780241689052945,C:\Users\sophi\napari-organoid-segmentation\reports\segmentations\organoid_measurements_aspirina_1_v2_segmentations\Condição 1 - 1__labels.tif
Condição 1 - 1_.jpg,ConvPaint,281,736.0,306.5,2.0,0.0,0.3745098114013672,0.7978845608028654,,C:\Users\sophi\napari-organoid-segmentation\reports\segmentations\organoid_measurements_aspirina_1_v2_segmentations\Condição 1 - 1__labels.tif
Condição 1 - 1_.jpg,ConvPaint,282,738.4285714285714,309.57142857142856,7.0,6.414213562373095,0.40616247057914734,1.4927053303604616,2.1380658287893026,C:\Users\sophi\napari-organoid-segmentation\reports\segmentations\organoid_measurements_aspirina_1_v2_segmentations\Condição 1 - 1__labels.tif
Condição 1 - 1_.jpg,ConvPaint,283,738.0,316.25,4.0,4.621320343559642,0.44509804248809814,1.1283791670955126,2.3536273758173025,C:\Users\sophi\napari-organoid-segmentation\reports\segmentations\organoid_measurements_aspirina_1_v2_segmentations\Condição 1 - 1__labels.tif
Condição 1 - 1_.jpg,ConvPaint,284,746.4050632911392,271.2151898734177,79.0,55.7634559672906,0.41444528102874756,5.014626706796775,0.31925491514313264,C:\Users\sophi\napari-organoid-segmentation\reports\segmentations\organoid_measurements_aspirina_1_v2_segmentations\Condição 1 - 1__labels.tif
Condição 1 - 1_.jpg,ConvPaint,285,743.5238095238095,293.1904761904762,21.0,18.242640687119284,0.44873949885368347,2.5854414729132054,0.7929645098246654,C:\Users\sophi\napari-organoid-segmentation\reports\segmentations\organoid_measurements_aspirina_1_v2_segmentations\Condição 1 - 1__labels.tif
Condição 1 - 1_.jpg,ConvPaint,286,740.0,295.0,1.0,0.0,0.37254902720451355,0.5641895835477563,,C:\Users\sophi\napari-organoid-segmentation\reports\segmentations\organoid_measurements_aspirina_1_v2_segmentations\Condição 1 - 1__labels.tif
Condição 1 - 1_.jpg,ConvPaint,287,740.0,1633.0,1.0,0.0,0.47058823704719543,0.5641895835477563,,C:\Users\sophi\napari-organoid-segmentation\reports\segmentations\organoid_measurements_aspirina_1_v2_segmentations\Condição 1 - 1__labels.tif
Condição 1 - 1_.jpg,ConvPaint,288,740.0,1651.0,1.0,0.0,0.5372549295425415,0.5641895835477563,,C:\Users\sophi\napari-organoid-segmentation\reports\segmentations\organoid_measurements_aspirina_1_v2_segmentations\Condição 1 - 1__labels.tif
Condição 1 - 1_.jpg,ConvPaint,289,742.3333333333334,304.3333333333333,3.0,3.414213562373095,0.44967320561408997,0.9772050238058398,3.2340725067158833,C:\Users\sophi\napari-organoid-segmentation\reports\segmentations\organoid_measurements_aspirina_1_v2_segmentations\Condição 1 - 1__labels.tif
Condição 1 - 1_.jpg,ConvPaint,290,742.6666666666666,314.6666666666667,3.0,3.414213562373095,0.48235297203063965,0.9772050238058398,3.2340725067158833,C:\Users\sophi\napari-organoid-segmentation\reports\segmentations\organoid_measurements_aspirina_1_v2_segmentations\Condição 1 - 1__labels.tif
Condição 1 - 1_.jpg,ConvPaint,291,742.0,1634.5,2.0,0.0,0.4058823585510254,0.7978845608028654,,C:\Users\sophi\napari-organoid-segmentation\reports\segmentations\organoid_measurements_aspirina_1_v2_segmentations\Condição 1 - 1__labels.tif
Condição 1 - 1_.jpg,ConvPaint,292,744.0,275.0,1.0,0.0,0.3686274588108063,0.5641895835477563,,C:\Users\sophi\napari-organoid-segmentation\reports\segmentations\organoid_measurements_aspirina_1_v2_segmentations\Condição 1 - 1__labels.tif
Condição 1 - 1_.jpg,ConvPaint,293,744.75,288.0,4.0,1.2071067811865475,0.4441176652908325,1.1283791670955126,34.496773404969424,C:\Users\sophi\napari-organoid-segmentation\reports\segmentations\organoid_measurements_aspirina_1_v2_segmentations\Condição 1 - 1__labels.tif
Condição 1 - 1_.jpg,ConvPaint,294,745.75,299.0,8.0,6.0,0.47254905104637146,1.5957691216057308,2.792526803190927,C:\Users\sophi\napari-organoid-segmentation\reports\segmentations\organoid_measurements_aspirina_1_v2_segmentations\Condição 1 - 1__labels.tif
Condição 1 - 1_.jpg,ConvPaint,295,746.6666666666666,284.6666666666667,3.0,3.414213562373095,0.4418300688266754,0.9772050238058398,3.2340725067158833,C:\Users\sophi\napari-organoid-segmentation\reports\segmentations\organoid_measurements_aspirina_1_v2_segmentations\Condição 1 - 1__labels.tif
Condição 1 - 1_.jpg,ConvPaint,296,749.8333333333334,778.5,6.0,5.207106781186548,0.38954249024391174,1.381976597885342,2.7807897046412133,C:\Users\sophi\napari-organoid-segmentation\reports\segmentations\organoid_measurements_aspirina_1_v2_segmentations\Condição 1 - 1__labels.tif
Condição 1 - 1_.jpg,ConvPaint,297,749.0,1643.0,1.0,0.0,0.4156862795352936,0.5641895835477563,,C:\Users\sophi\napari-organoid-segmentation\reports\segmentations\organoid_measurements_aspirina_1_v2_segmentations\Condição 1 - 1__labels.tif
Condição 1 - 1_.jpg,ConvPaint,298,751.4,1645.2,5.0,4.621320343559642,0.3866666853427887,1.2615662610100802,2.9420342197716285,C:\Users\sophi\napari-organoid-segmentation\reports\segmentations\organoid_measurements_aspirina_1_v2_segmentations\Condição 1 - 1__labels.tif
Condição 1 - 1_.jpg,ConvPaint,299,758.0,1655.0,1.0,0.0,0.4117647111415863,0.5641895835477563,,C:\Users\sophi\napari-organoid-segmentation\reports\segmentations\organoid_measurements_aspirina_1_v2_segmentations\Condição 1 - 1__labels.tif
Condição 1 - 1_.jpg,ConvPaint,300,760.0,637.0,1.0,0.0,0.5607843399047852,0.5641895835477563,,C:\Users\sophi\napari-organoid-segmentation\reports\segmentations\organoid_measurements_aspirina_1_v2_segmentations\Condição 1 - 1__labels.tif
Condição 1 - 1_.jpg,ConvPaint,301,762.2307692307693,1653.3846153846155,13.0,11.071067811865476,0.41628962755203247,2.0342144725641096,1.332828266220388,C:\Users\sophi\napari-organoid-segmentation\reports\segmentations\organoid_measurements_aspirina_1_v2_segmentations\Condição 1 - 1__labels.tif
Condição 1 - 1_.jpg,ConvPaint,302,763.0,647.0,1.0,0.0,0.43921568989753723,0.5641895835477563,,C:\Users\sophi\napari-organoid-segmentation\reports\segmentations\organoid_measurements_aspirina_1_v2_segmentations\Condição 1 - 1__labels.tif
Condição 1 - 1_.jpg,ConvPaint,303,767.3636363636364,655.5454545454545,22.0,20.27817459305202,0.41853830218315125,2.6462837142006137,0.6723181395039011,C:\Users\sophi\napari-organoid-segmentation\reports\segmentations\organoid_measurements_aspirina_1_v2_segmentations\Condição 1 - 1__labels.tif
Condição 1 - 1_.jpg,ConvPaint,304,769.0,649.0,4.0,3.414213562373095,0.4519607722759247,1.1283791670955126,4.312096675621178,C:\Users\sophi\napari-organoid-segmentation\reports\segmentations\organoid_measurements_aspirina_1_v2_segmentations\Condição 1 - 1__labels.tif
Condição 1 - 1_.jpg,ConvPaint,305,769.4285714285714,1653.0,7.0,7.414213562373096,0.43305322527885437,1.4927053303604616,1.6002127302753708,C:\Users\sophi\napari-organoid-segmentation\reports\segmentations\organoid_measurements_aspirina_1_v2_segmentations\Condição 1 - 1__labels.tif
Condição 1 - 1_.jpg,ConvPaint,306,772.4,657.8,5.0,5.207106781186548,0.4023529589176178,1.2615662610100802,2.3173247538676778,C:\Users\sophi\napari-organoid-segmentation\reports\segmentations\organoid_measurements_aspirina_1_v2_segmentations\Condição 1 - 1__labels.tif
Condição 1 - 1_.jpg,ConvPaint,307,776.7142857142857,645.2380952380952,21.0,15.414213562373096,0.49990662932395935,2.5854414729132054,1.1106735132308683,C:\Users\sophi\napari-organoid-segmentation\reports\segmentations\organoid_measurements_aspirina_1_v2_segmentations\Condição 1 - 1__labels.tif
Condição 1 - 1_.jpg,ConvPaint,308,774.0,1487.0,1.0,0.0,0.41960784792900085,0.5641895835477563,,C:\Users\sophi\napari-organoid-segmentation\reports\segmentations\organoid_measurements_aspirina_1_v2_segmentations\Condição 1 - 1__labels.tif
Condição 1 - 1_.jpg,ConvPaint,309,776.25,650.25,4.0,3.2071067811865475,0.4803921580314636,1.1283791670955126,4.887007608661263,C:\Users\sophi\napari-organoid-segmentation\reports\segmentations\organoid_measurements_aspirina_1_v2_segmentations\Condição 1 - 1__labels.tif
Condição 1 - 1_.jpg,ConvPaint,310,783.5238095238095,1653.0,21.0,16.44974746830583,0.43174606561660767,2.5854414729132054,0.9752381644792989,C:\Users\sophi\napari-organoid-segmentation\reports\segmentations\organoid_measurements_aspirina_1_v2_segmentations\Condição 1 - 1__labels.tif
Condição 1 - 1_.jpg,ConvPaint,311,783.4230769230769,678.8076923076923,26.0,22.27817459305202,0.3968326151371002,2.876813695875796,0.6583002282205644,C:\Users\sophi\napari-organoid-segmentation\reports\segmentations\organoid_measurements_aspirina_1_v2_segmentations\Condição 1 - 1__labels.tif
Condição 1 - 1_.jpg,ConvPaint,312,780.0,677.0,1.0,0.0,0.3490196168422699,0.5641895835477563,,C:\Users\sophi\napari-organoid-segmentation\reports\segmentations\organoid_measurements_aspirina_1_v2_segmentations\Condição 1 - 1__labels.tif
Condição 1 - 1_.jpg,ConvPaint,313,781.0,1069.0,1.0,0.0,0.46666666865348816,0.5641895835477563,,C:\Users\sophi\napari-organoid-segmentation\reports\segmentations\organoid_measurements_aspirina_1_v2_segmentations\Condição 1 - 1__labels.tif
Condição 1 - 1_.jpg,ConvPaint,314,781.0,1071.0,1.0,0.0,0.545098066329956,0.5641895835477563,,C:\Users\sophi\napari-organoid-segmentation\reports\segmentations\organoid_measurements_aspirina_1_v2_segmentations\Condição 1 - 1__labels.tif
Condição 1 - 1_.jpg,ConvPaint,315,782.0,646.0,1.0,0.0,0.5686274766921997,0.5641895835477563,,C:\Users\sophi\napari-organoid-segmentation\reports\segmentations\organoid_measurements_aspirina_1_v2_segmentations\Condição 1 - 1__labels.tif
Condição 1 - 1_.jpg,ConvPaint,316,782.0,673.0,1.0,0.0,0.4627451002597809,0.5641895835477563,,C:\Users\sophi\napari-organoid-segmentation\reports\segmentations\organoid_measurements_aspirina_1_v2_segmentations\Condição 1 - 1__labels.tif
Condição 1 - 1_.jpg,ConvPaint,317,786.1578947368421,652.0263157894736,38.0,24.65685424949238,0.4877193868160248,3.477898169151024,0.7854492415224267,C:\Users\sophi\napari-organoid-segmentation\reports\segmentations\organoid_measurements_aspirina_1_v2_segmentations\Condição 1 - 1__labels.tif
Condição 1 - 1_.jpg,ConvPaint,318,790.020202020202,669.0808080808081,99.0,54.21320343559643,0.4265003502368927,5.613615477764332,0.42328698768560047,C:\Users\sophi\napari-organoid-segmentation\reports\segmentations\organoid_measurements_aspirina_1_v2_segmentations\Condição 1 - 1__labels.tif
Condição 1 - 1_.jpg,ConvPaint,319,785.0,683.0,1.0,0.0,0.3843137323856354,0.5641895835477563,,C:\Users\sophi\napari-organoid-segmentation\reports\segmentations\organoid_measurements_aspirina_1_v2_segmentations\Condição 1 - 1__labels.tif
Condição 1 - 1_.jpg,ConvPaint,320,788.2727272727273,660.5454545454545,11.0,11.207106781186548,0.5090909600257874,1.8712051592547776,1.1005645743651304,C:\Users\sophi\napari-organoid-segmentation\reports\segmentations\organoid_measurements_aspirina_1_v2_segmentations\Condição 1 - 1__labels.tif
Condição 1 - 1_.jpg,ConvPaint,321,787.75,739.0,12.0,9.621320343559642,0.39052286744117737,1.9544100476116797,1.6290025362204212,C:\Users\sophi\napari-organoid-segmentation\reports\segmentations\organoid_measurements_aspirina_1_v2_segmentations\Condição 1 - 1__labels.tif
Condição 1 - 1_.jpg,ConvPaint,322,790.0,684.0,1.0,0.0,0.4313725531101227,0.5641895835477563,,C:\Users\sophi\napari-organoid-segmentation\reports\segmentations\organoid_measurements_aspirina_1_v2_segmentations\Condição 1 - 1__labels.tif
Condição 1 - 1_.jpg,ConvPaint,323,793.0,744.0,1.0,0.0,0.4313725531101227,0.5641895835477563,,C:\Users\sophi\napari-organoid-segmentation\reports\segmentations\organoid_measurements_aspirina_1_v2_segmentations\Condição 1 - 1__labels.tif
Condição 1 - 1_.jpg,ConvPaint,324,794.0,747.0,1.0,0.0,0.5960784554481506,0.5641895835477563,,C:\Users\sophi\napari-organoid-segmentation\reports\segmentations\organoid_measurements_aspirina_1_v2_segmentations\Condição 1 - 1__labels.tif
Condição 1 - 1_.jpg,ConvPaint,325,795.0,728.0,3.0,1.0,0.32679739594459534,0.9772050238058398,37.69911184307752,C:\Users\sophi\napari-organoid-segmentation\reports\segmentations\organoid_measurements_aspirina_1_v2_segmentations\Condição 1 - 1__labels.tif
Condição 1 - 1_.jpg,ConvPaint,326,795.0,731.5,2.0,0.0,0.35098040103912354,0.7978845608028654,,C:\Users\sophi\napari-organoid-segmentation\reports\segmentations\organoid_measurements_aspirina_1_v2_segmentations\Condição 1 - 1__labels.tif
Condição 1 - 1_.jpg,ConvPaint,327,801.275,1649.95,40.0,32.86396103067893,0.41098037362098694,3.5682482323055424,0.4654039248543488,C:\Users\sophi\napari-organoid-segmentation\reports\segmentations\organoid_measurements_aspirina_1_v2_segmentations\Condição 1 - 1__labels.tif
Condição 1 - 1_.jpg,ConvPaint,328,802.0,1484.0,3.0,1.0,0.40130719542503357,0.9772050238058398,37.69911184307752,C:\Users\sophi\napari-organoid-segmentation\reports\segmentations\organoid_measurements_aspirina_1_v2_segmentations\Condição 1 - 1__labels.tif
Condição 1 - 1_.jpg,ConvPaint,329,804.0,1481.0,1.0,0.0,0.5058823823928833,0.5641895835477563,,C:\Users\sophi\napari-organoid-segmentation\reports\segmentations\organoid_measurements_aspirina_1_v2_segmentations\Condição 1 - 1__labels.tif
Condição 1 - 1_.jpg,ConvPaint,330,805.4285714285714,1654.5714285714287,7.0,7.207106781186548,0.5053220987319946,1.4927053303604616,1.6935030795523165,C:\Users\sophi\napari-organoid-segmentation\reports\segmentations\organoid_measurements_aspirina_1_v2_segmentations\Condição 1 - 1__labels.tif
Condição 1 - 1_.jpg,ConvPaint,331,808.9411764705883,1643.1176470588234,17.0,13.449747468305832,0.42329874634742737,2.326213245840639,1.1809473206012995,C:\Users\sophi\napari-organoid-segmentation\reports\segmentations\organoid_measurements_aspirina_1_v2_segmentations\Condição 1 - 1__labels.tif
Condição 1 - 1_.jpg,ConvPaint,332,809.3333333333334,1479.0,9.0,8.414213562373096,0.42309367656707764,1.692568750643269,1.597442784589879,C:\Users\sophi\napari-organoid-segmentation\reports\segmentations\organoid_measurements_aspirina_1_v2_segmentations\Condição 1 - 1__labels.tif
Condição 1 - 1_.jpg,ConvPaint,333,812.3,1476.3,10.0,10.242640687119286,0.4090196192264557,1.7841241161527712,1.1978046321169937,C:\Users\sophi\napari-organoid-segmentation\reports\segmentations\organoid_measurements_aspirina_1_v2_segmentations\Condição 1 - 1__labels.tif
Condição 1 - 1_.jpg,ConvPaint,334,813.3928571428571,1649.8214285714287,28.0,25.071067811865476,0.40616247057914734,2.985410660720923,0.5597862571300628,C:\Users\sophi\napari-organoid-segmentation\reports\segmentations\organoid_measurements_aspirina_1_v2_segmentations\Condição 1 - 1__labels.tif
Condição 1 - 1_.jpg,ConvPaint,335,811.0,1473.0,1.0,0.0,0.5372549295425415,0.5641895835477563,,C:\Users\sophi\napari-organoid-segmentation\reports\segmentations\organoid_measurements_aspirina_1_v2_segmentations\Condição 1 - 1__labels.tif
Condição 1 - 1_.jpg,ConvPaint,336,814.5,1482.0,2.0,0.0,0.46078431606292725,0.7978845608028654,,C:\Users\sophi\napari-organoid-segmentation\reports\segmentations\organoid_measurements_aspirina_1_v2_segmentations\Condição 1 - 1__labels.tif
Condição 1 - 1_.jpg,ConvPaint,337,816.5,1090.5,2.0,0.0,0.4941176474094391,0.7978845608028654,,C:\Users\sophi\napari-organoid-segmentation\reports\segmentations\organoid_measurements_aspirina_1_v2_segmentations\Condição 1 - 1__labels.tif
Condição 1 - 1_.jpg,ConvPaint,338,816.5,1101.0,2.0,0.0,0.5196079015731812,0.7978845608028654,,C:\Users\sophi\napari-organoid-segmentation\reports\segmentations\organoid_measurements_aspirina_1_v2_segmentations\Condição 1 - 1__labels.tif
Condição 1 - 1_.jpg,ConvPaint,339,817.0,1638.0,1.0,0.0,0.32156863808631897,0.5641895835477563,,C:\Users\sophi\napari-organoid-segmentation\reports\segmentations\organoid_measurements_aspirina_1_v2_segmentations\Condição 1 - 1__labels.tif
Condição 1 - 1_.jpg,ConvPaint,340,818.5,1481.0,2.0,0.0,0.5333333611488342,0.7978845608028654,,C:\Users\sophi\napari-organoid-segmentation\reports\segmentations\organoid_measurements_aspirina_1_v2_segmentations\Condição 1 - 1__labels.tif
Condição 1 - 1_.jpg,ConvPaint,341,820.5,1094.0,2.0,0.0,0.5568627715110779,0.7978845608028654,,C:\Users\sophi\napari-organoid-segmentation\reports\segmentations\organoid_measurements_aspirina_1_v2_segmentations\Condição 1 - 1__labels.tif
Condição 1 - 1_.jpg,ConvPaint,342,820.3333333333334,1644.0,3.0,1.2071067811865475,0.39084967970848083,0.9772050238058398,25.872580053727066,C:\Users\sophi\napari-organoid-segmentation\reports\segmentations\organoid_measurements_aspirina_1_v2_segmentations\Condição 1 - 1__labels.tif
Condição 1 - 1_.jpg,ConvPaint,343,822.3333333333334,1124.3333333333333,3.0,3.414213562373095,0.3673202693462372,0.9772050238058398,3.2340725067158833,C:\Users\sophi\napari-organoid-segmentation\reports\segmentations\organoid_measurements_aspirina_1_v2_segmentations\Condição 1 - 1__labels.tif
Condição 1 - 1_.jpg,ConvPaint,344,822.5,1646.0,2.0,0.0,0.501960813999176,0.7978845608028654,,C:\Users\sophi\napari-organoid-segmentation\reports\segmentations\organoid_measurements_aspirina_1_v2_segmentations\Condição 1 - 1__labels.tif
Condição 1 - 1_.jpg,ConvPaint,345,823.0,1643.0,1.0,0.0,0.3803921639919281,0.5641895835477563,,C:\Users\sophi\napari-organoid-segmentation\reports\segmentations\organoid_measurements_aspirina_1_v2_segmentations\Condição 1 - 1__labels.tif
Condição 1 - 1_.jpg,ConvPaint,346,826.2,1492.4,5.0,5.207106781186548,0.3529411852359772,1.2615662610100802,2.3173247538676778,C:\Users\sophi\napari-organoid-segmentation\reports\segmentations\organoid_measurements_aspirina_1_v2_segmentations\Condição 1 - 1__labels.tif
Condição 1 - 1_.jpg,ConvPaint,347,826.5,1481.0,2.0,0.0,0.4901960790157318,0.7978845608028654,,C:\Users\sophi\napari-organoid-segmentation\reports\segmentations\organoid_measurements_aspirina_1_v2_segmentations\Condição 1 - 1__labels.tif
Condição 1 - 1_.jpg,ConvPaint,348,826.5,1638.5,2.0,0.0,0.43529412150382996,0.7978845608028654,,C:\Users\sophi\napari-organoid-segmentation\reports\segmentations\organoid_measurements_aspirina_1_v2_segmentations\Condição 1 - 1__labels.tif
Condição 1 - 1_.jpg,ConvPaint,349,827.0,1095.0,1.0,0.0,0.6039215922355652,0.5641895835477563,,C:\Users\sophi\napari-organoid-segmentation\reports\segmentations\organoid_measurements_aspirina_1_v2_segmentations\Condição 1 - 1__labels.tif
Condição 1 - 1_.jpg,ConvPaint,350,829.0,1150.0,1.0,0.0,0.3960784375667572,0.5641895835477563,,C:\Users\sophi\napari-organoid-segmentation\reports\segmentations\organoid_measurements_aspirina_1_v2_segmentations\Condição 1 - 1__labels.tif
Condição 1 - 1_.jpg,ConvPaint,351,830.0,1141.0,1.0,0.0,0.41960784792900085,0.5641895835477563,,C:\Users\sophi\napari-organoid-segmentation\reports\segmentations\organoid_measurements_aspirina_1_v2_segmentations\Condição 1 - 1__labels.tif
Condição 1 - 1_.jpg,ConvPaint,352,833.5,1490.5,8.0,8.0,0.43578433990478516,1.5957691216057308,1.5707963267948966,C:\Users\sophi\napari-organoid-segmentation\reports\segmentations\organoid_measurements_aspirina_1_v2_segmentations\Condição 1 - 1__labels.tif
Condição 1 - 1_.jpg,ConvPaint,353,834.5,1108.0,6.0,6.0,0.5104575157165527,1.381976597885342,2.0943951023931953,C:\Users\sophi\napari-organoid-segmentation\reports\segmentations\organoid_measurements_aspirina_1_v2_segmentations\Condição 1 - 1__labels.tif
Condição 1 - 1_.jpg,ConvPaint,354,837.0,1171.0,1.0,0.0,0.34117648005485535,0.5641895835477563,,C:\Users\sophi\napari-organoid-segmentation\reports\segmentations\organoid_measurements_aspirina_1_v2_segmentations\Condição 1 - 1__labels.tif
Condição 1 - 1_.jpg,ConvPaint,355,842.0,1154.0,1.0,0.0,0.4117647111415863,0.5641895835477563,,C:\Users\sophi\napari-organoid-segmentation\reports\segmentations\organoid_measurements_aspirina_1_v2_segmentations\Condição 1 - 1__labels.tif
Condição 1 - 1_.jpg,ConvPaint,356,848.0,1607.0,3.0,1.0,0.350326806306839,0.9772050238058398,37.69911184307752,C:\Users\sophi\napari-organoid-segmentation\reports\segmentations\organoid_measurements_aspirina_1_v2_segmentations\Condição 1 - 1__labels.tif
Condição 1 - 1_.jpg,ConvPaint,357,849.0,1598.5,2.0,0.0,0.31568628549575806,0.7978845608028654,,C:\Users\sophi\napari-organoid-segmentation\reports\segmentations\organoid_measurements_aspirina_1_v2_segmentations\Condição 1 - 1__labels.tif
Condição 1 - 1_.jpg,ConvPaint,358,851.0,1602.0,1.0,0.0,0.3019607961177826,0.5641895835477563,,C:\Users\sophi\napari-organoid-segmentation\reports\segmentations\organoid_measurements_aspirina_1_v2_segmentations\Condição 1 - 1__labels.tif
Condição 1 - 1_.jpg,ConvPaint,359,862.125,1606.125,8.0,7.414213562373095,0.40294119715690613,1.5957691216057308,1.8288145488861385,C:\Users\sophi\napari-organoid-segmentation\reports\segmentations\organoid_measurements_aspirina_1_v2_segmentations\Condição 1 - 1__labels.tif
Condição 1 - 1_.jpg,ConvPaint,360,866.0,1589.0,1.0,0.0,0.3843137323856354,0.5641895835477563,,C:\Users\sophi\napari-organoid-segmentation\reports\segmentations\organoid_measurements_aspirina_1_v2_segmentations\Condição 1 - 1__labels.tif
Condição 1 - 1_.jpg,ConvPaint,361,867.0,1528.0,3.0,1.0,0.43921568989753723,0.9772050238058398,37.69911184307752,C:\Users\sophi\napari-organoid-segmentation\reports\segmentations\organoid_measurements_aspirina_1_v2_segmentations\Condição 1 - 1__labels.tif
Condição 1 - 1_.jpg,ConvPaint,362,876.109243697479,1569.0756302521008,119.0,80.97056274847714,0.40006589889526367,6.154581744998688,0.22808803835105051,C:\Users\sophi\napari-organoid-segmentation\reports\segmentations\organoid_measurements_aspirina_1_v2_segmentations\Condição 1 - 1__labels.tif
Condição 1 - 1_.jpg,ConvPaint,363,869.0,1553.0,1.0,0.0,0.40392157435417175,0.5641895835477563,,C:\Users\sophi\napari-organoid-segmentation\reports\segmentations\organoid_measurements_aspirina_1_v2_segmentations\Condição 1 - 1__labels.tif
Condição 1 - 1_.jpg,ConvPaint,364,870.6,1533.2,5.0,5.207106781186548,0.46980395913124084,1.2615662610100802,2.3173247538676778,C:\Users\sophi\napari-organoid-segmentation\reports\segmentations\organoid_measurements_aspirina_1_v2_segmentations\Condição 1 - 1__labels.tif
Condição 1 - 1_.jpg,ConvPaint,365,870.3333333333334,1556.6666666666667,3.0,3.414213562373095,0.34117648005485535,0.9772050238058398,3.2340725067158833,C:\Users\sophi\napari-organoid-segmentation\reports\segmentations\organoid_measurements_aspirina_1_v2_segmentations\Condição 1 - 1__labels.tif
Condição 1 - 1_.jpg,ConvPaint,366,870.0,1580.0,1.0,0.0,0.3529411852359772,0.5641895835477563,,C:\Users\sophi\napari-organoid-segmentation\reports\segmentations\organoid_measurements_aspirina_1_v2_segmentations\Condição 1 - 1__labels.tif
Condição 1 - 1_.jpg,ConvPaint,367,872.2,1560.2,5.0,4.0,0.36627453565597534,1.2615662610100802,3.9269908169872414,C:\Users\sophi\napari-organoid-segmentation\reports\segmentations\organoid_measurements_aspirina_1_v2_segmentations\Condição 1 - 1__labels.tif
Condição 1 - 1_.jpg,ConvPaint,368,873.0,1594.0,1.0,0.0,0.49803921580314636,0.5641895835477563,,C:\Users\sophi\napari-organoid-segmentation\reports\segmentations\organoid_measurements_aspirina_1_v2_segmentations\Condição 1 - 1__labels.tif
Condição 1 - 1_.jpg,ConvPaint,369,874.5,1542.5,4.0,4.0,0.477450966835022,1.1283791670955126,3.141592653589793,C:\Users\sophi\napari-organoid-segmentation\reports\segmentations\organoid_measurements_aspirina_1_v2_segmentations\Condição 1 - 1__labels.tif
Condição 1 - 1_.jpg,ConvPaint,370,874.0,1555.0,1.0,0.0,0.40392157435417175,0.5641895835477563,,C:\Users\sophi\napari-organoid-segmentation\reports\segmentations\organoid_measurements_aspirina_1_v2_segmentations\Condição 1 - 1__labels.tif
Condição 1 - 1_.jpg,ConvPaint,371,876.6666666666666,1547.8333333333333,12.0,11.278174593052023,0.42352941632270813,1.9544100476116797,1.185532551904812,C:\Users\sophi\napari-organoid-segmentation\reports\segmentations\organoid_measurements_aspirina_1_v2_segmentations\Condição 1 - 1__labels.tif
Condição 1 - 1_.jpg,ConvPaint,372,878.3333333333334,1570.3333333333333,3.0,3.414213562373095,0.3529411852359772,0.9772050238058398,3.2340725067158833,C:\Users\sophi\napari-organoid-segmentation\reports\segmentations\organoid_measurements_aspirina_1_v2_segmentations\Condição 1 - 1__labels.tif
Condição 1 - 1_.jpg,ConvPaint,373,971.0,1774.4545454545455,11.0,10.242640687119286,0.4784314036369324,1.8712051592547776,1.317585095328693,C:\Users\sophi\napari-organoid-segmentation\reports\segmentations\organoid_measurements_aspirina_1_v2_segmentations\Condição 1 - 1__labels.tif
Condição 1 - 1_.jpg,ConvPaint,374,969.0,1799.0,1.0,0.0,0.6549019813537598,0.5641895835477563,,C:\Users\sophi\napari-organoid-segmentation\reports\segmentations\organoid_measurements_aspirina_1_v2_segmentations\Condição 1 - 1__labels.tif
Condição 1 - 1_.jpg,ConvPaint,375,972.0,1784.5,2.0,0.0,0.6666666865348816,0.7978845608028654,,C:\Users\sophi\napari-organoid-segmentation\reports\segmentations\organoid_measurements_aspirina_1_v2_segmentations\Condição 1 - 1__labels.tif
Condição 1 - 1_.jpg,ConvPaint,376,972.6666666666666,1802.3333333333333,3.0,3.414213562373095,0.6352941393852234,0.9772050238058398,3.2340725067158833,C:\Users\sophi\napari-organoid-segmentation\reports\segmentations\organoid_measurements_aspirina_1_v2_segmentations\Condição 1 - 1__labels.tif
Condição 1 - 1_.jpg,ConvPaint,377,973.0,1759.0,1.0,0.0,0.6705882549285889,0.5641895835477563,,C:\Users\sophi\napari-organoid-segmentation\reports\segmentations\organoid_measurements_aspirina_1_v2_segmentations\Condição 1 - 1__labels.tif
Condição 1 - 1_.jpg,ConvPaint,378,974.0,1738.0,1.0,0.0,0.0,0.5641895835477563,,C:\Users\sophi\napari-organoid-segmentation\reports\segmentations\organoid_measurements_aspirina_1_v2_segmentations\Condição 1 - 1__labels.tif
Condição 1 - 1_.jpg,ConvPaint,379,974.4444444444445,1781.7777777777778,9.0,9.207106781186548,0.660566508769989,1.692568750643269,1.3341541561850128,C:\Users\sophi\napari-organoid-segmentation\reports\segmentations\organoid_measurements_aspirina_1_v2_segmentations\Condição 1 - 1__labels.tif
Condição 1 - 1_.jpg,ConvPaint,380,974.5454545454545,1794.2727272727273,11.0,11.207106781186548,0.20178255438804626,1.8712051592547776,1.1005645743651304,C:\Users\sophi\napari-organoid-segmentation\reports\segmentations\organoid_measurements_aspirina_1_v2_segmentations\Condição 1 - 1__labels.tif
Condição 1 - 1_.jpg,ConvPaint,381,975.0,1766.5,2.0,0.0,0.5196078419685364,0.7978845608028654,,C:\Users\sophi\napari-organoid-segmentation\reports\segmentations\organoid_measurements_aspirina_1_v2_segmentations\Condição 1 - 1__labels.tif
Condição 1 - 1_.jpg,ConvPaint,382,977.5833333333334,1733.25,12.0,10.207106781186548,0.36764708161354065,1.9544100476116797,1.4473907532358592,C:\Users\sophi\napari-organoid-segmentation\reports\segmentations\organoid_measurements_aspirina_1_v2_segmentations\Condição 1 - 1__labels.tif
Condição 1 - 1_.jpg,ConvPaint,383,977.4444444444445,1739.4444444444443,9.0,9.0,0.3185185194015503,1.692568750643269,1.3962634015954636,C:\Users\sophi\napari-organoid-segmentation\reports\segmentations\organoid_measurements_aspirina_1_v2_segmentations\Condição 1 - 1__labels.tif
Condição 1 - 1_.jpg,ConvPaint,384,980.0,1780.3333333333333,3.0,1.4142135623730951,0.6614379286766052,0.9772050238058398,18.849555921538755,C:\Users\sophi\napari-organoid-segmentation\reports\segmentations\organoid_measurements_aspirina_1_v2_segmentations\Condição 1 - 1__labels.tif
Condição 1 - 1_.jpg,ConvPaint,385,979.0,1864.0,1.0,0.0,0.27843138575553894,0.5641895835477563,,C:\Users\sophi\napari-organoid-segmentation\reports\segmentations\organoid_measurements_aspirina_1_v2_segmentations\Condição 1 - 1__labels.tif
Condição 1 - 1_.jpg,ConvPaint,386,979.0,1867.0,1.0,0.0,0.6313725709915161,0.5641895835477563,,C:\Users\sophi\napari-organoid-segmentation\reports\segmentations\organoid_measurements_aspirina_1_v2_segmentations\Condição 1 - 1__labels.tif
Condição 1 - 1_.jpg,ConvPaint,387,980.3333333333334,1819.3333333333333,3.0,3.414213562373095,0.5973856449127197,0.9772050238058398,3.2340725067158833,C:\Users\sophi\napari-organoid-segmentation\reports\segmentations\organoid_measurements_aspirina_1_v2_segmentations\Condição 1 - 1__labels.tif
Condição 1 - 1_.jpg,ConvPaint,388,980.5,1834.5,4.0,4.0,0.4421568810939789,1.1283791670955126,3.141592653589793,C:\Users\sophi\napari-organoid-segmentation\reports\segmentations\organoid_measurements_aspirina_1_v2_segmentations\Condição 1 - 1__labels.tif
Condição 1 - 1_.jpg,ConvPaint,389,980.4,1846.8,5.0,5.207106781186548,0.6235294342041016,1.2615662610100802,2.3173247538676778,C:\Users\sophi\napari-organoid-segmentation\reports\segmentations\organoid_measurements_aspirina_1_v2_segmentations\Condição 1 - 1__labels.tif
Condição 1 - 1_.jpg,ConvPaint,390,981.75,1881.625,8.0,8.621320343559642,0.30392158031463623,1.5957691216057308,1.3525467524122698,C:\Users\sophi\napari-organoid-segmentation\reports\segmentations\organoid_measurements_aspirina_1_v2_segmentations\Condição 1 - 1__labels.tif
Condição 1 - 1_.jpg,ConvPaint,391,982.0,1855.0,1.0,0.0,0.0117647061124444,0.5641895835477563,,C:\Users\sophi\napari-organoid-segmentation\reports\segmentations\organoid_measurements_aspirina_1_v2_segmentations\Condição 1 - 1__labels.tif
Condição 1 - 1_.jpg,ConvPaint,392,983.0,1869.0,1.0,0.0,0.0,0.5641895835477563,,C:\Users\sophi\napari-organoid-segmentation\reports\segmentations\organoid_measurements_aspirina_1_v2_segmentations\Condição 1 - 1__labels.tif
Condição 1 - 1_.jpg,ConvPaint,393,984.6666666666666,1872.3333333333333,3.0,3.414213562373095,0.5490196347236633,0.9772050238058398,3.2340725067158833,C:\Users\sophi\napari-organoid-segmentation\reports\segmentations\organoid_measurements_aspirina_1_v2_segmentations\Condição 1 - 1__labels.tif
Condição 1 - 1_.jpg,ConvPaint,394,987.0,1864.0,1.0,0.0,0.0,0.5641895835477563,,C:\Users\sophi\napari-organoid-segmentation\reports\segmentations\organoid_measurements_aspirina_1_v2_segmentations\Condição 1 - 1__labels.tif
Condição 1 - 1_.jpg,ConvPaint,395,988.5,1783.0,2.0,0.0,0.0,0.7978845608028654,,C:\Users\sophi\napari-organoid-segmentation\reports\segmentations\organoid_measurements_aspirina_1_v2_segmentations\Condição 1 - 1__labels.tif
Condição 1 - 1_.jpg,ConvPaint,396,990.0,1780.0,1.0,0.0,0.6666666865348816,0.5641895835477563,,C:\Users\sophi\napari-organoid-segmentation\reports\segmentations\organoid_measurements_aspirina_1_v2_segmentations\Condição 1 - 1__labels.tif
Condição 1 - 1_.jpg,ConvPaint,397,991.3333333333334,1782.3333333333333,3.0,3.414213562373095,0.1882352977991104,0.9772050238058398,3.2340725067158833,C:\Users\sophi\napari-organoid-segmentation\reports\segmentations\organoid_measurements_aspirina_1_v2_segmentations\Condição 1 - 1__labels.tif
Condição 1 - 1_.jpg,ConvPaint,398,992.0,1758.0,1.0,0.0,0.0,0.5641895835477563,,C:\Users\sophi\napari-organoid-segmentation\reports\segmentations\organoid_measurements_aspirina_1_v2_segmentations\Condição 1 - 1__labels.tif
Condição 1 - 1_.jpg,ConvPaint,399,993.6,1780.4,5.0,4.207106781186548,0.6650980710983276,1.2615662610100802,3.5498728546441756,C:\Users\sophi\napari-organoid-segmentation\reports\segmentations\organoid_measurements_aspirina_1_v2_segmentations\Condição 1 - 1__labels.tif
Condição 1 - 1_.jpg,ConvPaint,400,996.5,1756.0,2.0,0.0,0.6705882549285889,0.7978845608028654,,C:\Users\sophi\napari-organoid-segmentation\reports\segmentations\organoid_measurements_aspirina_1_v2_segmentations\Condição 1 - 1__labels.tif
Condição 1 - 1_.jpg,ConvPaint,401,997.5,1770.5,6.0,6.414213562373095,0.250980406999588,1.381976597885342,1.8326278532479736,C:\Users\sophi\napari-organoid-segmentation\reports\segmentations\organoid_measurements_aspirina_1_v2_segmentations\Condição 1 - 1__labels.tif
Condição 1 - 1_.jpg,ConvPaint,402,996.5,1783.0,2.0,0.0,0.26274511218070984,0.7978845608028654,,C:\Users\sophi\napari-organoid-segmentation\reports\segmentations\organoid_measurements_aspirina_1_v2_segmentations\Condição 1 - 1__labels.tif
Condição 1 - 1_.jpg,ConvPaint,403,997.1666666666666,1832.8333333333333,6.0,5.621320343559642,0.30980393290519714,1.381976597885342,2.3860769419719228,C:\Users\sophi\napari-organoid-segmentation\reports\segmentations\organoid_measurements_aspirina_1_v2_segmentations\Condição 1 - 1__labels.tif
Condição 1 - 1_.jpg,ConvPaint,404,998.8333333333334,1733.1666666666667,12.0,9.621320343559642,0.5143791437149048,1.9544100476116797,1.6290025362204212,C:\Users\sophi\napari-organoid-segmentation\reports\segmentations\organoid_measurements_aspirina_1_v2_segmentations\Condição 1 - 1__labels.tif
Condição 1 - 1_.jpg,ConvPaint,405,998.0,1740.0,1.0,0.0,0.0,0.5641895835477563,,C:\Users\sophi\napari-organoid-segmentation\reports\segmentations\organoid_measurements_aspirina_1_v2_segmentations\Condição 1 - 1__labels.tif
Condição 1 - 1_.jpg,ConvPaint,406,1000.4285714285714,1761.0,7.0,5.207106781186548,0.06834734231233597,1.4927053303604616,3.244254655414749,C:\Users\sophi\napari-organoid-segmentation\reports\segmentations\organoid_measurements_aspirina_1_v2_segmentations\Condição 1 - 1__labels.tif
Condição 1 - 1_.jpg,ConvPaint,407,999.0,1786.0,1.0,0.0,0.0,0.5641895835477563,,C:\Users\sophi\napari-organoid-segmentation\reports\segmentations\organoid_measurements_aspirina_1_v2_segmentations\Condição 1 - 1__labels.tif
Condição 1 - 1_.jpg,ConvPaint,408,999.0,1795.0,1.0,0.0,0.0,0.5641895835477563,,C:\Users\sophi\napari-organoid-segmentation\reports\segmentations\organoid_measurements_aspirina_1_v2_segmentations\Condição 1 - 1__labels.tif
Condição 1 - 1_.jpg,ConvPaint,409,1002.0,1834.0,10.0,10.242640687119284,0.4180392324924469,1.7841241161527712,1.1978046321169942,C:\Users\sophi\napari-organoid-segmentation\reports\segmentations\organoid_measurements_aspirina_1_v2_segmentations\Condição 1 - 1__labels.tif
Condição 1 - 1_.jpg,ConvPaint,410,1001.8333333333334,1877.3333333333333,6.0,5.207106781186548,0.2594771385192871,1.381976597885342,2.7807897046412133,C:\Users\sophi\napari-organoid-segmentation\reports\segmentations\organoid_measurements_aspirina_1_v2_segmentations\Condição 1 - 1__labels.tif
Condição 1 - 1_.jpg,ConvPaint,411,1002.1666666666666,1838.1666666666667,6.0,6.242640687119286,0.0797385647892952,1.381976597885342,1.9347481372744961,C:\Users\sophi\napari-organoid-segmentation\reports\segmentations\organoid_measurements_aspirina_1_v2_segmentations\Condição 1 - 1__labels.tif
Condição 1 - 1_.jpg,ConvPaint,412,1002.5,1734.5,4.0,4.0,0.3745098114013672,1.1283791670955126,3.141592653589793,C:\Users\sophi\napari-organoid-segmentation\reports\segmentations\organoid_measurements_aspirina_1_v2_segmentations\Condição 1 - 1__labels.tif
Condição 1 - 1_.jpg,ConvPaint,413,1002.5,1863.0,2.0,0.0,0.40980392694473267,0.7978845608028654,,C:\Users\sophi\napari-organoid-segmentation\reports\segmentations\organoid_measurements_aspirina_1_v2_segmentations\Condição 1 - 1__labels.tif
Condição 1 - 1_.jpg,ConvPaint,414,1003.0,1799.0,1.0,0.0,0.658823549747467,0.5641895835477563,,C:\Users\sophi\napari-organoid-segmentation\reports\segmentations\organoid_measurements_aspirina_1_v2_segmentations\Condição 1 - 1__labels.tif
Condição 1 - 1_.jpg,ConvPaint,415,1011.0,1825.0,1.0,0.0,0.027450980618596077,0.5641895835477563,,C:\Users\sophi\napari-organoid-segmentation\reports\segmentations\organoid_measurements_aspirina_1_v2_segmentations\Condição 1 - 1__labels.tif
Condição 1 - 1_.jpg,ConvPaint,416,1014.0,239.0,1.0,0.0,0.5686274766921997,0.5641895835477563,,C:\Users\sophi\napari-organoid-segmentation\reports\segmentations\organoid_measurements_aspirina_1_v2_segmentations\Condição 1 - 1__labels.tif
Condição 1 - 1_.jpg,ConvPaint,417,1054.1575210767637,260.53912143174085,6761.0,1259.8803384216048,0.2974824011325836,46.39065790101073,0.05352568120140267,C:\Users\sophi\napari-organoid-segmentation\reports\segmentations\organoid_measurements_aspirina_1_v2_segmentations\Condição 1 - 1__labels.tif
Condição 1 - 1_.jpg,ConvPaint,418,1016.6666666666666,1752.6666666666667,6.0,5.414213562373095,0.5960784554481506,1.381976597885342,2.5721148072672673,C:\Users\sophi\napari-organoid-segmentation\reports\segmentations\organoid_measurements_aspirina_1_v2_segmentations\Condição 1 - 1__labels.tif
Condição 1 - 1_.jpg,ConvPaint,419,1016.5,1863.0,2.0,0.0,0.6313725709915161,0.7978845608028654,,C:\Users\sophi\napari-organoid-segmentation\reports\segmentations\organoid_measurements_aspirina_1_v2_segmentations\Condição 1 - 1__labels.tif
Condição 1 - 1_.jpg,ConvPaint,420,1025.0,290.3333333333333,3.0,1.2071067811865475,0.7398692965507507,0.9772050238058398,25.872580053727066,C:\Users\sophi\napari-organoid-segmentation\reports\segmentations\organoid_measurements_aspirina_1_v2_segmentations\Condição 1 - 1__labels.tif
Condição 1 - 1_.jpg,ConvPaint,421,1025.0,270.0,1.0,0.0,0.5960784554481506,0.5641895835477563,,C:\Users\sophi\napari-organoid-segmentation\reports\segmentations\organoid_measurements_aspirina_1_v2_segmentations\Condição 1 - 1__labels.tif
Condição 1 - 1_.jpg,ConvPaint,422,1026.0,204.0,1.0,0.0,0.658823549747467,0.5641895835477563,,C:\Users\sophi\napari-organoid-segmentation\reports\segmentations\organoid_measurements_aspirina_1_v2_segmentations\Condição 1 - 1__labels.tif
Condição 1 - 1_.jpg,ConvPaint,423,1034.6666666666667,1860.6666666666667,3.0,3.414213562373095,0.0,0.9772050238058398,3.2340725067158833,C:\Users\sophi\napari-organoid-segmentation\reports\segmentations\organoid_measurements_aspirina_1_v2_segmentations\Condição 1 - 1__labels.tif
Condição 1 - 1_.jpg,ConvPaint,424,1035.0,215.0,1.0,0.0,0.43529412150382996,0.5641895835477563,,C:\Users\sophi\napari-organoid-segmentation\reports\segmentations\organoid_measurements_aspirina_1_v2_segmentations\Condição 1 - 1__labels.tif
Condição 1 - 1_.jpg,ConvPaint,425,1036.6666666666667,314.3333333333333,3.0,3.414213562373095,0.5673202872276306,0.9772050238058398,3.2340725067158833,C:\Users\sophi\napari-organoid-segmentation\reports\segmentations\organoid_measurements_aspirina_1_v2_segmentations\Condição 1 - 1__labels.tif
Condição 1 - 1_.jpg,ConvPaint,426,1037.0,219.0,1.0,0.0,0.40784314274787903,0.5641895835477563,,C:\Users\sophi\napari-organoid-segmentation\reports\segmentations\organoid_measurements_aspirina_1_v2_segmentations\Condição 1 - 1__labels.tif
Condição 1 - 1_.jpg,ConvPaint,427,1064.0262937062937,696.2218181818182,3575.0,714.9137802864844,0.34695735573768616,33.7336307430293,0.0878979149986333,C:\Users\sophi\napari-organoid-segmentation\reports\segmentations\organoid_measurements_aspirina_1_v2_segmentations\Condição 1 - 1__labels.tif
Condição 1 - 1_.jpg,ConvPaint,428,1044.5,326.5,4.0,4.0,0.4264705777168274,1.1283791670955126,3.141592653589793,C:\Users\sophi\napari-organoid-segmentation\reports\segmentations\organoid_measurements_aspirina_1_v2_segmentations\Condição 1 - 1__labels.tif
Condição 1 - 1_.jpg,ConvPaint,429,1048.0,327.0,1.0,0.0,0.47843137383461,0.5641895835477563,,C:\Users\sophi\napari-organoid-segmentation\reports\segmentations\organoid_measurements_aspirina_1_v2_segmentations\Condição 1 - 1__labels.tif
Condição 1 - 1_.jpg,ConvPaint,430,1065.2391304347825,199.56521739130434,46.0,39.31370849898476,0.37919870018959045,3.826519928662906,0.3740069472582484,C:\Users\sophi\napari-organoid-segmentation\reports\segmentations\organoid_measurements_aspirina_1_v2_segmentations\Condição 1 - 1__labels.tif
Condição 1 - 1_.jpg,ConvPaint,431,1064.0,342.5,2.0,0.0,0.6470588445663452,0.7978845608028654,,C:\Users\sophi\napari-organoid-segmentation\reports\segmentations\organoid_measurements_aspirina_1_v2_segmentations\Condição 1 - 1__labels.tif
Condição 1 - 1_.jpg,ConvPaint,432,1072.8235294117646,1112.6274509803923,51.0,36.89949493661166,0.47712424397468567,4.029119531035698,0.47069457901341155,C:\Users\sophi\napari-organoid-segmentation\reports\segmentations\organoid_measurements_aspirina_1_v2_segmentations\Condição 1 - 1__labels.tif
Condição 1 - 1_.jpg,ConvPaint,433,1069.0,1120.0,1.0,0.0,0.5960784554481506,0.5641895835477563,,C:\Users\sophi\napari-organoid-segmentation\reports\segmentations\organoid_measurements_aspirina_1_v2_segmentations\Condição 1 - 1__labels.tif
Condição 1 - 1_.jpg,ConvPaint,434,1073.950819672131,1133.8688524590164,61.0,48.14213562373095,0.46306654810905457,4.406461512053774,0.3307417309725158,C:\Users\sophi\napari-organoid-segmentation\reports\segmentations\organoid_measurements_aspirina_1_v2_segmentations\Condição 1 - 1__labels.tif
Condição 1 - 1_.jpg,ConvPaint,435,1071.0,1133.0,1.0,0.0,0.48235294222831726,0.5641895835477563,,C:\Users\sophi\napari-organoid-segmentation\reports\segmentations\organoid_measurements_aspirina_1_v2_segmentations\Condição 1 - 1__labels.tif
Condição 1 - 1_.jpg,ConvPaint,436,1072.0,1100.5,2.0,0.0,0.5980392694473267,0.7978845608028654,,C:\Users\sophi\napari-organoid-segmentation\reports\segmentations\organoid_measurements_aspirina_1_v2_segmentations\Condição 1 - 1__labels.tif
Condição 1 - 1_.jpg,ConvPaint,437,1076.1785714285713,1098.892857142857,28.0,21.82842712474619,0.4317927062511444,2.985410660720923,0.7384532547244176,C:\Users\sophi\napari-organoid-segmentation\reports\segmentations\organoid_measurements_aspirina_1_v2_segmentations\Condição 1 - 1__labels.tif
Condição 1 - 1_.jpg,ConvPaint,438,1075.0,1105.0,1.0,0.0,0.4313725531101227,0.5641895835477563,,C:\Users\sophi\napari-organoid-segmentation\reports\segmentations\organoid_measurements_aspirina_1_v2_segmentations\Condição 1 - 1__labels.tif
Condição 1 - 1_.jpg,ConvPaint,439,1076.0,765.0,1.0,0.0,0.47058823704719543,0.5641895835477563,,C:\Users\sophi\napari-organoid-segmentation\reports\segmentations\organoid_measurements_aspirina_1_v2_segmentations\Condição 1 - 1__labels.tif
Condição 1 - 1_.jpg,ConvPaint,440,1077.0,1111.0,1.0,0.0,0.5098039507865906,0.5641895835477563,,C:\Users\sophi\napari-organoid-segmentation\reports\segmentations\organoid_measurements_aspirina_1_v2_segmentations\Condição 1 - 1__labels.tif
Condição 1 - 1_.jpg,ConvPaint,441,1078.2666666666667,1143.5333333333333,15.0,12.035533905932738,0.4386928379535675,2.1850968611841584,1.3012789415312096,C:\Users\sophi\napari-organoid-segmentation\reports\segmentations\organoid_measurements_aspirina_1_v2_segmentations\Condição 1 - 1__labels.tif
Condição 1 - 1_.jpg,ConvPaint,442,1078.0,764.0,1.0,0.0,0.5686274766921997,0.5641895835477563,,C:\Users\sophi\napari-organoid-segmentation\reports\segmentations\organoid_measurements_aspirina_1_v2_segmentations\Condição 1 - 1__labels.tif
Condição 1 - 1_.jpg,ConvPaint,443,1078.0,1109.0,1.0,0.0,0.4901960790157318,0.5641895835477563,,C:\Users\sophi\napari-organoid-segmentation\reports\segmentations\organoid_measurements_aspirina_1_v2_segmentations\Condição 1 - 1__labels.tif
Condição 1 - 1_.jpg,ConvPaint,444,1079.0,1133.0,1.0,0.0,0.5058823823928833,0.5641895835477563,,C:\Users\sophi\napari-organoid-segmentation\reports\segmentations\organoid_measurements_aspirina_1_v2_segmentations\Condição 1 - 1__labels.tif
Condição 1 - 2.jpg,ConvPaint,1,199.99618838992333,291.5036582694414,22825.0,2179.392098454536,0.2590649425983429,85.2374515817139,0.060387897084242116,C:\Users\sophi\napari-organoid-segmentation\reports\segmentations\organoid_measurements_aspirina_1_v2_segmentations\Condição 1 - 2_labels.tif
Condição 1 - 2.jpg,ConvPaint,2,112.0,278.0,1.0,0.0,0.4901960790157318,0.5641895835477563,,C:\Users\sophi\napari-organoid-segmentation\reports\segmentations\organoid_measurements_aspirina_1_v2_segmentations\Condição 1 - 2_labels.tif
Condição 1 - 2.jpg,ConvPaint,3,112.0,301.0,1.0,0.0,0.47058823704719543,0.5641895835477563,,C:\Users\sophi\napari-organoid-segmentation\reports\segmentations\organoid_measurements_aspirina_1_v2_segmentations\Condição 1 - 2_labels.tif
Condição 1 - 2.jpg,ConvPaint,4,113.0,288.0,1.0,0.0,0.5333333611488342,0.5641895835477563,,C:\Users\sophi\napari-organoid-segmentation\reports\segmentations\organoid_measurements_aspirina_1_v2_segmentations\Condição 1 - 2_labels.tif
Condição 1 - 2.jpg,ConvPaint,5,115.0,250.0,1.0,0.0,0.6823529601097107,0.5641895835477563,,C:\Users\sophi\napari-organoid-segmentation\reports\segmentations\organoid_measurements_aspirina_1_v2_segmentations\Condição 1 - 2_labels.tif
Condição 1 - 2.jpg,ConvPaint,6,124.0,333.0,1.0,0.0,0.5058823823928833,0.5641895835477563,,C:\Users\sophi\napari-organoid-segmentation\reports\segmentations\organoid_measurements_aspirina_1_v2_segmentations\Condição 1 - 2_labels.tif
Condição 1 - 2.jpg,ConvPaint,7,127.42857142857143,254.42857142857142,7.0,7.621320343559642,0.4252100884914398,1.4927053303604616,1.5144239562842172,C:\Users\sophi\napari-organoid-segmentation\reports\segmentations\organoid_measurements_aspirina_1_v2_segmentations\Condição 1 - 2_labels.tif
Condição 1 - 2.jpg,ConvPaint,8,127.0,239.0,1.0,0.0,0.5921568870544434,0.5641895835477563,,C:\Users\sophi\napari-organoid-segmentation\reports\segmentations\organoid_measurements_aspirina_1_v2_segmentations\Condição 1 - 2_labels.tif
Condição 1 - 2.jpg,ConvPaint,9,127.0,261.0,1.0,0.0,0.3843137323856354,0.5641895835477563,,C:\Users\sophi\napari-organoid-segmentation\reports\segmentations\organoid_measurements_aspirina_1_v2_segmentations\Condição 1 - 2_labels.tif
Condição 1 - 2.jpg,ConvPaint,10,149.0,234.0,1.0,0.0,0.3529411852359772,0.5641895835477563,,C:\Users\sophi\napari-organoid-segmentation\reports\segmentations\organoid_measurements_aspirina_1_v2_segmentations\Condição 1 - 2_labels.tif
Condição 1 - 2.jpg,ConvPaint,11,150.33333333333334,366.3333333333333,3.0,3.414213562373095,0.6745098233222961,0.9772050238058398,3.2340725067158833,C:\Users\sophi\napari-organoid-segmentation\reports\segmentations\organoid_measurements_aspirina_1_v2_segmentations\Condição 1 - 2_labels.tif
Condição 1 - 2.jpg,ConvPaint,12,230.31750621710717,690.1239373084263,17291.0,2038.8124086713187,0.2823910415172577,74.18824867864132,0.052272760854732786,C:\Users\sophi\napari-organoid-segmentation\reports\segmentations\organoid_measurements_aspirina_1_v2_segmentations\Condição 1 - 2_labels.tif
Condição 1 - 2.jpg,ConvPaint,13,157.0,370.5,6.0,6.0,0.4699346125125885,1.381976597885342,2.0943951023931953,C:\Users\sophi\napari-organoid-segmentation\reports\segmentations\organoid_measurements_aspirina_1_v2_segmentations\Condição 1 - 2_labels.tif
Condição 1 - 2.jpg,ConvPaint,14,159.0,662.5,2.0,0.0,0.47843137383461,0.7978845608028654,,C:\Users\sophi\napari-organoid-segmentation\reports\segmentations\organoid_measurements_aspirina_1_v2_segmentations\Condição 1 - 2_labels.tif
Condição 1 - 2.jpg,ConvPaint,15,159.0,712.0,1.0,0.0,0.45098039507865906,0.5641895835477563,,C:\Users\sophi\napari-organoid-segmentation\reports\segmentations\organoid_measurements_aspirina_1_v2_segmentations\Condição 1 - 2_labels.tif
Condição 1 - 2.jpg,ConvPaint,16,162.33333333333334,646.6666666666666,3.0,3.414213562373095,0.45228758454322815,0.9772050238058398,3.2340725067158833,C:\Users\sophi\napari-organoid-segmentation\reports\segmentations\organoid_measurements_aspirina_1_v2_segmentations\Condição 1 - 2_labels.tif
Condição 1 - 2.jpg,ConvPaint,17,163.0,697.0,1.0,0.0,0.37254902720451355,0.5641895835477563,,C:\Users\sophi\napari-organoid-segmentation\reports\segmentations\organoid_measurements_aspirina_1_v2_segmentations\Condição 1 - 2_labels.tif
Condição 1 - 2.jpg,ConvPaint,18,164.0,649.0,1.0,0.0,0.43921568989753723,0.5641895835477563,,C:\Users\sophi\napari-organoid-segmentation\reports\segmentations\organoid_measurements_aspirina_1_v2_segmentations\Condição 1 - 2_labels.tif
Condição 1 - 2.jpg,ConvPaint,19,166.0,628.0,1.0,0.0,0.7607843279838562,0.5641895835477563,,C:\Users\sophi\napari-organoid-segmentation\reports\segmentations\organoid_measurements_aspirina_1_v2_segmentations\Condição 1 - 2_labels.tif
Condição 1 - 2.jpg,ConvPaint,20,166.0,710.0,1.0,0.0,0.40392157435417175,0.5641895835477563,,C:\Users\sophi\napari-organoid-segmentation\reports\segmentations\organoid_measurements_aspirina_1_v2_segmentations\Condição 1 - 2_labels.tif
Condição 1 - 2.jpg,ConvPaint,21,170.5,218.0,2.0,0.0,0.31568628549575806,0.7978845608028654,,C:\Users\sophi\napari-organoid-segmentation\reports\segmentations\organoid_measurements_aspirina_1_v2_segmentations\Condição 1 - 2_labels.tif
Condição 1 - 2.jpg,ConvPaint,22,170.0,701.5,2.0,0.0,0.3921568691730499,0.7978845608028654,,C:\Users\sophi\napari-organoid-segmentation\reports\segmentations\organoid_measurements_aspirina_1_v2_segmentations\Condição 1 - 2_labels.tif
Condição 1 - 2.jpg,ConvPaint,23,172.0,624.0,1.0,0.0,0.5843137502670288,0.5641895835477563,,C:\Users\sophi\napari-organoid-segmentation\reports\segmentations\organoid_measurements_aspirina_1_v2_segmentations\Condição 1 - 2_labels.tif
Condição 1 - 2.jpg,ConvPaint,24,172.0,645.0,1.0,0.0,0.3843137323856354,0.5641895835477563,,C:\Users\sophi\napari-organoid-segmentation\reports\segmentations\organoid_measurements_aspirina_1_v2_segmentations\Condição 1 - 2_labels.tif
Condição 1 - 2.jpg,ConvPaint,25,173.5,210.0,2.0,0.0,0.3803921639919281,0.7978845608028654,,C:\Users\sophi\napari-organoid-segmentation\reports\segmentations\organoid_measurements_aspirina_1_v2_segmentations\Condição 1 - 2_labels.tif
Condição 1 - 2.jpg,ConvPaint,26,176.0,200.0,1.0,0.0,0.6705882549285889,0.5641895835477563,,C:\Users\sophi\napari-organoid-segmentation\reports\segmentations\organoid_measurements_aspirina_1_v2_segmentations\Condição 1 - 2_labels.tif
Condição 1 - 2.jpg,ConvPaint,27,275.10261734595326,1138.0880336101989,20708.0,2341.003317530329,0.27241969108581543,81.18842973659447,0.04748363544381301,C:\Users\sophi\napari-organoid-segmentation\reports\segmentations\organoid_measurements_aspirina_1_v2_segmentations\Condição 1 - 2_labels.tif
Condição 1 - 2.jpg,ConvPaint,28,188.0,1106.0,1.0,0.0,0.6196078658103943,0.5641895835477563,,C:\Users\sophi\napari-organoid-segmentation\reports\segmentations\organoid_measurements_aspirina_1_v2_segmentations\Condição 1 - 2_labels.tif
Condição 1 - 2.jpg,ConvPaint,29,188.0,1109.5,2.0,0.0,0.6254901885986328,0.7978845608028654,,C:\Users\sophi\napari-organoid-segmentation\reports\segmentations\organoid_measurements_aspirina_1_v2_segmentations\Condição 1 - 2_labels.tif
Condição 1 - 2.jpg,ConvPaint,30,199.0,627.0,1.0,0.0,0.40392157435417175,0.5641895835477563,,C:\Users\sophi\napari-organoid-segmentation\reports\segmentations\organoid_measurements_aspirina_1_v2_segmentations\Condição 1 - 2_labels.tif
Condição 1 - 2.jpg,ConvPaint,31,202.96153846153845,631.5769230769231,26.0,20.65685424949238,0.3938159942626953,2.876813695875796,0.76569329047576,C:\Users\sophi\napari-organoid-segmentation\reports\segmentations\organoid_measurements_aspirina_1_v2_segmentations\Condição 1 - 2_labels.tif
Condição 1 - 2.jpg,ConvPaint,32,199.0,1135.0,1.0,0.0,0.33725491166114807,0.5641895835477563,,C:\Users\sophi\napari-organoid-segmentation\reports\segmentations\organoid_measurements_aspirina_1_v2_segmentations\Condição 1 - 2_labels.tif
Condição 1 - 2.jpg,ConvPaint,33,199.0,1149.0,1.0,0.0,0.33725491166114807,0.5641895835477563,,C:\Users\sophi\napari-organoid-segmentation\reports\segmentations\organoid_measurements_aspirina_1_v2_segmentations\Condição 1 - 2_labels.tif
Condição 1 - 2.jpg,ConvPaint,34,201.0,751.0,3.0,1.0,0.40522876381874084,0.9772050238058398,37.69911184307752,C:\Users\sophi\napari-organoid-segmentation\reports\segmentations\organoid_measurements_aspirina_1_v2_segmentations\Condição 1 - 2_labels.tif
Condição 1 - 2.jpg,ConvPaint,35,204.66666666666666,754.6666666666666,3.0,3.414213562373095,0.42091503739356995,0.9772050238058398,3.2340725067158833,C:\Users\sophi\napari-organoid-segmentation\reports\segmentations\organoid_measurements_aspirina_1_v2_segmentations\Condição 1 - 2_labels.tif
Condição 1 - 2.jpg,ConvPaint,36,205.0,1133.0,1.0,0.0,0.35686275362968445,0.5641895835477563,,C:\Users\sophi\napari-organoid-segmentation\reports\segmentations\organoid_measurements_aspirina_1_v2_segmentations\Condição 1 - 2_labels.tif
Condição 1 - 2.jpg,ConvPaint,37,212.4,382.3,20.0,17.242640687119284,0.34784314036369324,2.5231325220201604,0.8453417202576686,C:\Users\sophi\napari-organoid-segmentation\reports\segmentations\organoid_measurements_aspirina_1_v2_segmentations\Condição 1 - 2_labels.tif
Condição 1 - 2.jpg,ConvPaint,38,210.0,1081.0,1.0,0.0,0.5176470875740051,0.5641895835477563,,C:\Users\sophi\napari-organoid-segmentation\reports\segmentations\organoid_measurements_aspirina_1_v2_segmentations\Condição 1 - 2_labels.tif
Condição 1 - 2.jpg,ConvPaint,39,212.5,1095.0,2.0,0.0,0.38235294818878174,0.7978845608028654,,C:\Users\sophi\napari-organoid-segmentation\reports\segmentations\organoid_measurements_aspirina_1_v2_segmentations\Condição 1 - 2_labels.tif
Condição 1 - 2.jpg,ConvPaint,40,216.0,1201.0,1.0,0.0,0.40392157435417175,0.5641895835477563,,C:\Users\sophi\napari-organoid-segmentation\reports\segmentations\organoid_measurements_aspirina_1_v2_segmentations\Condição 1 - 2_labels.tif
Condição 1 - 2.jpg,ConvPaint,41,217.0,207.0,1.0,0.0,0.4156862795352936,0.5641895835477563,,C:\Users\sophi\napari-organoid-segmentation\reports\segmentations\organoid_measurements_aspirina_1_v2_segmentations\Condição 1 - 2_labels.tif
Condição 1 - 2.jpg,ConvPaint,42,220.0,380.5,2.0,0.0,0.3901960849761963,0.7978845608028654,,C:\Users\sophi\napari-organoid-segmentation\reports\segmentations\organoid_measurements_aspirina_1_v2_segmentations\Condição 1 - 2_labels.tif
Condição 1 - 2.jpg,ConvPaint,43,220.0,1213.0,1.0,0.0,0.4156862795352936,0.5641895835477563,,C:\Users\sophi\napari-organoid-segmentation\reports\segmentations\organoid_measurements_aspirina_1_v2_segmentations\Condição 1 - 2_labels.tif
Condição 1 - 2.jpg,ConvPaint,44,310.9531631097561,1566.7166539634147,26240.0,2116.6652224137047,0.24512001872062683,91.39174696581014,0.07359856492338271,C:\Users\sophi\napari-organoid-segmentation\reports\segmentations\organoid_measurements_aspirina_1_v2_segmentations\Condição 1 - 2_labels.tif
Condição 1 - 2.jpg,ConvPaint,45,222.2,774.8,5.0,4.0,0.4062744975090027,1.2615662610100802,3.9269908169872414,C:\Users\sophi\napari-organoid-segmentation\reports\segmentations\organoid_measurements_aspirina_1_v2_segmentations\Condição 1 - 2_labels.tif
Condição 1 - 2.jpg,ConvPaint,46,221.0,1598.0,1.0,0.0,0.49803921580314636,0.5641895835477563,,C:\Users\sophi\napari-organoid-segmentation\reports\segmentations\organoid_measurements_aspirina_1_v2_segmentations\Condição 1 - 2_labels.tif
Condição 1 - 2.jpg,ConvPaint,47,225.0,211.0,1.0,0.0,0.43921568989753723,0.5641895835477563,,C:\Users\sophi\napari-organoid-segmentation\reports\segmentations\organoid_measurements_aspirina_1_v2_segmentations\Condição 1 - 2_labels.tif
Condição 1 - 2.jpg,ConvPaint,48,229.4,777.6,15.0,11.414213562373096,0.44470587372779846,2.1850968611841584,1.446802115179039,C:\Users\sophi\napari-organoid-segmentation\reports\segmentations\organoid_measurements_aspirina_1_v2_segmentations\Condição 1 - 2_labels.tif
Condição 1 - 2.jpg,ConvPaint,49,229.5,370.0,2.0,0.0,0.33137255907058716,0.7978845608028654,,C:\Users\sophi\napari-organoid-segmentation\reports\segmentations\organoid_measurements_aspirina_1_v2_segmentations\Condição 1 - 2_labels.tif
Condição 1 - 2.jpg,ConvPaint,50,232.5,769.0,2.0,0.0,0.4274509847164154,0.7978845608028654,,C:\Users\sophi\napari-organoid-segmentation\reports\segmentations\organoid_measurements_aspirina_1_v2_segmentations\Condição 1 - 2_labels.tif
Condição 1 - 2.jpg,ConvPaint,51,235.0,770.0,1.0,0.0,0.43921568989753723,0.5641895835477563,,C:\Users\sophi\napari-organoid-segmentation\reports\segmentations\organoid_measurements_aspirina_1_v2_segmentations\Condição 1 - 2_labels.tif
Condição 1 - 2.jpg,ConvPaint,52,237.0,778.5,2.0,0.0,0.4686274528503418,0.7978845608028654,,C:\Users\sophi\napari-organoid-segmentation\reports\segmentations\organoid_measurements_aspirina_1_v2_segmentations\Condição 1 - 2_labels.tif
Condição 1 - 2.jpg,ConvPaint,53,246.74285714285713,774.6285714285714,35.0,27.035533905932738,0.4028010964393616,3.3377905890622728,0.6017387883661058,C:\Users\sophi\napari-organoid-segmentation\reports\segmentations\organoid_measurements_aspirina_1_v2_segmentations\Condição 1 - 2_labels.tif
Condição 1 - 2.jpg,ConvPaint,54,242.8,378.6,5.0,5.207106781186548,0.434509813785553,1.2615662610100802,2.3173247538676778,C:\Users\sophi\napari-organoid-segmentation\reports\segmentations\organoid_measurements_aspirina_1_v2_segmentations\Condição 1 - 2_labels.tif
Condição 1 - 2.jpg,ConvPaint,55,242.0,773.0,1.0,0.0,0.4431372582912445,0.5641895835477563,,C:\Users\sophi\napari-organoid-segmentation\reports\segmentations\organoid_measurements_aspirina_1_v2_segmentations\Condição 1 - 2_labels.tif
Condição 1 - 2.jpg,ConvPaint,56,244.5,1066.0,2.0,0.0,0.6764706373214722,0.7978845608028654,,C:\Users\sophi\napari-organoid-segmentation\reports\segmentations\organoid_measurements_aspirina_1_v2_segmentations\Condição 1 - 2_labels.tif
Condição 1 - 2.jpg,ConvPaint,57,251.0,366.0,1.0,0.0,0.4000000059604645,0.5641895835477563,,C:\Users\sophi\napari-organoid-segmentation\reports\segmentations\organoid_measurements_aspirina_1_v2_segmentations\Condição 1 - 2_labels.tif
Condição 1 - 2.jpg,ConvPaint,58,254.5,366.5,4.0,4.0,0.4578431248664856,1.1283791670955126,3.141592653589793,C:\Users\sophi\napari-organoid-segmentation\reports\segmentations\organoid_measurements_aspirina_1_v2_segmentations\Condição 1 - 2_labels.tif
Condição 1 - 2.jpg,ConvPaint,59,254.0,769.0,1.0,0.0,0.4274509847164154,0.5641895835477563,,C:\Users\sophi\napari-organoid-segmentation\reports\segmentations\organoid_measurements_aspirina_1_v2_segmentations\Condição 1 - 2_labels.tif
Condição 1 - 2.jpg,ConvPaint,60,255.88888888888889,361.8888888888889,9.0,7.207106781186548,0.42004358768463135,1.692568750643269,2.1773611022815498,C:\Users\sophi\napari-organoid-segmentation\reports\segmentations\organoid_measurements_aspirina_1_v2_segmentations\Condição 1 - 2_labels.tif
Condição 1 - 2.jpg,ConvPaint,61,255.0,370.5,2.0,0.0,0.4745098352432251,0.7978845608028654,,C:\Users\sophi\napari-organoid-segmentation\reports\segmentations\organoid_measurements_aspirina_1_v2_segmentations\Condição 1 - 2_labels.tif
Condição 1 - 2.jpg,ConvPaint,62,256.5,769.8333333333334,6.0,5.207106781186548,0.41830065846443176,1.381976597885342,2.7807897046412133,C:\Users\sophi\napari-organoid-segmentation\reports\segmentations\organoid_measurements_aspirina_1_v2_segmentations\Condição 1 - 2_labels.tif
Condição 1 - 2.jpg,ConvPaint,63,257.5,777.0,4.0,2.0,0.4058823585510254,1.1283791670955126,12.566370614359172,C:\Users\sophi\napari-organoid-segmentation\reports\segmentations\organoid_measurements_aspirina_1_v2_segmentations\Condição 1 - 2_labels.tif
Condição 1 - 2.jpg,ConvPaint,64,257.0,359.0,1.0,0.0,0.41960784792900085,0.5641895835477563,,C:\Users\sophi\napari-organoid-segmentation\reports\segmentations\organoid_measurements_aspirina_1_v2_segmentations\Condição 1 - 2_labels.tif
Condição 1 - 2.jpg,ConvPaint,65,259.0,367.0,1.0,0.0,0.4901960790157318,0.5641895835477563,,C:\Users\sophi\napari-organoid-segmentation\reports\segmentations\organoid_measurements_aspirina_1_v2_segmentations\Condição 1 - 2_labels.tif
Condição 1 - 2.jpg,ConvPaint,66,259.0,770.0,1.0,0.0,0.41960784792900085,0.5641895835477563,,C:\Users\sophi\napari-organoid-segmentation\reports\segmentations\organoid_measurements_aspirina_1_v2_segmentations\Condição 1 - 2_labels.tif
Condição 1 - 2.jpg,ConvPaint,67,261.54545454545456,361.27272727272725,11.0,8.242640687119286,0.417825311422348,1.8712051592547776,2.0345567687739816,C:\Users\sophi\napari-organoid-segmentation\reports\segmentations\organoid_measurements_aspirina_1_v2_segmentations\Condição 1 - 2_labels.tif
Condição 1 - 2.jpg,ConvPaint,68,261.7142857142857,774.4285714285714,7.0,7.207106781186548,0.4285714328289032,1.4927053303604616,1.6935030795523165,C:\Users\sophi\napari-organoid-segmentation\reports\segmentations\organoid_measurements_aspirina_1_v2_segmentations\Condição 1 - 2_labels.tif
Condição 1 - 2.jpg,ConvPaint,69,265.5,770.5,8.0,8.0,0.4387255012989044,1.5957691216057308,1.5707963267948966,C:\Users\sophi\napari-organoid-segmentation\reports\segmentations\organoid_measurements_aspirina_1_v2_segmentations\Condição 1 - 2_labels.tif
Condição 1 - 2.jpg,ConvPaint,70,265.0,217.0,1.0,0.0,0.729411780834198,0.5641895835477563,,C:\Users\sophi\napari-organoid-segmentation\reports\segmentations\organoid_measurements_aspirina_1_v2_segmentations\Condição 1 - 2_labels.tif
Condição 1 - 2.jpg,ConvPaint,71,267.0,354.0,5.0,5.414213562373095,0.3921568691730499,1.2615662610100802,2.143429006056056,C:\Users\sophi\napari-organoid-segmentation\reports\segmentations\organoid_measurements_aspirina_1_v2_segmentations\Condição 1 - 2_labels.tif
Condição 1 - 2.jpg,ConvPaint,72,274.9642857142857,758.5714285714286,84.0,60.142135623730944,0.41489264369010925,5.170882945826411,0.2918310238134142,C:\Users\sophi\napari-organoid-segmentation\reports\segmentations\organoid_measurements_aspirina_1_v2_segmentations\Condição 1 - 2_labels.tif
Condição 1 - 2.jpg,ConvPaint,73,267.0,773.0,1.0,0.0,0.4588235318660736,0.5641895835477563,,C:\Users\sophi\napari-organoid-segmentation\reports\segmentations\organoid_measurements_aspirina_1_v2_segmentations\Condição 1 - 2_labels.tif
Condição 1 - 2.jpg,ConvPaint,74,268.0,622.5,2.0,0.0,0.5176470875740051,0.7978845608028654,,C:\Users\sophi\napari-organoid-segmentation\reports\segmentations\organoid_measurements_aspirina_1_v2_segmentations\Condição 1 - 2_labels.tif
Condição 1 - 2.jpg,ConvPaint,75,271.6666666666667,634.1666666666666,6.0,5.621320343559642,0.33529412746429443,1.381976597885342,2.3860769419719228,C:\Users\sophi\napari-organoid-segmentation\reports\segmentations\organoid_measurements_aspirina_1_v2_segmentations\Condição 1 - 2_labels.tif
Condição 1 - 2.jpg,ConvPaint,76,271.6666666666667,238.33333333333334,3.0,3.414213562373095,0.3960784375667572,0.9772050238058398,3.2340725067158833,C:\Users\sophi\napari-organoid-segmentation\reports\segmentations\organoid_measurements_aspirina_1_v2_segmentations\Condição 1 - 2_labels.tif
Condição 1 - 2.jpg,ConvPaint,77,272.0,625.0,1.0,0.0,0.5098039507865906,0.5641895835477563,,C:\Users\sophi\napari-organoid-segmentation\reports\segmentations\organoid_measurements_aspirina_1_v2_segmentations\Condição 1 - 2_labels.tif
Condição 1 - 2.jpg,ConvPaint,78,274.375,630.5625,16.0,12.242640687119284,0.40735292434692383,2.256758334191025,1.341465907380309,C:\Users\sophi\napari-organoid-segmentation\reports\segmentations\organoid_measurements_aspirina_1_v2_segmentations\Condição 1 - 2_labels.tif
Condição 1 - 2.jpg,ConvPaint,79,273.0,346.0,1.0,0.0,0.3843137323856354,0.5641895835477563,,C:\Users\sophi\napari-organoid-segmentation\reports\segmentations\organoid_measurements_aspirina_1_v2_segmentations\Condição 1 - 2_labels.tif
Condição 1 - 2.jpg,ConvPaint,80,273.0,350.0,1.0,0.0,0.35686275362968445,0.5641895835477563,,C:\Users\sophi\napari-organoid-segmentation\reports\segmentations\organoid_measurements_aspirina_1_v2_segmentations\Condição 1 - 2_labels.tif
Condição 1 - 2.jpg,ConvPaint,81,274.5,244.5,4.0,4.0,0.4323529303073883,1.1283791670955126,3.141592653589793,C:\Users\sophi\napari-organoid-segmentation\reports\segmentations\organoid_measurements_aspirina_1_v2_segmentations\Condição 1 - 2_labels.tif
Condição 1 - 2.jpg,ConvPaint,82,274.0,768.0,1.0,0.0,0.4470588266849518,0.5641895835477563,,C:\Users\sophi\napari-organoid-segmentation\reports\segmentations\organoid_measurements_aspirina_1_v2_segmentations\Condição 1 - 2_labels.tif
Condição 1 - 2.jpg,ConvPaint,83,275.0,347.0,1.0,0.0,0.4274509847164154,0.5641895835477563,,C:\Users\sophi\napari-organoid-segmentation\reports\segmentations\organoid_measurements_aspirina_1_v2_segmentations\Condição 1 - 2_labels.tif
Condição 1 - 2.jpg,ConvPaint,84,275.0,350.0,1.0,0.0,0.3843137323856354,0.5641895835477563,,C:\Users\sophi\napari-organoid-segmentation\reports\segmentations\organoid_measurements_aspirina_1_v2_segmentations\Condição 1 - 2_labels.tif
Condição 1 - 2.jpg,ConvPaint,85,276.7142857142857,257.0,7.0,6.82842712474619,0.40280112624168396,1.4927053303604616,1.8865422955842652,C:\Users\sophi\napari-organoid-segmentation\reports\segmentations\organoid_measurements_aspirina_1_v2_segmentations\Condição 1 - 2_labels.tif
Condição 1 - 2.jpg,ConvPaint,86,278.52941176470586,340.52941176470586,17.0,14.621320343559644,0.4514417350292206,2.326213245840639,0.9992763309586377,C:\Users\sophi\napari-organoid-segmentation\reports\segmentations\organoid_measurements_aspirina_1_v2_segmentations\Condição 1 - 2_labels.tif
Condição 1 - 2.jpg,ConvPaint,87,278.6923076923077,764.6153846153846,26.0,19.656854249492383,0.441327303647995,2.876813695875796,0.8455809242360396,C:\Users\sophi\napari-organoid-segmentation\reports\segmentations\organoid_measurements_aspirina_1_v2_segmentations\Condição 1 - 2_labels.tif
Condição 1 - 2.jpg,ConvPaint,88,277.0,262.0,1.0,0.0,0.3333333432674408,0.5641895835477563,,C:\Users\sophi\napari-organoid-segmentation\reports\segmentations\organoid_measurements_aspirina_1_v2_segmentations\Condição 1 - 2_labels.tif
Condição 1 - 2.jpg,ConvPaint,89,278.0,630.0,1.0,0.0,0.4313725531101227,0.5641895835477563,,C:\Users\sophi\napari-organoid-segmentation\reports\segmentations\organoid_measurements_aspirina_1_v2_segmentations\Condição 1 - 2_labels.tif
Condição 1 - 2.jpg,ConvPaint,90,279.0,262.0,1.0,0.0,0.3450980484485626,0.5641895835477563,,C:\Users\sophi\napari-organoid-segmentation\reports\segmentations\organoid_measurements_aspirina_1_v2_segmentations\Condição 1 - 2_labels.tif
Condição 1 - 2.jpg,ConvPaint,91,287.2142857142857,636.0,70.0,46.970562748477136,0.4427451193332672,4.720348719413148,0.39870931040780844,C:\Users\sophi\napari-organoid-segmentation\reports\segmentations\organoid_measurements_aspirina_1_v2_segmentations\Condição 1 - 2_labels.tif
Condição 1 - 2.jpg,ConvPaint,92,281.72727272727275,329.0,11.0,9.207106781186548,0.4163993000984192,1.8712051592547776,1.63063285755946,C:\Users\sophi\napari-organoid-segmentation\reports\segmentations\organoid_measurements_aspirina_1_v2_segmentations\Condição 1 - 2_labels.tif
Condição 1 - 2.jpg,ConvPaint,93,281.125,626.375,8.0,7.414213562373095,0.5215686559677124,1.5957691216057308,1.8288145488861385,C:\Users\sophi\napari-organoid-segmentation\reports\segmentations\organoid_measurements_aspirina_1_v2_segmentations\Condição 1 - 2_labels.tif
Condição 1 - 2.jpg,ConvPaint,94,280.3333333333333,632.6666666666666,3.0,3.414213562373095,0.4941176474094391,0.9772050238058398,3.2340725067158833,C:\Users\sophi\napari-organoid-segmentation\reports\segmentations\organoid_measurements_aspirina_1_v2_segmentations\Condição 1 - 2_labels.tif
Condição 1 - 2.jpg,ConvPaint,95,282.0,764.0,1.0,0.0,0.4000000059604645,0.5641895835477563,,C:\Users\sophi\napari-organoid-segmentation\reports\segmentations\organoid_measurements_aspirina_1_v2_segmentations\Condição 1 - 2_labels.tif
Condição 1 - 2.jpg,ConvPaint,96,283.0,325.0,3.0,1.0,0.3947712481021881,0.9772050238058398,37.69911184307752,C:\Users\sophi\napari-organoid-segmentation\reports\segmentations\organoid_measurements_aspirina_1_v2_segmentations\Condição 1 - 2_labels.tif
Condição 1 - 2.jpg,ConvPaint,97,284.0,260.0,1.0,0.0,0.3490196168422699,0.5641895835477563,,C:\Users\sophi\napari-organoid-segmentation\reports\segmentations\organoid_measurements_aspirina_1_v2_segmentations\Condição 1 - 2_labels.tif
Condição 1 - 2.jpg,ConvPaint,98,285.6666666666667,294.3333333333333,9.0,8.207106781186548,0.3821350634098053,1.692568750643269,1.6790831580707237,C:\Users\sophi\napari-organoid-segmentation\reports\segmentations\organoid_measurements_aspirina_1_v2_segmentations\Condição 1 - 2_labels.tif
Condição 1 - 2.jpg,ConvPaint,99,285.2857142857143,762.4285714285714,7.0,7.207106781186548,0.37647056579589844,1.4927053303604616,1.6935030795523165,C:\Users\sophi\napari-organoid-segmentation\reports\segmentations\organoid_measurements_aspirina_1_v2_segmentations\Condição 1 - 2_labels.tif
Condição 1 - 2.jpg,ConvPaint,100,286.0,280.5,2.0,0.0,0.35686275362968445,0.7978845608028654,,C:\Users\sophi\napari-organoid-segmentation\reports\segmentations\organoid_measurements_aspirina_1_v2_segmentations\Condição 1 - 2_labels.tif
Condição 1 - 2.jpg,ConvPaint,101,288.5,308.7142857142857,14.0,10.414213562373096,0.38291314244270325,2.111004122822376,1.6221273277073744,C:\Users\sophi\napari-organoid-segmentation\reports\segmentations\organoid_measurements_aspirina_1_v2_segmentations\Condição 1 - 2_labels.tif
Condição 1 - 2.jpg,ConvPaint,102,289.55,316.65,20.0,15.242640687119284,0.40980392694473267,2.5231325220201604,1.0817313973458693,C:\Users\sophi\napari-organoid-segmentation\reports\segmentations\organoid_measurements_aspirina_1_v2_segmentations\Condição 1 - 2_labels.tif
Condição 1 - 2.jpg,ConvPaint,103,289.0,744.0,1.0,0.0,0.3686274588108063,0.5641895835477563,,C:\Users\sophi\napari-organoid-segmentation\reports\segmentations\organoid_measurements_aspirina_1_v2_segmentations\Condição 1 - 2_labels.tif
Condição 1 - 2.jpg,ConvPaint,104,294.7837837837838,751.5945945945946,37.0,28.65685424949238,0.4072072505950928,3.431831258788849,0.5661800447365267,C:\Users\sophi\napari-organoid-segmentation\reports\segmentations\organoid_measurements_aspirina_1_v2_segmentations\Condição 1 - 2_labels.tif
Condição 1 - 2.jpg,ConvPaint,105,290.0,282.0,1.0,0.0,0.3960784375667572,0.5641895835477563,,C:\Users\sophi\napari-organoid-segmentation\reports\segmentations\organoid_measurements_aspirina_1_v2_segmentations\Condição 1 - 2_labels.tif
Condição 1 - 2.jpg,ConvPaint,106,297.390243902439,742.7560975609756,41.0,31.27817459305202,0.39320898056030273,3.6125759969217834,0.5266364586458719,C:\Users\sophi\napari-organoid-segmentation\reports\segmentations\organoid_measurements_aspirina_1_v2_segmentations\Condição 1 - 2_labels.tif
Condição 1 - 2.jpg,ConvPaint,107,293.0,302.75,8.0,7.207106781186548,0.43970590829849243,1.5957691216057308,1.9354320909169331,C:\Users\sophi\napari-organoid-segmentation\reports\segmentations\organoid_measurements_aspirina_1_v2_segmentations\Condição 1 - 2_labels.tif
Condição 1 - 2.jpg,ConvPaint,108,293.2857142857143,284.57142857142856,7.0,7.207106781186548,0.4089635908603668,1.4927053303604616,1.6935030795523165,C:\Users\sophi\napari-organoid-segmentation\reports\segmentations\organoid_measurements_aspirina_1_v2_segmentations\Condição 1 - 2_labels.tif
Condição 1 - 2.jpg,ConvPaint,109,293.7567567567568,294.27027027027026,37.0,26.485281374238568,0.4285108745098114,3.431831258788849,0.6628303803625591,C:\Users\sophi\napari-organoid-segmentation\reports\segmentations\organoid_measurements_aspirina_1_v2_segmentations\Condição 1 - 2_labels.tif
Condição 1 - 2.jpg,ConvPaint,110,294.0,1213.0,3.0,1.0,0.41960784792900085,0.9772050238058398,37.69911184307752,C:\Users\sophi\napari-organoid-segmentation\reports\segmentations\organoid_measurements_aspirina_1_v2_segmentations\Condição 1 - 2_labels.tif
Condição 1 - 2.jpg,ConvPaint,111,295.0,272.0,1.0,0.0,0.4627451002597809,0.5641895835477563,,C:\Users\sophi\napari-organoid-segmentation\reports\segmentations\organoid_measurements_aspirina_1_v2_segmentations\Condição 1 - 2_labels.tif
Condição 1 - 2.jpg,ConvPaint,112,295.0,274.0,1.0,0.0,0.4156862795352936,0.5641895835477563,,C:\Users\sophi\napari-organoid-segmentation\reports\segmentations\organoid_measurements_aspirina_1_v2_segmentations\Condição 1 - 2_labels.tif
Condição 1 - 2.jpg,ConvPaint,113,295.5,674.0,2.0,0.0,0.32549020648002625,0.7978845608028654,,C:\Users\sophi\napari-organoid-segmentation\reports\segmentations\organoid_measurements_aspirina_1_v2_segmentations\Condição 1 - 2_labels.tif
Condição 1 - 2.jpg,ConvPaint,114,296.2,1064.4,5.0,5.207106781186548,0.6925490498542786,1.2615662610100802,2.3173247538676778,C:\Users\sophi\napari-organoid-segmentation\reports\segmentations\organoid_measurements_aspirina_1_v2_segmentations\Condição 1 - 2_labels.tif
Condição 1 - 2.jpg,ConvPaint,115,296.5,1215.0,2.0,0.0,0.3960784375667572,0.7978845608028654,,C:\Users\sophi\napari-organoid-segmentation\reports\segmentations\organoid_measurements_aspirina_1_v2_segmentations\Condição 1 - 2_labels.tif
Condição 1 - 2.jpg,ConvPaint,116,298.0,673.0,1.0,0.0,0.364705890417099,0.5641895835477563,,C:\Users\sophi\napari-organoid-segmentation\reports\segmentations\organoid_measurements_aspirina_1_v2_segmentations\Condição 1 - 2_labels.tif
Condição 1 - 2.jpg,ConvPaint,117,299.0,1215.0,1.0,0.0,0.501960813999176,0.5641895835477563,,C:\Users\sophi\napari-organoid-segmentation\reports\segmentations\organoid_measurements_aspirina_1_v2_segmentations\Condição 1 - 2_labels.tif
Condição 1 - 2.jpg,ConvPaint,118,301.5,709.0,2.0,0.0,0.3529411852359772,0.7978845608028654,,C:\Users\sophi\napari-organoid-segmentation\reports\segmentations\organoid_measurements_aspirina_1_v2_segmentations\Condição 1 - 2_labels.tif
Condição 1 - 2.jpg,ConvPaint,119,306.0,734.0,1.0,0.0,0.45098039507865906,0.5641895835477563,,C:\Users\sophi\napari-organoid-segmentation\reports\segmentations\organoid_measurements_aspirina_1_v2_segmentations\Condição 1 - 2_labels.tif
Condição 1 - 2.jpg,ConvPaint,120,306.5,737.0,2.0,0.0,0.4941176772117615,0.7978845608028654,,C:\Users\sophi\napari-organoid-segmentation\reports\segmentations\organoid_measurements_aspirina_1_v2_segmentations\Condição 1 - 2_labels.tif
Condição 1 - 2.jpg,ConvPaint,121,309.14285714285717,722.5714285714286,7.0,7.414213562373095,0.4100840389728546,1.4927053303604616,1.6002127302753713,C:\Users\sophi\napari-organoid-segmentation\reports\segmentations\organoid_measurements_aspirina_1_v2_segmentations\Condição 1 - 2_labels.tif
Condição 1 - 2.jpg,ConvPaint,122,309.90909090909093,709.9090909090909,11.0,9.035533905932738,0.3764705955982208,1.8712051592547776,1.6931479507424014,C:\Users\sophi\napari-organoid-segmentation\reports\segmentations\organoid_measurements_aspirina_1_v2_segmentations\Condição 1 - 2_labels.tif
Condição 1 - 2.jpg,ConvPaint,123,308.5,735.0,2.0,0.0,0.4156862795352936,0.7978845608028654,,C:\Users\sophi\napari-organoid-segmentation\reports\segmentations\organoid_measurements_aspirina_1_v2_segmentations\Condição 1 - 2_labels.tif
Condição 1 - 2.jpg,ConvPaint,124,309.6666666666667,690.3333333333334,3.0,3.414213562373095,0.4444444477558136,0.9772050238058398,3.2340725067158833,C:\Users\sophi\napari-organoid-segmentation\reports\segmentations\organoid_measurements_aspirina_1_v2_segmentations\Condição 1 - 2_labels.tif
Condição 1 - 2.jpg,ConvPaint,125,309.5,1195.0,2.0,0.0,0.386274516582489,0.7978845608028654,,C:\Users\sophi\napari-organoid-segmentation\reports\segmentations\organoid_measurements_aspirina_1_v2_segmentations\Condição 1 - 2_labels.tif
Condição 1 - 2.jpg,ConvPaint,126,312.0,735.0,1.0,0.0,0.4313725531101227,0.5641895835477563,,C:\Users\sophi\napari-organoid-segmentation\reports\segmentations\organoid_measurements_aspirina_1_v2_segmentations\Condição 1 - 2_labels.tif
Condição 1 - 2.jpg,ConvPaint,127,313.0,683.0,1.0,0.0,0.40784314274787903,0.5641895835477563,,C:\Users\sophi\napari-organoid-segmentation\reports\segmentations\organoid_measurements_aspirina_1_v2_segmentations\Condição 1 - 2_labels.tif
Condição 1 - 2.jpg,ConvPaint,128,313.0,686.0,1.0,0.0,0.4431372582912445,0.5641895835477563,,C:\Users\sophi\napari-organoid-segmentation\reports\segmentations\organoid_measurements_aspirina_1_v2_segmentations\Condição 1 - 2_labels.tif
Condição 1 - 2.jpg,ConvPaint,129,314.0,706.0,7.0,6.82842712474619,0.4061625003814697,1.4927053303604616,1.8865422955842652,C:\Users\sophi\napari-organoid-segmentation\reports\segmentations\organoid_measurements_aspirina_1_v2_segmentations\Condição 1 - 2_labels.tif
Condição 1 - 2.jpg,ConvPaint,130,314.0,700.5,2.0,0.0,0.4274509847164154,0.7978845608028654,,C:\Users\sophi\napari-organoid-segmentation\reports\segmentations\organoid_measurements_aspirina_1_v2_segmentations\Condição 1 - 2_labels.tif
Condição 1 - 2.jpg,ConvPaint,131,317.5217391304348,689.304347826087,46.0,37.27817459305203,0.4168798327445984,3.826519928662906,0.41596656097577517,C:\Users\sophi\napari-organoid-segmentation\reports\segmentations\organoid_measurements_aspirina_1_v2_segmentations\Condição 1 - 2_labels.tif
Condição 1 - 2.jpg,ConvPaint,132,316.0,711.0,1.0,0.0,0.4941176474094391,0.5641895835477563,,C:\Users\sophi\napari-organoid-segmentation\reports\segmentations\organoid_measurements_aspirina_1_v2_segmentations\Condição 1 - 2_labels.tif
Condição 1 - 2.jpg,ConvPaint,133,316.0,719.0,1.0,0.0,0.4156862795352936,0.5641895835477563,,C:\Users\sophi\napari-organoid-segmentation\reports\segmentations\organoid_measurements_aspirina_1_v2_segmentations\Condição 1 - 2_labels.tif
Condição 1 - 2.jpg,ConvPaint,134,317.0,678.0,1.0,0.0,0.4941176474094391,0.5641895835477563,,C:\Users\sophi\napari-organoid-segmentation\reports\segmentations\organoid_measurements_aspirina_1_v2_segmentations\Condição 1 - 2_labels.tif
Condição 1 - 2.jpg,ConvPaint,135,317.5,717.0,2.0,0.0,0.49803924560546875,0.7978845608028654,,C:\Users\sophi\napari-organoid-segmentation\reports\segmentations\organoid_measurements_aspirina_1_v2_segmentations\Condição 1 - 2_labels.tif
Condição 1 - 2.jpg,ConvPaint,136,363.50169109357387,1913.4058624577226,887.0,253.63961030678925,0.3093751072883606,16.80300178673508,0.1732604066318816,C:\Users\sophi\napari-organoid-segmentation\reports\segmentations\organoid_measurements_aspirina_1_v2_segmentations\Condição 1 - 2_labels.tif
Condição 1 - 2.jpg,ConvPaint,137,321.6111111111111,697.2777777777778,18.0,13.449747468305832,0.4546841084957123,2.393653682408596,1.2504148100484347,C:\Users\sophi\napari-organoid-segmentation\reports\segmentations\organoid_measurements_aspirina_1_v2_segmentations\Condição 1 - 2_labels.tif
Condição 1 - 2.jpg,ConvPaint,138,321.2,1912.2,5.0,4.207106781186548,0.5074509382247925,1.2615662610100802,3.5498728546441756,C:\Users\sophi\napari-organoid-segmentation\reports\segmentations\organoid_measurements_aspirina_1_v2_segmentations\Condição 1 - 2_labels.tif
Condição 1 - 2.jpg,ConvPaint,139,321.0,703.0,1.0,0.0,0.47058823704719543,0.5641895835477563,,C:\Users\sophi\napari-organoid-segmentation\reports\segmentations\organoid_measurements_aspirina_1_v2_segmentations\Condição 1 - 2_labels.tif
Condição 1 - 2.jpg,ConvPaint,140,323.0,694.0,1.0,0.0,0.4627451002597809,0.5641895835477563,,C:\Users\sophi\napari-organoid-segmentation\reports\segmentations\organoid_measurements_aspirina_1_v2_segmentations\Condição 1 - 2_labels.tif
Condição 1 - 2.jpg,ConvPaint,141,323.0,1193.0,1.0,0.0,0.46666666865348816,0.5641895835477563,,C:\Users\sophi\napari-organoid-segmentation\reports\segmentations\organoid_measurements_aspirina_1_v2_segmentations\Condição 1 - 2_labels.tif
Condição 1 - 2.jpg,ConvPaint,142,327.2,1059.6,5.0,4.414213562373095,0.5011764764785767,1.2615662610100802,3.224580228790828,C:\Users\sophi\napari-organoid-segmentation\reports\segmentations\organoid_measurements_aspirina_1_v2_segmentations\Condição 1 - 2_labels.tif
Condição 1 - 2.jpg,ConvPaint,143,339.1111111111111,1060.5555555555557,63.0,41.27817459305203,0.4904450476169586,4.478115991081385,0.4646323520953048,C:\Users\sophi\napari-organoid-segmentation\reports\segmentations\organoid_measurements_aspirina_1_v2_segmentations\Condição 1 - 2_labels.tif
Condição 1 - 2.jpg,ConvPaint,144,331.0,1074.0,1.0,0.0,0.3960784375667572,0.5641895835477563,,C:\Users\sophi\napari-organoid-segmentation\reports\segmentations\organoid_measurements_aspirina_1_v2_segmentations\Condição 1 - 2_labels.tif
Condição 1 - 2.jpg,ConvPaint,145,338.0,1088.0,1.0,0.0,0.32156863808631897,0.5641895835477563,,C:\Users\sophi\napari-organoid-segmentation\reports\segmentations\organoid_measurements_aspirina_1_v2_segmentations\Condição 1 - 2_labels.tif
Condição 1 - 2.jpg,ConvPaint,146,339.5,1910.0,2.0,0.0,0.36666667461395264,0.7978845608028654,,C:\Users\sophi\napari-organoid-segmentation\reports\segmentations\organoid_measurements_aspirina_1_v2_segmentations\Condição 1 - 2_labels.tif
Condição 1 - 2.jpg,ConvPaint,147,340.3333333333333,1066.6666666666667,3.0,3.414213562373095,0.42352941632270813,0.9772050238058398,3.2340725067158833,C:\Users\sophi\napari-organoid-segmentation\reports\segmentations\organoid_measurements_aspirina_1_v2_segmentations\Condição 1 - 2_labels.tif
Condição 1 - 2.jpg,ConvPaint,148,343.0,1074.0,1.0,0.0,0.37254902720451355,0.5641895835477563,,C:\Users\sophi\napari-organoid-segmentation\reports\segmentations\organoid_measurements_aspirina_1_v2_segmentations\Condição 1 - 2_labels.tif
Condição 1 - 2.jpg,ConvPaint,149,344.0,1080.0,1.0,0.0,0.4000000059604645,0.5641895835477563,,C:\Users\sophi\napari-organoid-segmentation\reports\segmentations\organoid_measurements_aspirina_1_v2_segmentations\Condição 1 - 2_labels.tif
Condição 1 - 2.jpg,ConvPaint,150,345.0,1088.0,1.0,0.0,0.3803921639919281,0.5641895835477563,,C:\Users\sophi\napari-organoid-segmentation\reports\segmentations\organoid_measurements_aspirina_1_v2_segmentations\Condição 1 - 2_labels.tif
Condição 1 - 2.jpg,ConvPaint,151,346.5,1650.5,4.0,4.0,0.457843154668808,1.1283791670955126,3.141592653589793,C:\Users\sophi\napari-organoid-segmentation\reports\segmentations\organoid_measurements_aspirina_1_v2_segmentations\Condição 1 - 2_labels.tif
Condição 1 - 2.jpg,ConvPaint,152,347.0,1069.0,1.0,0.0,0.49803921580314636,0.5641895835477563,,C:\Users\sophi\napari-organoid-segmentation\reports\segmentations\organoid_measurements_aspirina_1_v2_segmentations\Condição 1 - 2_labels.tif
Condição 1 - 2.jpg,ConvPaint,153,350.6666666666667,1094.0,3.0,1.2071067811865475,0.35947713255882263,0.9772050238058398,25.872580053727066,C:\Users\sophi\napari-organoid-segmentation\reports\segmentations\organoid_measurements_aspirina_1_v2_segmentations\Condição 1 - 2_labels.tif
Condição 1 - 2.jpg,ConvPaint,154,350.0,1905.0,1.0,0.0,0.4313725531101227,0.5641895835477563,,C:\Users\sophi\napari-organoid-segmentation\reports\segmentations\organoid_measurements_aspirina_1_v2_segmentations\Condição 1 - 2_labels.tif
Condição 1 - 2.jpg,ConvPaint,155,354.5,1092.0,2.0,0.0,0.45490196347236633,0.7978845608028654,,C:\Users\sophi\napari-organoid-segmentation\reports\segmentations\organoid_measurements_aspirina_1_v2_segmentations\Condição 1 - 2_labels.tif
Condição 1 - 2.jpg,ConvPaint,156,354.5,1488.5,4.0,4.0,0.5490196347236633,1.1283791670955126,3.141592653589793,C:\Users\sophi\napari-organoid-segmentation\reports\segmentations\organoid_measurements_aspirina_1_v2_segmentations\Condição 1 - 2_labels.tif
Condição 1 - 2.jpg,ConvPaint,157,356.0,1095.6666666666667,3.0,1.2071067811865475,0.40130719542503357,0.9772050238058398,25.872580053727066,C:\Users\sophi\napari-organoid-segmentation\reports\segmentations\organoid_measurements_aspirina_1_v2_segmentations\Condição 1 - 2_labels.tif
Condição 1 - 2.jpg,ConvPaint,158,357.8095238095238,1070.2380952380952,21.0,15.414213562373096,0.46722692251205444,2.5854414729132054,1.1106735132308683,C:\Users\sophi\napari-organoid-segmentation\reports\segmentations\organoid_measurements_aspirina_1_v2_segmentations\Condição 1 - 2_labels.tif
Condição 1 - 2.jpg,ConvPaint,159,361.32323232323233,1085.909090909091,99.0,50.14213562373095,0.4276094436645508,5.613615477764332,0.49481106657032337,C:\Users\sophi\napari-organoid-segmentation\reports\segmentations\organoid_measurements_aspirina_1_v2_segmentations\Condição 1 - 2_labels.tif
Condição 1 - 2.jpg,ConvPaint,160,356.5,1087.0,2.0,0.0,0.45490196347236633,0.7978845608028654,,C:\Users\sophi\napari-organoid-segmentation\reports\segmentations\organoid_measurements_aspirina_1_v2_segmentations\Condição 1 - 2_labels.tif
Condição 1 - 2.jpg,ConvPaint,161,356.5,1098.5,4.0,4.0,0.40882354974746704,1.1283791670955126,3.141592653589793,C:\Users\sophi\napari-organoid-segmentation\reports\segmentations\organoid_measurements_aspirina_1_v2_segmentations\Condição 1 - 2_labels.tif
Condição 1 - 2.jpg,ConvPaint,162,358.5625,1156.5,16.0,13.449747468305834,0.37720590829849243,2.256758334191025,1.1114798311541638,C:\Users\sophi\napari-organoid-segmentation\reports\segmentations\organoid_measurements_aspirina_1_v2_segmentations\Condição 1 - 2_labels.tif
Condição 1 - 2.jpg,ConvPaint,163,357.5625,1901.6875,16.0,12.621320343559642,0.43627452850341797,2.256758334191025,1.2621770149845961,C:\Users\sophi\napari-organoid-segmentation\reports\segmentations\organoid_measurements_aspirina_1_v2_segmentations\Condição 1 - 2_labels.tif
Condição 1 - 2.jpg,ConvPaint,164,358.6,1151.8,5.0,5.207106781186548,0.35137253999710083,1.2615662610100802,2.3173247538676778,C:\Users\sophi\napari-organoid-segmentation\reports\segmentations\organoid_measurements_aspirina_1_v2_segmentations\Condição 1 - 2_labels.tif
Condição 1 - 2.jpg,ConvPaint,165,360.3333333333333,1160.6666666666667,3.0,3.414213562373095,0.35686275362968445,0.9772050238058398,3.2340725067158833,C:\Users\sophi\napari-organoid-segmentation\reports\segmentations\organoid_measurements_aspirina_1_v2_segmentations\Condição 1 - 2_labels.tif
Condição 1 - 2.jpg,ConvPaint,166,361.0,1153.0,1.0,0.0,0.3529411852359772,0.5641895835477563,,C:\Users\sophi\napari-organoid-segmentation\reports\segmentations\organoid_measurements_aspirina_1_v2_segmentations\Condição 1 - 2_labels.tif
Condição 1 - 2.jpg,ConvPaint,167,364.75,1904.25,4.0,3.2071067811865475,0.34215688705444336,1.1283791670955126,4.887007608661263,C:\Users\sophi\napari-organoid-segmentation\reports\segmentations\organoid_measurements_aspirina_1_v2_segmentations\Condição 1 - 2_labels.tif
Condição 1 - 2.jpg,ConvPaint,168,369.0,1126.0,1.0,0.0,0.4313725531101227,0.5641895835477563,,C:\Users\sophi\napari-organoid-segmentation\reports\segmentations\organoid_measurements_aspirina_1_v2_segmentations\Condição 1 - 2_labels.tif
Condição 1 - 2.jpg,ConvPaint,169,370.6666666666667,1130.3333333333333,3.0,3.414213562373095,0.4915032684803009,0.9772050238058398,3.2340725067158833,C:\Users\sophi\napari-organoid-segmentation\reports\segmentations\organoid_measurements_aspirina_1_v2_segmentations\Condição 1 - 2_labels.tif
Condição 1 - 2.jpg,ConvPaint,170,373.0,1900.0,1.0,0.0,0.4627451002597809,0.5641895835477563,,C:\Users\sophi\napari-organoid-segmentation\reports\segmentations\organoid_measurements_aspirina_1_v2_segmentations\Condição 1 - 2_labels.tif
Condição 1 - 2.jpg,ConvPaint,171,379.0,1896.6666666666667,6.0,4.207106781186548,0.3947712481021881,1.381976597885342,4.25984742557301,C:\Users\sophi\napari-organoid-segmentation\reports\segmentations\organoid_measurements_aspirina_1_v2_segmentations\Condição 1 - 2_labels.tif
Condição 1 - 2.jpg,ConvPaint,172,382.0,1521.0,1.0,0.0,0.4156862795352936,0.5641895835477563,,C:\Users\sophi\napari-organoid-segmentation\reports\segmentations\organoid_measurements_aspirina_1_v2_segmentations\Condição 1 - 2_labels.tif
Condição 1 - 2.jpg,ConvPaint,173,384.0,1501.0,1.0,0.0,0.5529412031173706,0.5641895835477563,,C:\Users\sophi\napari-organoid-segmentation\reports\segmentations\organoid_measurements_aspirina_1_v2_segmentations\Condição 1 - 2_labels.tif
Condição 1 - 2.jpg,ConvPaint,174,385.5,1504.0,4.0,2.0,0.47156864404678345,1.1283791670955126,12.566370614359172,C:\Users\sophi\napari-organoid-segmentation\reports\segmentations\organoid_measurements_aspirina_1_v2_segmentations\Condição 1 - 2_labels.tif
Condição 1 - 2.jpg,ConvPaint,175,386.0,1900.1666666666667,6.0,4.414213562373095,0.43790850043296814,1.381976597885342,3.8694962745489936,C:\Users\sophi\napari-organoid-segmentation\reports\segmentations\organoid_measurements_aspirina_1_v2_segmentations\Condição 1 - 2_labels.tif
Condição 1 - 2.jpg,ConvPaint,176,385.7142857142857,1903.7142857142858,7.0,6.82842712474619,0.40728288888931274,1.4927053303604616,1.8865422955842652,C:\Users\sophi\napari-organoid-segmentation\reports\segmentations\organoid_measurements_aspirina_1_v2_segmentations\Condição 1 - 2_labels.tif
Condição 1 - 2.jpg,ConvPaint,177,387.0,1507.0,1.0,0.0,0.4470588266849518,0.5641895835477563,,C:\Users\sophi\napari-organoid-segmentation\reports\segmentations\organoid_measurements_aspirina_1_v2_segmentations\Condição 1 - 2_labels.tif
Condição 1 - 2.jpg,ConvPaint,178,390.0,1905.0,1.0,0.0,0.3960784375667572,0.5641895835477563,,C:\Users\sophi\napari-organoid-segmentation\reports\segmentations\organoid_measurements_aspirina_1_v2_segmentations\Condição 1 - 2_labels.tif
Condição 1 - 2.jpg,ConvPaint,179,401.515625,1537.015625,128.0,67.00609665440987,0.3795955777168274,6.383076486422923,0.3582541209650377,C:\Users\sophi\napari-organoid-segmentation\reports\segmentations\organoid_measurements_aspirina_1_v2_segmentations\Condição 1 - 2_labels.tif
Condição 1 - 2.jpg,ConvPaint,180,394.0,1521.0,1.0,0.0,0.40392157435417175,0.5641895835477563,,C:\Users\sophi\napari-organoid-segmentation\reports\segmentations\organoid_measurements_aspirina_1_v2_segmentations\Condição 1 - 2_labels.tif
Condição 1 - 2.jpg,ConvPaint,181,397.77272727272725,1521.8636363636363,22.0,16.65685424949238,0.4848484992980957,2.6462837142006137,0.9964294930986728,C:\Users\sophi\napari-organoid-segmentation\reports\segmentations\organoid_measurements_aspirina_1_v2_segmentations\Condição 1 - 2_labels.tif
Condição 1 - 2.jpg,ConvPaint,182,399.0,1546.0,1.0,0.0,0.32549020648002625,0.5641895835477563,,C:\Users\sophi\napari-organoid-segmentation\reports\segmentations\organoid_measurements_aspirina_1_v2_segmentations\Condição 1 - 2_labels.tif
Condição 1 - 2.jpg,ConvPaint,183,399.0,1903.0,1.0,0.0,0.4313725531101227,0.5641895835477563,,C:\Users\sophi\napari-organoid-segmentation\reports\segmentations\organoid_measurements_aspirina_1_v2_segmentations\Condição 1 - 2_labels.tif
Condição 1 - 2.jpg,ConvPaint,184,400.5,1528.5,4.0,4.0,0.4313725531101227,1.1283791670955126,3.141592653589793,C:\Users\sophi\napari-organoid-segmentation\reports\segmentations\organoid_measurements_aspirina_1_v2_segmentations\Condição 1 - 2_labels.tif
Condição 1 - 2.jpg,ConvPaint,185,402.2,1611.0,5.0,5.621320343559642,0.4023529589176178,1.2615662610100802,1.988397451643269,C:\Users\sophi\napari-organoid-segmentation\reports\segmentations\organoid_measurements_aspirina_1_v2_segmentations\Condição 1 - 2_labels.tif
Condição 1 - 2.jpg,ConvPaint,186,405.375,1606.25,8.0,7.035533905932738,0.42843136191368103,1.5957691216057308,2.0309803908983444,C:\Users\sophi\napari-organoid-segmentation\reports\segmentations\organoid_measurements_aspirina_1_v2_segmentations\Condição 1 - 2_labels.tif
Condição 1 - 2.jpg,ConvPaint,187,407.0,1531.0,1.0,0.0,0.5333333611488342,0.5641895835477563,,C:\Users\sophi\napari-organoid-segmentation\reports\segmentations\organoid_measurements_aspirina_1_v2_segmentations\Condição 1 - 2_labels.tif
Condição 1 - 2.jpg,ConvPaint,188,407.0,1908.0,1.0,0.0,0.4274509847164154,0.5641895835477563,,C:\Users\sophi\napari-organoid-segmentation\reports\segmentations\organoid_measurements_aspirina_1_v2_segmentations\Condição 1 - 2_labels.tif
Condição 1 - 2.jpg,ConvPaint,189,410.0,1541.0,1.0,0.0,0.4588235318660736,0.5641895835477563,,C:\Users\sophi\napari-organoid-segmentation\reports\segmentations\organoid_measurements_aspirina_1_v2_segmentations\Condição 1 - 2_labels.tif
Condição 1 - 2.jpg,ConvPaint,190,410.0,1584.0,1.0,0.0,0.3529411852359772,0.5641895835477563,,C:\Users\sophi\napari-organoid-segmentation\reports\segmentations\organoid_measurements_aspirina_1_v2_segmentations\Condição 1 - 2_labels.tif
Condição 1 - 2.jpg,ConvPaint,191,412.0,1571.0,1.0,0.0,0.3764705955982208,0.5641895835477563,,C:\Users\sophi\napari-organoid-segmentation\reports\segmentations\organoid_measurements_aspirina_1_v2_segmentations\Condição 1 - 2_labels.tif
Condição 1 - 2.jpg,ConvPaint,192,414.0,1572.857142857143,7.0,6.207106781186548,0.45042017102241516,1.4927053303604616,2.2831238497444226,C:\Users\sophi\napari-organoid-segmentation\reports\segmentations\organoid_measurements_aspirina_1_v2_segmentations\Condição 1 - 2_labels.tif
Condição 1 - 2.jpg,ConvPaint,193,413.7037037037037,1580.1851851851852,27.0,18.82842712474619,0.4305011034011841,2.9316150714175193,0.9570740581198222,C:\Users\sophi\napari-organoid-segmentation\reports\segmentations\organoid_measurements_aspirina_1_v2_segmentations\Condição 1 - 2_labels.tif
Condição 1 - 2.jpg,ConvPaint,194,413.5,1567.5,2.0,0.0,0.4529411792755127,0.7978845608028654,,C:\Users\sophi\napari-organoid-segmentation\reports\segmentations\organoid_measurements_aspirina_1_v2_segmentations\Condição 1 - 2_labels.tif
Condição 1 - 2.jpg,ConvPaint,195,415.0,1570.0,1.0,0.0,0.4470588266849518,0.5641895835477563,,C:\Users\sophi\napari-organoid-segmentation\reports\segmentations\organoid_measurements_aspirina_1_v2_segmentations\Condição 1 - 2_labels.tif
Condição 1 - 2.jpg,ConvPaint,196,658.4385280425627,249.3541121702505,22555.0,2210.8306986345488,0.26062166690826416,84.73180915615693,0.05798847967658482,C:\Users\sophi\napari-organoid-segmentation\reports\segmentations\organoid_measurements_aspirina_1_v2_segmentations\Condição 1 - 2_labels.tif
Condição 1 - 2.jpg,ConvPaint,197,570.0,208.0,1.0,0.0,0.6784313917160034,0.5641895835477563,,C:\Users\sophi\napari-organoid-segmentation\reports\segmentations\organoid_measurements_aspirina_1_v2_segmentations\Condição 1 - 2_labels.tif
Condição 1 - 2.jpg,ConvPaint,198,575.0,254.0,1.0,0.0,0.3490196168422699,0.5641895835477563,,C:\Users\sophi\napari-organoid-segmentation\reports\segmentations\organoid_measurements_aspirina_1_v2_segmentations\Condição 1 - 2_labels.tif
Condição 1 - 2.jpg,ConvPaint,199,578.5,254.33333333333334,6.0,5.207106781186548,0.37516340613365173,1.381976597885342,2.7807897046412133,C:\Users\sophi\napari-organoid-segmentation\reports\segmentations\organoid_measurements_aspirina_1_v2_segmentations\Condição 1 - 2_labels.tif
Condição 1 - 2.jpg,ConvPaint,200,579.5,249.0,2.0,0.0,0.3588235378265381,0.7978845608028654,,C:\Users\sophi\napari-organoid-segmentation\reports\segmentations\organoid_measurements_aspirina_1_v2_segmentations\Condição 1 - 2_labels.tif
Condição 1 - 2.jpg,ConvPaint,201,585.0,218.0,1.0,0.0,0.3450980484485626,0.5641895835477563,,C:\Users\sophi\napari-organoid-segmentation\reports\segmentations\organoid_measurements_aspirina_1_v2_segmentations\Condição 1 - 2_labels.tif
Condição 1 - 2.jpg,ConvPaint,202,586.5,648.0,2.0,0.0,0.6333333253860474,0.7978845608028654,,C:\Users\sophi\napari-organoid-segmentation\reports\segmentations\organoid_measurements_aspirina_1_v2_segmentations\Condição 1 - 2_labels.tif
Condição 1 - 2.jpg,ConvPaint,203,666.6014842524436,678.3893447568481,16574.0,1881.0062761231593,0.2658127546310425,72.63379415678453,0.05886494049117205,C:\Users\sophi\napari-organoid-segmentation\reports\segmentations\organoid_measurements_aspirina_1_v2_segmentations\Condição 1 - 2_labels.tif
Condição 1 - 2.jpg,ConvPaint,204,588.3333333333334,286.6666666666667,3.0,3.414213562373095,0.6575163006782532,0.9772050238058398,3.2340725067158833,C:\Users\sophi\napari-organoid-segmentation\reports\segmentations\organoid_measurements_aspirina_1_v2_segmentations\Condição 1 - 2_labels.tif
Condição 1 - 2.jpg,ConvPaint,205,594.5,294.5,2.0,0.0,0.7000000476837158,0.7978845608028654,,C:\Users\sophi\napari-organoid-segmentation\reports\segmentations\organoid_measurements_aspirina_1_v2_segmentations\Condição 1 - 2_labels.tif
Condição 1 - 2.jpg,ConvPaint,206,596.5,685.0,2.0,0.0,0.5647059082984924,0.7978845608028654,,C:\Users\sophi\napari-organoid-segmentation\reports\segmentations\organoid_measurements_aspirina_1_v2_segmentations\Condição 1 - 2_labels.tif
Condição 1 - 2.jpg,ConvPaint,207,596.0,710.0,1.0,0.0,0.7568627595901489,0.5641895835477563,,C:\Users\sophi\napari-organoid-segmentation\reports\segmentations\organoid_measurements_aspirina_1_v2_segmentations\Condição 1 - 2_labels.tif
Condição 1 - 2.jpg,ConvPaint,208,599.0,298.0,1.0,0.0,0.7215686440467834,0.5641895835477563,,C:\Users\sophi\napari-organoid-segmentation\reports\segmentations\organoid_measurements_aspirina_1_v2_segmentations\Condição 1 - 2_labels.tif
Condição 1 - 2.jpg,ConvPaint,209,603.0,630.0,1.0,0.0,0.43921568989753723,0.5641895835477563,,C:\Users\sophi\napari-organoid-segmentation\reports\segmentations\organoid_measurements_aspirina_1_v2_segmentations\Condição 1 - 2_labels.tif
Condição 1 - 2.jpg,ConvPaint,210,604.5,636.5,4.0,4.0,0.4529411792755127,1.1283791670955126,3.141592653589793,C:\Users\sophi\napari-organoid-segmentation\reports\segmentations\organoid_measurements_aspirina_1_v2_segmentations\Condição 1 - 2_labels.tif
Condição 1 - 2.jpg,ConvPaint,211,606.0,642.0,1.0,0.0,0.40392157435417175,0.5641895835477563,,C:\Users\sophi\napari-organoid-segmentation\reports\segmentations\organoid_measurements_aspirina_1_v2_segmentations\Condição 1 - 2_labels.tif
Condição 1 - 2.jpg,ConvPaint,212,607.0,313.0,1.0,0.0,0.8039215803146362,0.5641895835477563,,C:\Users\sophi\napari-organoid-segmentation\reports\segmentations\organoid_measurements_aspirina_1_v2_segmentations\Condição 1 - 2_labels.tif
Condição 1 - 2.jpg,ConvPaint,213,697.0136841621895,1117.0154291224687,21777.0,2184.458115632518,0.26455435156822205,83.25763863709089,0.0573482897786755,C:\Users\sophi\napari-organoid-segmentation\reports\segmentations\organoid_measurements_aspirina_1_v2_segmentations\Condição 1 - 2_labels.tif
Condição 1 - 2.jpg,ConvPaint,214,612.0,1114.0,1.0,0.0,0.572549045085907,0.5641895835477563,,C:\Users\sophi\napari-organoid-segmentation\reports\segmentations\organoid_measurements_aspirina_1_v2_segmentations\Condição 1 - 2_labels.tif
Condição 1 - 2.jpg,ConvPaint,215,614.0,1094.0,1.0,0.0,0.5921568870544434,0.5641895835477563,,C:\Users\sophi\napari-organoid-segmentation\reports\segmentations\organoid_measurements_aspirina_1_v2_segmentations\Condição 1 - 2_labels.tif
Condição 1 - 2.jpg,ConvPaint,216,615.0,743.0,1.0,0.0,0.4156862795352936,0.5641895835477563,,C:\Users\sophi\napari-organoid-segmentation\reports\segmentations\organoid_measurements_aspirina_1_v2_segmentations\Condição 1 - 2_labels.tif
Condição 1 - 2.jpg,ConvPaint,217,616.0,713.0,1.0,0.0,0.3529411852359772,0.5641895835477563,,C:\Users\sophi\napari-organoid-segmentation\reports\segmentations\organoid_measurements_aspirina_1_v2_segmentations\Condição 1 - 2_labels.tif
Condição 1 - 2.jpg,ConvPaint,218,616.0,715.0,1.0,0.0,0.3529411852359772,0.5641895835477563,,C:\Users\sophi\napari-organoid-segmentation\reports\segmentations\organoid_measurements_aspirina_1_v2_segmentations\Condição 1 - 2_labels.tif
Condição 1 - 2.jpg,ConvPaint,219,620.5,747.0,2.0,0.0,0.4372549057006836,0.7978845608028654,,C:\Users\sophi\napari-organoid-segmentation\reports\segmentations\organoid_measurements_aspirina_1_v2_segmentations\Condição 1 - 2_labels.tif
Condição 1 - 2.jpg,ConvPaint,220,622.625,738.625,8.0,7.0,0.39411765336990356,1.5957691216057308,2.0516523452014974,C:\Users\sophi\napari-organoid-segmentation\reports\segmentations\organoid_measurements_aspirina_1_v2_segmentations\Condição 1 - 2_labels.tif
Condição 1 - 2.jpg,ConvPaint,221,621.5,1101.0,2.0,0.0,0.41372549533843994,0.7978845608028654,,C:\Users\sophi\napari-organoid-segmentation\reports\segmentations\organoid_measurements_aspirina_1_v2_segmentations\Condição 1 - 2_labels.tif
Condição 1 - 2.jpg,ConvPaint,222,621.5,1122.0,2.0,0.0,0.364705890417099,0.7978845608028654,,C:\Users\sophi\napari-organoid-segmentation\reports\segmentations\organoid_measurements_aspirina_1_v2_segmentations\Condição 1 - 2_labels.tif
Condição 1 - 2.jpg,ConvPaint,223,627.1428571428571,621.7142857142857,7.0,6.414213562373096,0.4028010964393616,1.4927053303604616,2.138065828789302,C:\Users\sophi\napari-organoid-segmentation\reports\segmentations\organoid_measurements_aspirina_1_v2_segmentations\Condição 1 - 2_labels.tif
Condição 1 - 2.jpg,ConvPaint,224,631.75,174.75,4.0,2.414213562373095,0.364705890417099,1.1283791670955126,8.624193351242356,C:\Users\sophi\napari-organoid-segmentation\reports\segmentations\organoid_measurements_aspirina_1_v2_segmentations\Condição 1 - 2_labels.tif
Condição 1 - 2.jpg,ConvPaint,225,636.1666666666666,618.7333333333333,30.0,27.52081528017131,0.4099346399307251,3.0901936161855166,0.4977468589108345,C:\Users\sophi\napari-organoid-segmentation\reports\segmentations\organoid_measurements_aspirina_1_v2_segmentations\Condição 1 - 2_labels.tif
Condição 1 - 2.jpg,ConvPaint,226,634.0,324.0,1.0,0.0,0.364705890417099,0.5641895835477563,,C:\Users\sophi\napari-organoid-segmentation\reports\segmentations\organoid_measurements_aspirina_1_v2_segmentations\Condição 1 - 2_labels.tif
Condição 1 - 2.jpg,ConvPaint,227,635.5,175.5,2.0,0.0,0.3392156958580017,0.7978845608028654,,C:\Users\sophi\napari-organoid-segmentation\reports\segmentations\organoid_measurements_aspirina_1_v2_segmentations\Condição 1 - 2_labels.tif
Condição 1 - 2.jpg,ConvPaint,228,636.5,317.5,2.0,0.0,0.3450980484485626,0.7978845608028654,,C:\Users\sophi\napari-organoid-segmentation\reports\segmentations\organoid_measurements_aspirina_1_v2_segmentations\Condição 1 - 2_labels.tif
Condição 1 - 2.jpg,ConvPaint,229,640.5,604.0,2.0,0.0,0.6784313917160034,0.7978845608028654,,C:\Users\sophi\napari-organoid-segmentation\reports\segmentations\organoid_measurements_aspirina_1_v2_segmentations\Condição 1 - 2_labels.tif
Condição 1 - 2.jpg,ConvPaint,230,640.0,614.5,2.0,0.0,0.3764705955982208,0.7978845608028654,,C:\Users\sophi\napari-organoid-segmentation\reports\segmentations\organoid_measurements_aspirina_1_v2_segmentations\Condição 1 - 2_labels.tif
Condição 1 - 2.jpg,ConvPaint,231,641.6923076923077,1535.6666666666667,39.0,28.27817459305202,0.4483659565448761,3.523362819972964,0.6128747484010736,C:\Users\sophi\napari-organoid-segmentation\reports\segmentations\organoid_measurements_aspirina_1_v2_segmentations\Condição 1 - 2_labels.tif
Condição 1 - 2.jpg,ConvPaint,232,640.0,1543.0,1.0,0.0,0.5568627715110779,0.5641895835477563,,C:\Users\sophi\napari-organoid-segmentation\reports\segmentations\organoid_measurements_aspirina_1_v2_segmentations\Condição 1 - 2_labels.tif
Condição 1 - 2.jpg,ConvPaint,233,729.6501365608098,1528.28565308199,18673.0,2728.193180368812,0.28390997648239136,77.09604727033626,0.03152635221729496,C:\Users\sophi\napari-organoid-segmentation\reports\segmentations\organoid_measurements_aspirina_1_v2_segmentations\Condição 1 - 2_labels.tif
Condição 1 - 2.jpg,ConvPaint,234,642.0,327.0,1.0,0.0,0.364705890417099,0.5641895835477563,,C:\Users\sophi\napari-organoid-segmentation\reports\segmentations\organoid_measurements_aspirina_1_v2_segmentations\Condição 1 - 2_labels.tif
Condição 1 - 2.jpg,ConvPaint,235,642.6666666666666,1526.6666666666667,3.0,3.414213562373095,0.44967320561408997,0.9772050238058398,3.2340725067158833,C:\Users\sophi\napari-organoid-segmentation\reports\segmentations\organoid_measurements_aspirina_1_v2_segmentations\Condição 1 - 2_labels.tif
Condição 1 - 2.jpg,ConvPaint,236,644.7,1545.5,10.0,7.242640687119286,0.4505882263183594,1.7841241161527712,2.3956092642339875,C:\Users\sophi\napari-organoid-segmentation\reports\segmentations\organoid_measurements_aspirina_1_v2_segmentations\Condição 1 - 2_labels.tif
Condição 1 - 2.jpg,ConvPaint,237,643.3333333333334,176.66666666666666,3.0,3.414213562373095,0.3529411852359772,0.9772050238058398,3.2340725067158833,C:\Users\sophi\napari-organoid-segmentation\reports\segmentations\organoid_measurements_aspirina_1_v2_segmentations\Condição 1 - 2_labels.tif
Condição 1 - 2.jpg,ConvPaint,238,650.3559322033898,611.1355932203389,59.0,45.89949493661166,0.44572949409484863,4.3336224206596095,0.3519217124201688,C:\Users\sophi\napari-organoid-segmentation\reports\segmentations\organoid_measurements_aspirina_1_v2_segmentations\Condição 1 - 2_labels.tif
Condição 1 - 2.jpg,ConvPaint,239,644.0,1562.0,1.0,0.0,0.4745098054409027,0.5641895835477563,,C:\Users\sophi\napari-organoid-segmentation\reports\segmentations\organoid_measurements_aspirina_1_v2_segmentations\Condição 1 - 2_labels.tif
Condição 1 - 2.jpg,ConvPaint,240,645.0,761.0,1.0,0.0,0.43529412150382996,0.5641895835477563,,C:\Users\sophi\napari-organoid-segmentation\reports\segmentations\organoid_measurements_aspirina_1_v2_segmentations\Condição 1 - 2_labels.tif
Condição 1 - 2.jpg,ConvPaint,241,646.0,323.5,2.0,0.0,0.34705883264541626,0.7978845608028654,,C:\Users\sophi\napari-organoid-segmentation\reports\segmentations\organoid_measurements_aspirina_1_v2_segmentations\Condição 1 - 2_labels.tif
Condição 1 - 2.jpg,ConvPaint,242,646.0,1527.0,1.0,0.0,0.5333333611488342,0.5641895835477563,,C:\Users\sophi\napari-organoid-segmentation\reports\segmentations\organoid_measurements_aspirina_1_v2_segmentations\Condição 1 - 2_labels.tif
Condição 1 - 2.jpg,ConvPaint,243,646.4285714285714,1553.7142857142858,7.0,7.207106781186548,0.4913165271282196,1.4927053303604616,1.6935030795523165,C:\Users\sophi\napari-organoid-segmentation\reports\segmentations\organoid_measurements_aspirina_1_v2_segmentations\Condição 1 - 2_labels.tif
Condição 1 - 2.jpg,ConvPaint,244,648.5,1525.0,2.0,0.0,0.5098039507865906,0.7978845608028654,,C:\Users\sophi\napari-organoid-segmentation\reports\segmentations\organoid_measurements_aspirina_1_v2_segmentations\Condição 1 - 2_labels.tif
Condição 1 - 2.jpg,ConvPaint,245,648.0,1534.5,2.0,0.0,0.4725490212440491,0.7978845608028654,,C:\Users\sophi\napari-organoid-segmentation\reports\segmentations\organoid_measurements_aspirina_1_v2_segmentations\Condição 1 - 2_labels.tif
Condição 1 - 2.jpg,ConvPaint,246,648.0,1544.0,1.0,0.0,0.5254902243614197,0.5641895835477563,,C:\Users\sophi\napari-organoid-segmentation\reports\segmentations\organoid_measurements_aspirina_1_v2_segmentations\Condição 1 - 2_labels.tif
Condição 1 - 2.jpg,ConvPaint,247,648.3333333333334,1550.6666666666667,3.0,3.414213562373095,0.4771241843700409,0.9772050238058398,3.2340725067158833,C:\Users\sophi\napari-organoid-segmentation\reports\segmentations\organoid_measurements_aspirina_1_v2_segmentations\Condição 1 - 2_labels.tif
Condição 1 - 2.jpg,ConvPaint,248,649.0,1527.0,1.0,0.0,0.501960813999176,0.5641895835477563,,C:\Users\sophi\napari-organoid-segmentation\reports\segmentations\organoid_measurements_aspirina_1_v2_segmentations\Condição 1 - 2_labels.tif
Condição 1 - 2.jpg,ConvPaint,249,649.0,1541.0,1.0,0.0,0.43921568989753723,0.5641895835477563,,C:\Users\sophi\napari-organoid-segmentation\reports\segmentations\organoid_measurements_aspirina_1_v2_segmentations\Condição 1 - 2_labels.tif
Condição 1 - 2.jpg,ConvPaint,250,650.0,1532.0,1.0,0.0,0.4941176474094391,0.5641895835477563,,C:\Users\sophi\napari-organoid-segmentation\reports\segmentations\organoid_measurements_aspirina_1_v2_segmentations\Condição 1 - 2_labels.tif
Condição 1 - 2.jpg,ConvPaint,251,652.1666666666666,758.3333333333334,6.0,6.414213562373095,0.40261438488960266,1.381976597885342,1.8326278532479736,C:\Users\sophi\napari-organoid-segmentation\reports\segmentations\organoid_measurements_aspirina_1_v2_segmentations\Condição 1 - 2_labels.tif
Condição 1 - 2.jpg,ConvPaint,252,655.0,338.0,1.0,0.0,0.45098039507865906,0.5641895835477563,,C:\Users\sophi\napari-organoid-segmentation\reports\segmentations\organoid_measurements_aspirina_1_v2_segmentations\Condição 1 - 2_labels.tif
Condição 1 - 2.jpg,ConvPaint,253,658.32,764.48,25.0,21.27817459305202,0.45411762595176697,2.8209479177387813,0.6938748341808917,C:\Users\sophi\napari-organoid-segmentation\reports\segmentations\organoid_measurements_aspirina_1_v2_segmentations\Condição 1 - 2_labels.tif
Condição 1 - 2.jpg,ConvPaint,254,656.5,332.0,2.0,0.0,0.3607843220233917,0.7978845608028654,,C:\Users\sophi\napari-organoid-segmentation\reports\segmentations\organoid_measurements_aspirina_1_v2_segmentations\Condição 1 - 2_labels.tif
Condição 1 - 2.jpg,ConvPaint,255,657.0,760.0,1.0,0.0,0.45098039507865906,0.5641895835477563,,C:\Users\sophi\napari-organoid-segmentation\reports\segmentations\organoid_measurements_aspirina_1_v2_segmentations\Condição 1 - 2_labels.tif
Condição 1 - 2.jpg,ConvPaint,256,658.5,612.5,4.0,4.0,0.46568626165390015,1.1283791670955126,3.141592653589793,C:\Users\sophi\napari-organoid-segmentation\reports\segmentations\organoid_measurements_aspirina_1_v2_segmentations\Condição 1 - 2_labels.tif
Condição 1 - 2.jpg,ConvPaint,257,658.0,1572.0,1.0,0.0,0.4470588266849518,0.5641895835477563,,C:\Users\sophi\napari-organoid-segmentation\reports\segmentations\organoid_measurements_aspirina_1_v2_segmentations\Condição 1 - 2_labels.tif
Condição 1 - 2.jpg,ConvPaint,258,660.5,339.0,2.0,0.0,0.4117647111415863,0.7978845608028654,,C:\Users\sophi\napari-organoid-segmentation\reports\segmentations\organoid_measurements_aspirina_1_v2_segmentations\Condição 1 - 2_labels.tif
Condição 1 - 2.jpg,ConvPaint,259,660.0,771.0,1.0,0.0,0.6274510025978088,0.5641895835477563,,C:\Users\sophi\napari-organoid-segmentation\reports\segmentations\organoid_measurements_aspirina_1_v2_segmentations\Condição 1 - 2_labels.tif
Condição 1 - 2.jpg,ConvPaint,260,662.0,609.0,1.0,0.0,0.4431372582912445,0.5641895835477563,,C:\Users\sophi\napari-organoid-segmentation\reports\segmentations\organoid_measurements_aspirina_1_v2_segmentations\Condição 1 - 2_labels.tif
Condição 1 - 2.jpg,ConvPaint,261,665.3103448275862,766.4827586206897,29.0,21.692388155425117,0.41974303126335144,3.0382538898732494,0.7744495433994735,C:\Users\sophi\napari-organoid-segmentation\reports\segmentations\organoid_measurements_aspirina_1_v2_segmentations\Condição 1 - 2_labels.tif
Condição 1 - 2.jpg,ConvPaint,262,665.0,1594.0,1.0,0.0,0.5843137502670288,0.5641895835477563,,C:\Users\sophi\napari-organoid-segmentation\reports\segmentations\organoid_measurements_aspirina_1_v2_segmentations\Condição 1 - 2_labels.tif
Condição 1 - 2.jpg,ConvPaint,263,667.5,1579.0,2.0,0.0,0.3803921639919281,0.7978845608028654,,C:\Users\sophi\napari-organoid-segmentation\reports\segmentations\organoid_measurements_aspirina_1_v2_segmentations\Condição 1 - 2_labels.tif
Condição 1 - 2.jpg,ConvPaint,264,668.0,349.0,1.0,0.0,0.501960813999176,0.5641895835477563,,C:\Users\sophi\napari-organoid-segmentation\reports\segmentations\organoid_measurements_aspirina_1_v2_segmentations\Condição 1 - 2_labels.tif
Condição 1 - 2.jpg,ConvPaint,265,669.25,755.25,4.0,3.2071067811865475,0.3686274588108063,1.1283791670955126,4.887007608661263,C:\Users\sophi\napari-organoid-segmentation\reports\segmentations\organoid_measurements_aspirina_1_v2_segmentations\Condição 1 - 2_labels.tif
Condição 1 - 2.jpg,ConvPaint,266,668.0,1484.0,1.0,0.0,0.5098039507865906,0.5641895835477563,,C:\Users\sophi\napari-organoid-segmentation\reports\segmentations\organoid_measurements_aspirina_1_v2_segmentations\Condição 1 - 2_labels.tif
Condição 1 - 2.jpg,ConvPaint,267,674.7741935483871,764.3548387096774,31.0,28.863961030678926,0.4117646813392639,3.141274657157109,0.4675840613225283,C:\Users\sophi\napari-organoid-segmentation\reports\segmentations\organoid_measurements_aspirina_1_v2_segmentations\Condição 1 - 2_labels.tif
Condição 1 - 2.jpg,ConvPaint,268,673.0,1045.0,1.0,0.0,0.33725491166114807,0.5641895835477563,,C:\Users\sophi\napari-organoid-segmentation\reports\segmentations\organoid_measurements_aspirina_1_v2_segmentations\Condição 1 - 2_labels.tif
Condição 1 - 2.jpg,ConvPaint,269,674.0,750.0,1.0,0.0,0.3333333432674408,0.5641895835477563,,C:\Users\sophi\napari-organoid-segmentation\reports\segmentations\organoid_measurements_aspirina_1_v2_segmentations\Condição 1 - 2_labels.tif
Condição 1 - 2.jpg,ConvPaint,270,676.0,600.0,1.0,0.0,0.6941176652908325,0.5641895835477563,,C:\Users\sophi\napari-organoid-segmentation\reports\segmentations\organoid_measurements_aspirina_1_v2_segmentations\Condição 1 - 2_labels.tif
Condição 1 - 2.jpg,ConvPaint,271,678.0,767.0,1.0,0.0,0.47843137383461,0.5641895835477563,,C:\Users\sophi\napari-organoid-segmentation\reports\segmentations\organoid_measurements_aspirina_1_v2_segmentations\Condição 1 - 2_labels.tif
Condição 1 - 2.jpg,ConvPaint,272,681.0,180.0,5.0,3.0,0.3576470911502838,1.2615662610100802,6.981317007977318,C:\Users\sophi\napari-organoid-segmentation\reports\segmentations\organoid_measurements_aspirina_1_v2_segmentations\Condição 1 - 2_labels.tif
Condição 1 - 2.jpg,ConvPaint,273,679.0,1037.0,1.0,0.0,0.3803921639919281,0.5641895835477563,,C:\Users\sophi\napari-organoid-segmentation\reports\segmentations\organoid_measurements_aspirina_1_v2_segmentations\Condição 1 - 2_labels.tif
Condição 1 - 2.jpg,ConvPaint,274,680.3333333333334,1588.3333333333333,3.0,3.414213562373095,0.4143790900707245,0.9772050238058398,3.2340725067158833,C:\Users\sophi\napari-organoid-segmentation\reports\segmentations\organoid_measurements_aspirina_1_v2_segmentations\Condição 1 - 2_labels.tif
Condição 1 - 2.jpg,ConvPaint,275,686.2222222222222,350.05555555555554,36.0,24.863961030678926,0.4306100606918335,3.385137501286538,0.7317651657237786,C:\Users\sophi\napari-organoid-segmentation\reports\segmentations\organoid_measurements_aspirina_1_v2_segmentations\Condição 1 - 2_labels.tif
Condição 1 - 2.jpg,ConvPaint,276,682.5,753.0,2.0,0.0,0.40784314274787903,0.7978845608028654,,C:\Users\sophi\napari-organoid-segmentation\reports\segmentations\organoid_measurements_aspirina_1_v2_segmentations\Condição 1 - 2_labels.tif
Condição 1 - 2.jpg,ConvPaint,277,685.25,762.25,12.0,10.207106781186548,0.3754901885986328,1.9544100476116797,1.4473907532358592,C:\Users\sophi\napari-organoid-segmentation\reports\segmentations\organoid_measurements_aspirina_1_v2_segmentations\Condição 1 - 2_labels.tif
Condição 1 - 2.jpg,ConvPaint,278,685.5,180.0,2.0,0.0,0.3588235378265381,0.7978845608028654,,C:\Users\sophi\napari-organoid-segmentation\reports\segmentations\organoid_measurements_aspirina_1_v2_segmentations\Condição 1 - 2_labels.tif
Condição 1 - 2.jpg,ConvPaint,279,686.0,1464.0,1.0,0.0,0.6980392336845398,0.5641895835477563,,C:\Users\sophi\napari-organoid-segmentation\reports\segmentations\organoid_measurements_aspirina_1_v2_segmentations\Condição 1 - 2_labels.tif
Condição 1 - 2.jpg,ConvPaint,280,688.0,751.0,1.0,0.0,0.3960784375667572,0.5641895835477563,,C:\Users\sophi\napari-organoid-segmentation\reports\segmentations\organoid_measurements_aspirina_1_v2_segmentations\Condição 1 - 2_labels.tif
Condição 1 - 2.jpg,ConvPaint,281,689.0,1028.0,1.0,0.0,0.5803921818733215,0.5641895835477563,,C:\Users\sophi\napari-organoid-segmentation\reports\segmentations\organoid_measurements_aspirina_1_v2_segmentations\Condição 1 - 2_labels.tif
Condição 1 - 2.jpg,ConvPaint,282,690.5,341.0,2.0,0.0,0.4019607901573181,0.7978845608028654,,C:\Users\sophi\napari-organoid-segmentation\reports\segmentations\organoid_measurements_aspirina_1_v2_segmentations\Condição 1 - 2_labels.tif
Condição 1 - 2.jpg,ConvPaint,283,690.0,761.0,1.0,0.0,0.41960784792900085,0.5641895835477563,,C:\Users\sophi\napari-organoid-segmentation\reports\segmentations\organoid_measurements_aspirina_1_v2_segmentations\Condição 1 - 2_labels.tif
Condição 1 - 2.jpg,ConvPaint,284,690.0,1039.0,1.0,0.0,0.32156863808631897,0.5641895835477563,,C:\Users\sophi\napari-organoid-segmentation\reports\segmentations\organoid_measurements_aspirina_1_v2_segmentations\Condição 1 - 2_labels.tif
Condição 1 - 2.jpg,ConvPaint,285,691.5555555555555,1200.7777777777778,9.0,6.621320343559642,0.4274509847164154,1.692568750643269,2.5796641830326625,C:\Users\sophi\napari-organoid-segmentation\reports\segmentations\organoid_measurements_aspirina_1_v2_segmentations\Condição 1 - 2_labels.tif
Condição 1 - 2.jpg,ConvPaint,286,691.0,343.0,1.0,0.0,0.47058823704719543,0.5641895835477563,,C:\Users\sophi\napari-organoid-segmentation\reports\segmentations\organoid_measurements_aspirina_1_v2_segmentations\Condição 1 - 2_labels.tif
Condição 1 - 2.jpg,ConvPaint,287,691.0,751.0,1.0,0.0,0.37254902720451355,0.5641895835477563,,C:\Users\sophi\napari-organoid-segmentation\reports\segmentations\organoid_measurements_aspirina_1_v2_segmentations\Condição 1 - 2_labels.tif
Condição 1 - 2.jpg,ConvPaint,288,693.0,756.25,4.0,4.621320343559642,0.37156862020492554,1.1283791670955126,2.3536273758173025,C:\Users\sophi\napari-organoid-segmentation\reports\segmentations\organoid_measurements_aspirina_1_v2_segmentations\Condição 1 - 2_labels.tif
Condição 1 - 2.jpg,ConvPaint,289,692.6666666666666,1913.3333333333333,3.0,3.414213562373095,0.5673202872276306,0.9772050238058398,3.2340725067158833,C:\Users\sophi\napari-organoid-segmentation\reports\segmentations\organoid_measurements_aspirina_1_v2_segmentations\Condição 1 - 2_labels.tif
Condição 1 - 2.jpg,ConvPaint,290,766.8701230688662,1889.5103430217334,7638.0,888.1858582251266,0.2560587227344513,49.307716542867745,0.12166952428915763,C:\Users\sophi\napari-organoid-segmentation\reports\segmentations\organoid_measurements_aspirina_1_v2_segmentations\Condição 1 - 2_labels.tif
Condição 1 - 2.jpg,ConvPaint,291,695.5,1215.0,4.0,2.0,0.5470588207244873,1.1283791670955126,12.566370614359172,C:\Users\sophi\napari-organoid-segmentation\reports\segmentations\organoid_measurements_aspirina_1_v2_segmentations\Condição 1 - 2_labels.tif
Condição 1 - 2.jpg,ConvPaint,292,695.0,339.0,1.0,0.0,0.43529412150382996,0.5641895835477563,,C:\Users\sophi\napari-organoid-segmentation\reports\segmentations\organoid_measurements_aspirina_1_v2_segmentations\Condição 1 - 2_labels.tif
Condição 1 - 2.jpg,ConvPaint,293,695.0,1204.0,1.0,0.0,0.4901960790157318,0.5641895835477563,,C:\Users\sophi\napari-organoid-segmentation\reports\segmentations\organoid_measurements_aspirina_1_v2_segmentations\Condição 1 - 2_labels.tif
Condição 1 - 2.jpg,ConvPaint,294,697.7777777777778,758.5555555555555,9.0,9.207106781186548,0.40566450357437134,1.692568750643269,1.3341541561850128,C:\Users\sophi\napari-organoid-segmentation\reports\segmentations\organoid_measurements_aspirina_1_v2_segmentations\Condição 1 - 2_labels.tif
Condição 1 - 2.jpg,ConvPaint,295,697.0,1909.5,2.0,0.0,0.5372549295425415,0.7978845608028654,,C:\Users\sophi\napari-organoid-segmentation\reports\segmentations\organoid_measurements_aspirina_1_v2_segmentations\Condição 1 - 2_labels.tif
Condição 1 - 2.jpg,ConvPaint,296,699.0,350.0,3.0,1.0,0.49673202633857727,0.9772050238058398,37.69911184307752,C:\Users\sophi\napari-organoid-segmentation\reports\segmentations\organoid_measurements_aspirina_1_v2_segmentations\Condição 1 - 2_labels.tif
Condição 1 - 2.jpg,ConvPaint,297,700.0,182.0,1.0,0.0,0.5215686559677124,0.5641895835477563,,C:\Users\sophi\napari-organoid-segmentation\reports\segmentations\organoid_measurements_aspirina_1_v2_segmentations\Condição 1 - 2_labels.tif
Condição 1 - 2.jpg,ConvPaint,298,704.4,346.73333333333335,15.0,13.828427124746192,0.44549018144607544,2.1850968611841584,0.9857245032537323,C:\Users\sophi\napari-organoid-segmentation\reports\segmentations\organoid_measurements_aspirina_1_v2_segmentations\Condição 1 - 2_labels.tif
Condição 1 - 2.jpg,ConvPaint,299,701.2,752.2,5.0,4.207106781186548,0.3952941298484802,1.2615662610100802,3.5498728546441756,C:\Users\sophi\napari-organoid-segmentation\reports\segmentations\organoid_measurements_aspirina_1_v2_segmentations\Condição 1 - 2_labels.tif
Condição 1 - 2.jpg,ConvPaint,300,702.5,739.0,2.0,0.0,0.31960785388946533,0.7978845608028654,,C:\Users\sophi\napari-organoid-segmentation\reports\segmentations\organoid_measurements_aspirina_1_v2_segmentations\Condição 1 - 2_labels.tif
Condição 1 - 2.jpg,ConvPaint,301,705.1176470588235,748.5882352941177,17.0,12.621320343559642,0.3799307942390442,2.326213245840639,1.3410630784211335,C:\Users\sophi\napari-organoid-segmentation\reports\segmentations\organoid_measurements_aspirina_1_v2_segmentations\Condição 1 - 2_labels.tif
Condição 1 - 2.jpg,ConvPaint,302,704.625,754.375,8.0,7.0,0.42892158031463623,1.5957691216057308,2.0516523452014974,C:\Users\sophi\napari-organoid-segmentation\reports\segmentations\organoid_measurements_aspirina_1_v2_segmentations\Condição 1 - 2_labels.tif
Condição 1 - 2.jpg,ConvPaint,303,703.0,1458.0,1.0,0.0,0.5686274766921997,0.5641895835477563,,C:\Users\sophi\napari-organoid-segmentation\reports\segmentations\organoid_measurements_aspirina_1_v2_segmentations\Condição 1 - 2_labels.tif
Condição 1 - 2.jpg,ConvPaint,304,704.0,352.0,1.0,0.0,0.46666666865348816,0.5641895835477563,,C:\Users\sophi\napari-organoid-segmentation\reports\segmentations\organoid_measurements_aspirina_1_v2_segmentations\Condição 1 - 2_labels.tif
Condição 1 - 2.jpg,ConvPaint,305,704.0,1456.0,1.0,0.0,0.6509804129600525,0.5641895835477563,,C:\Users\sophi\napari-organoid-segmentation\reports\segmentations\organoid_measurements_aspirina_1_v2_segmentations\Condição 1 - 2_labels.tif
Condição 1 - 2.jpg,ConvPaint,306,706.0,330.0,1.0,0.0,0.4274509847164154,0.5641895835477563,,C:\Users\sophi\napari-organoid-segmentation\reports\segmentations\organoid_measurements_aspirina_1_v2_segmentations\Condição 1 - 2_labels.tif
Condição 1 - 2.jpg,ConvPaint,307,706.5,1025.0,2.0,0.0,0.6294118165969849,0.7978845608028654,,C:\Users\sophi\napari-organoid-segmentation\reports\segmentations\organoid_measurements_aspirina_1_v2_segmentations\Condição 1 - 2_labels.tif
Condição 1 - 2.jpg,ConvPaint,308,707.0,621.0,1.0,0.0,0.3764705955982208,0.5641895835477563,,C:\Users\sophi\napari-organoid-segmentation\reports\segmentations\organoid_measurements_aspirina_1_v2_segmentations\Condição 1 - 2_labels.tif
Condição 1 - 2.jpg,ConvPaint,309,712.2,326.26666666666665,15.0,13.071067811865476,0.43215686082839966,2.1850968611841584,1.10326283241436,C:\Users\sophi\napari-organoid-segmentation\reports\segmentations\organoid_measurements_aspirina_1_v2_segmentations\Condição 1 - 2_labels.tif
Condição 1 - 2.jpg,ConvPaint,310,708.5,331.0,2.0,0.0,0.4529411792755127,0.7978845608028654,,C:\Users\sophi\napari-organoid-segmentation\reports\segmentations\organoid_measurements_aspirina_1_v2_segmentations\Condição 1 - 2_labels.tif
Condição 1 - 2.jpg,ConvPaint,311,708.5,600.0,2.0,0.0,0.7960784435272217,0.7978845608028654,,C:\Users\sophi\napari-organoid-segmentation\reports\segmentations\organoid_measurements_aspirina_1_v2_segmentations\Condição 1 - 2_labels.tif
Condição 1 - 2.jpg,ConvPaint,312,715.5348837209302,741.3720930232558,43.0,33.9350288425444,0.3908800482749939,3.6996385101659595,0.46922579013894017,C:\Users\sophi\napari-organoid-segmentation\reports\segmentations\organoid_measurements_aspirina_1_v2_segmentations\Condição 1 - 2_labels.tif
Condição 1 - 2.jpg,ConvPaint,313,712.75,747.5,8.0,6.207106781186548,0.3921568691730499,1.5957691216057308,2.609284399707912,C:\Users\sophi\napari-organoid-segmentation\reports\segmentations\organoid_measurements_aspirina_1_v2_segmentations\Condição 1 - 2_labels.tif
Condição 1 - 2.jpg,ConvPaint,314,710.5,751.0,2.0,0.0,0.38235294818878174,0.7978845608028654,,C:\Users\sophi\napari-organoid-segmentation\reports\segmentations\organoid_measurements_aspirina_1_v2_segmentations\Condição 1 - 2_labels.tif
Condição 1 - 2.jpg,ConvPaint,315,710.0,1885.0,3.0,1.0,0.5241830348968506,0.9772050238058398,37.69911184307752,C:\Users\sophi\napari-organoid-segmentation\reports\segmentations\organoid_measurements_aspirina_1_v2_segmentations\Condição 1 - 2_labels.tif
Condição 1 - 2.jpg,ConvPaint,316,711.0,180.0,1.0,0.0,0.5607843399047852,0.5641895835477563,,C:\Users\sophi\napari-organoid-segmentation\reports\segmentations\organoid_measurements_aspirina_1_v2_segmentations\Condição 1 - 2_labels.tif
Condição 1 - 2.jpg,ConvPaint,317,711.3333333333334,1200.3333333333333,3.0,3.414213562373095,0.33856210112571716,0.9772050238058398,3.2340725067158833,C:\Users\sophi\napari-organoid-segmentation\reports\segmentations\organoid_measurements_aspirina_1_v2_segmentations\Condição 1 - 2_labels.tif
Condição 1 - 2.jpg,ConvPaint,318,712.0,337.0,3.0,1.0,0.48496732115745544,0.9772050238058398,37.69911184307752,C:\Users\sophi\napari-organoid-segmentation\reports\segmentations\organoid_measurements_aspirina_1_v2_segmentations\Condição 1 - 2_labels.tif
Condição 1 - 2.jpg,ConvPaint,319,713.1666666666666,341.1666666666667,6.0,5.414213562373095,0.45947709679603577,1.381976597885342,2.5721148072672673,C:\Users\sophi\napari-organoid-segmentation\reports\segmentations\organoid_measurements_aspirina_1_v2_segmentations\Condição 1 - 2_labels.tif
Condição 1 - 2.jpg,ConvPaint,320,712.0,601.0,1.0,0.0,0.7450980544090271,0.5641895835477563,,C:\Users\sophi\napari-organoid-segmentation\reports\segmentations\organoid_measurements_aspirina_1_v2_segmentations\Condição 1 - 2_labels.tif
Condição 1 - 2.jpg,ConvPaint,321,713.0,202.5,2.0,0.0,0.35098040103912354,0.7978845608028654,,C:\Users\sophi\napari-organoid-segmentation\reports\segmentations\organoid_measurements_aspirina_1_v2_segmentations\Condição 1 - 2_labels.tif
Condição 1 - 2.jpg,ConvPaint,322,713.0,752.0,1.0,0.0,0.501960813999176,0.5641895835477563,,C:\Users\sophi\napari-organoid-segmentation\reports\segmentations\organoid_measurements_aspirina_1_v2_segmentations\Condição 1 - 2_labels.tif
Condição 1 - 2.jpg,ConvPaint,323,713.0,1038.0,1.0,0.0,0.3450980484485626,0.5641895835477563,,C:\Users\sophi\napari-organoid-segmentation\reports\segmentations\organoid_measurements_aspirina_1_v2_segmentations\Condição 1 - 2_labels.tif
Condição 1 - 2.jpg,ConvPaint,324,714.0,750.0,1.0,0.0,0.41960784792900085,0.5641895835477563,,C:\Users\sophi\napari-organoid-segmentation\reports\segmentations\organoid_measurements_aspirina_1_v2_segmentations\Condição 1 - 2_labels.tif
Condição 1 - 2.jpg,ConvPaint,325,720.8787878787879,1612.5151515151515,66.0,38.7634559672906,0.42311346530914307,4.583497844237541,0.5519615430137315,C:\Users\sophi\napari-organoid-segmentation\reports\segmentations\organoid_measurements_aspirina_1_v2_segmentations\Condição 1 - 2_labels.tif
Condição 1 - 2.jpg,ConvPaint,326,715.0,743.0,1.0,0.0,0.38823530077934265,0.5641895835477563,,C:\Users\sophi\napari-organoid-segmentation\reports\segmentations\organoid_measurements_aspirina_1_v2_segmentations\Condição 1 - 2_labels.tif
Condição 1 - 2.jpg,ConvPaint,327,716.5,615.0,2.0,0.0,0.41960784792900085,0.7978845608028654,,C:\Users\sophi\napari-organoid-segmentation\reports\segmentations\organoid_measurements_aspirina_1_v2_segmentations\Condição 1 - 2_labels.tif
Condição 1 - 2.jpg,ConvPaint,328,716.0,1029.0,1.0,0.0,0.6509804129600525,0.5641895835477563,,C:\Users\sophi\napari-organoid-segmentation\reports\segmentations\organoid_measurements_aspirina_1_v2_segmentations\Condição 1 - 2_labels.tif
Condição 1 - 2.jpg,ConvPaint,329,717.0,322.0,1.0,0.0,0.3803921639919281,0.5641895835477563,,C:\Users\sophi\napari-organoid-segmentation\reports\segmentations\organoid_measurements_aspirina_1_v2_segmentations\Condição 1 - 2_labels.tif
Condição 1 - 2.jpg,ConvPaint,330,717.0,618.0,1.0,0.0,0.40784314274787903,0.5641895835477563,,C:\Users\sophi\napari-organoid-segmentation\reports\segmentations\organoid_measurements_aspirina_1_v2_segmentations\Condição 1 - 2_labels.tif
Condição 1 - 2.jpg,ConvPaint,331,718.0,743.0,1.0,0.0,0.37254902720451355,0.5641895835477563,,C:\Users\sophi\napari-organoid-segmentation\reports\segmentations\organoid_measurements_aspirina_1_v2_segmentations\Condição 1 - 2_labels.tif
Condição 1 - 2.jpg,ConvPaint,332,718.5,746.5,4.0,4.0,0.4627451002597809,1.1283791670955126,3.141592653589793,C:\Users\sophi\napari-organoid-segmentation\reports\segmentations\organoid_measurements_aspirina_1_v2_segmentations\Condição 1 - 2_labels.tif
Condição 1 - 2.jpg,ConvPaint,333,720.0,321.0,1.0,0.0,0.43529412150382996,0.5641895835477563,,C:\Users\sophi\napari-organoid-segmentation\reports\segmentations\organoid_measurements_aspirina_1_v2_segmentations\Condição 1 - 2_labels.tif
Condição 1 - 2.jpg,ConvPaint,334,720.5,1617.0,2.0,0.0,0.40980392694473267,0.7978845608028654,,C:\Users\sophi\napari-organoid-segmentation\reports\segmentations\organoid_measurements_aspirina_1_v2_segmentations\Condição 1 - 2_labels.tif
Condição 1 - 2.jpg,ConvPaint,335,721.0,730.0,1.0,0.0,0.37254902720451355,0.5641895835477563,,C:\Users\sophi\napari-organoid-segmentation\reports\segmentations\organoid_measurements_aspirina_1_v2_segmentations\Condição 1 - 2_labels.tif
Condição 1 - 2.jpg,ConvPaint,336,724.5,306.85714285714283,14.0,9.449747468305832,0.35630249977111816,2.111004122822376,1.9701418399813868,C:\Users\sophi\napari-organoid-segmentation\reports\segmentations\organoid_measurements_aspirina_1_v2_segmentations\Condição 1 - 2_labels.tif
Condição 1 - 2.jpg,ConvPaint,337,724.5,622.5,2.0,0.0,0.4274509847164154,0.7978845608028654,,C:\Users\sophi\napari-organoid-segmentation\reports\segmentations\organoid_measurements_aspirina_1_v2_segmentations\Condição 1 - 2_labels.tif
Condição 1 - 2.jpg,ConvPaint,338,728.725,723.925,40.0,30.86396103067893,0.4175490438938141,3.5682482323055424,0.5276750153456847,C:\Users\sophi\napari-organoid-segmentation\reports\segmentations\organoid_measurements_aspirina_1_v2_segmentations\Condição 1 - 2_labels.tif
Condição 1 - 2.jpg,ConvPaint,339,727.25,733.28125,32.0,22.44974746830583,0.4115195870399475,3.1915382432114616,0.7978787932508187,C:\Users\sophi\napari-organoid-segmentation\reports\segmentations\organoid_measurements_aspirina_1_v2_segmentations\Condição 1 - 2_labels.tif
Condição 1 - 2.jpg,ConvPaint,340,726.5,204.0,2.0,0.0,0.4862745404243469,0.7978845608028654,,C:\Users\sophi\napari-organoid-segmentation\reports\segmentations\organoid_measurements_aspirina_1_v2_segmentations\Condição 1 - 2_labels.tif
Condição 1 - 2.jpg,ConvPaint,341,726.0,1601.0,1.0,0.0,0.3529411852359772,0.5641895835477563,,C:\Users\sophi\napari-organoid-segmentation\reports\segmentations\organoid_measurements_aspirina_1_v2_segmentations\Condição 1 - 2_labels.tif
Condição 1 - 2.jpg,ConvPaint,342,726.0,1604.0,1.0,0.0,0.38823530077934265,0.5641895835477563,,C:\Users\sophi\napari-organoid-segmentation\reports\segmentations\organoid_measurements_aspirina_1_v2_segmentations\Condição 1 - 2_labels.tif
Condição 1 - 2.jpg,ConvPaint,343,727.0,737.0,1.0,0.0,0.3960784375667572,0.5641895835477563,,C:\Users\sophi\napari-organoid-segmentation\reports\segmentations\organoid_measurements_aspirina_1_v2_segmentations\Condição 1 - 2_labels.tif
Condição 1 - 2.jpg,ConvPaint,344,727.0,739.0,1.0,0.0,0.4117647111415863,0.5641895835477563,,C:\Users\sophi\napari-organoid-segmentation\reports\segmentations\organoid_measurements_aspirina_1_v2_segmentations\Condição 1 - 2_labels.tif
Condição 1 - 2.jpg,ConvPaint,345,727.0,1032.0,1.0,0.0,0.686274528503418,0.5641895835477563,,C:\Users\sophi\napari-organoid-segmentation\reports\segmentations\organoid_measurements_aspirina_1_v2_segmentations\Condição 1 - 2_labels.tif
Condição 1 - 2.jpg,ConvPaint,346,727.0,1615.0,1.0,0.0,0.4117647111415863,0.5641895835477563,,C:\Users\sophi\napari-organoid-segmentation\reports\segmentations\organoid_measurements_aspirina_1_v2_segmentations\Condição 1 - 2_labels.tif
Condição 1 - 2.jpg,ConvPaint,347,728.0,628.0,1.0,0.0,0.4274509847164154,0.5641895835477563,,C:\Users\sophi\napari-organoid-segmentation\reports\segmentations\organoid_measurements_aspirina_1_v2_segmentations\Condição 1 - 2_labels.tif
Condição 1 - 2.jpg,ConvPaint,348,728.0,1207.0,1.0,0.0,0.5333333611488342,0.5641895835477563,,C:\Users\sophi\napari-organoid-segmentation\reports\segmentations\organoid_measurements_aspirina_1_v2_segmentations\Condição 1 - 2_labels.tif
Condição 1 - 2.jpg,ConvPaint,349,728.8,1212.4,5.0,5.207106781186548,0.4847058653831482,1.2615662610100802,2.3173247538676778,C:\Users\sophi\napari-organoid-segmentation\reports\segmentations\organoid_measurements_aspirina_1_v2_segmentations\Condição 1 - 2_labels.tif
Condição 1 - 2.jpg,ConvPaint,350,730.3333333333334,303.6666666666667,3.0,3.414213562373095,0.36993464827537537,0.9772050238058398,3.2340725067158833,C:\Users\sophi\napari-organoid-segmentation\reports\segmentations\organoid_measurements_aspirina_1_v2_segmentations\Condição 1 - 2_labels.tif
Condição 1 - 2.jpg,ConvPaint,351,730.5,312.0,2.0,0.0,0.43921568989753723,0.7978845608028654,,C:\Users\sophi\napari-organoid-segmentation\reports\segmentations\organoid_measurements_aspirina_1_v2_segmentations\Condição 1 - 2_labels.tif
Condição 1 - 2.jpg,ConvPaint,352,730.0,1206.0,1.0,0.0,0.5215686559677124,0.5641895835477563,,C:\Users\sophi\napari-organoid-segmentation\reports\segmentations\organoid_measurements_aspirina_1_v2_segmentations\Condição 1 - 2_labels.tif
Condição 1 - 2.jpg,ConvPaint,353,730.5,1594.0,2.0,0.0,0.343137264251709,0.7978845608028654,,C:\Users\sophi\napari-organoid-segmentation\reports\segmentations\organoid_measurements_aspirina_1_v2_segmentations\Condição 1 - 2_labels.tif
Condição 1 - 2.jpg,ConvPaint,354,730.7142857142857,1611.857142857143,7.0,6.207106781186548,0.40392157435417175,1.4927053303604616,2.2831238497444226,C:\Users\sophi\napari-organoid-segmentation\reports\segmentations\organoid_measurements_aspirina_1_v2_segmentations\Condição 1 - 2_labels.tif
Condição 1 - 2.jpg,ConvPaint,355,733.8095238095239,1849.095238095238,21.0,19.48528137423857,0.38580766320228577,2.5854414729132054,0.6950495967087725,C:\Users\sophi\napari-organoid-segmentation\reports\segmentations\organoid_measurements_aspirina_1_v2_segmentations\Condição 1 - 2_labels.tif
Condição 1 - 2.jpg,ConvPaint,356,731.0,636.5,2.0,0.0,0.3607843220233917,0.7978845608028654,,C:\Users\sophi\napari-organoid-segmentation\reports\segmentations\organoid_measurements_aspirina_1_v2_segmentations\Condição 1 - 2_labels.tif
Condição 1 - 2.jpg,ConvPaint,357,732.0,318.0,1.0,0.0,0.4313725531101227,0.5641895835477563,,C:\Users\sophi\napari-organoid-segmentation\reports\segmentations\organoid_measurements_aspirina_1_v2_segmentations\Condição 1 - 2_labels.tif
Condição 1 - 2.jpg,ConvPaint,358,732.0,320.0,1.0,0.0,0.4745098054409027,0.5641895835477563,,C:\Users\sophi\napari-organoid-segmentation\reports\segmentations\organoid_measurements_aspirina_1_v2_segmentations\Condição 1 - 2_labels.tif
Condição 1 - 2.jpg,ConvPaint,359,732.3333333333334,1856.3333333333333,3.0,3.414213562373095,0.34379085898399353,0.9772050238058398,3.2340725067158833,C:\Users\sophi\napari-organoid-segmentation\reports\segmentations\organoid_measurements_aspirina_1_v2_segmentations\Condição 1 - 2_labels.tif
Condição 1 - 2.jpg,ConvPaint,360,733.0,718.0,1.0,0.0,0.4000000059604645,0.5641895835477563,,C:\Users\sophi\napari-organoid-segmentation\reports\segmentations\organoid_measurements_aspirina_1_v2_segmentations\Condição 1 - 2_labels.tif
Condição 1 - 2.jpg,ConvPaint,361,733.0,730.0,1.0,0.0,0.3960784375667572,0.5641895835477563,,C:\Users\sophi\napari-organoid-segmentation\reports\segmentations\organoid_measurements_aspirina_1_v2_segmentations\Condição 1 - 2_labels.tif
Condição 1 - 2.jpg,ConvPaint,362,733.0,1595.0,1.0,0.0,0.34117648005485535,0.5641895835477563,,C:\Users\sophi\napari-organoid-segmentation\reports\segmentations\organoid_measurements_aspirina_1_v2_segmentations\Condição 1 - 2_labels.tif
Condição 1 - 2.jpg,ConvPaint,363,736.7741935483871,303.16129032258067,62.0,44.14213562373095,0.42555344104766846,4.442433223290478,0.3998479483700626,C:\Users\sophi\napari-organoid-segmentation\reports\segmentations\organoid_measurements_aspirina_1_v2_segmentations\Condição 1 - 2_labels.tif
Condição 1 - 2.jpg,ConvPaint,364,736.9615384615385,710.8076923076923,26.0,20.414213562373096,0.40723979473114014,2.876813695875796,0.7840033246694238,C:\Users\sophi\napari-organoid-segmentation\reports\segmentations\organoid_measurements_aspirina_1_v2_segmentations\Condição 1 - 2_labels.tif
Condição 1 - 2.jpg,ConvPaint,365,734.0,716.0,1.0,0.0,0.35686275362968445,0.5641895835477563,,C:\Users\sophi\napari-organoid-segmentation\reports\segmentations\organoid_measurements_aspirina_1_v2_segmentations\Condição 1 - 2_labels.tif
Condição 1 - 2.jpg,ConvPaint,366,735.0,293.0,1.0,0.0,0.3490196168422699,0.5641895835477563,,C:\Users\sophi\napari-organoid-segmentation\reports\segmentations\organoid_measurements_aspirina_1_v2_segmentations\Condição 1 - 2_labels.tif
Condição 1 - 2.jpg,ConvPaint,367,735.0,728.5,2.0,0.0,0.46078431606292725,0.7978845608028654,,C:\Users\sophi\napari-organoid-segmentation\reports\segmentations\organoid_measurements_aspirina_1_v2_segmentations\Condição 1 - 2_labels.tif
Condição 1 - 2.jpg,ConvPaint,368,736.0,611.0,1.0,0.0,0.6941176652908325,0.5641895835477563,,C:\Users\sophi\napari-organoid-segmentation\reports\segmentations\organoid_measurements_aspirina_1_v2_segmentations\Condição 1 - 2_labels.tif
Condição 1 - 2.jpg,ConvPaint,369,736.5,1851.5,2.0,0.0,0.3176470696926117,0.7978845608028654,,C:\Users\sophi\napari-organoid-segmentation\reports\segmentations\organoid_measurements_aspirina_1_v2_segmentations\Condição 1 - 2_labels.tif
Condição 1 - 2.jpg,ConvPaint,370,738.3333333333334,661.6666666666666,3.0,3.414213562373095,0.32549020648002625,0.9772050238058398,3.2340725067158833,C:\Users\sophi\napari-organoid-segmentation\reports\segmentations\organoid_measurements_aspirina_1_v2_segmentations\Condição 1 - 2_labels.tif
Condição 1 - 2.jpg,ConvPaint,371,738.0,1849.0,1.0,0.0,0.3176470696926117,0.5641895835477563,,C:\Users\sophi\napari-organoid-segmentation\reports\segmentations\organoid_measurements_aspirina_1_v2_segmentations\Condição 1 - 2_labels.tif
Condição 1 - 2.jpg,ConvPaint,372,739.0,282.5,2.0,0.0,0.31960785388946533,0.7978845608028654,,C:\Users\sophi\napari-organoid-segmentation\reports\segmentations\organoid_measurements_aspirina_1_v2_segmentations\Condição 1 - 2_labels.tif
Condição 1 - 2.jpg,ConvPaint,373,739.0,696.0,1.0,0.0,0.35686275362968445,0.5641895835477563,,C:\Users\sophi\napari-organoid-segmentation\reports\segmentations\organoid_measurements_aspirina_1_v2_segmentations\Condição 1 - 2_labels.tif
Condição 1 - 2.jpg,ConvPaint,374,739.0,726.5,2.0,0.0,0.5215686559677124,0.7978845608028654,,C:\Users\sophi\napari-organoid-segmentation\reports\segmentations\organoid_measurements_aspirina_1_v2_segmentations\Condição 1 - 2_labels.tif
Condição 1 - 2.jpg,ConvPaint,375,739.0,1846.0,1.0,0.0,0.32549020648002625,0.5641895835477563,,C:\Users\sophi\napari-organoid-segmentation\reports\segmentations\organoid_measurements_aspirina_1_v2_segmentations\Condição 1 - 2_labels.tif
Condição 1 - 2.jpg,ConvPaint,376,743.7297297297297,290.0,37.0,29.27817459305202,0.4195018708705902,3.431831258788849,0.5424048891814701,C:\Users\sophi\napari-organoid-segmentation\reports\segmentations\organoid_measurements_aspirina_1_v2_segmentations\Condição 1 - 2_labels.tif
Condição 1 - 2.jpg,ConvPaint,377,742.0,704.375,8.0,8.414213562373096,0.42303919792175293,1.5957691216057308,1.4199491418576702,C:\Users\sophi\napari-organoid-segmentation\reports\segmentations\organoid_measurements_aspirina_1_v2_segmentations\Condição 1 - 2_labels.tif
Condição 1 - 2.jpg,ConvPaint,378,740.0,1038.0,1.0,0.0,0.6000000238418579,0.5641895835477563,,C:\Users\sophi\napari-organoid-segmentation\reports\segmentations\organoid_measurements_aspirina_1_v2_segmentations\Condição 1 - 2_labels.tif
Condição 1 - 2.jpg,ConvPaint,379,741.0,287.0,1.0,0.0,0.364705890417099,0.5641895835477563,,C:\Users\sophi\napari-organoid-segmentation\reports\segmentations\organoid_measurements_aspirina_1_v2_segmentations\Condição 1 - 2_labels.tif
Condição 1 - 2.jpg,ConvPaint,380,741.75,675.75,4.0,3.2071067811865475,0.3607843220233917,1.1283791670955126,4.887007608661263,C:\Users\sophi\napari-organoid-segmentation\reports\segmentations\organoid_measurements_aspirina_1_v2_segmentations\Condição 1 - 2_labels.tif
Condição 1 - 2.jpg,ConvPaint,381,742.0,238.0,1.0,0.0,0.3686274588108063,0.5641895835477563,,C:\Users\sophi\napari-organoid-segmentation\reports\segmentations\organoid_measurements_aspirina_1_v2_segmentations\Condição 1 - 2_labels.tif
Condição 1 - 2.jpg,ConvPaint,382,742.0,274.0,1.0,0.0,0.33725491166114807,0.5641895835477563,,C:\Users\sophi\napari-organoid-segmentation\reports\segmentations\organoid_measurements_aspirina_1_v2_segmentations\Condição 1 - 2_labels.tif
Condição 1 - 2.jpg,ConvPaint,383,745.16,635.16,25.0,16.82842712474619,0.39937254786491394,2.8209479177387813,1.109335267076305,C:\Users\sophi\napari-organoid-segmentation\reports\segmentations\organoid_measurements_aspirina_1_v2_segmentations\Condição 1 - 2_labels.tif
Condição 1 - 2.jpg,ConvPaint,384,742.0,680.0,1.0,0.0,0.3490196168422699,0.5641895835477563,,C:\Users\sophi\napari-organoid-segmentation\reports\segmentations\organoid_measurements_aspirina_1_v2_segmentations\Condição 1 - 2_labels.tif
Condição 1 - 2.jpg,ConvPaint,385,742.0,702.0,1.0,0.0,0.40392157435417175,0.5641895835477563,,C:\Users\sophi\napari-organoid-segmentation\reports\segmentations\organoid_measurements_aspirina_1_v2_segmentations\Condição 1 - 2_labels.tif
Condição 1 - 2.jpg,ConvPaint,386,743.0,233.0,1.0,0.0,0.43529412150382996,0.5641895835477563,,C:\Users\sophi\napari-organoid-segmentation\reports\segmentations\organoid_measurements_aspirina_1_v2_segmentations\Condição 1 - 2_labels.tif
Condição 1 - 2.jpg,ConvPaint,387,745.3076923076923,665.0,13.0,10.82842712474619,0.3514328598976135,2.0342144725641096,1.3932288539364366,C:\Users\sophi\napari-organoid-segmentation\reports\segmentations\organoid_measurements_aspirina_1_v2_segmentations\Condição 1 - 2_labels.tif
Condição 1 - 2.jpg,ConvPaint,388,747.6666666666666,685.3333333333334,15.0,11.82842712474619,0.43032678961753845,2.1850968611841584,1.347246692390209,C:\Users\sophi\napari-organoid-segmentation\reports\segmentations\organoid_measurements_aspirina_1_v2_segmentations\Condição 1 - 2_labels.tif
Condição 1 - 2.jpg,ConvPaint,389,744.0,711.0,1.0,0.0,0.41960784792900085,0.5641895835477563,,C:\Users\sophi\napari-organoid-segmentation\reports\segmentations\organoid_measurements_aspirina_1_v2_segmentations\Condição 1 - 2_labels.tif
Condição 1 - 2.jpg,ConvPaint,390,744.0,1050.0,1.0,0.0,0.37254902720451355,0.5641895835477563,,C:\Users\sophi\napari-organoid-segmentation\reports\segmentations\organoid_measurements_aspirina_1_v2_segmentations\Condição 1 - 2_labels.tif
Condição 1 - 2.jpg,ConvPaint,391,751.3676470588235,1186.764705882353,68.0,59.17766952966369,0.39959633350372314,4.652426491681278,0.24400743531900937,C:\Users\sophi\napari-organoid-segmentation\reports\segmentations\organoid_measurements_aspirina_1_v2_segmentations\Condição 1 - 2_labels.tif
Condição 1 - 2.jpg,ConvPaint,392,746.4285714285714,269.57142857142856,7.0,6.621320343559642,0.3943977653980255,1.4927053303604616,2.006405475692071,C:\Users\sophi\napari-organoid-segmentation\reports\segmentations\organoid_measurements_aspirina_1_v2_segmentations\Condição 1 - 2_labels.tif
Condição 1 - 2.jpg,ConvPaint,393,749.2352941176471,658.6764705882352,34.0,22.449747468305834,0.41464823484420776,3.2897623212397704,0.8477462178289946,C:\Users\sophi\napari-organoid-segmentation\reports\segmentations\organoid_measurements_aspirina_1_v2_segmentations\Condição 1 - 2_labels.tif
Condição 1 - 2.jpg,ConvPaint,394,745.0,699.0,1.0,0.0,0.40392157435417175,0.5641895835477563,,C:\Users\sophi\napari-organoid-segmentation\reports\segmentations\organoid_measurements_aspirina_1_v2_segmentations\Condição 1 - 2_labels.tif
Condição 1 - 2.jpg,ConvPaint,395,745.0,1183.0,1.0,0.0,0.3843137323856354,0.5641895835477563,,C:\Users\sophi\napari-organoid-segmentation\reports\segmentations\organoid_measurements_aspirina_1_v2_segmentations\Condição 1 - 2_labels.tif
Condição 1 - 2.jpg,ConvPaint,396,746.3333333333334,646.3333333333334,3.0,3.414213562373095,0.37385621666908264,0.9772050238058398,3.2340725067158833,C:\Users\sophi\napari-organoid-segmentation\reports\segmentations\organoid_measurements_aspirina_1_v2_segmentations\Condição 1 - 2_labels.tif
Condição 1 - 2.jpg,ConvPaint,397,748.3333333333334,651.6666666666666,9.0,8.414213562373096,0.40479302406311035,1.692568750643269,1.597442784589879,C:\Users\sophi\napari-organoid-segmentation\reports\segmentations\organoid_measurements_aspirina_1_v2_segmentations\Condição 1 - 2_labels.tif
Condição 1 - 2.jpg,ConvPaint,398,747.0,266.0,1.0,0.0,0.34117648005485535,0.5641895835477563,,C:\Users\sophi\napari-organoid-segmentation\reports\segmentations\organoid_measurements_aspirina_1_v2_segmentations\Condição 1 - 2_labels.tif
Condição 1 - 2.jpg,ConvPaint,399,747.0,704.5,2.0,0.0,0.48627451062202454,0.7978845608028654,,C:\Users\sophi\napari-organoid-segmentation\reports\segmentations\organoid_measurements_aspirina_1_v2_segmentations\Condição 1 - 2_labels.tif
Condição 1 - 2.jpg,ConvPaint,400,747.5,1452.0,2.0,0.0,0.6215686798095703,0.7978845608028654,,C:\Users\sophi\napari-organoid-segmentation\reports\segmentations\organoid_measurements_aspirina_1_v2_segmentations\Condição 1 - 2_labels.tif
Condição 1 - 2.jpg,ConvPaint,401,748.5,281.0,2.0,0.0,0.42352941632270813,0.7978845608028654,,C:\Users\sophi\napari-organoid-segmentation\reports\segmentations\organoid_measurements_aspirina_1_v2_segmentations\Condição 1 - 2_labels.tif
Condição 1 - 2.jpg,ConvPaint,402,749.8461538461538,677.0384615384615,26.0,20.449747468305834,0.41674211621284485,2.876813695875796,0.7812810909103329,C:\Users\sophi\napari-organoid-segmentation\reports\segmentations\organoid_measurements_aspirina_1_v2_segmentations\Condição 1 - 2_labels.tif
Condição 1 - 2.jpg,ConvPaint,403,752.1333333333333,1052.4666666666667,45.0,35.828427124746185,0.41289758682250977,3.7846987830302403,0.44052127939166025,C:\Users\sophi\napari-organoid-segmentation\reports\segmentations\organoid_measurements_aspirina_1_v2_segmentations\Condição 1 - 2_labels.tif
Condição 1 - 2.jpg,ConvPaint,404,749.0,1177.1,10.0,9.414213562373096,0.39411765336990356,1.7841241161527712,1.4178874935108479,C:\Users\sophi\napari-organoid-segmentation\reports\segmentations\organoid_measurements_aspirina_1_v2_segmentations\Condição 1 - 2_labels.tif
Condição 1 - 2.jpg,ConvPaint,405,749.0,286.0,1.0,0.0,0.40784314274787903,0.5641895835477563,,C:\Users\sophi\napari-organoid-segmentation\reports\segmentations\organoid_measurements_aspirina_1_v2_segmentations\Condição 1 - 2_labels.tif
Condição 1 - 2.jpg,ConvPaint,406,749.0,634.0,1.0,0.0,0.4588235318660736,0.5641895835477563,,C:\Users\sophi\napari-organoid-segmentation\reports\segmentations\organoid_measurements_aspirina_1_v2_segmentations\Condição 1 - 2_labels.tif
Condição 1 - 2.jpg,ConvPaint,407,750.4,667.4,5.0,3.0,0.38901960849761963,1.2615662610100802,6.981317007977318,C:\Users\sophi\napari-organoid-segmentation\reports\segmentations\organoid_measurements_aspirina_1_v2_segmentations\Condição 1 - 2_labels.tif
Condição 1 - 2.jpg,ConvPaint,408,749.5,1045.0,2.0,0.0,0.5392156839370728,0.7978845608028654,,C:\Users\sophi\napari-organoid-segmentation\reports\segmentations\organoid_measurements_aspirina_1_v2_segmentations\Condição 1 - 2_labels.tif
Condição 1 - 2.jpg,ConvPaint,409,751.2857142857143,276.57142857142856,7.0,7.207106781186548,0.440336138010025,1.4927053303604616,1.6935030795523165,C:\Users\sophi\napari-organoid-segmentation\reports\segmentations\organoid_measurements_aspirina_1_v2_segmentations\Condição 1 - 2_labels.tif
Condição 1 - 2.jpg,ConvPaint,410,750.6,1170.2,5.0,5.207106781186548,0.3552941083908081,1.2615662610100802,2.3173247538676778,C:\Users\sophi\napari-organoid-segmentation\reports\segmentations\organoid_measurements_aspirina_1_v2_segmentations\Condição 1 - 2_labels.tif
Condição 1 - 2.jpg,ConvPaint,411,751.6666666666666,1606.3333333333333,3.0,3.414213562373095,0.47058823704719543,0.9772050238058398,3.2340725067158833,C:\Users\sophi\napari-organoid-segmentation\reports\segmentations\organoid_measurements_aspirina_1_v2_segmentations\Condição 1 - 2_labels.tif
Condição 1 - 2.jpg,ConvPaint,412,752.0,1836.0,1.0,0.0,0.3764705955982208,0.5641895835477563,,C:\Users\sophi\napari-organoid-segmentation\reports\segmentations\organoid_measurements_aspirina_1_v2_segmentations\Condição 1 - 2_labels.tif
Condição 1 - 2.jpg,ConvPaint,413,756.6666666666666,1846.851851851852,27.0,19.65685424949238,0.344952791929245,2.9316150714175193,0.8781032674758875,C:\Users\sophi\napari-organoid-segmentation\reports\segmentations\organoid_measurements_aspirina_1_v2_segmentations\Condição 1 - 2_labels.tif
Condição 1 - 2.jpg,ConvPaint,414,754.0,265.0,1.0,0.0,0.43921568989753723,0.5641895835477563,,C:\Users\sophi\napari-organoid-segmentation\reports\segmentations\organoid_measurements_aspirina_1_v2_segmentations\Condição 1 - 2_labels.tif
Condição 1 - 2.jpg,ConvPaint,415,762.5315315315315,1171.8468468468468,111.0,74.2842712474619,0.40314435958862305,5.944106103225343,0.25277790406099626,C:\Users\sophi\napari-organoid-segmentation\reports\segmentations\organoid_measurements_aspirina_1_v2_segmentations\Condição 1 - 2_labels.tif
Condição 1 - 2.jpg,ConvPaint,416,754.5,1191.0,2.0,0.0,0.5431373119354248,0.7978845608028654,,C:\Users\sophi\napari-organoid-segmentation\reports\segmentations\organoid_measurements_aspirina_1_v2_segmentations\Condição 1 - 2_labels.tif
Condição 1 - 2.jpg,ConvPaint,417,755.0,232.5,2.0,0.0,0.5137255191802979,0.7978845608028654,,C:\Users\sophi\napari-organoid-segmentation\reports\segmentations\organoid_measurements_aspirina_1_v2_segmentations\Condição 1 - 2_labels.tif
Condição 1 - 2.jpg,ConvPaint,418,755.0,1472.0,1.0,0.0,0.34117648005485535,0.5641895835477563,,C:\Users\sophi\napari-organoid-segmentation\reports\segmentations\organoid_measurements_aspirina_1_v2_segmentations\Condição 1 - 2_labels.tif
Condição 1 - 2.jpg,ConvPaint,419,766.453488372093,1836.3023255813953,86.0,61.59188309203678,0.3780665695667267,5.232078956954491,0.28487959988450473,C:\Users\sophi\napari-organoid-segmentation\reports\segmentations\organoid_measurements_aspirina_1_v2_segmentations\Condição 1 - 2_labels.tif
Condição 1 - 2.jpg,ConvPaint,420,756.0,1043.0,1.0,0.0,0.4274509847164154,0.5641895835477563,,C:\Users\sophi\napari-organoid-segmentation\reports\segmentations\organoid_measurements_aspirina_1_v2_segmentations\Condição 1 - 2_labels.tif
Condição 1 - 2.jpg,ConvPaint,421,756.0,1453.0,1.0,0.0,0.5960784554481506,0.5641895835477563,,C:\Users\sophi\napari-organoid-segmentation\reports\segmentations\organoid_measurements_aspirina_1_v2_segmentations\Condição 1 - 2_labels.tif
Condição 1 - 2.jpg,ConvPaint,422,758.0,1053.0,1.0,0.0,0.4470588266849518,0.5641895835477563,,C:\Users\sophi\napari-organoid-segmentation\reports\segmentations\organoid_measurements_aspirina_1_v2_segmentations\Condição 1 - 2_labels.tif
Condição 1 - 2.jpg,ConvPaint,423,758.0,1056.0,1.0,0.0,0.4000000059604645,0.5641895835477563,,C:\Users\sophi\napari-organoid-segmentation\reports\segmentations\organoid_measurements_aspirina_1_v2_segmentations\Condição 1 - 2_labels.tif
Condição 1 - 2.jpg,ConvPaint,424,759.0,235.0,1.0,0.0,0.529411792755127,0.5641895835477563,,C:\Users\sophi\napari-organoid-segmentation\reports\segmentations\organoid_measurements_aspirina_1_v2_segmentations\Condição 1 - 2_labels.tif
Condição 1 - 2.jpg,ConvPaint,425,760.5,1056.5,4.0,4.0,0.4382353127002716,1.1283791670955126,3.141592653589793,C:\Users\sophi\napari-organoid-segmentation\reports\segmentations\organoid_measurements_aspirina_1_v2_segmentations\Condição 1 - 2_labels.tif
Condição 1 - 2.jpg,ConvPaint,426,760.0,1585.5,2.0,0.0,0.3549019694328308,0.7978845608028654,,C:\Users\sophi\napari-organoid-segmentation\reports\segmentations\organoid_measurements_aspirina_1_v2_segmentations\Condição 1 - 2_labels.tif
Condição 1 - 2.jpg,ConvPaint,427,760.0,1832.0,1.0,0.0,0.4941176474094391,0.5641895835477563,,C:\Users\sophi\napari-organoid-segmentation\reports\segmentations\organoid_measurements_aspirina_1_v2_segmentations\Condição 1 - 2_labels.tif
Condição 1 - 2.jpg,ConvPaint,428,761.5,243.5,2.0,0.0,0.501960813999176,0.7978845608028654,,C:\Users\sophi\napari-organoid-segmentation\reports\segmentations\organoid_measurements_aspirina_1_v2_segmentations\Condição 1 - 2_labels.tif
Condição 1 - 2.jpg,ConvPaint,429,762.2,1178.2,5.0,4.0,0.3843137323856354,1.2615662610100802,3.9269908169872414,C:\Users\sophi\napari-organoid-segmentation\reports\segmentations\organoid_measurements_aspirina_1_v2_segmentations\Condição 1 - 2_labels.tif
Condição 1 - 2.jpg,ConvPaint,430,762.5,1039.0,2.0,0.0,0.5274510383605957,0.7978845608028654,,C:\Users\sophi\napari-organoid-segmentation\reports\segmentations\organoid_measurements_aspirina_1_v2_segmentations\Condição 1 - 2_labels.tif
Condição 1 - 2.jpg,ConvPaint,431,762.6666666666666,1845.6666666666667,3.0,3.414213562373095,0.32549020648002625,0.9772050238058398,3.2340725067158833,C:\Users\sophi\napari-organoid-segmentation\reports\segmentations\organoid_measurements_aspirina_1_v2_segmentations\Condição 1 - 2_labels.tif
Condição 1 - 2.jpg,ConvPaint,432,763.0,240.0,1.0,0.0,0.5215686559677124,0.5641895835477563,,C:\Users\sophi\napari-organoid-segmentation\reports\segmentations\organoid_measurements_aspirina_1_v2_segmentations\Condição 1 - 2_labels.tif
Condição 1 - 2.jpg,ConvPaint,433,765.3333333333334,237.0,3.0,1.2071067811865475,0.5686274170875549,0.9772050238058398,25.872580053727066,C:\Users\sophi\napari-organoid-segmentation\reports\segmentations\organoid_measurements_aspirina_1_v2_segmentations\Condição 1 - 2_labels.tif
Condição 1 - 2.jpg,ConvPaint,434,767.7142857142857,1843.2857142857142,7.0,7.414213562373095,0.3686274588108063,1.4927053303604616,1.6002127302753713,C:\Users\sophi\napari-organoid-segmentation\reports\segmentations\organoid_measurements_aspirina_1_v2_segmentations\Condição 1 - 2_labels.tif
Condição 1 - 2.jpg,ConvPaint,435,767.0,1161.0,1.0,0.0,0.4156862795352936,0.5641895835477563,,C:\Users\sophi\napari-organoid-segmentation\reports\segmentations\organoid_measurements_aspirina_1_v2_segmentations\Condição 1 - 2_labels.tif
Condição 1 - 2.jpg,ConvPaint,436,768.5,240.5,2.0,0.0,0.5823529958724976,0.7978845608028654,,C:\Users\sophi\napari-organoid-segmentation\reports\segmentations\organoid_measurements_aspirina_1_v2_segmentations\Condição 1 - 2_labels.tif
Condição 1 - 2.jpg,ConvPaint,437,768.5,1060.5,4.0,4.0,0.5245097875595093,1.1283791670955126,3.141592653589793,C:\Users\sophi\napari-organoid-segmentation\reports\segmentations\organoid_measurements_aspirina_1_v2_segmentations\Condição 1 - 2_labels.tif
Condição 1 - 2.jpg,ConvPaint,438,771.0,1161.6666666666667,3.0,1.2071067811865475,0.40130719542503357,0.9772050238058398,25.872580053727066,C:\Users\sophi\napari-organoid-segmentation\reports\segmentations\organoid_measurements_aspirina_1_v2_segmentations\Condição 1 - 2_labels.tif
Condição 1 - 2.jpg,ConvPaint,439,770.0,1469.0,1.0,0.0,0.38823530077934265,0.5641895835477563,,C:\Users\sophi\napari-organoid-segmentation\reports\segmentations\organoid_measurements_aspirina_1_v2_segmentations\Condição 1 - 2_labels.tif
Condição 1 - 2.jpg,ConvPaint,440,773.8333333333334,1136.3333333333333,6.0,5.0,0.3764705955982208,1.381976597885342,3.015928947446201,C:\Users\sophi\napari-organoid-segmentation\reports\segmentations\organoid_measurements_aspirina_1_v2_segmentations\Condição 1 - 2_labels.tif
Condição 1 - 2.jpg,ConvPaint,441,774.75,1141.3125,16.0,13.035533905932738,0.38823527097702026,2.256758334191025,1.183238247413496,C:\Users\sophi\napari-organoid-segmentation\reports\segmentations\organoid_measurements_aspirina_1_v2_segmentations\Condição 1 - 2_labels.tif
Condição 1 - 2.jpg,ConvPaint,442,772.0,1159.0,1.0,0.0,0.4274509847164154,0.5641895835477563,,C:\Users\sophi\napari-organoid-segmentation\reports\segmentations\organoid_measurements_aspirina_1_v2_segmentations\Condição 1 - 2_labels.tif
Condição 1 - 2.jpg,ConvPaint,443,773.0,1067.0,1.0,0.0,0.45098039507865906,0.5641895835477563,,C:\Users\sophi\napari-organoid-segmentation\reports\segmentations\organoid_measurements_aspirina_1_v2_segmentations\Condição 1 - 2_labels.tif
Condição 1 - 2.jpg,ConvPaint,444,779.7524752475248,1068.4851485148515,101.0,65.24873734152916,0.4045817255973816,5.670035141386943,0.29811718663200176,C:\Users\sophi\napari-organoid-segmentation\reports\segmentations\organoid_measurements_aspirina_1_v2_segmentations\Condição 1 - 2_labels.tif
Condição 1 - 2.jpg,ConvPaint,445,777.4230769230769,1128.8076923076924,26.0,17.449747468305834,0.38552039861679077,2.876813695875796,1.0730128414354885,C:\Users\sophi\napari-organoid-segmentation\reports\segmentations\organoid_measurements_aspirina_1_v2_segmentations\Condição 1 - 2_labels.tif
Condição 1 - 2.jpg,ConvPaint,446,777.0,1047.0,1.0,0.0,0.47843137383461,0.5641895835477563,,C:\Users\sophi\napari-organoid-segmentation\reports\segmentations\organoid_measurements_aspirina_1_v2_segmentations\Condição 1 - 2_labels.tif
Condição 1 - 2.jpg,ConvPaint,447,778.3333333333334,1468.6666666666667,3.0,3.414213562373095,0.4732026159763336,0.9772050238058398,3.2340725067158833,C:\Users\sophi\napari-organoid-segmentation\reports\segmentations\organoid_measurements_aspirina_1_v2_segmentations\Condição 1 - 2_labels.tif
Condição 1 - 2.jpg,ConvPaint,448,779.0,1112.0,1.0,0.0,0.30980393290519714,0.5641895835477563,,C:\Users\sophi\napari-organoid-segmentation\reports\segmentations\organoid_measurements_aspirina_1_v2_segmentations\Condição 1 - 2_labels.tif
Condição 1 - 2.jpg,ConvPaint,449,779.0,1124.0,1.0,0.0,0.35686275362968445,0.5641895835477563,,C:\Users\sophi\napari-organoid-segmentation\reports\segmentations\organoid_measurements_aspirina_1_v2_segmentations\Condição 1 - 2_labels.tif
Condição 1 - 2.jpg,ConvPaint,450,780.3333333333334,1114.3333333333333,3.0,3.414213562373095,0.3830065429210663,0.9772050238058398,3.2340725067158833,C:\Users\sophi\napari-organoid-segmentation\reports\segmentations\organoid_measurements_aspirina_1_v2_segmentations\Condição 1 - 2_labels.tif
Condição 1 - 2.jpg,ConvPaint,451,788.5594405594405,1127.4475524475524,143.0,96.2842712474619,0.40257781744003296,6.746726148605861,0.1938363423322531,C:\Users\sophi\napari-organoid-segmentation\reports\segmentations\organoid_measurements_aspirina_1_v2_segmentations\Condição 1 - 2_labels.tif
Condição 1 - 2.jpg,ConvPaint,452,783.3333333333334,1082.3333333333333,3.0,3.414213562373095,0.35947713255882263,0.9772050238058398,3.2340725067158833,C:\Users\sophi\napari-organoid-segmentation\reports\segmentations\organoid_measurements_aspirina_1_v2_segmentations\Condição 1 - 2_labels.tif
Condição 1 - 2.jpg,ConvPaint,453,783.0,1844.0,1.0,0.0,0.364705890417099,0.5641895835477563,,C:\Users\sophi\napari-organoid-segmentation\reports\segmentations\organoid_measurements_aspirina_1_v2_segmentations\Condição 1 - 2_labels.tif
Condição 1 - 2.jpg,ConvPaint,454,784.0,1130.0,1.0,0.0,0.3843137323856354,0.5641895835477563,,C:\Users\sophi\napari-organoid-segmentation\reports\segmentations\organoid_measurements_aspirina_1_v2_segmentations\Condição 1 - 2_labels.tif
Condição 1 - 2.jpg,ConvPaint,455,785.5,1147.0,2.0,0.0,0.4843137264251709,0.7978845608028654,,C:\Users\sophi\napari-organoid-segmentation\reports\segmentations\organoid_measurements_aspirina_1_v2_segmentations\Condição 1 - 2_labels.tif
Condição 1 - 2.jpg,ConvPaint,456,790.0,1858.0,1.0,0.0,0.3333333432674408,0.5641895835477563,,C:\Users\sophi\napari-organoid-segmentation\reports\segmentations\organoid_measurements_aspirina_1_v2_segmentations\Condição 1 - 2_labels.tif
Condição 1 - 2.jpg,ConvPaint,457,791.0,1844.0,1.0,0.0,0.47843137383461,0.5641895835477563,,C:\Users\sophi\napari-organoid-segmentation\reports\segmentations\organoid_measurements_aspirina_1_v2_segmentations\Condição 1 - 2_labels.tif
Condição 1 - 2.jpg,ConvPaint,458,799.0,1849.0,1.0,0.0,0.4745098054409027,0.5641895835477563,,C:\Users\sophi\napari-organoid-segmentation\reports\segmentations\organoid_measurements_aspirina_1_v2_segmentations\Condição 1 - 2_labels.tif
Condição 1 - 2.jpg,ConvPaint,459,802.0,1859.0,1.0,0.0,0.4313725531101227,0.5641895835477563,,C:\Users\sophi\napari-organoid-segmentation\reports\segmentations\organoid_measurements_aspirina_1_v2_segmentations\Condição 1 - 2_labels.tif
Condição 1 - 2.jpg,ConvPaint,460,802.5,1865.0,2.0,0.0,0.41960784792900085,0.7978845608028654,,C:\Users\sophi\napari-organoid-segmentation\reports\segmentations\organoid_measurements_aspirina_1_v2_segmentations\Condição 1 - 2_labels.tif
Condição 1 - 2.jpg,ConvPaint,461,808.0,1486.5,2.0,0.0,0.5039215683937073,0.7978845608028654,,C:\Users\sophi\napari-organoid-segmentation\reports\segmentations\organoid_measurements_aspirina_1_v2_segmentations\Condição 1 - 2_labels.tif
Condição 1 - 2.jpg,ConvPaint,462,809.0,1489.25,4.0,3.414213562373095,0.46568629145622253,1.1283791670955126,4.312096675621178,C:\Users\sophi\napari-organoid-segmentation\reports\segmentations\organoid_measurements_aspirina_1_v2_segmentations\Condição 1 - 2_labels.tif
Condição 1 - 2.jpg,ConvPaint,463,811.0,1492.5,2.0,0.0,0.3901960849761963,0.7978845608028654,,C:\Users\sophi\napari-organoid-segmentation\reports\segmentations\organoid_measurements_aspirina_1_v2_segmentations\Condição 1 - 2_labels.tif
Condição 1 - 2.jpg,ConvPaint,464,817.6408450704225,1540.6690140845071,142.0,72.59188309203677,0.3933444023132324,6.723094811029982,0.3386273901140239,C:\Users\sophi\napari-organoid-segmentation\reports\segmentations\organoid_measurements_aspirina_1_v2_segmentations\Condição 1 - 2_labels.tif
Condição 1 - 2.jpg,ConvPaint,465,814.3333333333334,1562.3333333333333,3.0,3.414213562373095,0.45098039507865906,0.9772050238058398,3.2340725067158833,C:\Users\sophi\napari-organoid-segmentation\reports\segmentations\organoid_measurements_aspirina_1_v2_segmentations\Condição 1 - 2_labels.tif
Condição 1 - 2.jpg,ConvPaint,466,817.0,1528.0,1.0,0.0,0.38823530077934265,0.5641895835477563,,C:\Users\sophi\napari-organoid-segmentation\reports\segmentations\organoid_measurements_aspirina_1_v2_segmentations\Condição 1 - 2_labels.tif
Condição 1 - 2.jpg,ConvPaint,467,822.0,1554.5,2.0,0.0,0.5274510383605957,0.7978845608028654,,C:\Users\sophi\napari-organoid-segmentation\reports\segmentations\organoid_measurements_aspirina_1_v2_segmentations\Condição 1 - 2_labels.tif
Condição 1 - 2.jpg,ConvPaint,468,848.0,1919.0,1.0,0.0,0.3450980484485626,0.5641895835477563,,C:\Users\sophi\napari-organoid-segmentation\reports\segmentations\organoid_measurements_aspirina_1_v2_segmentations\Condição 1 - 2_labels.tif
Condição 1 - 2.jpg,ConvPaint,469,860.5,1919.0,2.0,0.0,0.4588235318660736,0.7978845608028654,,C:\Users\sophi\napari-organoid-segmentation\reports\segmentations\organoid_measurements_aspirina_1_v2_segmentations\Condição 1 - 2_labels.tif
Condição 1 - 2.jpg,ConvPaint,470,971.2307692307693,1774.7692307692307,13.0,12.82842712474619,0.461236834526062,2.0342144725641096,0.9926734205093192,C:\Users\sophi\napari-organoid-segmentation\reports\segmentations\organoid_measurements_aspirina_1_v2_segmentations\Condição 1 - 2_labels.tif
Condição 1 - 2.jpg,ConvPaint,471,969.0,1799.0,1.0,0.0,0.6470588445663452,0.5641895835477563,,C:\Users\sophi\napari-organoid-segmentation\reports\segmentations\organoid_measurements_aspirina_1_v2_segmentations\Condição 1 - 2_labels.tif
Condição 1 - 2.jpg,ConvPaint,472,970.8333333333334,1786.0,6.0,4.414213562373095,0.6568627953529358,1.381976597885342,3.8694962745489936,C:\Users\sophi\napari-organoid-segmentation\reports\segmentations\organoid_measurements_aspirina_1_v2_segmentations\Condição 1 - 2_labels.tif
Condição 1 - 2.jpg,ConvPaint,473,973.5,1758.25,4.0,2.621320343559643,0.6519608497619629,1.1283791670955126,7.315258195544552,C:\Users\sophi\napari-organoid-segmentation\reports\segmentations\organoid_measurements_aspirina_1_v2_segmentations\Condição 1 - 2_labels.tif
Condição 1 - 2.jpg,ConvPaint,474,972.6666666666666,1802.3333333333333,3.0,3.414213562373095,0.6313726305961609,0.9772050238058398,3.2340725067158833,C:\Users\sophi\napari-organoid-segmentation\reports\segmentations\organoid_measurements_aspirina_1_v2_segmentations\Condição 1 - 2_labels.tif
Condição 1 - 2.jpg,ConvPaint,475,974.0,1738.0,1.0,0.0,0.0,0.5641895835477563,,C:\Users\sophi\napari-organoid-segmentation\reports\segmentations\organoid_measurements_aspirina_1_v2_segmentations\Condição 1 - 2_labels.tif
Condição 1 - 2.jpg,ConvPaint,476,974.4,1782.8,5.0,5.207106781186548,0.641568660736084,1.2615662610100802,2.3173247538676778,C:\Users\sophi\napari-organoid-segmentation\reports\segmentations\organoid_measurements_aspirina_1_v2_segmentations\Condição 1 - 2_labels.tif
Condição 1 - 2.jpg,ConvPaint,477,974.5454545454545,1794.2727272727273,11.0,11.207106781186548,0.20000003278255463,1.8712051592547776,1.1005645743651304,C:\Users\sophi\napari-organoid-segmentation\reports\segmentations\organoid_measurements_aspirina_1_v2_segmentations\Condição 1 - 2_labels.tif
Condição 1 - 2.jpg,ConvPaint,478,975.0,1766.5,2.0,0.0,0.5058823823928833,0.7978845608028654,,C:\Users\sophi\napari-organoid-segmentation\reports\segmentations\organoid_measurements_aspirina_1_v2_segmentations\Condição 1 - 2_labels.tif
Condição 1 - 2.jpg,ConvPaint,479,976.0,211.0,1.0,0.0,0.5372549295425415,0.5641895835477563,,C:\Users\sophi\napari-organoid-segmentation\reports\segmentations\organoid_measurements_aspirina_1_v2_segmentations\Condição 1 - 2_labels.tif
Condição 1 - 2.jpg,ConvPaint,480,977.5384615384615,1733.2307692307693,13.0,10.621320343559642,0.3625943064689636,2.0342144725641096,1.4480921565836788,C:\Users\sophi\napari-organoid-segmentation\reports\segmentations\organoid_measurements_aspirina_1_v2_segmentations\Condição 1 - 2_labels.tif
Condição 1 - 2.jpg,ConvPaint,481,977.4444444444445,1739.4444444444443,9.0,9.0,0.30980393290519714,1.692568750643269,1.3962634015954636,C:\Users\sophi\napari-organoid-segmentation\reports\segmentations\organoid_measurements_aspirina_1_v2_segmentations\Condição 1 - 2_labels.tif
Condição 1 - 2.jpg,ConvPaint,482,978.8,1865.4,5.0,4.414213562373095,0.567058801651001,1.2615662610100802,3.224580228790828,C:\Users\sophi\napari-organoid-segmentation\reports\segmentations\organoid_measurements_aspirina_1_v2_segmentations\Condição 1 - 2_labels.tif
Condição 1 - 2.jpg,ConvPaint,483,979.8,1780.4,5.0,5.207106781186548,0.6549019813537598,1.2615662610100802,2.3173247538676778,C:\Users\sophi\napari-organoid-segmentation\reports\segmentations\organoid_measurements_aspirina_1_v2_segmentations\Condição 1 - 2_labels.tif
Condição 1 - 2.jpg,ConvPaint,484,980.3333333333334,1819.3333333333333,3.0,3.414213562373095,0.5986928343772888,0.9772050238058398,3.2340725067158833,C:\Users\sophi\napari-organoid-segmentation\reports\segmentations\organoid_measurements_aspirina_1_v2_segmentations\Condição 1 - 2_labels.tif
Condição 1 - 2.jpg,ConvPaint,485,981.3571428571429,1833.4285714285713,14.0,10.0,0.5109244585037231,2.111004122822376,1.7592918860102842,C:\Users\sophi\napari-organoid-segmentation\reports\segmentations\organoid_measurements_aspirina_1_v2_segmentations\Condição 1 - 2_labels.tif
Condição 1 - 2.jpg,ConvPaint,486,980.4,1846.8,5.0,5.207106781186548,0.6321569085121155,1.2615662610100802,2.3173247538676778,C:\Users\sophi\napari-organoid-segmentation\reports\segmentations\organoid_measurements_aspirina_1_v2_segmentations\Condição 1 - 2_labels.tif
Condição 1 - 2.jpg,ConvPaint,487,981.8,1882.2,5.0,6.242640687119286,0.4188235402107239,1.2615662610100802,1.6122901143954134,C:\Users\sophi\napari-organoid-segmentation\reports\segmentations\organoid_measurements_aspirina_1_v2_segmentations\Condição 1 - 2_labels.tif
Condição 1 - 2.jpg,ConvPaint,488,982.0,1855.0,1.0,0.0,0.0117647061124444,0.5641895835477563,,C:\Users\sophi\napari-organoid-segmentation\reports\segmentations\organoid_measurements_aspirina_1_v2_segmentations\Condição 1 - 2_labels.tif
Condição 1 - 2.jpg,ConvPaint,489,983.0,1869.0,1.0,0.0,0.0,0.5641895835477563,,C:\Users\sophi\napari-organoid-segmentation\reports\segmentations\organoid_measurements_aspirina_1_v2_segmentations\Condição 1 - 2_labels.tif
Condição 1 - 2.jpg,ConvPaint,490,984.6666666666666,1872.3333333333333,3.0,3.414213562373095,0.5660130977630615,0.9772050238058398,3.2340725067158833,C:\Users\sophi\napari-organoid-segmentation\reports\segmentations\organoid_measurements_aspirina_1_v2_segmentations\Condição 1 - 2_labels.tif
Condição 1 - 2.jpg,ConvPaint,491,987.0,1864.0,1.0,0.0,0.0,0.5641895835477563,,C:\Users\sophi\napari-organoid-segmentation\reports\segmentations\organoid_measurements_aspirina_1_v2_segmentations\Condição 1 - 2_labels.tif
Condição 1 - 2.jpg,ConvPaint,492,988.5,1783.0,2.0,0.0,0.0,0.7978845608028654,,C:\Users\sophi\napari-organoid-segmentation\reports\segmentations\organoid_measurements_aspirina_1_v2_segmentations\Condição 1 - 2_labels.tif
Condição 1 - 2.jpg,ConvPaint,493,990.0,1780.0,1.0,0.0,0.6509804129600525,0.5641895835477563,,C:\Users\sophi\napari-organoid-segmentation\reports\segmentations\organoid_measurements_aspirina_1_v2_segmentations\Condição 1 - 2_labels.tif
Condição 1 - 2.jpg,ConvPaint,494,991.0,1782.5,2.0,0.0,0.11568627506494522,0.7978845608028654,,C:\Users\sophi\napari-organoid-segmentation\reports\segmentations\organoid_measurements_aspirina_1_v2_segmentations\Condição 1 - 2_labels.tif
Condição 1 - 2.jpg,ConvPaint,495,992.0,1758.0,1.0,0.0,0.0,0.5641895835477563,,C:\Users\sophi\napari-organoid-segmentation\reports\segmentations\organoid_measurements_aspirina_1_v2_segmentations\Condição 1 - 2_labels.tif
Condição 1 - 2.jpg,ConvPaint,496,992.5,1780.0,2.0,0.0,0.6529412269592285,0.7978845608028654,,C:\Users\sophi\napari-organoid-segmentation\reports\segmentations\organoid_measurements_aspirina_1_v2_segmentations\Condição 1 - 2_labels.tif
Condição 1 - 2.jpg,ConvPaint,497,999.625,1733.2916666666667,24.0,20.035533905932738,0.49754905700683594,2.763953195770684,0.7513101667619816,C:\Users\sophi\napari-organoid-segmentation\reports\segmentations\organoid_measurements_aspirina_1_v2_segmentations\Condição 1 - 2_labels.tif
Condição 1 - 2.jpg,ConvPaint,498,997.0,1739.3333333333333,3.0,1.2071067811865475,0.43529415130615234,0.9772050238058398,25.872580053727066,C:\Users\sophi\napari-organoid-segmentation\reports\segmentations\organoid_measurements_aspirina_1_v2_segmentations\Condição 1 - 2_labels.tif
Condição 1 - 2.jpg,ConvPaint,499,996.5,1757.5,6.0,6.82842712474619,0.3405228853225708,1.381976597885342,1.6170362533579417,C:\Users\sophi\napari-organoid-segmentation\reports\segmentations\organoid_measurements_aspirina_1_v2_segmentations\Condição 1 - 2_labels.tif
Condição 1 - 2.jpg,ConvPaint,500,997.5,1770.5,6.0,6.414213562373095,0.243790864944458,1.381976597885342,1.8326278532479736,C:\Users\sophi\napari-organoid-segmentation\reports\segmentations\organoid_measurements_aspirina_1_v2_segmentations\Condição 1 - 2_labels.tif
Condição 1 - 2.jpg,ConvPaint,501,997.0,1832.7142857142858,7.0,6.414213562373096,0.3596639037132263,1.4927053303604616,2.138065828789302,C:\Users\sophi\napari-organoid-segmentation\reports\segmentations\organoid_measurements_aspirina_1_v2_segmentations\Condição 1 - 2_labels.tif
Condição 1 - 2.jpg,ConvPaint,502,997.0,1779.0,1.0,0.0,0.6509804129600525,0.5641895835477563,,C:\Users\sophi\napari-organoid-segmentation\reports\segmentations\organoid_measurements_aspirina_1_v2_segmentations\Condição 1 - 2_labels.tif
Condição 1 - 2.jpg,ConvPaint,503,997.5,1795.5,2.0,0.0,0.3274509906768799,0.7978845608028654,,C:\Users\sophi\napari-organoid-segmentation\reports\segmentations\organoid_measurements_aspirina_1_v2_segmentations\Condição 1 - 2_labels.tif
Condição 1 - 2.jpg,ConvPaint,504,1000.4285714285714,1761.0,7.0,5.207106781186548,0.06778711825609207,1.4927053303604616,3.244254655414749,C:\Users\sophi\napari-organoid-segmentation\reports\segmentations\organoid_measurements_aspirina_1_v2_segmentations\Condição 1 - 2_labels.tif
Condição 1 - 2.jpg,ConvPaint,505,999.0,1786.0,1.0,0.0,0.0,0.5641895835477563,,C:\Users\sophi\napari-organoid-segmentation\reports\segmentations\organoid_measurements_aspirina_1_v2_segmentations\Condição 1 - 2_labels.tif
Condição 1 - 2.jpg,ConvPaint,506,1002.0,1834.0,10.0,10.242640687119284,0.4145098328590393,1.7841241161527712,1.1978046321169942,C:\Users\sophi\napari-organoid-segmentation\reports\segmentations\organoid_measurements_aspirina_1_v2_segmentations\Condição 1 - 2_labels.tif
Condição 1 - 2.jpg,ConvPaint,507,1002.0,1877.4,10.0,9.035533905932738,0.3682352900505066,1.7841241161527712,1.5392254097658196,C:\Users\sophi\napari-organoid-segmentation\reports\segmentations\organoid_measurements_aspirina_1_v2_segmentations\Condição 1 - 2_labels.tif
Condição 1 - 2.jpg,ConvPaint,508,1001.0,1788.0,1.0,0.0,0.0,0.5641895835477563,,C:\Users\sophi\napari-organoid-segmentation\reports\segmentations\organoid_measurements_aspirina_1_v2_segmentations\Condição 1 - 2_labels.tif
Condição 1 - 2.jpg,ConvPaint,509,1002.125,1837.875,8.0,7.414213562373095,0.13676470518112183,1.5957691216057308,1.8288145488861385,C:\Users\sophi\napari-organoid-segmentation\reports\segmentations\organoid_measurements_aspirina_1_v2_segmentations\Condição 1 - 2_labels.tif
Condição 1 - 2.jpg,ConvPaint,510,1002.5,1784.5,2.0,0.0,0.6490195989608765,0.7978845608028654,,C:\Users\sophi\napari-organoid-segmentation\reports\segmentations\organoid_measurements_aspirina_1_v2_segmentations\Condição 1 - 2_labels.tif
Condição 1 - 2.jpg,ConvPaint,511,1002.5,1799.0,2.0,0.0,0.5196078419685364,0.7978845608028654,,C:\Users\sophi\napari-organoid-segmentation\reports\segmentations\organoid_measurements_aspirina_1_v2_segmentations\Condição 1 - 2_labels.tif
Condição 1 - 2.jpg,ConvPaint,512,1011.0,1825.0,1.0,0.0,0.0313725508749485,0.5641895835477563,,C:\Users\sophi\napari-organoid-segmentation\reports\segmentations\organoid_measurements_aspirina_1_v2_segmentations\Condição 1 - 2_labels.tif
Condição 1 - 2.jpg,ConvPaint,513,1012.0,202.0,1.0,0.0,0.6078431606292725,0.5641895835477563,,C:\Users\sophi\napari-organoid-segmentation\reports\segmentations\organoid_measurements_aspirina_1_v2_segmentations\Condição 1 - 2_labels.tif
Condição 1 - 2.jpg,ConvPaint,514,1052.1073645769934,230.30468654899573,8215.0,1044.193000900063,0.2849077880382538,51.13624658693519,0.09467948262618253,C:\Users\sophi\napari-organoid-segmentation\reports\segmentations\organoid_measurements_aspirina_1_v2_segmentations\Condição 1 - 2_labels.tif
Condição 1 - 2.jpg,ConvPaint,515,1013.0,243.0,1.0,0.0,0.7137255072593689,0.5641895835477563,,C:\Users\sophi\napari-organoid-segmentation\reports\segmentations\organoid_measurements_aspirina_1_v2_segmentations\Condição 1 - 2_labels.tif
Condição 1 - 2.jpg,ConvPaint,516,1014.0,215.0,1.0,0.0,0.45098039507865906,0.5641895835477563,,C:\Users\sophi\napari-organoid-segmentation\reports\segmentations\organoid_measurements_aspirina_1_v2_segmentations\Condição 1 - 2_labels.tif
Condição 1 - 2.jpg,ConvPaint,517,1016.5,690.0,2.0,0.0,0.6980392336845398,0.7978845608028654,,C:\Users\sophi\napari-organoid-segmentation\reports\segmentations\organoid_measurements_aspirina_1_v2_segmentations\Condição 1 - 2_labels.tif
Condição 1 - 2.jpg,ConvPaint,518,1016.4,1752.8,5.0,5.207106781186548,0.5678431391716003,1.2615662610100802,2.3173247538676778,C:\Users\sophi\napari-organoid-segmentation\reports\segmentations\organoid_measurements_aspirina_1_v2_segmentations\Condição 1 - 2_labels.tif
Condição 1 - 2.jpg,ConvPaint,519,1016.5,1863.0,2.0,0.0,0.6372549533843994,0.7978845608028654,,C:\Users\sophi\napari-organoid-segmentation\reports\segmentations\organoid_measurements_aspirina_1_v2_segmentations\Condição 1 - 2_labels.tif
Condição 1 - 2.jpg,ConvPaint,520,1017.0,687.0,3.0,1.0,0.6418300867080688,0.9772050238058398,37.69911184307752,C:\Users\sophi\napari-organoid-segmentation\reports\segmentations\organoid_measurements_aspirina_1_v2_segmentations\Condição 1 - 2_labels.tif
Condição 1 - 2.jpg,ConvPaint,521,1018.3333333333334,696.8333333333334,6.0,6.414213562373095,0.4745098352432251,1.381976597885342,1.8326278532479736,C:\Users\sophi\napari-organoid-segmentation\reports\segmentations\organoid_measurements_aspirina_1_v2_segmentations\Condição 1 - 2_labels.tif
Condição 1 - 2.jpg,ConvPaint,522,1056.568188927119,662.6779793556459,6394.0,966.0264786586926,0.290617436170578,45.114004613414195,0.08610025444518757,C:\Users\sophi\napari-organoid-segmentation\reports\segmentations\organoid_measurements_aspirina_1_v2_segmentations\Condição 1 - 2_labels.tif
Condição 1 - 2.jpg,ConvPaint,523,1020.3333333333334,683.8333333333334,6.0,5.0,0.5764706134796143,1.381976597885342,3.015928947446201,C:\Users\sophi\napari-organoid-segmentation\reports\segmentations\organoid_measurements_aspirina_1_v2_segmentations\Condição 1 - 2_labels.tif
Condição 1 - 2.jpg,ConvPaint,524,1023.4285714285714,618.5714285714286,7.0,7.207106781186548,0.46946778893470764,1.4927053303604616,1.6935030795523165,C:\Users\sophi\napari-organoid-segmentation\reports\segmentations\organoid_measurements_aspirina_1_v2_segmentations\Condição 1 - 2_labels.tif
Condição 1 - 2.jpg,ConvPaint,525,1022.4,640.6,10.0,9.207106781186548,0.49176472425460815,1.7841241161527712,1.4823935068722365,C:\Users\sophi\napari-organoid-segmentation\reports\segmentations\organoid_measurements_aspirina_1_v2_segmentations\Condição 1 - 2_labels.tif
Condição 1 - 2.jpg,ConvPaint,526,1023.6666666666666,650.6666666666666,3.0,3.414213562373095,0.4418300688266754,0.9772050238058398,3.2340725067158833,C:\Users\sophi\napari-organoid-segmentation\reports\segmentations\organoid_measurements_aspirina_1_v2_segmentations\Condição 1 - 2_labels.tif
Condição 1 - 2.jpg,ConvPaint,527,1024.0,180.0,1.0,0.0,0.6823529601097107,0.5641895835477563,,C:\Users\sophi\napari-organoid-segmentation\reports\segmentations\organoid_measurements_aspirina_1_v2_segmentations\Condição 1 - 2_labels.tif
Condição 1 - 2.jpg,ConvPaint,528,1024.5,182.0,2.0,0.0,0.6901960968971252,0.7978845608028654,,C:\Users\sophi\napari-organoid-segmentation\reports\segmentations\organoid_measurements_aspirina_1_v2_segmentations\Condição 1 - 2_labels.tif
Condição 1 - 2.jpg,ConvPaint,529,1024.0,630.0,1.0,0.0,0.5333333611488342,0.5641895835477563,,C:\Users\sophi\napari-organoid-segmentation\reports\segmentations\organoid_measurements_aspirina_1_v2_segmentations\Condição 1 - 2_labels.tif
Condição 1 - 2.jpg,ConvPaint,530,1024.0,646.0,1.0,0.0,0.4941176474094391,0.5641895835477563,,C:\Users\sophi\napari-organoid-segmentation\reports\segmentations\organoid_measurements_aspirina_1_v2_segmentations\Condição 1 - 2_labels.tif
Condição 1 - 2.jpg,ConvPaint,531,1024.0,648.0,1.0,0.0,0.47843137383461,0.5641895835477563,,C:\Users\sophi\napari-organoid-segmentation\reports\segmentations\organoid_measurements_aspirina_1_v2_segmentations\Condição 1 - 2_labels.tif
Condição 1 - 2.jpg,ConvPaint,532,1025.0,614.0,1.0,0.0,0.5372549295425415,0.5641895835477563,,C:\Users\sophi\napari-organoid-segmentation\reports\segmentations\organoid_measurements_aspirina_1_v2_segmentations\Condição 1 - 2_labels.tif
Condição 1 - 2.jpg,ConvPaint,533,1025.5,621.0,2.0,0.0,0.4803921580314636,0.7978845608028654,,C:\Users\sophi\napari-organoid-segmentation\reports\segmentations\organoid_measurements_aspirina_1_v2_segmentations\Condição 1 - 2_labels.tif
Condição 1 - 2.jpg,ConvPaint,534,1025.5,623.0,2.0,0.0,0.43921568989753723,0.7978845608028654,,C:\Users\sophi\napari-organoid-segmentation\reports\segmentations\organoid_measurements_aspirina_1_v2_segmentations\Condição 1 - 2_labels.tif
Condição 1 - 2.jpg,ConvPaint,535,1026.3333333333333,645.0,3.0,1.2071067811865475,0.5346405506134033,0.9772050238058398,25.872580053727066,C:\Users\sophi\napari-organoid-segmentation\reports\segmentations\organoid_measurements_aspirina_1_v2_segmentations\Condição 1 - 2_labels.tif
Condição 1 - 2.jpg,ConvPaint,536,1028.84375,611.875,32.0,21.899494936611667,0.46617648005485535,3.1915382432114616,0.8384779468052586,C:\Users\sophi\napari-organoid-segmentation\reports\segmentations\organoid_measurements_aspirina_1_v2_segmentations\Condição 1 - 2_labels.tif
Condição 1 - 2.jpg,ConvPaint,537,1030.5,718.5,2.0,0.0,0.501960813999176,0.7978845608028654,,C:\Users\sophi\napari-organoid-segmentation\reports\segmentations\organoid_measurements_aspirina_1_v2_segmentations\Condição 1 - 2_labels.tif
Condição 1 - 2.jpg,ConvPaint,538,1033.0,713.6666666666666,3.0,1.2071067811865475,0.48366013169288635,0.9772050238058398,25.872580053727066,C:\Users\sophi\napari-organoid-segmentation\reports\segmentations\organoid_measurements_aspirina_1_v2_segmentations\Condição 1 - 2_labels.tif
Condição 1 - 2.jpg,ConvPaint,539,1034.0,721.2857142857143,7.0,6.207106781186548,0.49915966391563416,1.4927053303604616,2.2831238497444226,C:\Users\sophi\napari-organoid-segmentation\reports\segmentations\organoid_measurements_aspirina_1_v2_segmentations\Condição 1 - 2_labels.tif
Condição 1 - 2.jpg,ConvPaint,540,1033.0,606.5,2.0,0.0,0.4843137264251709,0.7978845608028654,,C:\Users\sophi\napari-organoid-segmentation\reports\segmentations\organoid_measurements_aspirina_1_v2_segmentations\Condição 1 - 2_labels.tif
Condição 1 - 2.jpg,ConvPaint,541,1034.6666666666667,1860.6666666666667,3.0,3.414213562373095,0.0,0.9772050238058398,3.2340725067158833,C:\Users\sophi\napari-organoid-segmentation\reports\segmentations\organoid_measurements_aspirina_1_v2_segmentations\Condição 1 - 2_labels.tif
Condição 1 - 2.jpg,ConvPaint,542,1035.6666666666667,717.3333333333334,3.0,3.414213562373095,0.4588235318660736,0.9772050238058398,3.2340725067158833,C:\Users\sophi\napari-organoid-segmentation\reports\segmentations\organoid_measurements_aspirina_1_v2_segmentations\Condição 1 - 2_labels.tif
Condição 1 - 2.jpg,ConvPaint,543,1035.0,1755.0,1.0,0.0,0.0,0.5641895835477563,,C:\Users\sophi\napari-organoid-segmentation\reports\segmentations\organoid_measurements_aspirina_1_v2_segmentations\Condição 1 - 2_labels.tif
Condição 1 - 2.jpg,ConvPaint,544,1036.0,636.0,1.0,0.0,0.3843137323856354,0.5641895835477563,,C:\Users\sophi\napari-organoid-segmentation\reports\segmentations\organoid_measurements_aspirina_1_v2_segmentations\Condição 1 - 2_labels.tif
Condição 1 - 2.jpg,ConvPaint,545,1038.6666666666667,716.3333333333334,3.0,3.414213562373095,0.46928104758262634,0.9772050238058398,3.2340725067158833,C:\Users\sophi\napari-organoid-segmentation\reports\segmentations\organoid_measurements_aspirina_1_v2_segmentations\Condição 1 - 2_labels.tif
Condição 1 - 2.jpg,ConvPaint,546,1042.4634146341464,726.4146341463414,41.0,35.48528137423857,0.4621712267398834,3.6125759969217834,0.4091638102814709,C:\Users\sophi\napari-organoid-segmentation\reports\segmentations\organoid_measurements_aspirina_1_v2_segmentations\Condição 1 - 2_labels.tif
Condição 1 - 2.jpg,ConvPaint,547,1046.75,722.25,4.0,3.2071067811865475,0.46568629145622253,1.1283791670955126,4.887007608661263,C:\Users\sophi\napari-organoid-segmentation\reports\segmentations\organoid_measurements_aspirina_1_v2_segmentations\Condição 1 - 2_labels.tif
Condição 1 - 2.jpg,ConvPaint,548,1048.6666666666667,152.33333333333334,3.0,3.414213562373095,0.7594771385192871,0.9772050238058398,3.2340725067158833,C:\Users\sophi\napari-organoid-segmentation\reports\segmentations\organoid_measurements_aspirina_1_v2_segmentations\Condição 1 - 2_labels.tif
Condição 1 - 2.jpg,ConvPaint,549,1048.0,305.5,2.0,0.0,0.5843137502670288,0.7978845608028654,,C:\Users\sophi\napari-organoid-segmentation\reports\segmentations\organoid_measurements_aspirina_1_v2_segmentations\Condição 1 - 2_labels.tif
Condição 1 - 2.jpg,ConvPaint,550,1051.3636363636363,733.060606060606,33.0,22.44974746830583,0.4354129731655121,3.2410224072142872,0.8228125055399068,C:\Users\sophi\napari-organoid-segmentation\reports\segmentations\organoid_measurements_aspirina_1_v2_segmentations\Condição 1 - 2_labels.tif
Condição 1 - 2.jpg,ConvPaint,551,1054.0,607.0,1.0,0.0,0.3764705955982208,0.5641895835477563,,C:\Users\sophi\napari-organoid-segmentation\reports\segmentations\organoid_measurements_aspirina_1_v2_segmentations\Condição 1 - 2_labels.tif
Condição 1 - 2.jpg,ConvPaint,552,1056.0,722.0,1.0,0.0,0.40784314274787903,0.5641895835477563,,C:\Users\sophi\napari-organoid-segmentation\reports\segmentations\organoid_measurements_aspirina_1_v2_segmentations\Condição 1 - 2_labels.tif
Condição 1 - 2.jpg,ConvPaint,553,1058.0,606.0,1.0,0.0,0.32156863808631897,0.5641895835477563,,C:\Users\sophi\napari-organoid-segmentation\reports\segmentations\organoid_measurements_aspirina_1_v2_segmentations\Condição 1 - 2_labels.tif
Condição 1 - 2.jpg,ConvPaint,554,1065.8333333333333,142.66666666666666,6.0,5.0,0.5464052557945251,1.381976597885342,3.015928947446201,C:\Users\sophi\napari-organoid-segmentation\reports\segmentations\organoid_measurements_aspirina_1_v2_segmentations\Condição 1 - 2_labels.tif
Condição 1 - 2.jpg,ConvPaint,555,1066.0,164.5,2.0,0.0,0.3450980484485626,0.7978845608028654,,C:\Users\sophi\napari-organoid-segmentation\reports\segmentations\organoid_measurements_aspirina_1_v2_segmentations\Condição 1 - 2_labels.tif
Condição 1 - 2.jpg,ConvPaint,556,1074.5,749.0,2.0,0.0,0.47647058963775635,0.7978845608028654,,C:\Users\sophi\napari-organoid-segmentation\reports\segmentations\organoid_measurements_aspirina_1_v2_segmentations\Condição 1 - 2_labels.tif
Condição 1 - 3.jpg,ConvPaint,1,6.003952569169961,756.7529644268775,1012.0,344.2020561473032,0.3271409869194031,17.94796937867892,0.10734046093315489,C:\Users\sophi\napari-organoid-segmentation\reports\segmentations\organoid_measurements_aspirina_1_v2_segmentations\Condição 1 - 3_labels.tif
Condição 1 - 3.jpg,ConvPaint,2,2.8979591836734695,803.0408163265306,49.0,26.86396103067893,0.3695078194141388,3.949327084834294,0.8532294683531574,C:\Users\sophi\napari-organoid-segmentation\reports\segmentations\organoid_measurements_aspirina_1_v2_segmentations\Condição 1 - 3_labels.tif
Condição 1 - 3.jpg,ConvPaint,3,19.993040230860636,1176.026481072823,5891.0,692.0315292925759,0.2255198359489441,43.303158539634396,0.1545778005759542,C:\Users\sophi\napari-organoid-segmentation\reports\segmentations\organoid_measurements_aspirina_1_v2_segmentations\Condição 1 - 3_labels.tif
Condição 1 - 3.jpg,ConvPaint,4,20.421545003543585,1616.6975194897236,7055.0,503.58073580374355,0.1877439320087433,47.38856662768608,0.3495977798799918,C:\Users\sophi\napari-organoid-segmentation\reports\segmentations\organoid_measurements_aspirina_1_v2_segmentations\Condição 1 - 3_labels.tif
Condição 1 - 3.jpg,ConvPaint,5,2.0,745.0,1.0,0.0,0.3176470696926117,0.5641895835477563,,C:\Users\sophi\napari-organoid-segmentation\reports\segmentations\organoid_measurements_aspirina_1_v2_segmentations\Condição 1 - 3_labels.tif
Condição 1 - 3.jpg,ConvPaint,6,7.0,1522.0,1.0,0.0,0.3490196168422699,0.5641895835477563,,C:\Users\sophi\napari-organoid-segmentation\reports\segmentations\organoid_measurements_aspirina_1_v2_segmentations\Condição 1 - 3_labels.tif
Condição 1 - 3.jpg,ConvPaint,7,12.0,1521.0,1.0,0.0,0.3803921639919281,0.5641895835477563,,C:\Users\sophi\napari-organoid-segmentation\reports\segmentations\organoid_measurements_aspirina_1_v2_segmentations\Condição 1 - 3_labels.tif
Condição 1 - 3.jpg,ConvPaint,8,13.0,798.0,1.0,0.0,0.5568627715110779,0.5641895835477563,,C:\Users\sophi\napari-organoid-segmentation\reports\segmentations\organoid_measurements_aspirina_1_v2_segmentations\Condição 1 - 3_labels.tif
Condição 1 - 3.jpg,ConvPaint,9,14.0,770.0,1.0,0.0,0.47058823704719543,0.5641895835477563,,C:\Users\sophi\napari-organoid-segmentation\reports\segmentations\organoid_measurements_aspirina_1_v2_segmentations\Condição 1 - 3_labels.tif
Condição 1 - 3.jpg,ConvPaint,10,15.0,740.0,1.0,0.0,0.545098066329956,0.5641895835477563,,C:\Users\sophi\napari-organoid-segmentation\reports\segmentations\organoid_measurements_aspirina_1_v2_segmentations\Condição 1 - 3_labels.tif
Condição 1 - 3.jpg,ConvPaint,11,15.0,757.5,2.0,0.0,0.42941176891326904,0.7978845608028654,,C:\Users\sophi\napari-organoid-segmentation\reports\segmentations\organoid_measurements_aspirina_1_v2_segmentations\Condição 1 - 3_labels.tif
Condição 1 - 3.jpg,ConvPaint,12,16.333333333333332,1521.3333333333333,3.0,3.414213562373095,0.4104575216770172,0.9772050238058398,3.2340725067158833,C:\Users\sophi\napari-organoid-segmentation\reports\segmentations\organoid_measurements_aspirina_1_v2_segmentations\Condição 1 - 3_labels.tif
Condição 1 - 3.jpg,ConvPaint,13,17.5,754.0,2.0,0.0,0.4843137264251709,0.7978845608028654,,C:\Users\sophi\napari-organoid-segmentation\reports\segmentations\organoid_measurements_aspirina_1_v2_segmentations\Condição 1 - 3_labels.tif
Condição 1 - 3.jpg,ConvPaint,14,29.0,1691.0,1.0,0.0,0.364705890417099,0.5641895835477563,,C:\Users\sophi\napari-organoid-segmentation\reports\segmentations\organoid_measurements_aspirina_1_v2_segmentations\Condição 1 - 3_labels.tif
Condição 1 - 3.jpg,ConvPaint,15,33.0,1110.0,1.0,0.0,0.32549020648002625,0.5641895835477563,,C:\Users\sophi\napari-organoid-segmentation\reports\segmentations\organoid_measurements_aspirina_1_v2_segmentations\Condição 1 - 3_labels.tif
Condição 1 - 3.jpg,ConvPaint,16,33.0,1548.0,1.0,0.0,0.38823530077934265,0.5641895835477563,,C:\Users\sophi\napari-organoid-segmentation\reports\segmentations\organoid_measurements_aspirina_1_v2_segmentations\Condição 1 - 3_labels.tif
Condição 1 - 3.jpg,ConvPaint,17,36.5,1111.0,2.0,0.0,0.30980393290519714,0.7978845608028654,,C:\Users\sophi\napari-organoid-segmentation\reports\segmentations\organoid_measurements_aspirina_1_v2_segmentations\Condição 1 - 3_labels.tif
Condição 1 - 3.jpg,ConvPaint,18,39.0,1560.0,3.0,1.0,0.4130719006061554,0.9772050238058398,37.69911184307752,C:\Users\sophi\napari-organoid-segmentation\reports\segmentations\organoid_measurements_aspirina_1_v2_segmentations\Condição 1 - 3_labels.tif
Condição 1 - 3.jpg,ConvPaint,19,41.0,1198.0,1.0,0.0,0.3803921639919281,0.5641895835477563,,C:\Users\sophi\napari-organoid-segmentation\reports\segmentations\organoid_measurements_aspirina_1_v2_segmentations\Condição 1 - 3_labels.tif
Condição 1 - 3.jpg,ConvPaint,20,41.0,1200.5,2.0,0.0,0.3764705955982208,0.7978845608028654,,C:\Users\sophi\napari-organoid-segmentation\reports\segmentations\organoid_measurements_aspirina_1_v2_segmentations\Condição 1 - 3_labels.tif
Condição 1 - 3.jpg,ConvPaint,21,42.0,1559.0,1.0,0.0,0.4627451002597809,0.5641895835477563,,C:\Users\sophi\napari-organoid-segmentation\reports\segmentations\organoid_measurements_aspirina_1_v2_segmentations\Condição 1 - 3_labels.tif
Condição 1 - 3.jpg,ConvPaint,22,43.0,1218.0,1.0,0.0,0.4274509847164154,0.5641895835477563,,C:\Users\sophi\napari-organoid-segmentation\reports\segmentations\organoid_measurements_aspirina_1_v2_segmentations\Condição 1 - 3_labels.tif
Condição 1 - 3.jpg,ConvPaint,23,44.5,1121.0,2.0,0.0,0.3705882430076599,0.7978845608028654,,C:\Users\sophi\napari-organoid-segmentation\reports\segmentations\organoid_measurements_aspirina_1_v2_segmentations\Condição 1 - 3_labels.tif
Condição 1 - 3.jpg,ConvPaint,24,45.0,1127.0,1.0,0.0,0.32549020648002625,0.5641895835477563,,C:\Users\sophi\napari-organoid-segmentation\reports\segmentations\organoid_measurements_aspirina_1_v2_segmentations\Condição 1 - 3_labels.tif
Condição 1 - 3.jpg,ConvPaint,25,45.0,1586.0,1.0,0.0,0.34117648005485535,0.5641895835477563,,C:\Users\sophi\napari-organoid-segmentation\reports\segmentations\organoid_measurements_aspirina_1_v2_segmentations\Condição 1 - 3_labels.tif
Condição 1 - 3.jpg,ConvPaint,26,46.5,1174.5,2.0,0.0,0.3901960849761963,0.7978845608028654,,C:\Users\sophi\napari-organoid-segmentation\reports\segmentations\organoid_measurements_aspirina_1_v2_segmentations\Condição 1 - 3_labels.tif
Condição 1 - 3.jpg,ConvPaint,27,46.5,1594.5,4.0,4.0,0.3588235378265381,1.1283791670955126,3.141592653589793,C:\Users\sophi\napari-organoid-segmentation\reports\segmentations\organoid_measurements_aspirina_1_v2_segmentations\Condição 1 - 3_labels.tif
Condição 1 - 3.jpg,ConvPaint,28,47.0,1140.5,2.0,0.0,0.31960785388946533,0.7978845608028654,,C:\Users\sophi\napari-organoid-segmentation\reports\segmentations\organoid_measurements_aspirina_1_v2_segmentations\Condição 1 - 3_labels.tif
Condição 1 - 3.jpg,ConvPaint,29,47.0,1581.0,1.0,0.0,0.3686274588108063,0.5641895835477563,,C:\Users\sophi\napari-organoid-segmentation\reports\segmentations\organoid_measurements_aspirina_1_v2_segmentations\Condição 1 - 3_labels.tif
Condição 1 - 3.jpg,ConvPaint,30,50.0,1161.4444444444443,9.0,7.035533905932738,0.4806100130081177,1.692568750643269,2.2848529397606376,C:\Users\sophi\napari-organoid-segmentation\reports\segmentations\organoid_measurements_aspirina_1_v2_segmentations\Condição 1 - 3_labels.tif
Condição 1 - 3.jpg,ConvPaint,31,48.0,1525.0,1.0,0.0,0.4313725531101227,0.5641895835477563,,C:\Users\sophi\napari-organoid-segmentation\reports\segmentations\organoid_measurements_aspirina_1_v2_segmentations\Condição 1 - 3_labels.tif
Condição 1 - 3.jpg,ConvPaint,32,49.666666666666664,1138.3333333333333,3.0,3.414213562373095,0.37254902720451355,0.9772050238058398,3.2340725067158833,C:\Users\sophi\napari-organoid-segmentation\reports\segmentations\organoid_measurements_aspirina_1_v2_segmentations\Condição 1 - 3_labels.tif
Condição 1 - 3.jpg,ConvPaint,33,49.0,1177.0,1.0,0.0,0.4313725531101227,0.5641895835477563,,C:\Users\sophi\napari-organoid-segmentation\reports\segmentations\organoid_measurements_aspirina_1_v2_segmentations\Condição 1 - 3_labels.tif
Condição 1 - 3.jpg,ConvPaint,34,50.0,1174.5,2.0,0.0,0.4686274528503418,0.7978845608028654,,C:\Users\sophi\napari-organoid-segmentation\reports\segmentations\organoid_measurements_aspirina_1_v2_segmentations\Condição 1 - 3_labels.tif
Condição 1 - 3.jpg,ConvPaint,35,50.0,1526.5,2.0,0.0,0.4745098054409027,0.7978845608028654,,C:\Users\sophi\napari-organoid-segmentation\reports\segmentations\organoid_measurements_aspirina_1_v2_segmentations\Condição 1 - 3_labels.tif
Condição 1 - 3.jpg,ConvPaint,36,50.0,1609.0,1.0,0.0,0.3686274588108063,0.5641895835477563,,C:\Users\sophi\napari-organoid-segmentation\reports\segmentations\organoid_measurements_aspirina_1_v2_segmentations\Condição 1 - 3_labels.tif
Condição 1 - 3.jpg,ConvPaint,37,51.0,1619.0,1.0,0.0,0.35686275362968445,0.5641895835477563,,C:\Users\sophi\napari-organoid-segmentation\reports\segmentations\organoid_measurements_aspirina_1_v2_segmentations\Condição 1 - 3_labels.tif
Condição 1 - 3.jpg,ConvPaint,38,51.0,1655.0,1.0,0.0,0.33725491166114807,0.5641895835477563,,C:\Users\sophi\napari-organoid-segmentation\reports\segmentations\organoid_measurements_aspirina_1_v2_segmentations\Condição 1 - 3_labels.tif
Condição 1 - 3.jpg,ConvPaint,39,53.81818181818182,1126.1818181818182,11.0,9.449747468305834,0.4071301221847534,1.8712051592547776,1.5479685885568033,C:\Users\sophi\napari-organoid-segmentation\reports\segmentations\organoid_measurements_aspirina_1_v2_segmentations\Condição 1 - 3_labels.tif
Condição 1 - 3.jpg,ConvPaint,40,57.94444444444444,1130.7777777777778,18.0,13.449747468305832,0.42941176891326904,2.393653682408596,1.2504148100484347,C:\Users\sophi\napari-organoid-segmentation\reports\segmentations\organoid_measurements_aspirina_1_v2_segmentations\Condição 1 - 3_labels.tif
Condição 1 - 3.jpg,ConvPaint,41,59.0,1125.0,1.0,0.0,0.47058823704719543,0.5641895835477563,,C:\Users\sophi\napari-organoid-segmentation\reports\segmentations\organoid_measurements_aspirina_1_v2_segmentations\Condição 1 - 3_labels.tif
Condição 1 - 3.jpg,ConvPaint,42,60.0,1553.0,1.0,0.0,0.43921568989753723,0.5641895835477563,,C:\Users\sophi\napari-organoid-segmentation\reports\segmentations\organoid_measurements_aspirina_1_v2_segmentations\Condição 1 - 3_labels.tif
Condição 1 - 3.jpg,ConvPaint,43,319.92193210338604,287.38954691559155,22711.0,1711.1606050557098,0.2586108148097992,85.02432490246582,0.09746856562628567,C:\Users\sophi\napari-organoid-segmentation\reports\segmentations\organoid_measurements_aspirina_1_v2_segmentations\Condição 1 - 3_labels.tif
Condição 1 - 3.jpg,ConvPaint,44,237.0,305.0,1.0,0.0,0.529411792755127,0.5641895835477563,,C:\Users\sophi\napari-organoid-segmentation\reports\segmentations\organoid_measurements_aspirina_1_v2_segmentations\Condição 1 - 3_labels.tif
Condição 1 - 3.jpg,ConvPaint,45,237.0,324.0,1.0,0.0,0.7019608020782471,0.5641895835477563,,C:\Users\sophi\napari-organoid-segmentation\reports\segmentations\organoid_measurements_aspirina_1_v2_segmentations\Condição 1 - 3_labels.tif
Condição 1 - 3.jpg,ConvPaint,46,237.5,326.0,2.0,0.0,0.7509803771972656,0.7978845608028654,,C:\Users\sophi\napari-organoid-segmentation\reports\segmentations\organoid_measurements_aspirina_1_v2_segmentations\Condição 1 - 3_labels.tif
Condição 1 - 3.jpg,ConvPaint,47,240.0,327.0,1.0,0.0,0.6784313917160034,0.5641895835477563,,C:\Users\sophi\napari-organoid-segmentation\reports\segmentations\organoid_measurements_aspirina_1_v2_segmentations\Condição 1 - 3_labels.tif
Condição 1 - 3.jpg,ConvPaint,48,252.5,342.5,4.0,4.0,0.7225490212440491,1.1283791670955126,3.141592653589793,C:\Users\sophi\napari-organoid-segmentation\reports\segmentations\organoid_measurements_aspirina_1_v2_segmentations\Condição 1 - 3_labels.tif
Condição 1 - 3.jpg,ConvPaint,49,256.5,219.0,2.0,0.0,0.5392156839370728,0.7978845608028654,,C:\Users\sophi\napari-organoid-segmentation\reports\segmentations\organoid_measurements_aspirina_1_v2_segmentations\Condição 1 - 3_labels.tif
Condição 1 - 3.jpg,ConvPaint,50,258.5,216.0,2.0,0.0,0.5352941751480103,0.7978845608028654,,C:\Users\sophi\napari-organoid-segmentation\reports\segmentations\organoid_measurements_aspirina_1_v2_segmentations\Condição 1 - 3_labels.tif
Condição 1 - 3.jpg,ConvPaint,51,258.0,226.0,1.0,0.0,0.5803921818733215,0.5641895835477563,,C:\Users\sophi\napari-organoid-segmentation\reports\segmentations\organoid_measurements_aspirina_1_v2_segmentations\Condição 1 - 3_labels.tif
Condição 1 - 3.jpg,ConvPaint,52,258.0,679.0,1.0,0.0,0.6000000238418579,0.5641895835477563,,C:\Users\sophi\napari-organoid-segmentation\reports\segmentations\organoid_measurements_aspirina_1_v2_segmentations\Condição 1 - 3_labels.tif
Condição 1 - 3.jpg,ConvPaint,53,258.5,698.5,2.0,0.0,0.5156862735748291,0.7978845608028654,,C:\Users\sophi\napari-organoid-segmentation\reports\segmentations\organoid_measurements_aspirina_1_v2_segmentations\Condição 1 - 3_labels.tif
Condição 1 - 3.jpg,ConvPaint,54,260.0,226.0,1.0,0.0,0.5843137502670288,0.5641895835477563,,C:\Users\sophi\napari-organoid-segmentation\reports\segmentations\organoid_measurements_aspirina_1_v2_segmentations\Condição 1 - 3_labels.tif
Condição 1 - 3.jpg,ConvPaint,55,260.0,678.0,1.0,0.0,0.5372549295425415,0.5641895835477563,,C:\Users\sophi\napari-organoid-segmentation\reports\segmentations\organoid_measurements_aspirina_1_v2_segmentations\Condição 1 - 3_labels.tif
Condição 1 - 3.jpg,ConvPaint,56,353.8952673514448,712.954161466833,20834.0,1760.5392847121502,0.2653159499168396,81.43505491342837,0.0844677805819759,C:\Users\sophi\napari-organoid-segmentation\reports\segmentations\organoid_measurements_aspirina_1_v2_segmentations\Condição 1 - 3_labels.tif
Condição 1 - 3.jpg,ConvPaint,57,261.0,676.0,1.0,0.0,0.5529412031173706,0.5641895835477563,,C:\Users\sophi\napari-organoid-segmentation\reports\segmentations\organoid_measurements_aspirina_1_v2_segmentations\Condição 1 - 3_labels.tif
Condição 1 - 3.jpg,ConvPaint,58,262.0,225.0,1.0,0.0,0.4627451002597809,0.5641895835477563,,C:\Users\sophi\napari-organoid-segmentation\reports\segmentations\organoid_measurements_aspirina_1_v2_segmentations\Condição 1 - 3_labels.tif
Condição 1 - 3.jpg,ConvPaint,59,264.0,214.0,1.0,0.0,0.6823529601097107,0.5641895835477563,,C:\Users\sophi\napari-organoid-segmentation\reports\segmentations\organoid_measurements_aspirina_1_v2_segmentations\Condição 1 - 3_labels.tif
Condição 1 - 3.jpg,ConvPaint,60,265.5,211.0,2.0,0.0,0.5176470875740051,0.7978845608028654,,C:\Users\sophi\napari-organoid-segmentation\reports\segmentations\organoid_measurements_aspirina_1_v2_segmentations\Condição 1 - 3_labels.tif
Condição 1 - 3.jpg,ConvPaint,61,266.6666666666667,214.33333333333334,3.0,3.414213562373095,0.630065381526947,0.9772050238058398,3.2340725067158833,C:\Users\sophi\napari-organoid-segmentation\reports\segmentations\organoid_measurements_aspirina_1_v2_segmentations\Condição 1 - 3_labels.tif
Condição 1 - 3.jpg,ConvPaint,62,268.75,695.25,4.0,3.2071067811865475,0.4323529303073883,1.1283791670955126,4.887007608661263,C:\Users\sophi\napari-organoid-segmentation\reports\segmentations\organoid_measurements_aspirina_1_v2_segmentations\Condição 1 - 3_labels.tif
Condição 1 - 3.jpg,ConvPaint,63,269.0,693.0,1.0,0.0,0.45098039507865906,0.5641895835477563,,C:\Users\sophi\napari-organoid-segmentation\reports\segmentations\organoid_measurements_aspirina_1_v2_segmentations\Condição 1 - 3_labels.tif
Condição 1 - 3.jpg,ConvPaint,64,270.0,212.0,1.0,0.0,0.5333333611488342,0.5641895835477563,,C:\Users\sophi\napari-organoid-segmentation\reports\segmentations\organoid_measurements_aspirina_1_v2_segmentations\Condição 1 - 3_labels.tif
Condição 1 - 3.jpg,ConvPaint,65,273.5,722.0,2.0,0.0,0.4745098054409027,0.7978845608028654,,C:\Users\sophi\napari-organoid-segmentation\reports\segmentations\organoid_measurements_aspirina_1_v2_segmentations\Condição 1 - 3_labels.tif
Condição 1 - 3.jpg,ConvPaint,66,275.0,1084.0,1.0,0.0,0.47058823704719543,0.5641895835477563,,C:\Users\sophi\napari-organoid-segmentation\reports\segmentations\organoid_measurements_aspirina_1_v2_segmentations\Condição 1 - 3_labels.tif
Condição 1 - 3.jpg,ConvPaint,67,276.5,1080.5,4.0,4.0,0.5156862735748291,1.1283791670955126,3.141592653589793,C:\Users\sophi\napari-organoid-segmentation\reports\segmentations\organoid_measurements_aspirina_1_v2_segmentations\Condição 1 - 3_labels.tif
Condição 1 - 3.jpg,ConvPaint,68,278.8888888888889,659.4444444444445,9.0,8.621320343559642,0.45620912313461304,1.692568750643269,1.5216150964638036,C:\Users\sophi\napari-organoid-segmentation\reports\segmentations\organoid_measurements_aspirina_1_v2_segmentations\Condição 1 - 3_labels.tif
Condição 1 - 3.jpg,ConvPaint,69,373.6319165998396,1155.774699278268,24940.0,1638.1656556895932,0.23987799882888794,89.09909405501125,0.1167859720403906,C:\Users\sophi\napari-organoid-segmentation\reports\segmentations\organoid_measurements_aspirina_1_v2_segmentations\Condição 1 - 3_labels.tif
Condição 1 - 3.jpg,ConvPaint,70,281.0,737.0,1.0,0.0,0.6941176652908325,0.5641895835477563,,C:\Users\sophi\napari-organoid-segmentation\reports\segmentations\organoid_measurements_aspirina_1_v2_segmentations\Condição 1 - 3_labels.tif
Condição 1 - 3.jpg,ConvPaint,71,286.0,649.0,1.0,0.0,0.529411792755127,0.5641895835477563,,C:\Users\sophi\napari-organoid-segmentation\reports\segmentations\organoid_measurements_aspirina_1_v2_segmentations\Condição 1 - 3_labels.tif
Condição 1 - 3.jpg,ConvPaint,72,293.5,641.8333333333334,12.0,10.414213562373096,0.49248364567756653,1.9544100476116797,1.3903948523206067,C:\Users\sophi\napari-organoid-segmentation\reports\segmentations\organoid_measurements_aspirina_1_v2_segmentations\Condição 1 - 3_labels.tif
Condição 1 - 3.jpg,ConvPaint,73,298.0,1109.0,1.0,0.0,0.529411792755127,0.5641895835477563,,C:\Users\sophi\napari-organoid-segmentation\reports\segmentations\organoid_measurements_aspirina_1_v2_segmentations\Condição 1 - 3_labels.tif
Condição 1 - 3.jpg,ConvPaint,74,300.6,770.4,5.0,3.0,0.5458824038505554,1.2615662610100802,6.981317007977318,C:\Users\sophi\napari-organoid-segmentation\reports\segmentations\organoid_measurements_aspirina_1_v2_segmentations\Condição 1 - 3_labels.tif
Condição 1 - 3.jpg,ConvPaint,75,302.0,640.0,3.0,1.0,0.5320261120796204,0.9772050238058398,37.69911184307752,C:\Users\sophi\napari-organoid-segmentation\reports\segmentations\organoid_measurements_aspirina_1_v2_segmentations\Condição 1 - 3_labels.tif
Condição 1 - 3.jpg,ConvPaint,76,301.0,1108.0,1.0,0.0,0.6196078658103943,0.5641895835477563,,C:\Users\sophi\napari-organoid-segmentation\reports\segmentations\organoid_measurements_aspirina_1_v2_segmentations\Condição 1 - 3_labels.tif
Condição 1 - 3.jpg,ConvPaint,77,304.0,208.0,1.0,0.0,0.3333333432674408,0.5641895835477563,,C:\Users\sophi\napari-organoid-segmentation\reports\segmentations\organoid_measurements_aspirina_1_v2_segmentations\Condição 1 - 3_labels.tif
Condição 1 - 3.jpg,ConvPaint,78,304.0,1106.0,1.0,0.0,0.6352941393852234,0.5641895835477563,,C:\Users\sophi\napari-organoid-segmentation\reports\segmentations\organoid_measurements_aspirina_1_v2_segmentations\Condição 1 - 3_labels.tif
Condição 1 - 3.jpg,ConvPaint,79,308.0,369.0,1.0,0.0,0.37254902720451355,0.5641895835477563,,C:\Users\sophi\napari-organoid-segmentation\reports\segmentations\organoid_measurements_aspirina_1_v2_segmentations\Condição 1 - 3_labels.tif
Condição 1 - 3.jpg,ConvPaint,80,308.5,377.0,2.0,0.0,0.3960784375667572,0.7978845608028654,,C:\Users\sophi\napari-organoid-segmentation\reports\segmentations\organoid_measurements_aspirina_1_v2_segmentations\Condição 1 - 3_labels.tif
Condição 1 - 3.jpg,ConvPaint,81,311.0,377.0,1.0,0.0,0.3843137323856354,0.5641895835477563,,C:\Users\sophi\napari-organoid-segmentation\reports\segmentations\organoid_measurements_aspirina_1_v2_segmentations\Condição 1 - 3_labels.tif
Condição 1 - 3.jpg,ConvPaint,82,312.0,640.0,1.0,0.0,0.5490196347236633,0.5641895835477563,,C:\Users\sophi\napari-organoid-segmentation\reports\segmentations\organoid_measurements_aspirina_1_v2_segmentations\Condição 1 - 3_labels.tif
Condição 1 - 3.jpg,ConvPaint,83,324.5,1077.0,6.0,6.0,0.5300653576850891,1.381976597885342,2.0943951023931953,C:\Users\sophi\napari-organoid-segmentation\reports\segmentations\organoid_measurements_aspirina_1_v2_segmentations\Condição 1 - 3_labels.tif
Condição 1 - 3.jpg,ConvPaint,84,418.67968973065575,1576.924478918816,21014.0,1181.1107857999043,0.22832752764225006,81.78608652005656,0.18929420596429308,C:\Users\sophi\napari-organoid-segmentation\reports\segmentations\organoid_measurements_aspirina_1_v2_segmentations\Condição 1 - 3_labels.tif
Condição 1 - 3.jpg,ConvPaint,85,337.9,1069.4,10.0,8.414213562373096,0.4717647135257721,1.7841241161527712,1.7749364273220878,C:\Users\sophi\napari-organoid-segmentation\reports\segmentations\organoid_measurements_aspirina_1_v2_segmentations\Condição 1 - 3_labels.tif
Condição 1 - 3.jpg,ConvPaint,86,339.0,1247.0,1.0,0.0,0.48235294222831726,0.5641895835477563,,C:\Users\sophi\napari-organoid-segmentation\reports\segmentations\organoid_measurements_aspirina_1_v2_segmentations\Condição 1 - 3_labels.tif
Condição 1 - 3.jpg,ConvPaint,87,352.0,1072.0,1.0,0.0,0.5254902243614197,0.5641895835477563,,C:\Users\sophi\napari-organoid-segmentation\reports\segmentations\organoid_measurements_aspirina_1_v2_segmentations\Condição 1 - 3_labels.tif
Condição 1 - 3.jpg,ConvPaint,88,358.0,630.0,1.0,0.0,0.46666666865348816,0.5641895835477563,,C:\Users\sophi\napari-organoid-segmentation\reports\segmentations\organoid_measurements_aspirina_1_v2_segmentations\Condição 1 - 3_labels.tif
Condição 1 - 3.jpg,ConvPaint,89,358.0,1515.0,1.0,0.0,0.4588235318660736,0.5641895835477563,,C:\Users\sophi\napari-organoid-segmentation\reports\segmentations\organoid_measurements_aspirina_1_v2_segmentations\Condição 1 - 3_labels.tif
Condição 1 - 3.jpg,ConvPaint,90,359.0,371.0,1.0,0.0,0.48235294222831726,0.5641895835477563,,C:\Users\sophi\napari-organoid-segmentation\reports\segmentations\organoid_measurements_aspirina_1_v2_segmentations\Condição 1 - 3_labels.tif
Condição 1 - 3.jpg,ConvPaint,91,360.0,1520.0,1.0,0.0,0.3764705955982208,0.5641895835477563,,C:\Users\sophi\napari-organoid-segmentation\reports\segmentations\organoid_measurements_aspirina_1_v2_segmentations\Condição 1 - 3_labels.tif
Condição 1 - 3.jpg,ConvPaint,92,366.0,1247.0,1.0,0.0,0.5333333611488342,0.5641895835477563,,C:\Users\sophi\napari-organoid-segmentation\reports\segmentations\organoid_measurements_aspirina_1_v2_segmentations\Condição 1 - 3_labels.tif
Condição 1 - 3.jpg,ConvPaint,93,370.5,1513.0,2.0,0.0,0.4176470637321472,0.7978845608028654,,C:\Users\sophi\napari-organoid-segmentation\reports\segmentations\organoid_measurements_aspirina_1_v2_segmentations\Condição 1 - 3_labels.tif
Condição 1 - 3.jpg,ConvPaint,94,375.0,633.0,1.0,0.0,0.572549045085907,0.5641895835477563,,C:\Users\sophi\napari-organoid-segmentation\reports\segmentations\organoid_measurements_aspirina_1_v2_segmentations\Condição 1 - 3_labels.tif
Condição 1 - 3.jpg,ConvPaint,95,381.1111111111111,1029.6666666666667,9.0,8.82842712474619,0.5485839247703552,1.692568750643269,1.4510611029558727,C:\Users\sophi\napari-organoid-segmentation\reports\segmentations\organoid_measurements_aspirina_1_v2_segmentations\Condição 1 - 3_labels.tif
Condição 1 - 3.jpg,ConvPaint,96,386.5,332.0,2.0,0.0,0.37254902720451355,0.7978845608028654,,C:\Users\sophi\napari-organoid-segmentation\reports\segmentations\organoid_measurements_aspirina_1_v2_segmentations\Condição 1 - 3_labels.tif
Condição 1 - 3.jpg,ConvPaint,97,387.0,803.0,1.0,0.0,0.37254902720451355,0.5641895835477563,,C:\Users\sophi\napari-organoid-segmentation\reports\segmentations\organoid_measurements_aspirina_1_v2_segmentations\Condição 1 - 3_labels.tif
Condição 1 - 3.jpg,ConvPaint,98,392.38709677419354,331.9032258064516,31.0,25.86396103067893,0.3935483694076538,3.141274657157109,0.5823465183997272,C:\Users\sophi\napari-organoid-segmentation\reports\segmentations\organoid_measurements_aspirina_1_v2_segmentations\Condição 1 - 3_labels.tif
Condição 1 - 3.jpg,ConvPaint,99,391.0,343.0,1.0,0.0,0.4000000059604645,0.5641895835477563,,C:\Users\sophi\napari-organoid-segmentation\reports\segmentations\organoid_measurements_aspirina_1_v2_segmentations\Condição 1 - 3_labels.tif
Condição 1 - 3.jpg,ConvPaint,100,394.0,785.0,1.0,0.0,0.3450980484485626,0.5641895835477563,,C:\Users\sophi\napari-organoid-segmentation\reports\segmentations\organoid_measurements_aspirina_1_v2_segmentations\Condição 1 - 3_labels.tif
Condição 1 - 3.jpg,ConvPaint,101,394.0,803.0,1.0,0.0,0.46666666865348816,0.5641895835477563,,C:\Users\sophi\napari-organoid-segmentation\reports\segmentations\organoid_measurements_aspirina_1_v2_segmentations\Condição 1 - 3_labels.tif
Condição 1 - 3.jpg,ConvPaint,102,397.25,332.25,4.0,3.2071067811865475,0.48725491762161255,1.1283791670955126,4.887007608661263,C:\Users\sophi\napari-organoid-segmentation\reports\segmentations\organoid_measurements_aspirina_1_v2_segmentations\Condição 1 - 3_labels.tif
Condição 1 - 3.jpg,ConvPaint,103,396.6666666666667,785.6666666666666,3.0,3.414213562373095,0.3477124273777008,0.9772050238058398,3.2340725067158833,C:\Users\sophi\napari-organoid-segmentation\reports\segmentations\organoid_measurements_aspirina_1_v2_segmentations\Condição 1 - 3_labels.tif
Condição 1 - 3.jpg,ConvPaint,104,397.0,254.0,1.0,0.0,0.501960813999176,0.5641895835477563,,C:\Users\sophi\napari-organoid-segmentation\reports\segmentations\organoid_measurements_aspirina_1_v2_segmentations\Condição 1 - 3_labels.tif
Condição 1 - 3.jpg,ConvPaint,105,399.42857142857144,326.57142857142856,7.0,6.414213562373096,0.42521005868911743,1.4927053303604616,2.138065828789302,C:\Users\sophi\napari-organoid-segmentation\reports\segmentations\organoid_measurements_aspirina_1_v2_segmentations\Condição 1 - 3_labels.tif
Condição 1 - 3.jpg,ConvPaint,106,397.0,795.0,1.0,0.0,0.3960784375667572,0.5641895835477563,,C:\Users\sophi\napari-organoid-segmentation\reports\segmentations\organoid_measurements_aspirina_1_v2_segmentations\Condição 1 - 3_labels.tif
Condição 1 - 3.jpg,ConvPaint,107,398.5,793.0,2.0,0.0,0.37843137979507446,0.7978845608028654,,C:\Users\sophi\napari-organoid-segmentation\reports\segmentations\organoid_measurements_aspirina_1_v2_segmentations\Condição 1 - 3_labels.tif
Condição 1 - 3.jpg,ConvPaint,108,399.2857142857143,1237.5714285714287,7.0,7.414213562373096,0.42296919226646423,1.4927053303604616,1.6002127302753708,C:\Users\sophi\napari-organoid-segmentation\reports\segmentations\organoid_measurements_aspirina_1_v2_segmentations\Condição 1 - 3_labels.tif
Condição 1 - 3.jpg,ConvPaint,109,399.0,796.5,2.0,0.0,0.3705882430076599,0.7978845608028654,,C:\Users\sophi\napari-organoid-segmentation\reports\segmentations\organoid_measurements_aspirina_1_v2_segmentations\Condição 1 - 3_labels.tif
Condição 1 - 3.jpg,ConvPaint,110,406.9298245614035,785.9649122807018,57.0,39.27817459305203,0.37007224559783936,4.259537945889915,0.4642822999559598,C:\Users\sophi\napari-organoid-segmentation\reports\segmentations\organoid_measurements_aspirina_1_v2_segmentations\Condição 1 - 3_labels.tif
Condição 1 - 3.jpg,ConvPaint,111,401.0,277.0,1.0,0.0,0.4274509847164154,0.5641895835477563,,C:\Users\sophi\napari-organoid-segmentation\reports\segmentations\organoid_measurements_aspirina_1_v2_segmentations\Condição 1 - 3_labels.tif
Condição 1 - 3.jpg,ConvPaint,112,402.0,279.0,1.0,0.0,0.5372549295425415,0.5641895835477563,,C:\Users\sophi\napari-organoid-segmentation\reports\segmentations\organoid_measurements_aspirina_1_v2_segmentations\Condição 1 - 3_labels.tif
Condição 1 - 3.jpg,ConvPaint,113,402.5,316.5,4.0,4.0,0.5343137383460999,1.1283791670955126,3.141592653589793,C:\Users\sophi\napari-organoid-segmentation\reports\segmentations\organoid_measurements_aspirina_1_v2_segmentations\Condição 1 - 3_labels.tif
Condição 1 - 3.jpg,ConvPaint,114,402.6666666666667,794.3333333333334,3.0,3.414213562373095,0.4091503322124481,0.9772050238058398,3.2340725067158833,C:\Users\sophi\napari-organoid-segmentation\reports\segmentations\organoid_measurements_aspirina_1_v2_segmentations\Condição 1 - 3_labels.tif
Condição 1 - 3.jpg,ConvPaint,115,409.0,775.0,3.0,1.0,0.3450980484485626,0.9772050238058398,37.69911184307752,C:\Users\sophi\napari-organoid-segmentation\reports\segmentations\organoid_measurements_aspirina_1_v2_segmentations\Condição 1 - 3_labels.tif
Condição 1 - 3.jpg,ConvPaint,116,419.0,755.5,2.0,0.0,0.31568628549575806,0.7978845608028654,,C:\Users\sophi\napari-organoid-segmentation\reports\segmentations\organoid_measurements_aspirina_1_v2_segmentations\Condição 1 - 3_labels.tif
Condição 1 - 3.jpg,ConvPaint,117,423.0,757.8333333333334,18.0,15.899494936611664,0.3450980484485626,2.393653682408596,0.894778853239471,C:\Users\sophi\napari-organoid-segmentation\reports\segmentations\organoid_measurements_aspirina_1_v2_segmentations\Condição 1 - 3_labels.tif
Condição 1 - 3.jpg,ConvPaint,118,421.0,775.0,1.0,0.0,0.49803921580314636,0.5641895835477563,,C:\Users\sophi\napari-organoid-segmentation\reports\segmentations\organoid_measurements_aspirina_1_v2_segmentations\Condição 1 - 3_labels.tif
Condição 1 - 3.jpg,ConvPaint,119,422.0,1217.0,1.0,0.0,0.3960784375667572,0.5641895835477563,,C:\Users\sophi\napari-organoid-segmentation\reports\segmentations\organoid_measurements_aspirina_1_v2_segmentations\Condição 1 - 3_labels.tif
Condição 1 - 3.jpg,ConvPaint,120,422.0,1219.0,1.0,0.0,0.46666666865348816,0.5641895835477563,,C:\Users\sophi\napari-organoid-segmentation\reports\segmentations\organoid_measurements_aspirina_1_v2_segmentations\Condição 1 - 3_labels.tif
Condição 1 - 3.jpg,ConvPaint,121,423.0,666.0,1.0,0.0,0.545098066329956,0.5641895835477563,,C:\Users\sophi\napari-organoid-segmentation\reports\segmentations\organoid_measurements_aspirina_1_v2_segmentations\Condição 1 - 3_labels.tif
Condição 1 - 3.jpg,ConvPaint,122,425.0,1659.0,1.0,0.0,0.41960784792900085,0.5641895835477563,,C:\Users\sophi\napari-organoid-segmentation\reports\segmentations\organoid_measurements_aspirina_1_v2_segmentations\Condição 1 - 3_labels.tif
Condição 1 - 3.jpg,ConvPaint,123,429.0,1215.0,3.0,1.0,0.4326797425746918,0.9772050238058398,37.69911184307752,C:\Users\sophi\napari-organoid-segmentation\reports\segmentations\organoid_measurements_aspirina_1_v2_segmentations\Condição 1 - 3_labels.tif
Condição 1 - 3.jpg,ConvPaint,124,431.0,1082.0,1.0,0.0,0.5647059082984924,0.5641895835477563,,C:\Users\sophi\napari-organoid-segmentation\reports\segmentations\organoid_measurements_aspirina_1_v2_segmentations\Condição 1 - 3_labels.tif
Condição 1 - 3.jpg,ConvPaint,125,433.8666666666667,696.9333333333333,15.0,13.207106781186548,0.4501960873603821,2.1850968611841584,1.0806517092365981,C:\Users\sophi\napari-organoid-segmentation\reports\segmentations\organoid_measurements_aspirina_1_v2_segmentations\Condição 1 - 3_labels.tif
Condição 1 - 3.jpg,ConvPaint,126,433.0,742.5,2.0,0.0,0.35098040103912354,0.7978845608028654,,C:\Users\sophi\napari-organoid-segmentation\reports\segmentations\organoid_measurements_aspirina_1_v2_segmentations\Condição 1 - 3_labels.tif
Condição 1 - 3.jpg,ConvPaint,127,435.0,742.0,1.0,0.0,0.3960784375667572,0.5641895835477563,,C:\Users\sophi\napari-organoid-segmentation\reports\segmentations\organoid_measurements_aspirina_1_v2_segmentations\Condição 1 - 3_labels.tif
Condição 1 - 3.jpg,ConvPaint,128,439.0,1667.0,1.0,0.0,0.4431372582912445,0.5641895835477563,,C:\Users\sophi\napari-organoid-segmentation\reports\segmentations\organoid_measurements_aspirina_1_v2_segmentations\Condição 1 - 3_labels.tif
Condição 1 - 3.jpg,ConvPaint,129,442.0,729.3333333333334,6.0,4.82842712474619,0.4830065667629242,1.381976597885342,3.2340725067158833,C:\Users\sophi\napari-organoid-segmentation\reports\segmentations\organoid_measurements_aspirina_1_v2_segmentations\Condição 1 - 3_labels.tif
Condição 1 - 3.jpg,ConvPaint,130,461.5,1660.0,4.0,2.0,0.41470590233802795,1.1283791670955126,12.566370614359172,C:\Users\sophi\napari-organoid-segmentation\reports\segmentations\organoid_measurements_aspirina_1_v2_segmentations\Condição 1 - 3_labels.tif
Condição 1 - 3.jpg,ConvPaint,131,462.6666666666667,1504.6666666666667,6.0,5.414213562373095,0.5267974138259888,1.381976597885342,2.5721148072672673,C:\Users\sophi\napari-organoid-segmentation\reports\segmentations\organoid_measurements_aspirina_1_v2_segmentations\Condição 1 - 3_labels.tif
Condição 1 - 3.jpg,ConvPaint,132,463.0,1114.0,1.0,0.0,0.501960813999176,0.5641895835477563,,C:\Users\sophi\napari-organoid-segmentation\reports\segmentations\organoid_measurements_aspirina_1_v2_segmentations\Condição 1 - 3_labels.tif
Condição 1 - 3.jpg,ConvPaint,133,466.5,1505.0,2.0,0.0,0.4745098054409027,0.7978845608028654,,C:\Users\sophi\napari-organoid-segmentation\reports\segmentations\organoid_measurements_aspirina_1_v2_segmentations\Condição 1 - 3_labels.tif
Condição 1 - 3.jpg,ConvPaint,134,466.6666666666667,1657.6666666666667,3.0,3.414213562373095,0.3960784375667572,0.9772050238058398,3.2340725067158833,C:\Users\sophi\napari-organoid-segmentation\reports\segmentations\organoid_measurements_aspirina_1_v2_segmentations\Condição 1 - 3_labels.tif
Condição 1 - 3.jpg,ConvPaint,135,469.1666666666667,1180.6666666666667,6.0,5.207106781186548,0.4248366057872772,1.381976597885342,2.7807897046412133,C:\Users\sophi\napari-organoid-segmentation\reports\segmentations\organoid_measurements_aspirina_1_v2_segmentations\Condição 1 - 3_labels.tif
Condição 1 - 3.jpg,ConvPaint,136,470.14285714285717,1646.857142857143,7.0,5.414213562373095,0.3165266215801239,1.4927053303604616,3.000800608478478,C:\Users\sophi\napari-organoid-segmentation\reports\segmentations\organoid_measurements_aspirina_1_v2_segmentations\Condição 1 - 3_labels.tif
Condição 1 - 3.jpg,ConvPaint,137,474.037037037037,1165.3333333333333,27.0,19.106601717798213,0.4309368133544922,2.9316150714175193,0.9294086855516013,C:\Users\sophi\napari-organoid-segmentation\reports\segmentations\organoid_measurements_aspirina_1_v2_segmentations\Condição 1 - 3_labels.tif
Condição 1 - 3.jpg,ConvPaint,138,473.0,1125.0,3.0,1.0,0.4274509847164154,0.9772050238058398,37.69911184307752,C:\Users\sophi\napari-organoid-segmentation\reports\segmentations\organoid_measurements_aspirina_1_v2_segmentations\Condição 1 - 3_labels.tif
Condição 1 - 3.jpg,ConvPaint,139,473.0,1171.0,1.0,0.0,0.4117647111415863,0.5641895835477563,,C:\Users\sophi\napari-organoid-segmentation\reports\segmentations\organoid_measurements_aspirina_1_v2_segmentations\Condição 1 - 3_labels.tif
Condição 1 - 3.jpg,ConvPaint,140,474.6,1152.8,5.0,5.207106781186548,0.45333331823349,1.2615662610100802,2.3173247538676778,C:\Users\sophi\napari-organoid-segmentation\reports\segmentations\organoid_measurements_aspirina_1_v2_segmentations\Condição 1 - 3_labels.tif
Condição 1 - 3.jpg,ConvPaint,141,474.0,1657.0,1.0,0.0,0.43529412150382996,0.5641895835477563,,C:\Users\sophi\napari-organoid-segmentation\reports\segmentations\organoid_measurements_aspirina_1_v2_segmentations\Condição 1 - 3_labels.tif
Condição 1 - 3.jpg,ConvPaint,142,475.0,1125.0,1.0,0.0,0.49803921580314636,0.5641895835477563,,C:\Users\sophi\napari-organoid-segmentation\reports\segmentations\organoid_measurements_aspirina_1_v2_segmentations\Condição 1 - 3_labels.tif
Condição 1 - 3.jpg,ConvPaint,143,476.6666666666667,1652.3333333333333,3.0,3.414213562373095,0.38692811131477356,0.9772050238058398,3.2340725067158833,C:\Users\sophi\napari-organoid-segmentation\reports\segmentations\organoid_measurements_aspirina_1_v2_segmentations\Condição 1 - 3_labels.tif
Condição 1 - 3.jpg,ConvPaint,144,481.8666666666667,1651.5333333333333,15.0,12.449747468305834,0.4054902195930481,2.1850968611841584,1.2161301024923497,C:\Users\sophi\napari-organoid-segmentation\reports\segmentations\organoid_measurements_aspirina_1_v2_segmentations\Condição 1 - 3_labels.tif
Condição 1 - 3.jpg,ConvPaint,145,487.0,1650.5,2.0,0.0,0.4215686321258545,0.7978845608028654,,C:\Users\sophi\napari-organoid-segmentation\reports\segmentations\organoid_measurements_aspirina_1_v2_segmentations\Condição 1 - 3_labels.tif
Condição 1 - 3.jpg,ConvPaint,146,489.0,1650.0,1.0,0.0,0.43529412150382996,0.5641895835477563,,C:\Users\sophi\napari-organoid-segmentation\reports\segmentations\organoid_measurements_aspirina_1_v2_segmentations\Condição 1 - 3_labels.tif
Condição 1 - 3.jpg,ConvPaint,147,495.03225806451616,1638.3225806451612,31.0,22.035533905932738,0.38646426796913147,3.141274657157109,0.8022771122064232,C:\Users\sophi\napari-organoid-segmentation\reports\segmentations\organoid_measurements_aspirina_1_v2_segmentations\Condição 1 - 3_labels.tif
Condição 1 - 3.jpg,ConvPaint,148,493.5,1644.0,2.0,0.0,0.4215686321258545,0.7978845608028654,,C:\Users\sophi\napari-organoid-segmentation\reports\segmentations\organoid_measurements_aspirina_1_v2_segmentations\Condição 1 - 3_labels.tif
Condição 1 - 3.jpg,ConvPaint,149,494.5,1622.5,4.0,4.0,0.3137255012989044,1.1283791670955126,3.141592653589793,C:\Users\sophi\napari-organoid-segmentation\reports\segmentations\organoid_measurements_aspirina_1_v2_segmentations\Condição 1 - 3_labels.tif
Condição 1 - 3.jpg,ConvPaint,150,499.0,1560.0,1.0,0.0,0.4274509847164154,0.5641895835477563,,C:\Users\sophi\napari-organoid-segmentation\reports\segmentations\organoid_measurements_aspirina_1_v2_segmentations\Condição 1 - 3_labels.tif
Condição 1 - 3.jpg,ConvPaint,151,499.0,1592.0,1.0,0.0,0.3137255012989044,0.5641895835477563,,C:\Users\sophi\napari-organoid-segmentation\reports\segmentations\organoid_measurements_aspirina_1_v2_segmentations\Condição 1 - 3_labels.tif
Condição 1 - 3.jpg,ConvPaint,152,500.0,1612.0,1.0,0.0,0.34117648005485535,0.5641895835477563,,C:\Users\sophi\napari-organoid-segmentation\reports\segmentations\organoid_measurements_aspirina_1_v2_segmentations\Condição 1 - 3_labels.tif
Condição 1 - 3.jpg,ConvPaint,153,500.0,1634.5,2.0,0.0,0.39803922176361084,0.7978845608028654,,C:\Users\sophi\napari-organoid-segmentation\reports\segmentations\organoid_measurements_aspirina_1_v2_segmentations\Condição 1 - 3_labels.tif
Condição 1 - 3.jpg,ConvPaint,154,501.0,1564.5,2.0,0.0,0.4490196108818054,0.7978845608028654,,C:\Users\sophi\napari-organoid-segmentation\reports\segmentations\organoid_measurements_aspirina_1_v2_segmentations\Condição 1 - 3_labels.tif
Condição 1 - 3.jpg,ConvPaint,155,501.0,1600.0,1.0,0.0,0.34117648005485535,0.5641895835477563,,C:\Users\sophi\napari-organoid-segmentation\reports\segmentations\organoid_measurements_aspirina_1_v2_segmentations\Condição 1 - 3_labels.tif
Condição 1 - 3.jpg,ConvPaint,156,502.8333333333333,1584.8333333333333,6.0,6.242640687119286,0.364705890417099,1.381976597885342,1.9347481372744961,C:\Users\sophi\napari-organoid-segmentation\reports\segmentations\organoid_measurements_aspirina_1_v2_segmentations\Condição 1 - 3_labels.tif
Condição 1 - 3.jpg,ConvPaint,157,502.5,1592.5,4.0,4.0,0.3558823764324188,1.1283791670955126,3.141592653589793,C:\Users\sophi\napari-organoid-segmentation\reports\segmentations\organoid_measurements_aspirina_1_v2_segmentations\Condição 1 - 3_labels.tif
Condição 1 - 3.jpg,ConvPaint,158,502.6666666666667,1596.6666666666667,3.0,3.414213562373095,0.3607843220233917,0.9772050238058398,3.2340725067158833,C:\Users\sophi\napari-organoid-segmentation\reports\segmentations\organoid_measurements_aspirina_1_v2_segmentations\Condição 1 - 3_labels.tif
Condição 1 - 3.jpg,ConvPaint,159,505.6,1630.4,5.0,4.207106781186548,0.44784313440322876,1.2615662610100802,3.5498728546441756,C:\Users\sophi\napari-organoid-segmentation\reports\segmentations\organoid_measurements_aspirina_1_v2_segmentations\Condição 1 - 3_labels.tif
Condição 1 - 3.jpg,ConvPaint,160,506.5,1604.5,2.0,0.0,0.4019607901573181,0.7978845608028654,,C:\Users\sophi\napari-organoid-segmentation\reports\segmentations\organoid_measurements_aspirina_1_v2_segmentations\Condição 1 - 3_labels.tif
Condição 1 - 3.jpg,ConvPaint,161,510.5,1604.5,2.0,0.0,0.43529412150382996,0.7978845608028654,,C:\Users\sophi\napari-organoid-segmentation\reports\segmentations\organoid_measurements_aspirina_1_v2_segmentations\Condição 1 - 3_labels.tif
Condição 1 - 3.jpg,ConvPaint,162,734.1560256311279,264.8563653207751,25906.0,1854.6103525240158,0.25901517271995544,90.80823702438718,0.09464656696733009,C:\Users\sophi\napari-organoid-segmentation\reports\segmentations\organoid_measurements_aspirina_1_v2_segmentations\Condição 1 - 3_labels.tif
Condição 1 - 3.jpg,ConvPaint,163,641.0,268.0,1.0,0.0,0.729411780834198,0.5641895835477563,,C:\Users\sophi\napari-organoid-segmentation\reports\segmentations\organoid_measurements_aspirina_1_v2_segmentations\Condição 1 - 3_labels.tif
Condição 1 - 3.jpg,ConvPaint,164,646.0,235.0,1.0,0.0,0.6235294342041016,0.5641895835477563,,C:\Users\sophi\napari-organoid-segmentation\reports\segmentations\organoid_measurements_aspirina_1_v2_segmentations\Condição 1 - 3_labels.tif
Condição 1 - 3.jpg,ConvPaint,165,652.0,211.0,1.0,0.0,0.6784313917160034,0.5641895835477563,,C:\Users\sophi\napari-organoid-segmentation\reports\segmentations\organoid_measurements_aspirina_1_v2_segmentations\Condição 1 - 3_labels.tif
Condição 1 - 3.jpg,ConvPaint,166,654.0,301.0,1.0,0.0,0.32156863808631897,0.5641895835477563,,C:\Users\sophi\napari-organoid-segmentation\reports\segmentations\organoid_measurements_aspirina_1_v2_segmentations\Condição 1 - 3_labels.tif
Condição 1 - 3.jpg,ConvPaint,167,658.0,323.0,1.0,0.0,0.5058823823928833,0.5641895835477563,,C:\Users\sophi\napari-organoid-segmentation\reports\segmentations\organoid_measurements_aspirina_1_v2_segmentations\Condição 1 - 3_labels.tif
Condição 1 - 3.jpg,ConvPaint,168,660.0,205.0,1.0,0.0,0.7098039388656616,0.5641895835477563,,C:\Users\sophi\napari-organoid-segmentation\reports\segmentations\organoid_measurements_aspirina_1_v2_segmentations\Condição 1 - 3_labels.tif
Condição 1 - 3.jpg,ConvPaint,169,688.5,177.0,2.0,0.0,0.7764706015586853,0.7978845608028654,,C:\Users\sophi\napari-organoid-segmentation\reports\segmentations\organoid_measurements_aspirina_1_v2_segmentations\Condição 1 - 3_labels.tif
Condição 1 - 3.jpg,ConvPaint,170,759.6209979461157,696.7280415609521,16554.0,1961.2144289248722,0.2840787470340729,72.58995699052639,0.05408323428503055,C:\Users\sophi\napari-organoid-segmentation\reports\segmentations\organoid_measurements_aspirina_1_v2_segmentations\Condição 1 - 3_labels.tif
Condição 1 - 3.jpg,ConvPaint,171,688.5,706.5,4.0,4.0,0.6637254953384399,1.1283791670955126,3.141592653589793,C:\Users\sophi\napari-organoid-segmentation\reports\segmentations\organoid_measurements_aspirina_1_v2_segmentations\Condição 1 - 3_labels.tif
Condição 1 - 3.jpg,ConvPaint,172,691.0,176.0,1.0,0.0,0.7529411911964417,0.5641895835477563,,C:\Users\sophi\napari-organoid-segmentation\reports\segmentations\organoid_measurements_aspirina_1_v2_segmentations\Condição 1 - 3_labels.tif
Condição 1 - 3.jpg,ConvPaint,173,692.5,717.0,2.0,0.0,0.4333333373069763,0.7978845608028654,,C:\Users\sophi\napari-organoid-segmentation\reports\segmentations\organoid_measurements_aspirina_1_v2_segmentations\Condição 1 - 3_labels.tif
Condição 1 - 3.jpg,ConvPaint,174,696.0,654.0,1.0,0.0,0.7333333492279053,0.5641895835477563,,C:\Users\sophi\napari-organoid-segmentation\reports\segmentations\organoid_measurements_aspirina_1_v2_segmentations\Condição 1 - 3_labels.tif
Condição 1 - 3.jpg,ConvPaint,175,708.0,358.0,1.0,0.0,0.529411792755127,0.5641895835477563,,C:\Users\sophi\napari-organoid-segmentation\reports\segmentations\organoid_measurements_aspirina_1_v2_segmentations\Condição 1 - 3_labels.tif
Condição 1 - 3.jpg,ConvPaint,176,714.0,733.0,1.0,0.0,0.34117648005485535,0.5641895835477563,,C:\Users\sophi\napari-organoid-segmentation\reports\segmentations\organoid_measurements_aspirina_1_v2_segmentations\Condição 1 - 3_labels.tif
Condição 1 - 3.jpg,ConvPaint,177,720.0,630.0,1.0,0.0,0.5176470875740051,0.5641895835477563,,C:\Users\sophi\napari-organoid-segmentation\reports\segmentations\organoid_measurements_aspirina_1_v2_segmentations\Condição 1 - 3_labels.tif
Condição 1 - 3.jpg,ConvPaint,178,722.0,177.0,1.0,0.0,0.3686274588108063,0.5641895835477563,,C:\Users\sophi\napari-organoid-segmentation\reports\segmentations\organoid_measurements_aspirina_1_v2_segmentations\Condição 1 - 3_labels.tif
Condição 1 - 3.jpg,ConvPaint,179,723.3636363636364,180.36363636363637,11.0,10.65685424949238,0.3793226480484009,1.8712051592547776,1.2171511029485071,C:\Users\sophi\napari-organoid-segmentation\reports\segmentations\organoid_measurements_aspirina_1_v2_segmentations\Condição 1 - 3_labels.tif
Condição 1 - 3.jpg,ConvPaint,180,727.0,180.0,3.0,1.0,0.364705890417099,0.9772050238058398,37.69911184307752,C:\Users\sophi\napari-organoid-segmentation\reports\segmentations\organoid_measurements_aspirina_1_v2_segmentations\Condição 1 - 3_labels.tif
Condição 1 - 3.jpg,ConvPaint,181,732.0,1145.0,1.0,0.0,0.6313725709915161,0.5641895835477563,,C:\Users\sophi\napari-organoid-segmentation\reports\segmentations\organoid_measurements_aspirina_1_v2_segmentations\Condição 1 - 3_labels.tif
Condição 1 - 3.jpg,ConvPaint,182,732.0,1147.0,1.0,0.0,0.572549045085907,0.5641895835477563,,C:\Users\sophi\napari-organoid-segmentation\reports\segmentations\organoid_measurements_aspirina_1_v2_segmentations\Condição 1 - 3_labels.tif
Condição 1 - 3.jpg,ConvPaint,183,732.0,1150.0,1.0,0.0,0.5254902243614197,0.5641895835477563,,C:\Users\sophi\napari-organoid-segmentation\reports\segmentations\organoid_measurements_aspirina_1_v2_segmentations\Condição 1 - 3_labels.tif
Condição 1 - 3.jpg,ConvPaint,184,803.1942671323618,1127.5705768999157,16606.0,2026.1910883277594,0.2779057025909424,72.7038786445952,0.050829296138160014,C:\Users\sophi\napari-organoid-segmentation\reports\segmentations\organoid_measurements_aspirina_1_v2_segmentations\Condição 1 - 3_labels.tif
Condição 1 - 3.jpg,ConvPaint,185,734.0,1158.0,1.0,0.0,0.48235294222831726,0.5641895835477563,,C:\Users\sophi\napari-organoid-segmentation\reports\segmentations\organoid_measurements_aspirina_1_v2_segmentations\Condição 1 - 3_labels.tif
Condição 1 - 3.jpg,ConvPaint,186,739.0,182.0,1.0,0.0,0.3686274588108063,0.5641895835477563,,C:\Users\sophi\napari-organoid-segmentation\reports\segmentations\organoid_measurements_aspirina_1_v2_segmentations\Condição 1 - 3_labels.tif
Condição 1 - 3.jpg,ConvPaint,187,740.0,1190.5,2.0,0.0,0.5254902243614197,0.7978845608028654,,C:\Users\sophi\napari-organoid-segmentation\reports\segmentations\organoid_measurements_aspirina_1_v2_segmentations\Condição 1 - 3_labels.tif
Condição 1 - 3.jpg,ConvPaint,188,741.0,184.0,1.0,0.0,0.3803921639919281,0.5641895835477563,,C:\Users\sophi\napari-organoid-segmentation\reports\segmentations\organoid_measurements_aspirina_1_v2_segmentations\Condição 1 - 3_labels.tif
Condição 1 - 3.jpg,ConvPaint,189,742.0,1078.5,2.0,0.0,0.6058824062347412,0.7978845608028654,,C:\Users\sophi\napari-organoid-segmentation\reports\segmentations\organoid_measurements_aspirina_1_v2_segmentations\Condição 1 - 3_labels.tif
Condição 1 - 3.jpg,ConvPaint,190,742.0,1191.0,1.0,0.0,0.47058823704719543,0.5641895835477563,,C:\Users\sophi\napari-organoid-segmentation\reports\segmentations\organoid_measurements_aspirina_1_v2_segmentations\Condição 1 - 3_labels.tif
Condição 1 - 3.jpg,ConvPaint,191,743.0,1158.0,1.0,0.0,0.364705890417099,0.5641895835477563,,C:\Users\sophi\napari-organoid-segmentation\reports\segmentations\organoid_measurements_aspirina_1_v2_segmentations\Condição 1 - 3_labels.tif
Condição 1 - 3.jpg,ConvPaint,192,744.0,618.0,1.0,0.0,0.5254902243614197,0.5641895835477563,,C:\Users\sophi\napari-organoid-segmentation\reports\segmentations\organoid_measurements_aspirina_1_v2_segmentations\Condição 1 - 3_labels.tif
Condição 1 - 3.jpg,ConvPaint,193,744.0,1574.5,2.0,0.0,0.5137255191802979,0.7978845608028654,,C:\Users\sophi\napari-organoid-segmentation\reports\segmentations\organoid_measurements_aspirina_1_v2_segmentations\Condição 1 - 3_labels.tif
Condição 1 - 3.jpg,ConvPaint,194,831.1008982743676,1570.0358521787093,25382.0,1225.4894654563445,0.22373493015766144,89.88515745726306,0.21238142926297754,C:\Users\sophi\napari-organoid-segmentation\reports\segmentations\organoid_measurements_aspirina_1_v2_segmentations\Condição 1 - 3_labels.tif
Condição 1 - 3.jpg,ConvPaint,195,747.5,1174.0,2.0,0.0,0.38235294818878174,0.7978845608028654,,C:\Users\sophi\napari-organoid-segmentation\reports\segmentations\organoid_measurements_aspirina_1_v2_segmentations\Condição 1 - 3_labels.tif
Condição 1 - 3.jpg,ConvPaint,196,747.0,1176.0,1.0,0.0,0.364705890417099,0.5641895835477563,,C:\Users\sophi\napari-organoid-segmentation\reports\segmentations\organoid_measurements_aspirina_1_v2_segmentations\Condição 1 - 3_labels.tif
Condição 1 - 3.jpg,ConvPaint,197,748.0,771.0,1.0,0.0,0.4274509847164154,0.5641895835477563,,C:\Users\sophi\napari-organoid-segmentation\reports\segmentations\organoid_measurements_aspirina_1_v2_segmentations\Condição 1 - 3_labels.tif
Condição 1 - 3.jpg,ConvPaint,198,750.5,1175.0,2.0,0.0,0.3686274588108063,0.7978845608028654,,C:\Users\sophi\napari-organoid-segmentation\reports\segmentations\organoid_measurements_aspirina_1_v2_segmentations\Condição 1 - 3_labels.tif
Condição 1 - 3.jpg,ConvPaint,199,754.0,1096.0,1.0,0.0,0.3686274588108063,0.5641895835477563,,C:\Users\sophi\napari-organoid-segmentation\reports\segmentations\organoid_measurements_aspirina_1_v2_segmentations\Condição 1 - 3_labels.tif
Condição 1 - 3.jpg,ConvPaint,200,754.0,1189.0,1.0,0.0,0.3843137323856354,0.5641895835477563,,C:\Users\sophi\napari-organoid-segmentation\reports\segmentations\organoid_measurements_aspirina_1_v2_segmentations\Condição 1 - 3_labels.tif
Condição 1 - 3.jpg,ConvPaint,201,755.0,798.0,1.0,0.0,0.6352941393852234,0.5641895835477563,,C:\Users\sophi\napari-organoid-segmentation\reports\segmentations\organoid_measurements_aspirina_1_v2_segmentations\Condição 1 - 3_labels.tif
Condição 1 - 3.jpg,ConvPaint,202,756.0,1071.0,1.0,0.0,0.47843137383461,0.5641895835477563,,C:\Users\sophi\napari-organoid-segmentation\reports\segmentations\organoid_measurements_aspirina_1_v2_segmentations\Condição 1 - 3_labels.tif
Condição 1 - 3.jpg,ConvPaint,203,756.0,1188.5,2.0,0.0,0.3921568691730499,0.7978845608028654,,C:\Users\sophi\napari-organoid-segmentation\reports\segmentations\organoid_measurements_aspirina_1_v2_segmentations\Condição 1 - 3_labels.tif
Condição 1 - 3.jpg,ConvPaint,204,757.0,1179.0,1.0,0.0,0.3529411852359772,0.5641895835477563,,C:\Users\sophi\napari-organoid-segmentation\reports\segmentations\organoid_measurements_aspirina_1_v2_segmentations\Condição 1 - 3_labels.tif
Condição 1 - 3.jpg,ConvPaint,205,760.5,776.5,2.0,0.0,0.4843137264251709,0.7978845608028654,,C:\Users\sophi\napari-organoid-segmentation\reports\segmentations\organoid_measurements_aspirina_1_v2_segmentations\Condição 1 - 3_labels.tif
Condição 1 - 3.jpg,ConvPaint,206,762.0,1190.0,1.0,0.0,0.37254902720451355,0.5641895835477563,,C:\Users\sophi\napari-organoid-segmentation\reports\segmentations\organoid_measurements_aspirina_1_v2_segmentations\Condição 1 - 3_labels.tif
Condição 1 - 3.jpg,ConvPaint,207,770.0,1504.0,1.0,0.0,0.5058823823928833,0.5641895835477563,,C:\Users\sophi\napari-organoid-segmentation\reports\segmentations\organoid_measurements_aspirina_1_v2_segmentations\Condição 1 - 3_labels.tif
Condição 1 - 3.jpg,ConvPaint,208,772.0,1651.0,1.0,0.0,0.48235294222831726,0.5641895835477563,,C:\Users\sophi\napari-organoid-segmentation\reports\segmentations\organoid_measurements_aspirina_1_v2_segmentations\Condição 1 - 3_labels.tif
Condição 1 - 3.jpg,ConvPaint,209,774.2857142857143,194.0,7.0,5.414213562373095,0.5025210380554199,1.4927053303604616,3.000800608478478,C:\Users\sophi\napari-organoid-segmentation\reports\segmentations\organoid_measurements_aspirina_1_v2_segmentations\Condição 1 - 3_labels.tif
Condição 1 - 3.jpg,ConvPaint,210,774.0,769.0,1.0,0.0,0.3764705955982208,0.5641895835477563,,C:\Users\sophi\napari-organoid-segmentation\reports\segmentations\organoid_measurements_aspirina_1_v2_segmentations\Condição 1 - 3_labels.tif
Condição 1 - 3.jpg,ConvPaint,211,778.5,1052.0,2.0,0.0,0.5823529958724976,0.7978845608028654,,C:\Users\sophi\napari-organoid-segmentation\reports\segmentations\organoid_measurements_aspirina_1_v2_segmentations\Condição 1 - 3_labels.tif
Condição 1 - 3.jpg,ConvPaint,212,779.0,775.0,1.0,0.0,0.5254902243614197,0.5641895835477563,,C:\Users\sophi\napari-organoid-segmentation\reports\segmentations\organoid_measurements_aspirina_1_v2_segmentations\Condição 1 - 3_labels.tif
Condição 1 - 3.jpg,ConvPaint,213,780.0,769.0,1.0,0.0,0.3803921639919281,0.5641895835477563,,C:\Users\sophi\napari-organoid-segmentation\reports\segmentations\organoid_measurements_aspirina_1_v2_segmentations\Condição 1 - 3_labels.tif
Condição 1 - 3.jpg,ConvPaint,214,784.0,1053.0,1.0,0.0,0.6666666865348816,0.5641895835477563,,C:\Users\sophi\napari-organoid-segmentation\reports\segmentations\organoid_measurements_aspirina_1_v2_segmentations\Condição 1 - 3_labels.tif
Condição 1 - 3.jpg,ConvPaint,215,786.0,767.0,1.0,0.0,0.3921568691730499,0.5641895835477563,,C:\Users\sophi\napari-organoid-segmentation\reports\segmentations\organoid_measurements_aspirina_1_v2_segmentations\Condição 1 - 3_labels.tif
Condição 1 - 3.jpg,ConvPaint,216,787.0,1062.0,1.0,0.0,0.43529412150382996,0.5641895835477563,,C:\Users\sophi\napari-organoid-segmentation\reports\segmentations\organoid_measurements_aspirina_1_v2_segmentations\Condição 1 - 3_labels.tif
Condição 1 - 3.jpg,ConvPaint,217,789.0,1486.0,1.0,0.0,0.6000000238418579,0.5641895835477563,,C:\Users\sophi\napari-organoid-segmentation\reports\segmentations\organoid_measurements_aspirina_1_v2_segmentations\Condição 1 - 3_labels.tif
Condição 1 - 3.jpg,ConvPaint,218,790.5,338.5,2.0,0.0,0.40980392694473267,0.7978845608028654,,C:\Users\sophi\napari-organoid-segmentation\reports\segmentations\organoid_measurements_aspirina_1_v2_segmentations\Condição 1 - 3_labels.tif
Condição 1 - 3.jpg,ConvPaint,219,791.0,200.0,1.0,0.0,0.47058823704719543,0.5641895835477563,,C:\Users\sophi\napari-organoid-segmentation\reports\segmentations\organoid_measurements_aspirina_1_v2_segmentations\Condição 1 - 3_labels.tif
Condição 1 - 3.jpg,ConvPaint,220,794.0,1061.0,1.0,0.0,0.3960784375667572,0.5641895835477563,,C:\Users\sophi\napari-organoid-segmentation\reports\segmentations\organoid_measurements_aspirina_1_v2_segmentations\Condição 1 - 3_labels.tif
Condição 1 - 3.jpg,ConvPaint,221,803.0,322.0,1.0,0.0,0.364705890417099,0.5641895835477563,,C:\Users\sophi\napari-organoid-segmentation\reports\segmentations\organoid_measurements_aspirina_1_v2_segmentations\Condição 1 - 3_labels.tif
Condição 1 - 3.jpg,ConvPaint,222,804.6666666666666,632.3333333333334,3.0,3.414213562373095,0.5633986592292786,0.9772050238058398,3.2340725067158833,C:\Users\sophi\napari-organoid-segmentation\reports\segmentations\organoid_measurements_aspirina_1_v2_segmentations\Condição 1 - 3_labels.tif
Condição 1 - 3.jpg,ConvPaint,223,806.3333333333334,640.6666666666666,3.0,3.414213562373095,0.5568627715110779,0.9772050238058398,3.2340725067158833,C:\Users\sophi\napari-organoid-segmentation\reports\segmentations\organoid_measurements_aspirina_1_v2_segmentations\Condição 1 - 3_labels.tif
Condição 1 - 3.jpg,ConvPaint,224,807.0,1201.0,1.0,0.0,0.43921568989753723,0.5641895835477563,,C:\Users\sophi\napari-organoid-segmentation\reports\segmentations\organoid_measurements_aspirina_1_v2_segmentations\Condição 1 - 3_labels.tif
Condição 1 - 3.jpg,ConvPaint,225,811.45,748.65,20.0,15.621320343559644,0.38607844710350037,2.5231325220201604,1.029922112830079,C:\Users\sophi\napari-organoid-segmentation\reports\segmentations\organoid_measurements_aspirina_1_v2_segmentations\Condição 1 - 3_labels.tif
Condição 1 - 3.jpg,ConvPaint,226,810.0,1665.0,1.0,0.0,0.4745098054409027,0.5641895835477563,,C:\Users\sophi\napari-organoid-segmentation\reports\segmentations\organoid_measurements_aspirina_1_v2_segmentations\Condição 1 - 3_labels.tif
Condição 1 - 3.jpg,ConvPaint,227,811.75,320.25,4.0,3.2071067811865475,0.35196077823638916,1.1283791670955126,4.887007608661263,C:\Users\sophi\napari-organoid-segmentation\reports\segmentations\organoid_measurements_aspirina_1_v2_segmentations\Condição 1 - 3_labels.tif
Condição 1 - 3.jpg,ConvPaint,228,812.0,318.0,1.0,0.0,0.37254902720451355,0.5641895835477563,,C:\Users\sophi\napari-organoid-segmentation\reports\segmentations\organoid_measurements_aspirina_1_v2_segmentations\Condição 1 - 3_labels.tif
Condição 1 - 3.jpg,ConvPaint,229,815.9230769230769,1918.6153846153845,13.0,13.414213562373096,0.36742082238197327,2.0342144725641096,0.9078681570735999,C:\Users\sophi\napari-organoid-segmentation\reports\segmentations\organoid_measurements_aspirina_1_v2_segmentations\Condição 1 - 3_labels.tif
Condição 1 - 3.jpg,ConvPaint,230,814.5,322.5,4.0,4.0,0.38823530077934265,1.1283791670955126,3.141592653589793,C:\Users\sophi\napari-organoid-segmentation\reports\segmentations\organoid_measurements_aspirina_1_v2_segmentations\Condição 1 - 3_labels.tif
Condição 1 - 3.jpg,ConvPaint,231,814.0,325.0,1.0,0.0,0.4274509847164154,0.5641895835477563,,C:\Users\sophi\napari-organoid-segmentation\reports\segmentations\organoid_measurements_aspirina_1_v2_segmentations\Condição 1 - 3_labels.tif
Condição 1 - 3.jpg,ConvPaint,232,814.0,327.0,1.0,0.0,0.4941176474094391,0.5641895835477563,,C:\Users\sophi\napari-organoid-segmentation\reports\segmentations\organoid_measurements_aspirina_1_v2_segmentations\Condição 1 - 3_labels.tif
Condição 1 - 3.jpg,ConvPaint,233,817.0,744.0,1.0,0.0,0.3960784375667572,0.5641895835477563,,C:\Users\sophi\napari-organoid-segmentation\reports\segmentations\organoid_measurements_aspirina_1_v2_segmentations\Condição 1 - 3_labels.tif
Condição 1 - 3.jpg,ConvPaint,234,818.0,322.0,1.0,0.0,0.4470588266849518,0.5641895835477563,,C:\Users\sophi\napari-organoid-segmentation\reports\segmentations\organoid_measurements_aspirina_1_v2_segmentations\Condição 1 - 3_labels.tif
Condição 1 - 3.jpg,ConvPaint,235,819.0,758.0,1.0,0.0,0.38823530077934265,0.5641895835477563,,C:\Users\sophi\napari-organoid-segmentation\reports\segmentations\organoid_measurements_aspirina_1_v2_segmentations\Condição 1 - 3_labels.tif
Condição 1 - 3.jpg,ConvPaint,236,822.0,1045.75,4.0,4.621320343559642,0.5392156839370728,1.1283791670955126,2.3536273758173025,C:\Users\sophi\napari-organoid-segmentation\reports\segmentations\organoid_measurements_aspirina_1_v2_segmentations\Condição 1 - 3_labels.tif
Condição 1 - 3.jpg,ConvPaint,237,822.3333333333334,644.6666666666666,3.0,3.414213562373095,0.5477124452590942,0.9772050238058398,3.2340725067158833,C:\Users\sophi\napari-organoid-segmentation\reports\segmentations\organoid_measurements_aspirina_1_v2_segmentations\Condição 1 - 3_labels.tif
Condição 1 - 3.jpg,ConvPaint,238,826.7333333333333,298.26666666666665,15.0,13.82842712474619,0.38901960849761963,2.1850968611841584,0.9857245032537326,C:\Users\sophi\napari-organoid-segmentation\reports\segmentations\organoid_measurements_aspirina_1_v2_segmentations\Condição 1 - 3_labels.tif
Condição 1 - 3.jpg,ConvPaint,239,824.4,310.8,5.0,5.207106781186548,0.42666664719581604,1.2615662610100802,2.3173247538676778,C:\Users\sophi\napari-organoid-segmentation\reports\segmentations\organoid_measurements_aspirina_1_v2_segmentations\Condição 1 - 3_labels.tif
Condição 1 - 3.jpg,ConvPaint,240,824.0,736.0,1.0,0.0,0.4000000059604645,0.5641895835477563,,C:\Users\sophi\napari-organoid-segmentation\reports\segmentations\organoid_measurements_aspirina_1_v2_segmentations\Condição 1 - 3_labels.tif
Condição 1 - 3.jpg,ConvPaint,241,826.0,294.0,8.0,6.621320343559642,0.36225491762161255,1.5957691216057308,2.293034829362367,C:\Users\sophi\napari-organoid-segmentation\reports\segmentations\organoid_measurements_aspirina_1_v2_segmentations\Condição 1 - 3_labels.tif
Condição 1 - 3.jpg,ConvPaint,242,827.1666666666666,306.3333333333333,6.0,5.0,0.42941176891326904,1.381976597885342,3.015928947446201,C:\Users\sophi\napari-organoid-segmentation\reports\segmentations\organoid_measurements_aspirina_1_v2_segmentations\Condição 1 - 3_labels.tif
Condição 1 - 3.jpg,ConvPaint,243,826.5,746.5,4.0,4.0,0.4911764860153198,1.1283791670955126,3.141592653589793,C:\Users\sophi\napari-organoid-segmentation\reports\segmentations\organoid_measurements_aspirina_1_v2_segmentations\Condição 1 - 3_labels.tif
Condição 1 - 3.jpg,ConvPaint,244,826.0,1918.5,2.0,0.0,0.37254902720451355,0.7978845608028654,,C:\Users\sophi\napari-organoid-segmentation\reports\segmentations\organoid_measurements_aspirina_1_v2_segmentations\Condição 1 - 3_labels.tif
Condição 1 - 3.jpg,ConvPaint,245,829.1764705882352,651.1764705882352,17.0,14.242640687119286,0.4752018451690674,2.326213245840639,1.0531197300295012,C:\Users\sophi\napari-organoid-segmentation\reports\segmentations\organoid_measurements_aspirina_1_v2_segmentations\Condição 1 - 3_labels.tif
Condição 1 - 3.jpg,ConvPaint,246,829.7272727272727,658.0,11.0,9.207106781186548,0.46737968921661377,1.8712051592547776,1.63063285755946,C:\Users\sophi\napari-organoid-segmentation\reports\segmentations\organoid_measurements_aspirina_1_v2_segmentations\Condição 1 - 3_labels.tif
Condição 1 - 3.jpg,ConvPaint,247,828.0,744.0,1.0,0.0,0.4941176474094391,0.5641895835477563,,C:\Users\sophi\napari-organoid-segmentation\reports\segmentations\organoid_measurements_aspirina_1_v2_segmentations\Condição 1 - 3_labels.tif
Condição 1 - 3.jpg,ConvPaint,248,829.0,747.0,1.0,0.0,0.3960784375667572,0.5641895835477563,,C:\Users\sophi\napari-organoid-segmentation\reports\segmentations\organoid_measurements_aspirina_1_v2_segmentations\Condição 1 - 3_labels.tif
Condição 1 - 3.jpg,ConvPaint,249,830.5,665.0,2.0,0.0,0.45686274766921997,0.7978845608028654,,C:\Users\sophi\napari-organoid-segmentation\reports\segmentations\organoid_measurements_aspirina_1_v2_segmentations\Condição 1 - 3_labels.tif
Condição 1 - 3.jpg,ConvPaint,250,831.8333333333334,1917.1666666666667,6.0,5.621320343559642,0.3222222328186035,1.381976597885342,2.3860769419719228,C:\Users\sophi\napari-organoid-segmentation\reports\segmentations\organoid_measurements_aspirina_1_v2_segmentations\Condição 1 - 3_labels.tif
Condição 1 - 3.jpg,ConvPaint,251,831.0,294.5,2.0,0.0,0.4156862795352936,0.7978845608028654,,C:\Users\sophi\napari-organoid-segmentation\reports\segmentations\organoid_measurements_aspirina_1_v2_segmentations\Condição 1 - 3_labels.tif
Condição 1 - 3.jpg,ConvPaint,252,831.0,745.0,1.0,0.0,0.5176470875740051,0.5641895835477563,,C:\Users\sophi\napari-organoid-segmentation\reports\segmentations\organoid_measurements_aspirina_1_v2_segmentations\Condição 1 - 3_labels.tif
Condição 1 - 3.jpg,ConvPaint,253,833.125,1477.5,8.0,7.414213562373096,0.38284313678741455,1.5957691216057308,1.828814548886138,C:\Users\sophi\napari-organoid-segmentation\reports\segmentations\organoid_measurements_aspirina_1_v2_segmentations\Condição 1 - 3_labels.tif
Condição 1 - 3.jpg,ConvPaint,254,836.6363636363636,283.1515151515151,33.0,25.071067811865476,0.4221034049987793,3.2410224072142872,0.6597480887604311,C:\Users\sophi\napari-organoid-segmentation\reports\segmentations\organoid_measurements_aspirina_1_v2_segmentations\Condição 1 - 3_labels.tif
Condição 1 - 3.jpg,ConvPaint,255,832.0,286.0,1.0,0.0,0.37254902720451355,0.5641895835477563,,C:\Users\sophi\napari-organoid-segmentation\reports\segmentations\organoid_measurements_aspirina_1_v2_segmentations\Condição 1 - 3_labels.tif
Condição 1 - 3.jpg,ConvPaint,256,833.0,299.1111111111111,9.0,9.035533905932738,0.45141613483428955,1.692568750643269,1.3853028687892377,C:\Users\sophi\napari-organoid-segmentation\reports\segmentations\organoid_measurements_aspirina_1_v2_segmentations\Condição 1 - 3_labels.tif
Condição 1 - 3.jpg,ConvPaint,257,833.5,263.0,2.0,0.0,0.37254902720451355,0.7978845608028654,,C:\Users\sophi\napari-organoid-segmentation\reports\segmentations\organoid_measurements_aspirina_1_v2_segmentations\Condição 1 - 3_labels.tif
Condição 1 - 3.jpg,ConvPaint,258,835.5714285714286,1474.7142857142858,7.0,7.82842712474619,0.4924369752407074,1.4927053303604616,1.4353535174681102,C:\Users\sophi\napari-organoid-segmentation\reports\segmentations\organoid_measurements_aspirina_1_v2_segmentations\Condição 1 - 3_labels.tif
Condição 1 - 3.jpg,ConvPaint,259,835.0,265.0,1.0,0.0,0.38823530077934265,0.5641895835477563,,C:\Users\sophi\napari-organoid-segmentation\reports\segmentations\organoid_measurements_aspirina_1_v2_segmentations\Condição 1 - 3_labels.tif
Condição 1 - 3.jpg,ConvPaint,260,838.9333333333333,707.4444444444445,45.0,31.106601717798213,0.4009585976600647,3.7846987830302403,0.5844094642945427,C:\Users\sophi\napari-organoid-segmentation\reports\segmentations\organoid_measurements_aspirina_1_v2_segmentations\Condição 1 - 3_labels.tif
Condição 1 - 3.jpg,ConvPaint,261,836.0,701.0,1.0,0.0,0.364705890417099,0.5641895835477563,,C:\Users\sophi\napari-organoid-segmentation\reports\segmentations\organoid_measurements_aspirina_1_v2_segmentations\Condição 1 - 3_labels.tif
Condição 1 - 3.jpg,ConvPaint,262,836.0,1657.0,1.0,0.0,0.34117648005485535,0.5641895835477563,,C:\Users\sophi\napari-organoid-segmentation\reports\segmentations\organoid_measurements_aspirina_1_v2_segmentations\Condição 1 - 3_labels.tif
Condição 1 - 3.jpg,ConvPaint,263,851.6213017751479,1916.5562130177516,169.0,81.17766952966369,0.3016359210014343,7.334464586120832,0.32227262014866914,C:\Users\sophi\napari-organoid-segmentation\reports\segmentations\organoid_measurements_aspirina_1_v2_segmentations\Condição 1 - 3_labels.tif
Condição 1 - 3.jpg,ConvPaint,264,837.9166666666666,246.33333333333334,12.0,10.242640687119284,0.4238562285900116,1.9544100476116797,1.4373655585403928,C:\Users\sophi\napari-organoid-segmentation\reports\segmentations\organoid_measurements_aspirina_1_v2_segmentations\Condição 1 - 3_labels.tif
Condição 1 - 3.jpg,ConvPaint,265,840.7307692307693,255.73076923076923,26.0,19.414213562373096,0.4107089340686798,2.876813695875796,0.8668493075772871,C:\Users\sophi\napari-organoid-segmentation\reports\segmentations\organoid_measurements_aspirina_1_v2_segmentations\Condição 1 - 3_labels.tif
Condição 1 - 3.jpg,ConvPaint,266,838.6,700.8,5.0,5.207106781186548,0.3937254846096039,1.2615662610100802,2.3173247538676778,C:\Users\sophi\napari-organoid-segmentation\reports\segmentations\organoid_measurements_aspirina_1_v2_segmentations\Condição 1 - 3_labels.tif
Condição 1 - 3.jpg,ConvPaint,267,838.0,716.0,1.0,0.0,0.3803921639919281,0.5641895835477563,,C:\Users\sophi\napari-organoid-segmentation\reports\segmentations\organoid_measurements_aspirina_1_v2_segmentations\Condição 1 - 3_labels.tif
Condição 1 - 3.jpg,ConvPaint,268,838.5,729.0,2.0,0.0,0.42549020051956177,0.7978845608028654,,C:\Users\sophi\napari-organoid-segmentation\reports\segmentations\organoid_measurements_aspirina_1_v2_segmentations\Condição 1 - 3_labels.tif
Condição 1 - 3.jpg,ConvPaint,269,841.4285714285714,1476.9285714285713,14.0,10.414213562373096,0.40028008818626404,2.111004122822376,1.6221273277073744,C:\Users\sophi\napari-organoid-segmentation\reports\segmentations\organoid_measurements_aspirina_1_v2_segmentations\Condição 1 - 3_labels.tif
Condição 1 - 3.jpg,ConvPaint,270,841.5,1911.0,10.0,9.207106781186548,0.386274516582489,1.7841241161527712,1.4823935068722365,C:\Users\sophi\napari-organoid-segmentation\reports\segmentations\organoid_measurements_aspirina_1_v2_segmentations\Condição 1 - 3_labels.tif
Condição 1 - 3.jpg,ConvPaint,271,840.5,726.5,4.0,4.0,0.4107843041419983,1.1283791670955126,3.141592653589793,C:\Users\sophi\napari-organoid-segmentation\reports\segmentations\organoid_measurements_aspirina_1_v2_segmentations\Condição 1 - 3_labels.tif
Condição 1 - 3.jpg,ConvPaint,272,842.25,272.4166666666667,12.0,11.207106781186548,0.4493463933467865,1.9544100476116797,1.2006158993074152,C:\Users\sophi\napari-organoid-segmentation\reports\segmentations\organoid_measurements_aspirina_1_v2_segmentations\Condição 1 - 3_labels.tif
Condição 1 - 3.jpg,ConvPaint,273,843.0,715.0,1.0,0.0,0.4000000059604645,0.5641895835477563,,C:\Users\sophi\napari-organoid-segmentation\reports\segmentations\organoid_measurements_aspirina_1_v2_segmentations\Condição 1 - 3_labels.tif
Condição 1 - 3.jpg,ConvPaint,274,843.0,1481.0,1.0,0.0,0.3686274588108063,0.5641895835477563,,C:\Users\sophi\napari-organoid-segmentation\reports\segmentations\organoid_measurements_aspirina_1_v2_segmentations\Condição 1 - 3_labels.tif
Condição 1 - 3.jpg,ConvPaint,275,844.5,719.0,2.0,0.0,0.4862745404243469,0.7978845608028654,,C:\Users\sophi\napari-organoid-segmentation\reports\segmentations\organoid_measurements_aspirina_1_v2_segmentations\Condição 1 - 3_labels.tif
Condição 1 - 3.jpg,ConvPaint,276,844.5,1188.0,2.0,0.0,0.37254902720451355,0.7978845608028654,,C:\Users\sophi\napari-organoid-segmentation\reports\segmentations\organoid_measurements_aspirina_1_v2_segmentations\Condição 1 - 3_labels.tif
Condição 1 - 3.jpg,ConvPaint,277,846.2,1190.4,5.0,5.207106781186548,0.4282352924346924,1.2615662610100802,2.3173247538676778,C:\Users\sophi\napari-organoid-segmentation\reports\segmentations\organoid_measurements_aspirina_1_v2_segmentations\Condição 1 - 3_labels.tif
Condição 1 - 3.jpg,ConvPaint,278,846.5,1476.0,2.0,0.0,0.45490196347236633,0.7978845608028654,,C:\Users\sophi\napari-organoid-segmentation\reports\segmentations\organoid_measurements_aspirina_1_v2_segmentations\Condição 1 - 3_labels.tif
Condição 1 - 3.jpg,ConvPaint,279,846.6666666666666,1478.3333333333333,3.0,3.414213562373095,0.4117647111415863,0.9772050238058398,3.2340725067158833,C:\Users\sophi\napari-organoid-segmentation\reports\segmentations\organoid_measurements_aspirina_1_v2_segmentations\Condição 1 - 3_labels.tif
Condição 1 - 3.jpg,ConvPaint,280,847.0,1658.5,2.0,0.0,0.4058823585510254,0.7978845608028654,,C:\Users\sophi\napari-organoid-segmentation\reports\segmentations\organoid_measurements_aspirina_1_v2_segmentations\Condição 1 - 3_labels.tif
Condição 1 - 3.jpg,ConvPaint,281,850.0,607.0,1.0,0.0,0.7019608020782471,0.5641895835477563,,C:\Users\sophi\napari-organoid-segmentation\reports\segmentations\organoid_measurements_aspirina_1_v2_segmentations\Condição 1 - 3_labels.tif
Condição 1 - 3.jpg,ConvPaint,282,850.0,1914.0,1.0,0.0,0.3137255012989044,0.5641895835477563,,C:\Users\sophi\napari-organoid-segmentation\reports\segmentations\organoid_measurements_aspirina_1_v2_segmentations\Condição 1 - 3_labels.tif
Condição 1 - 3.jpg,ConvPaint,283,851.0,1482.0,1.0,0.0,0.3450980484485626,0.5641895835477563,,C:\Users\sophi\napari-organoid-segmentation\reports\segmentations\organoid_measurements_aspirina_1_v2_segmentations\Condição 1 - 3_labels.tif
Condição 1 - 3.jpg,ConvPaint,284,859.0,1183.0,1.0,0.0,0.4156862795352936,0.5641895835477563,,C:\Users\sophi\napari-organoid-segmentation\reports\segmentations\organoid_measurements_aspirina_1_v2_segmentations\Condição 1 - 3_labels.tif
Condição 1 - 3.jpg,ConvPaint,285,862.5,1181.5,4.0,4.0,0.4529411792755127,1.1283791670955126,3.141592653589793,C:\Users\sophi\napari-organoid-segmentation\reports\segmentations\organoid_measurements_aspirina_1_v2_segmentations\Condição 1 - 3_labels.tif
Condição 1 - 3.jpg,ConvPaint,286,863.0,1175.0,1.0,0.0,0.4274509847164154,0.5641895835477563,,C:\Users\sophi\napari-organoid-segmentation\reports\segmentations\organoid_measurements_aspirina_1_v2_segmentations\Condição 1 - 3_labels.tif
Condição 1 - 3.jpg,ConvPaint,287,864.0,1091.0,1.0,0.0,0.3490196168422699,0.5641895835477563,,C:\Users\sophi\napari-organoid-segmentation\reports\segmentations\organoid_measurements_aspirina_1_v2_segmentations\Condição 1 - 3_labels.tif
Condição 1 - 3.jpg,ConvPaint,288,868.4,1152.7,10.0,9.82842712474619,0.3423529267311096,1.7841241161527712,1.3008937295939074,C:\Users\sophi\napari-organoid-segmentation\reports\segmentations\organoid_measurements_aspirina_1_v2_segmentations\Condição 1 - 3_labels.tif
Condição 1 - 3.jpg,ConvPaint,289,866.0,1175.0,1.0,0.0,0.47058823704719543,0.5641895835477563,,C:\Users\sophi\napari-organoid-segmentation\reports\segmentations\organoid_measurements_aspirina_1_v2_segmentations\Condição 1 - 3_labels.tif
Condição 1 - 3.jpg,ConvPaint,290,869.0,1651.0,1.0,0.0,0.4431372582912445,0.5641895835477563,,C:\Users\sophi\napari-organoid-segmentation\reports\segmentations\organoid_measurements_aspirina_1_v2_segmentations\Condição 1 - 3_labels.tif
Condição 1 - 3.jpg,ConvPaint,291,870.0,1477.0,1.0,0.0,0.5176470875740051,0.5641895835477563,,C:\Users\sophi\napari-organoid-segmentation\reports\segmentations\organoid_measurements_aspirina_1_v2_segmentations\Condição 1 - 3_labels.tif
Condição 1 - 3.jpg,ConvPaint,292,871.0,1083.5,2.0,0.0,0.5313725471496582,0.7978845608028654,,C:\Users\sophi\napari-organoid-segmentation\reports\segmentations\organoid_measurements_aspirina_1_v2_segmentations\Condição 1 - 3_labels.tif
Condição 1 - 3.jpg,ConvPaint,293,871.5,1135.5,2.0,0.0,0.3294117748737335,0.7978845608028654,,C:\Users\sophi\napari-organoid-segmentation\reports\segmentations\organoid_measurements_aspirina_1_v2_segmentations\Condição 1 - 3_labels.tif
Condição 1 - 3.jpg,ConvPaint,294,871.0,1160.0,1.0,0.0,0.3450980484485626,0.5641895835477563,,C:\Users\sophi\napari-organoid-segmentation\reports\segmentations\organoid_measurements_aspirina_1_v2_segmentations\Condição 1 - 3_labels.tif
Condição 1 - 3.jpg,ConvPaint,295,879.8656716417911,1914.5223880597016,67.0,45.071067811865476,0.38647937774658203,4.61809077155419,0.41446605936390457,C:\Users\sophi\napari-organoid-segmentation\reports\segmentations\organoid_measurements_aspirina_1_v2_segmentations\Condição 1 - 3_labels.tif
Condição 1 - 3.jpg,ConvPaint,296,873.0,1093.0,1.0,0.0,0.5215686559677124,0.5641895835477563,,C:\Users\sophi\napari-organoid-segmentation\reports\segmentations\organoid_measurements_aspirina_1_v2_segmentations\Condição 1 - 3_labels.tif
Condição 1 - 3.jpg,ConvPaint,297,873.0,1096.0,1.0,0.0,0.4313725531101227,0.5641895835477563,,C:\Users\sophi\napari-organoid-segmentation\reports\segmentations\organoid_measurements_aspirina_1_v2_segmentations\Condição 1 - 3_labels.tif
Condição 1 - 3.jpg,ConvPaint,298,882.1785714285714,1124.9285714285713,28.0,21.242640687119284,0.43963584303855896,2.985410660720923,0.7797419304681347,C:\Users\sophi\napari-organoid-segmentation\reports\segmentations\organoid_measurements_aspirina_1_v2_segmentations\Condição 1 - 3_labels.tif
Condição 1 - 3.jpg,ConvPaint,299,880.2608695652174,1132.6521739130435,23.0,16.82842712474619,0.3948848843574524,2.7057581899030048,1.0205884457102004,C:\Users\sophi\napari-organoid-segmentation\reports\segmentations\organoid_measurements_aspirina_1_v2_segmentations\Condição 1 - 3_labels.tif
Condição 1 - 3.jpg,ConvPaint,300,877.0,1147.0,1.0,0.0,0.33725491166114807,0.5641895835477563,,C:\Users\sophi\napari-organoid-segmentation\reports\segmentations\organoid_measurements_aspirina_1_v2_segmentations\Condição 1 - 3_labels.tif
Condição 1 - 3.jpg,ConvPaint,301,878.5,1136.0,2.0,0.0,0.37254902720451355,0.7978845608028654,,C:\Users\sophi\napari-organoid-segmentation\reports\segmentations\organoid_measurements_aspirina_1_v2_segmentations\Condição 1 - 3_labels.tif
Condição 1 - 3.jpg,ConvPaint,302,881.8,1156.7,20.0,15.414213562373096,0.39274507761001587,2.5231325220201604,1.0577842983151127,C:\Users\sophi\napari-organoid-segmentation\reports\segmentations\organoid_measurements_aspirina_1_v2_segmentations\Condição 1 - 3_labels.tif
Condição 1 - 3.jpg,ConvPaint,303,884.0,1129.0,1.0,0.0,0.4156862795352936,0.5641895835477563,,C:\Users\sophi\napari-organoid-segmentation\reports\segmentations\organoid_measurements_aspirina_1_v2_segmentations\Condição 1 - 3_labels.tif
Condição 1 - 3.jpg,ConvPaint,304,884.0,1141.0,1.0,0.0,0.364705890417099,0.5641895835477563,,C:\Users\sophi\napari-organoid-segmentation\reports\segmentations\organoid_measurements_aspirina_1_v2_segmentations\Condição 1 - 3_labels.tif
Condição 1 - 3.jpg,ConvPaint,305,885.8,1149.2666666666667,15.0,11.414213562373096,0.4528104364871979,2.1850968611841584,1.446802115179039,C:\Users\sophi\napari-organoid-segmentation\reports\segmentations\organoid_measurements_aspirina_1_v2_segmentations\Condição 1 - 3_labels.tif
Condição 1 - 3.jpg,ConvPaint,306,886.5,1136.5,4.0,4.0,0.4382353127002716,1.1283791670955126,3.141592653589793,C:\Users\sophi\napari-organoid-segmentation\reports\segmentations\organoid_measurements_aspirina_1_v2_segmentations\Condição 1 - 3_labels.tif
Condição 1 - 3.jpg,ConvPaint,307,886.6,1140.8,5.0,5.207106781186548,0.4149019718170166,1.2615662610100802,2.3173247538676778,C:\Users\sophi\napari-organoid-segmentation\reports\segmentations\organoid_measurements_aspirina_1_v2_segmentations\Condição 1 - 3_labels.tif
Condição 1 - 3.jpg,ConvPaint,308,886.5,1145.0,2.0,0.0,0.4313725531101227,0.7978845608028654,,C:\Users\sophi\napari-organoid-segmentation\reports\segmentations\organoid_measurements_aspirina_1_v2_segmentations\Condição 1 - 3_labels.tif
Condição 1 - 3.jpg,ConvPaint,309,887.0,1643.0,1.0,0.0,0.4901960790157318,0.5641895835477563,,C:\Users\sophi\napari-organoid-segmentation\reports\segmentations\organoid_measurements_aspirina_1_v2_segmentations\Condição 1 - 3_labels.tif
Condição 1 - 3.jpg,ConvPaint,310,888.0,1134.0,1.0,0.0,0.4470588266849518,0.5641895835477563,,C:\Users\sophi\napari-organoid-segmentation\reports\segmentations\organoid_measurements_aspirina_1_v2_segmentations\Condição 1 - 3_labels.tif
Condição 1 - 3.jpg,ConvPaint,311,890.1111111111111,1126.6666666666667,9.0,7.621320343559642,0.4762527048587799,1.692568750643269,1.947116515222565,C:\Users\sophi\napari-organoid-segmentation\reports\segmentations\organoid_measurements_aspirina_1_v2_segmentations\Condição 1 - 3_labels.tif
Condição 1 - 3.jpg,ConvPaint,312,889.0,1131.0,1.0,0.0,0.45098039507865906,0.5641895835477563,,C:\Users\sophi\napari-organoid-segmentation\reports\segmentations\organoid_measurements_aspirina_1_v2_segmentations\Condição 1 - 3_labels.tif
Condição 1 - 3.jpg,ConvPaint,313,889.0,1919.0,1.0,0.0,0.364705890417099,0.5641895835477563,,C:\Users\sophi\napari-organoid-segmentation\reports\segmentations\organoid_measurements_aspirina_1_v2_segmentations\Condição 1 - 3_labels.tif
Condição 1 - 3.jpg,ConvPaint,314,890.0,1491.0,1.0,0.0,0.5215686559677124,0.5641895835477563,,C:\Users\sophi\napari-organoid-segmentation\reports\segmentations\organoid_measurements_aspirina_1_v2_segmentations\Condição 1 - 3_labels.tif
Condição 1 - 3.jpg,ConvPaint,315,893.2307692307693,1917.923076923077,13.0,11.035533905932738,0.35625940561294556,2.0342144725641096,1.3414253751769845,C:\Users\sophi\napari-organoid-segmentation\reports\segmentations\organoid_measurements_aspirina_1_v2_segmentations\Condição 1 - 3_labels.tif
Condição 1 - 3.jpg,ConvPaint,316,892.0,1488.0,1.0,0.0,0.5333333611488342,0.5641895835477563,,C:\Users\sophi\napari-organoid-segmentation\reports\segmentations\organoid_measurements_aspirina_1_v2_segmentations\Condição 1 - 3_labels.tif
Condição 1 - 3.jpg,ConvPaint,317,905.0,1512.0,1.0,0.0,0.41960784792900085,0.5641895835477563,,C:\Users\sophi\napari-organoid-segmentation\reports\segmentations\organoid_measurements_aspirina_1_v2_segmentations\Condição 1 - 3_labels.tif
Condição 1 - 3.jpg,ConvPaint,318,912.5,1520.5,4.0,4.0,0.40784314274787903,1.1283791670955126,3.141592653589793,C:\Users\sophi\napari-organoid-segmentation\reports\segmentations\organoid_measurements_aspirina_1_v2_segmentations\Condição 1 - 3_labels.tif
Condição 1 - 3.jpg,ConvPaint,319,912.0,1527.5,2.0,0.0,0.364705890417099,0.7978845608028654,,C:\Users\sophi\napari-organoid-segmentation\reports\segmentations\organoid_measurements_aspirina_1_v2_segmentations\Condição 1 - 3_labels.tif
Condição 1 - 3.jpg,ConvPaint,320,915.0,1528.0,1.0,0.0,0.37254902720451355,0.5641895835477563,,C:\Users\sophi\napari-organoid-segmentation\reports\segmentations\organoid_measurements_aspirina_1_v2_segmentations\Condição 1 - 3_labels.tif
Condição 1 - 3.jpg,ConvPaint,321,917.75,1533.75,4.0,3.2071067811865475,0.3598039448261261,1.1283791670955126,4.887007608661263,C:\Users\sophi\napari-organoid-segmentation\reports\segmentations\organoid_measurements_aspirina_1_v2_segmentations\Condição 1 - 3_labels.tif
Condição 1 - 3.jpg,ConvPaint,322,921.0,1544.0,1.0,0.0,0.35686275362968445,0.5641895835477563,,C:\Users\sophi\napari-organoid-segmentation\reports\segmentations\organoid_measurements_aspirina_1_v2_segmentations\Condição 1 - 3_labels.tif
Condição 1 - 3.jpg,ConvPaint,323,924.0,1572.0,1.0,0.0,0.32156863808631897,0.5641895835477563,,C:\Users\sophi\napari-organoid-segmentation\reports\segmentations\organoid_measurements_aspirina_1_v2_segmentations\Condição 1 - 3_labels.tif
Condição 1 - 3.jpg,ConvPaint,324,925.0,1562.0,1.0,0.0,0.35686275362968445,0.5641895835477563,,C:\Users\sophi\napari-organoid-segmentation\reports\segmentations\organoid_measurements_aspirina_1_v2_segmentations\Condição 1 - 3_labels.tif
Condição 1 - 3.jpg,ConvPaint,325,929.0833333333334,1561.6666666666667,12.0,10.82842712474619,0.41960784792900085,1.9544100476116797,1.2860574036336336,C:\Users\sophi\napari-organoid-segmentation\reports\segmentations\organoid_measurements_aspirina_1_v2_segmentations\Condição 1 - 3_labels.tif
Condição 1 - 3.jpg,ConvPaint,326,931.6071428571429,1572.7142857142858,28.0,22.65685424949238,0.4009804129600525,2.985410660720923,0.6854387828404974,C:\Users\sophi\napari-organoid-segmentation\reports\segmentations\organoid_measurements_aspirina_1_v2_segmentations\Condição 1 - 3_labels.tif
Condição 1 - 3.jpg,ConvPaint,327,929.0,1566.0,1.0,0.0,0.3803921639919281,0.5641895835477563,,C:\Users\sophi\napari-organoid-segmentation\reports\segmentations\organoid_measurements_aspirina_1_v2_segmentations\Condição 1 - 3_labels.tif
Condição 1 - 3.jpg,ConvPaint,328,930.0,1588.0,1.0,0.0,0.4117647111415863,0.5641895835477563,,C:\Users\sophi\napari-organoid-segmentation\reports\segmentations\organoid_measurements_aspirina_1_v2_segmentations\Condição 1 - 3_labels.tif
Condição 1 - 3.jpg,ConvPaint,329,970.4117647058823,1774.1176470588234,17.0,15.242640687119286,0.46459054946899414,2.326213245840639,0.9194716877439888,C:\Users\sophi\napari-organoid-segmentation\reports\segmentations\organoid_measurements_aspirina_1_v2_segmentations\Condição 1 - 3_labels.tif
Condição 1 - 3.jpg,ConvPaint,330,969.0,1799.0,1.0,0.0,0.572549045085907,0.5641895835477563,,C:\Users\sophi\napari-organoid-segmentation\reports\segmentations\organoid_measurements_aspirina_1_v2_segmentations\Condição 1 - 3_labels.tif
Condição 1 - 3.jpg,ConvPaint,331,970.5,1748.0,2.0,0.0,0.5803921818733215,0.7978845608028654,,C:\Users\sophi\napari-organoid-segmentation\reports\segmentations\organoid_measurements_aspirina_1_v2_segmentations\Condição 1 - 3_labels.tif
Condição 1 - 3.jpg,ConvPaint,332,970.6666666666666,1786.5,6.0,5.207106781186548,0.5535947680473328,1.381976597885342,2.7807897046412133,C:\Users\sophi\napari-organoid-segmentation\reports\segmentations\organoid_measurements_aspirina_1_v2_segmentations\Condição 1 - 3_labels.tif
Condição 1 - 3.jpg,ConvPaint,333,971.0,1761.0,1.0,0.0,0.572549045085907,0.5641895835477563,,C:\Users\sophi\napari-organoid-segmentation\reports\segmentations\organoid_measurements_aspirina_1_v2_segmentations\Condição 1 - 3_labels.tif
Condição 1 - 3.jpg,ConvPaint,334,971.0,1800.0,1.0,0.0,0.5058823823928833,0.5641895835477563,,C:\Users\sophi\napari-organoid-segmentation\reports\segmentations\organoid_measurements_aspirina_1_v2_segmentations\Condição 1 - 3_labels.tif
Condição 1 - 3.jpg,ConvPaint,335,971.0,1802.0,1.0,0.0,0.572549045085907,0.5641895835477563,,C:\Users\sophi\napari-organoid-segmentation\reports\segmentations\organoid_measurements_aspirina_1_v2_segmentations\Condição 1 - 3_labels.tif
Condição 1 - 3.jpg,ConvPaint,336,976.0952380952381,1733.6190476190477,21.0,18.449747468305834,0.40205416083335876,2.5854414729132054,0.7752616595515011,C:\Users\sophi\napari-organoid-segmentation\reports\segmentations\organoid_measurements_aspirina_1_v2_segmentations\Condição 1 - 3_labels.tif
Condição 1 - 3.jpg,ConvPaint,337,973.0,1759.0,1.0,0.0,0.572549045085907,0.5641895835477563,,C:\Users\sophi\napari-organoid-segmentation\reports\segmentations\organoid_measurements_aspirina_1_v2_segmentations\Condição 1 - 3_labels.tif
Condição 1 - 3.jpg,ConvPaint,338,973.0,1803.0,1.0,0.0,0.572549045085907,0.5641895835477563,,C:\Users\sophi\napari-organoid-segmentation\reports\segmentations\organoid_measurements_aspirina_1_v2_segmentations\Condição 1 - 3_labels.tif
Condição 1 - 3.jpg,ConvPaint,339,974.0,1738.0,1.0,0.0,0.0,0.5641895835477563,,C:\Users\sophi\napari-organoid-segmentation\reports\segmentations\organoid_measurements_aspirina_1_v2_segmentations\Condição 1 - 3_labels.tif
Condição 1 - 3.jpg,ConvPaint,340,975.5,1766.5,6.0,6.414213562373095,0.43398693203926086,1.381976597885342,1.8326278532479736,C:\Users\sophi\napari-organoid-segmentation\reports\segmentations\organoid_measurements_aspirina_1_v2_segmentations\Condição 1 - 3_labels.tif
Condição 1 - 3.jpg,ConvPaint,341,974.5714285714286,1781.5714285714287,7.0,7.207106781186548,0.572549045085907,1.4927053303604616,1.6935030795523165,C:\Users\sophi\napari-organoid-segmentation\reports\segmentations\organoid_measurements_aspirina_1_v2_segmentations\Condição 1 - 3_labels.tif
Condição 1 - 3.jpg,ConvPaint,342,975.1428571428571,1793.2142857142858,14.0,14.207106781186548,0.2753501832485199,2.111004122822376,0.8716188429574223,C:\Users\sophi\napari-organoid-segmentation\reports\segmentations\organoid_measurements_aspirina_1_v2_segmentations\Condição 1 - 3_labels.tif
Condição 1 - 3.jpg,ConvPaint,343,975.0,1770.5,2.0,0.0,0.08039215952157974,0.7978845608028654,,C:\Users\sophi\napari-organoid-segmentation\reports\segmentations\organoid_measurements_aspirina_1_v2_segmentations\Condição 1 - 3_labels.tif
Condição 1 - 3.jpg,ConvPaint,344,977.4444444444445,1739.4444444444443,9.0,9.0,0.27625274658203125,1.692568750643269,1.3962634015954636,C:\Users\sophi\napari-organoid-segmentation\reports\segmentations\organoid_measurements_aspirina_1_v2_segmentations\Condição 1 - 3_labels.tif
Condição 1 - 3.jpg,ConvPaint,345,977.8333333333334,1754.3333333333333,6.0,5.0,0.5751634240150452,1.381976597885342,3.015928947446201,C:\Users\sophi\napari-organoid-segmentation\reports\segmentations\organoid_measurements_aspirina_1_v2_segmentations\Condição 1 - 3_labels.tif
Condição 1 - 3.jpg,ConvPaint,346,976.0,1872.0,1.0,0.0,0.545098066329956,0.5641895835477563,,C:\Users\sophi\napari-organoid-segmentation\reports\segmentations\organoid_measurements_aspirina_1_v2_segmentations\Condição 1 - 3_labels.tif
Condição 1 - 3.jpg,ConvPaint,347,976.5,1874.5,4.0,4.0,0.5333333611488342,1.1283791670955126,3.141592653589793,C:\Users\sophi\napari-organoid-segmentation\reports\segmentations\organoid_measurements_aspirina_1_v2_segmentations\Condição 1 - 3_labels.tif
Condição 1 - 3.jpg,ConvPaint,348,978.25,1864.5,4.0,3.414213562373095,0.46764707565307617,1.1283791670955126,4.312096675621178,C:\Users\sophi\napari-organoid-segmentation\reports\segmentations\organoid_measurements_aspirina_1_v2_segmentations\Condição 1 - 3_labels.tif
Condição 1 - 3.jpg,ConvPaint,349,979.5,1780.3333333333333,6.0,6.414213562373095,0.572549045085907,1.381976597885342,1.8326278532479736,C:\Users\sophi\napari-organoid-segmentation\reports\segmentations\organoid_measurements_aspirina_1_v2_segmentations\Condição 1 - 3_labels.tif
Condição 1 - 3.jpg,ConvPaint,350,978.6666666666666,1870.6666666666667,3.0,3.414213562373095,0.5477123856544495,0.9772050238058398,3.2340725067158833,C:\Users\sophi\napari-organoid-segmentation\reports\segmentations\organoid_measurements_aspirina_1_v2_segmentations\Condição 1 - 3_labels.tif
Condição 1 - 3.jpg,ConvPaint,351,979.0,1790.0,1.0,0.0,0.572549045085907,0.5641895835477563,,C:\Users\sophi\napari-organoid-segmentation\reports\segmentations\organoid_measurements_aspirina_1_v2_segmentations\Condição 1 - 3_labels.tif
Condição 1 - 3.jpg,ConvPaint,352,979.0,1867.0,1.0,0.0,0.5490196347236633,0.5641895835477563,,C:\Users\sophi\napari-organoid-segmentation\reports\segmentations\organoid_measurements_aspirina_1_v2_segmentations\Condição 1 - 3_labels.tif
Condição 1 - 3.jpg,ConvPaint,353,980.4,1818.8,5.0,5.207106781186548,0.5372549295425415,1.2615662610100802,2.3173247538676778,C:\Users\sophi\napari-organoid-segmentation\reports\segmentations\organoid_measurements_aspirina_1_v2_segmentations\Condição 1 - 3_labels.tif
Condição 1 - 3.jpg,ConvPaint,354,981.3571428571429,1833.2857142857142,14.0,11.414213562373096,0.5086835026741028,2.111004122822376,1.3503486408337697,C:\Users\sophi\napari-organoid-segmentation\reports\segmentations\organoid_measurements_aspirina_1_v2_segmentations\Condição 1 - 3_labels.tif
Condição 1 - 3.jpg,ConvPaint,355,980.0,1842.0,1.0,0.0,0.5607843399047852,0.5641895835477563,,C:\Users\sophi\napari-organoid-segmentation\reports\segmentations\organoid_measurements_aspirina_1_v2_segmentations\Condição 1 - 3_labels.tif
Condição 1 - 3.jpg,ConvPaint,356,981.0,1846.857142857143,7.0,6.207106781186548,0.5490196943283081,1.4927053303604616,2.2831238497444226,C:\Users\sophi\napari-organoid-segmentation\reports\segmentations\organoid_measurements_aspirina_1_v2_segmentations\Condição 1 - 3_labels.tif
Condição 1 - 3.jpg,ConvPaint,357,981.4615384615385,1883.3846153846155,13.0,9.82842712474619,0.44223231077194214,2.0342144725641096,1.6911618484720798,C:\Users\sophi\napari-organoid-segmentation\reports\segmentations\organoid_measurements_aspirina_1_v2_segmentations\Condição 1 - 3_labels.tif
Condição 1 - 3.jpg,ConvPaint,358,982.3333333333334,1854.3333333333333,3.0,3.414213562373095,0.10326797515153885,0.9772050238058398,3.2340725067158833,C:\Users\sophi\napari-organoid-segmentation\reports\segmentations\organoid_measurements_aspirina_1_v2_segmentations\Condição 1 - 3_labels.tif
Condição 1 - 3.jpg,ConvPaint,359,984.625,1872.625,8.0,7.207106781186548,0.4754902124404907,1.5957691216057308,1.9354320909169331,C:\Users\sophi\napari-organoid-segmentation\reports\segmentations\organoid_measurements_aspirina_1_v2_segmentations\Condição 1 - 3_labels.tif
Condição 1 - 3.jpg,ConvPaint,360,985.0,1858.5,2.0,0.0,0.5529412031173706,0.7978845608028654,,C:\Users\sophi\napari-organoid-segmentation\reports\segmentations\organoid_measurements_aspirina_1_v2_segmentations\Condição 1 - 3_labels.tif
Condição 1 - 3.jpg,ConvPaint,361,988.7777777777778,1782.6666666666667,9.0,8.207106781186548,0.05185185372829437,1.692568750643269,1.6790831580707237,C:\Users\sophi\napari-organoid-segmentation\reports\segmentations\organoid_measurements_aspirina_1_v2_segmentations\Condição 1 - 3_labels.tif
Condição 1 - 3.jpg,ConvPaint,362,987.0,1864.0,1.0,0.0,0.0,0.5641895835477563,,C:\Users\sophi\napari-organoid-segmentation\reports\segmentations\organoid_measurements_aspirina_1_v2_segmentations\Condição 1 - 3_labels.tif
Condição 1 - 3.jpg,ConvPaint,363,992.5,1780.0,4.0,2.0,0.5715686678886414,1.1283791670955126,12.566370614359172,C:\Users\sophi\napari-organoid-segmentation\reports\segmentations\organoid_measurements_aspirina_1_v2_segmentations\Condição 1 - 3_labels.tif
Condição 1 - 3.jpg,ConvPaint,364,999.68,1733.28,25.0,21.449747468305834,0.45584312081336975,2.8209479177387813,0.6828188560340417,C:\Users\sophi\napari-organoid-segmentation\reports\segmentations\organoid_measurements_aspirina_1_v2_segmentations\Condição 1 - 3_labels.tif
Condição 1 - 3.jpg,ConvPaint,365,996.6666666666666,1738.6666666666667,3.0,3.414213562373095,0.5843137502670288,0.9772050238058398,3.2340725067158833,C:\Users\sophi\napari-organoid-segmentation\reports\segmentations\organoid_measurements_aspirina_1_v2_segmentations\Condição 1 - 3_labels.tif
Condição 1 - 3.jpg,ConvPaint,366,996.4,1757.2,5.0,4.82842712474619,0.36313727498054504,1.2615662610100802,2.695060422263236,C:\Users\sophi\napari-organoid-segmentation\reports\segmentations\organoid_measurements_aspirina_1_v2_segmentations\Condição 1 - 3_labels.tif
Condição 1 - 3.jpg,ConvPaint,367,997.5,1770.5,6.0,6.414213562373095,0.2137254923582077,1.381976597885342,1.8326278532479736,C:\Users\sophi\napari-organoid-segmentation\reports\segmentations\organoid_measurements_aspirina_1_v2_segmentations\Condição 1 - 3_labels.tif
Condição 1 - 3.jpg,ConvPaint,368,996.4,1778.0,5.0,5.414213562373095,0.31607845425605774,1.2615662610100802,2.143429006056056,C:\Users\sophi\napari-organoid-segmentation\reports\segmentations\organoid_measurements_aspirina_1_v2_segmentations\Condição 1 - 3_labels.tif
Condição 1 - 3.jpg,ConvPaint,369,997.0,1832.6666666666667,6.0,4.621320343559642,0.3189542591571808,1.381976597885342,3.530441063725954,C:\Users\sophi\napari-organoid-segmentation\reports\segmentations\organoid_measurements_aspirina_1_v2_segmentations\Condição 1 - 3_labels.tif
Condição 1 - 3.jpg,ConvPaint,370,997.0,1783.0,1.0,0.0,0.3137255012989044,0.5641895835477563,,C:\Users\sophi\napari-organoid-segmentation\reports\segmentations\organoid_measurements_aspirina_1_v2_segmentations\Condição 1 - 3_labels.tif
Condição 1 - 3.jpg,ConvPaint,371,998.0,1795.3333333333333,3.0,1.4142135623730951,0.1921568661928177,0.9772050238058398,18.849555921538755,C:\Users\sophi\napari-organoid-segmentation\reports\segmentations\organoid_measurements_aspirina_1_v2_segmentations\Condição 1 - 3_labels.tif
Condição 1 - 3.jpg,ConvPaint,372,998.5,1754.0,2.0,0.0,0.5764706134796143,0.7978845608028654,,C:\Users\sophi\napari-organoid-segmentation\reports\segmentations\organoid_measurements_aspirina_1_v2_segmentations\Condição 1 - 3_labels.tif
Condição 1 - 3.jpg,ConvPaint,373,1000.4285714285714,1761.0,7.0,5.207106781186548,0.059383753687143326,1.4927053303604616,3.244254655414749,C:\Users\sophi\napari-organoid-segmentation\reports\segmentations\organoid_measurements_aspirina_1_v2_segmentations\Condição 1 - 3_labels.tif
Condição 1 - 3.jpg,ConvPaint,374,999.0,1777.5,2.0,0.0,0.5686274766921997,0.7978845608028654,,C:\Users\sophi\napari-organoid-segmentation\reports\segmentations\organoid_measurements_aspirina_1_v2_segmentations\Condição 1 - 3_labels.tif
Condição 1 - 3.jpg,ConvPaint,375,1000.6,1786.4,5.0,4.207106781186548,0.04549019783735275,1.2615662610100802,3.5498728546441756,C:\Users\sophi\napari-organoid-segmentation\reports\segmentations\organoid_measurements_aspirina_1_v2_segmentations\Condição 1 - 3_labels.tif
Condição 1 - 3.jpg,ConvPaint,376,1000.5,1802.5,2.0,0.0,0.572549045085907,0.7978845608028654,,C:\Users\sophi\napari-organoid-segmentation\reports\segmentations\organoid_measurements_aspirina_1_v2_segmentations\Condição 1 - 3_labels.tif
Condição 1 - 3.jpg,ConvPaint,377,1002.0,1835.888888888889,18.0,14.449747468305834,0.2612200677394867,2.393653682408596,1.0833327059362694,C:\Users\sophi\napari-organoid-segmentation\reports\segmentations\organoid_measurements_aspirina_1_v2_segmentations\Condição 1 - 3_labels.tif
Condição 1 - 3.jpg,ConvPaint,378,1001.8571428571429,1861.857142857143,7.0,6.0,0.4952380955219269,1.4927053303604616,2.443460952792061,C:\Users\sophi\napari-organoid-segmentation\reports\segmentations\organoid_measurements_aspirina_1_v2_segmentations\Condição 1 - 3_labels.tif
Condição 1 - 3.jpg,ConvPaint,379,1002.1111111111111,1877.4444444444443,9.0,7.207106781186548,0.3363834619522095,1.692568750643269,2.1773611022815498,C:\Users\sophi\napari-organoid-segmentation\reports\segmentations\organoid_measurements_aspirina_1_v2_segmentations\Condição 1 - 3_labels.tif
Condição 1 - 3.jpg,ConvPaint,380,1001.3333333333334,1776.3333333333333,3.0,3.414213562373095,0.5738562941551208,0.9772050238058398,3.2340725067158833,C:\Users\sophi\napari-organoid-segmentation\reports\segmentations\organoid_measurements_aspirina_1_v2_segmentations\Condição 1 - 3_labels.tif
Condição 1 - 3.jpg,ConvPaint,381,1002.0,1784.0,1.0,0.0,0.572549045085907,0.5641895835477563,,C:\Users\sophi\napari-organoid-segmentation\reports\segmentations\organoid_measurements_aspirina_1_v2_segmentations\Condição 1 - 3_labels.tif
Condição 1 - 3.jpg,ConvPaint,382,1002.5,1799.0,2.0,0.0,0.458823561668396,0.7978845608028654,,C:\Users\sophi\napari-organoid-segmentation\reports\segmentations\organoid_measurements_aspirina_1_v2_segmentations\Condição 1 - 3_labels.tif
Condição 1 - 3.jpg,ConvPaint,383,1002.5,1849.0,2.0,0.0,0.3117647171020508,0.7978845608028654,,C:\Users\sophi\napari-organoid-segmentation\reports\segmentations\organoid_measurements_aspirina_1_v2_segmentations\Condição 1 - 3_labels.tif
Condição 1 - 3.jpg,ConvPaint,384,1003.0,1760.0,1.0,0.0,0.5764706134796143,0.5641895835477563,,C:\Users\sophi\napari-organoid-segmentation\reports\segmentations\organoid_measurements_aspirina_1_v2_segmentations\Condição 1 - 3_labels.tif
Condição 1 - 3.jpg,ConvPaint,385,1003.0,1774.0,1.0,0.0,0.5764706134796143,0.5641895835477563,,C:\Users\sophi\napari-organoid-segmentation\reports\segmentations\organoid_measurements_aspirina_1_v2_segmentations\Condição 1 - 3_labels.tif
Condição 1 - 3.jpg,ConvPaint,386,1004.0,1825.0,1.0,0.0,0.0,0.5641895835477563,,C:\Users\sophi\napari-organoid-segmentation\reports\segmentations\organoid_measurements_aspirina_1_v2_segmentations\Condição 1 - 3_labels.tif
Condição 1 - 3.jpg,ConvPaint,387,1012.0,1826.5,2.0,0.0,0.5607843399047852,0.7978845608028654,,C:\Users\sophi\napari-organoid-segmentation\reports\segmentations\organoid_measurements_aspirina_1_v2_segmentations\Condição 1 - 3_labels.tif
Condição 1 - 3.jpg,ConvPaint,388,1016.25,1752.75,4.0,3.2071067811865475,0.4862745404243469,1.1283791670955126,4.887007608661263,C:\Users\sophi\napari-organoid-segmentation\reports\segmentations\organoid_measurements_aspirina_1_v2_segmentations\Condição 1 - 3_labels.tif
Condição 1 - 3.jpg,ConvPaint,389,1016.6666666666666,1862.6666666666667,3.0,3.414213562373095,0.48366013169288635,0.9772050238058398,3.2340725067158833,C:\Users\sophi\napari-organoid-segmentation\reports\segmentations\organoid_measurements_aspirina_1_v2_segmentations\Condição 1 - 3_labels.tif
Condição 1 - 3.jpg,ConvPaint,390,1035.0,1755.0,1.0,0.0,0.0,0.5641895835477563,,C:\Users\sophi\napari-organoid-segmentation\reports\segmentations\organoid_measurements_aspirina_1_v2_segmentations\Condição 1 - 3_labels.tif
Condição 1 - 3.jpg,ConvPaint,391,1074.8,261.2,5.0,4.207106781186548,0.6792157292366028,1.2615662610100802,3.5498728546441756,C:\Users\sophi\napari-organoid-segmentation\reports\segmentations\organoid_measurements_aspirina_1_v2_segmentations\Condição 1 - 3_labels.tif
Condição 1 - 3.jpg,ConvPaint,392,1077.0,267.0,3.0,1.0,0.4575163424015045,0.9772050238058398,37.69911184307752,C:\Users\sophi\napari-organoid-segmentation\reports\segmentations\organoid_measurements_aspirina_1_v2_segmentations\Condição 1 - 3_labels.tif
Condição 1 - 4.jpg,ConvPaint,1,33.48724125624554,1194.1349036402569,11208.0,608.6700935788385,0.18759116530418396,59.72953376971836,0.38016668779615587,C:\Users\sophi\napari-organoid-segmentation\reports\segmentations\organoid_measurements_aspirina_1_v2_segmentations\Condição 1 - 4_labels.tif
Condição 1 - 4.jpg,ConvPaint,2,49.01197172941007,1610.4760325015625,20799.0,788.445742854949,0.15707994997501373,81.36662290360012,0.4204445175270744,C:\Users\sophi\napari-organoid-segmentation\reports\segmentations\organoid_measurements_aspirina_1_v2_segmentations\Condição 1 - 4_labels.tif
Condição 1 - 4.jpg,ConvPaint,3,6.0,1730.5,2.0,0.0,0.4215686321258545,0.7978845608028654,,C:\Users\sophi\napari-organoid-segmentation\reports\segmentations\organoid_measurements_aspirina_1_v2_segmentations\Condição 1 - 4_labels.tif
Condição 1 - 4.jpg,ConvPaint,4,16.666666666666668,1730.6666666666667,3.0,3.414213562373095,0.43529412150382996,0.9772050238058398,3.2340725067158833,C:\Users\sophi\napari-organoid-segmentation\reports\segmentations\organoid_measurements_aspirina_1_v2_segmentations\Condição 1 - 4_labels.tif
Condição 1 - 4.jpg,ConvPaint,5,21.0,1728.0,1.0,0.0,0.41960784792900085,0.5641895835477563,,C:\Users\sophi\napari-organoid-segmentation\reports\segmentations\organoid_measurements_aspirina_1_v2_segmentations\Condição 1 - 4_labels.tif
Condição 1 - 4.jpg,ConvPaint,6,21.0,1730.0,1.0,0.0,0.4274509847164154,0.5641895835477563,,C:\Users\sophi\napari-organoid-segmentation\reports\segmentations\organoid_measurements_aspirina_1_v2_segmentations\Condição 1 - 4_labels.tif
Condição 1 - 4.jpg,ConvPaint,7,51.0,1509.0,1.0,0.0,0.5176470875740051,0.5641895835477563,,C:\Users\sophi\napari-organoid-segmentation\reports\segmentations\organoid_measurements_aspirina_1_v2_segmentations\Condição 1 - 4_labels.tif
Condição 1 - 4.jpg,ConvPaint,8,53.75,1135.0,4.0,2.621320343559643,0.499019593000412,1.1283791670955126,7.315258195544552,C:\Users\sophi\napari-organoid-segmentation\reports\segmentations\organoid_measurements_aspirina_1_v2_segmentations\Condição 1 - 4_labels.tif
Condição 1 - 4.jpg,ConvPaint,9,54.0,1512.0,1.0,0.0,0.4901960790157318,0.5641895835477563,,C:\Users\sophi\napari-organoid-segmentation\reports\segmentations\organoid_measurements_aspirina_1_v2_segmentations\Condição 1 - 4_labels.tif
Condição 1 - 4.jpg,ConvPaint,10,82.0,1213.0,1.0,0.0,0.5803921818733215,0.5641895835477563,,C:\Users\sophi\napari-organoid-segmentation\reports\segmentations\organoid_measurements_aspirina_1_v2_segmentations\Condição 1 - 4_labels.tif
Condição 1 - 4.jpg,ConvPaint,11,110.0,1564.0,1.0,0.0,0.5058823823928833,0.5641895835477563,,C:\Users\sophi\napari-organoid-segmentation\reports\segmentations\organoid_measurements_aspirina_1_v2_segmentations\Condição 1 - 4_labels.tif
Condição 1 - 4.jpg,ConvPaint,12,115.0,1578.0,1.0,0.0,0.4627451002597809,0.5641895835477563,,C:\Users\sophi\napari-organoid-segmentation\reports\segmentations\organoid_measurements_aspirina_1_v2_segmentations\Condição 1 - 4_labels.tif
Condição 1 - 4.jpg,ConvPaint,13,117.0,1585.0,1.0,0.0,0.47058823704719543,0.5641895835477563,,C:\Users\sophi\napari-organoid-segmentation\reports\segmentations\organoid_measurements_aspirina_1_v2_segmentations\Condição 1 - 4_labels.tif
Condição 1 - 4.jpg,ConvPaint,14,212.5,268.0,2.0,0.0,0.6098039150238037,0.7978845608028654,,C:\Users\sophi\napari-organoid-segmentation\reports\segmentations\organoid_measurements_aspirina_1_v2_segmentations\Condição 1 - 4_labels.tif
Condição 1 - 4.jpg,ConvPaint,15,306.1755413501121,299.49703805348236,29879.0,1251.288455329568,0.2286538928747177,97.52323358710724,0.2398065532163692,C:\Users\sophi\napari-organoid-segmentation\reports\segmentations\organoid_measurements_aspirina_1_v2_segmentations\Condição 1 - 4_labels.tif
Condição 1 - 4.jpg,ConvPaint,16,335.5192293123911,713.944269084114,39601.0,1170.3290398693841,0.2107906937599182,112.27372712600351,0.36332899189740997,C:\Users\sophi\napari-organoid-segmentation\reports\segmentations\organoid_measurements_aspirina_1_v2_segmentations\Condição 1 - 4_labels.tif
Condição 1 - 4.jpg,ConvPaint,17,243.0,203.0,1.0,0.0,0.43529412150382996,0.5641895835477563,,C:\Users\sophi\napari-organoid-segmentation\reports\segmentations\organoid_measurements_aspirina_1_v2_segmentations\Condição 1 - 4_labels.tif
Condição 1 - 4.jpg,ConvPaint,18,251.0,195.0,1.0,0.0,0.49803921580314636,0.5641895835477563,,C:\Users\sophi\napari-organoid-segmentation\reports\segmentations\organoid_measurements_aspirina_1_v2_segmentations\Condição 1 - 4_labels.tif
Condição 1 - 4.jpg,ConvPaint,19,254.0,200.0,1.0,0.0,0.4313725531101227,0.5641895835477563,,C:\Users\sophi\napari-organoid-segmentation\reports\segmentations\organoid_measurements_aspirina_1_v2_segmentations\Condição 1 - 4_labels.tif
Condição 1 - 4.jpg,ConvPaint,20,256.0,640.5,2.0,0.0,0.7823529243469238,0.7978845608028654,,C:\Users\sophi\napari-organoid-segmentation\reports\segmentations\organoid_measurements_aspirina_1_v2_segmentations\Condição 1 - 4_labels.tif
Condição 1 - 4.jpg,ConvPaint,21,257.0,376.0,1.0,0.0,0.7411764860153198,0.5641895835477563,,C:\Users\sophi\napari-organoid-segmentation\reports\segmentations\organoid_measurements_aspirina_1_v2_segmentations\Condição 1 - 4_labels.tif
Condição 1 - 4.jpg,ConvPaint,22,260.0,638.0,1.0,0.0,0.7019608020782471,0.5641895835477563,,C:\Users\sophi\napari-organoid-segmentation\reports\segmentations\organoid_measurements_aspirina_1_v2_segmentations\Condição 1 - 4_labels.tif
Condição 1 - 4.jpg,ConvPaint,23,375.91447811447813,1159.141898989899,37125.0,1088.8792924010784,0.19807234406471252,108.70719628696726,0.39347473253689513,C:\Users\sophi\napari-organoid-segmentation\reports\segmentations\organoid_measurements_aspirina_1_v2_segmentations\Condição 1 - 4_labels.tif
Condição 1 - 4.jpg,ConvPaint,24,278.5,400.5,2.0,0.0,0.731372594833374,0.7978845608028654,,C:\Users\sophi\napari-organoid-segmentation\reports\segmentations\organoid_measurements_aspirina_1_v2_segmentations\Condição 1 - 4_labels.tif
Condição 1 - 4.jpg,ConvPaint,25,296.0,1087.0,1.0,0.0,0.5921568870544434,0.5641895835477563,,C:\Users\sophi\napari-organoid-segmentation\reports\segmentations\organoid_measurements_aspirina_1_v2_segmentations\Condição 1 - 4_labels.tif
Condição 1 - 4.jpg,ConvPaint,26,304.0,821.0,1.0,0.0,0.6235294342041016,0.5641895835477563,,C:\Users\sophi\napari-organoid-segmentation\reports\segmentations\organoid_measurements_aspirina_1_v2_segmentations\Condição 1 - 4_labels.tif
Condição 1 - 4.jpg,ConvPaint,27,305.0,1241.0,1.0,0.0,0.5215686559677124,0.5641895835477563,,C:\Users\sophi\napari-organoid-segmentation\reports\segmentations\organoid_measurements_aspirina_1_v2_segmentations\Condição 1 - 4_labels.tif
Condição 1 - 4.jpg,ConvPaint,28,420.69517159817144,1596.7311969796901,43969.0,1154.7848839920998,0.17586062848567963,118.30370824963641,0.4143375290092466,C:\Users\sophi\napari-organoid-segmentation\reports\segmentations\organoid_measurements_aspirina_1_v2_segmentations\Condição 1 - 4_labels.tif
Condição 1 - 4.jpg,ConvPaint,29,316.5,409.0,2.0,0.0,0.5411764979362488,0.7978845608028654,,C:\Users\sophi\napari-organoid-segmentation\reports\segmentations\organoid_measurements_aspirina_1_v2_segmentations\Condição 1 - 4_labels.tif
Condição 1 - 4.jpg,ConvPaint,30,316.0,1624.0,1.0,0.0,0.4470588266849518,0.5641895835477563,,C:\Users\sophi\napari-organoid-segmentation\reports\segmentations\organoid_measurements_aspirina_1_v2_segmentations\Condição 1 - 4_labels.tif
Condição 1 - 4.jpg,ConvPaint,31,320.5,610.0,2.0,0.0,0.5254902243614197,0.7978845608028654,,C:\Users\sophi\napari-organoid-segmentation\reports\segmentations\organoid_measurements_aspirina_1_v2_segmentations\Condição 1 - 4_labels.tif
Condição 1 - 4.jpg,ConvPaint,32,334.0,1516.0,1.0,0.0,0.5254902243614197,0.5641895835477563,,C:\Users\sophi\napari-organoid-segmentation\reports\segmentations\organoid_measurements_aspirina_1_v2_segmentations\Condição 1 - 4_labels.tif
Condição 1 - 4.jpg,ConvPaint,33,334.0,1518.0,1.0,0.0,0.5372549295425415,0.5641895835477563,,C:\Users\sophi\napari-organoid-segmentation\reports\segmentations\organoid_measurements_aspirina_1_v2_segmentations\Condição 1 - 4_labels.tif
Condição 1 - 4.jpg,ConvPaint,34,346.5,817.0,2.0,0.0,0.40980392694473267,0.7978845608028654,,C:\Users\sophi\napari-organoid-segmentation\reports\segmentations\organoid_measurements_aspirina_1_v2_segmentations\Condição 1 - 4_labels.tif
Condição 1 - 4.jpg,ConvPaint,35,348.0,610.0,1.0,0.0,0.5803921818733215,0.5641895835477563,,C:\Users\sophi\napari-organoid-segmentation\reports\segmentations\organoid_measurements_aspirina_1_v2_segmentations\Condição 1 - 4_labels.tif
Condição 1 - 4.jpg,ConvPaint,36,361.0,1049.0,1.0,0.0,0.6274510025978088,0.5641895835477563,,C:\Users\sophi\napari-organoid-segmentation\reports\segmentations\organoid_measurements_aspirina_1_v2_segmentations\Condição 1 - 4_labels.tif
Condição 1 - 4.jpg,ConvPaint,37,370.0,226.0,1.0,0.0,0.48627451062202454,0.5641895835477563,,C:\Users\sophi\napari-organoid-segmentation\reports\segmentations\organoid_measurements_aspirina_1_v2_segmentations\Condição 1 - 4_labels.tif
Condição 1 - 4.jpg,ConvPaint,38,374.3333333333333,232.33333333333334,3.0,3.414213562373095,0.5071895718574524,0.9772050238058398,3.2340725067158833,C:\Users\sophi\napari-organoid-segmentation\reports\segmentations\organoid_measurements_aspirina_1_v2_segmentations\Condição 1 - 4_labels.tif
Condição 1 - 4.jpg,ConvPaint,39,390.5,260.5,2.0,0.0,0.6117647290229797,0.7978845608028654,,C:\Users\sophi\napari-organoid-segmentation\reports\segmentations\organoid_measurements_aspirina_1_v2_segmentations\Condição 1 - 4_labels.tif
Condição 1 - 4.jpg,ConvPaint,40,391.0,290.0,1.0,0.0,0.5529412031173706,0.5641895835477563,,C:\Users\sophi\napari-organoid-segmentation\reports\segmentations\organoid_measurements_aspirina_1_v2_segmentations\Condição 1 - 4_labels.tif
Condição 1 - 4.jpg,ConvPaint,41,393.0,803.0,1.0,0.0,0.5215686559677124,0.5641895835477563,,C:\Users\sophi\napari-organoid-segmentation\reports\segmentations\organoid_measurements_aspirina_1_v2_segmentations\Condição 1 - 4_labels.tif
Condição 1 - 4.jpg,ConvPaint,42,395.0,801.0,1.0,0.0,0.6039215922355652,0.5641895835477563,,C:\Users\sophi\napari-organoid-segmentation\reports\segmentations\organoid_measurements_aspirina_1_v2_segmentations\Condição 1 - 4_labels.tif
Condição 1 - 4.jpg,ConvPaint,43,404.0,1917.0,1.0,0.0,0.3686274588108063,0.5641895835477563,,C:\Users\sophi\napari-organoid-segmentation\reports\segmentations\organoid_measurements_aspirina_1_v2_segmentations\Condição 1 - 4_labels.tif
Condição 1 - 4.jpg,ConvPaint,44,407.5,620.5,4.0,4.0,0.6303921937942505,1.1283791670955126,3.141592653589793,C:\Users\sophi\napari-organoid-segmentation\reports\segmentations\organoid_measurements_aspirina_1_v2_segmentations\Condição 1 - 4_labels.tif
Condição 1 - 4.jpg,ConvPaint,45,407.0,1916.0,1.0,0.0,0.3176470696926117,0.5641895835477563,,C:\Users\sophi\napari-organoid-segmentation\reports\segmentations\organoid_measurements_aspirina_1_v2_segmentations\Condição 1 - 4_labels.tif
Condição 1 - 4.jpg,ConvPaint,46,456.6205641492266,1913.1737943585076,1099.0,243.36143571373725,0.26878270506858826,18.703544180608816,0.2331868408481188,C:\Users\sophi\napari-organoid-segmentation\reports\segmentations\organoid_measurements_aspirina_1_v2_segmentations\Condição 1 - 4_labels.tif
Condição 1 - 4.jpg,ConvPaint,47,414.2,790.6,5.0,5.207106781186548,0.43921566009521484,1.2615662610100802,2.3173247538676778,C:\Users\sophi\napari-organoid-segmentation\reports\segmentations\organoid_measurements_aspirina_1_v2_segmentations\Condição 1 - 4_labels.tif
Condição 1 - 4.jpg,ConvPaint,48,413.0,1474.0,1.0,0.0,0.4627451002597809,0.5641895835477563,,C:\Users\sophi\napari-organoid-segmentation\reports\segmentations\organoid_measurements_aspirina_1_v2_segmentations\Condição 1 - 4_labels.tif
Condição 1 - 4.jpg,ConvPaint,49,421.0,628.0,1.0,0.0,0.800000011920929,0.5641895835477563,,C:\Users\sophi\napari-organoid-segmentation\reports\segmentations\organoid_measurements_aspirina_1_v2_segmentations\Condição 1 - 4_labels.tif
Condição 1 - 4.jpg,ConvPaint,50,424.0,1259.0,1.0,0.0,0.5607843399047852,0.5641895835477563,,C:\Users\sophi\napari-organoid-segmentation\reports\segmentations\organoid_measurements_aspirina_1_v2_segmentations\Condição 1 - 4_labels.tif
Condição 1 - 4.jpg,ConvPaint,51,424.5,1906.0,2.0,0.0,0.3392156958580017,0.7978845608028654,,C:\Users\sophi\napari-organoid-segmentation\reports\segmentations\organoid_measurements_aspirina_1_v2_segmentations\Condição 1 - 4_labels.tif
Condição 1 - 4.jpg,ConvPaint,52,427.0,1906.0,1.0,0.0,0.33725491166114807,0.5641895835477563,,C:\Users\sophi\napari-organoid-segmentation\reports\segmentations\organoid_measurements_aspirina_1_v2_segmentations\Condição 1 - 4_labels.tif
Condição 1 - 4.jpg,ConvPaint,53,432.5,1880.5,4.0,4.0,0.46666666865348816,1.1283791670955126,3.141592653589793,C:\Users\sophi\napari-organoid-segmentation\reports\segmentations\organoid_measurements_aspirina_1_v2_segmentations\Condição 1 - 4_labels.tif
Condição 1 - 4.jpg,ConvPaint,54,443.0,1904.0,1.0,0.0,0.3490196168422699,0.5641895835477563,,C:\Users\sophi\napari-organoid-segmentation\reports\segmentations\organoid_measurements_aspirina_1_v2_segmentations\Condição 1 - 4_labels.tif
Condição 1 - 4.jpg,ConvPaint,55,453.0,722.5,2.0,0.0,0.42941176891326904,0.7978845608028654,,C:\Users\sophi\napari-organoid-segmentation\reports\segmentations\organoid_measurements_aspirina_1_v2_segmentations\Condição 1 - 4_labels.tif
Condição 1 - 4.jpg,ConvPaint,56,457.0,706.0,1.0,0.0,0.4588235318660736,0.5641895835477563,,C:\Users\sophi\napari-organoid-segmentation\reports\segmentations\organoid_measurements_aspirina_1_v2_segmentations\Condição 1 - 4_labels.tif
Condição 1 - 4.jpg,ConvPaint,57,466.6666666666667,1112.6666666666667,3.0,3.414213562373095,0.5411764979362488,0.9772050238058398,3.2340725067158833,C:\Users\sophi\napari-organoid-segmentation\reports\segmentations\organoid_measurements_aspirina_1_v2_segmentations\Condição 1 - 4_labels.tif
Condição 1 - 4.jpg,ConvPaint,58,479.0,1904.0,1.0,0.0,0.3921568691730499,0.5641895835477563,,C:\Users\sophi\napari-organoid-segmentation\reports\segmentations\organoid_measurements_aspirina_1_v2_segmentations\Condição 1 - 4_labels.tif
Condição 1 - 4.jpg,ConvPaint,59,481.0,1138.0,1.0,0.0,0.5176470875740051,0.5641895835477563,,C:\Users\sophi\napari-organoid-segmentation\reports\segmentations\organoid_measurements_aspirina_1_v2_segmentations\Condição 1 - 4_labels.tif
Condição 1 - 4.jpg,ConvPaint,60,483.0,1697.0,1.0,0.0,0.3960784375667572,0.5641895835477563,,C:\Users\sophi\napari-organoid-segmentation\reports\segmentations\organoid_measurements_aspirina_1_v2_segmentations\Condição 1 - 4_labels.tif
Condição 1 - 4.jpg,ConvPaint,61,492.5,1690.0,2.0,0.0,0.4529411792755127,0.7978845608028654,,C:\Users\sophi\napari-organoid-segmentation\reports\segmentations\organoid_measurements_aspirina_1_v2_segmentations\Condição 1 - 4_labels.tif
Condição 1 - 4.jpg,ConvPaint,62,493.0,1183.0,1.0,0.0,0.5372549295425415,0.5641895835477563,,C:\Users\sophi\napari-organoid-segmentation\reports\segmentations\organoid_measurements_aspirina_1_v2_segmentations\Condição 1 - 4_labels.tif
Condição 1 - 4.jpg,ConvPaint,63,506.0,1504.0,1.0,0.0,0.6000000238418579,0.5641895835477563,,C:\Users\sophi\napari-organoid-segmentation\reports\segmentations\organoid_measurements_aspirina_1_v2_segmentations\Condição 1 - 4_labels.tif
Condição 1 - 4.jpg,ConvPaint,64,507.0,1517.0,1.0,0.0,0.4156862795352936,0.5641895835477563,,C:\Users\sophi\napari-organoid-segmentation\reports\segmentations\organoid_measurements_aspirina_1_v2_segmentations\Condição 1 - 4_labels.tif
Condição 1 - 4.jpg,ConvPaint,65,511.0,1665.0,1.0,0.0,0.4431372582912445,0.5641895835477563,,C:\Users\sophi\napari-organoid-segmentation\reports\segmentations\organoid_measurements_aspirina_1_v2_segmentations\Condição 1 - 4_labels.tif
Condição 1 - 4.jpg,ConvPaint,66,542.0,1621.25,4.0,4.621320343559642,0.47647058963775635,1.1283791670955126,2.3536273758173025,C:\Users\sophi\napari-organoid-segmentation\reports\segmentations\organoid_measurements_aspirina_1_v2_segmentations\Condição 1 - 4_labels.tif
Condição 1 - 4.jpg,ConvPaint,67,543.0,1624.0,1.0,0.0,0.4745098054409027,0.5641895835477563,,C:\Users\sophi\napari-organoid-segmentation\reports\segmentations\organoid_measurements_aspirina_1_v2_segmentations\Condição 1 - 4_labels.tif
Condição 1 - 4.jpg,ConvPaint,68,731.4751623131511,249.46072776687302,33115.0,1953.7413408594534,0.22792574763298035,102.66855351555425,0.10901857249122285,C:\Users\sophi\napari-organoid-segmentation\reports\segmentations\organoid_measurements_aspirina_1_v2_segmentations\Condição 1 - 4_labels.tif
Condição 1 - 4.jpg,ConvPaint,69,630.0,273.0,1.0,0.0,0.6274510025978088,0.5641895835477563,,C:\Users\sophi\napari-organoid-segmentation\reports\segmentations\organoid_measurements_aspirina_1_v2_segmentations\Condição 1 - 4_labels.tif
Condição 1 - 4.jpg,ConvPaint,70,656.0,315.0,1.0,0.0,0.47058823704719543,0.5641895835477563,,C:\Users\sophi\napari-organoid-segmentation\reports\segmentations\organoid_measurements_aspirina_1_v2_segmentations\Condição 1 - 4_labels.tif
Condição 1 - 4.jpg,ConvPaint,71,763.8396675075472,690.6308258550101,24181.0,1625.5859659063763,0.245761901140213,87.73284081693835,0.11499110268567868,C:\Users\sophi\napari-organoid-segmentation\reports\segmentations\organoid_measurements_aspirina_1_v2_segmentations\Condição 1 - 4_labels.tif
Condição 1 - 4.jpg,ConvPaint,72,670.0,702.0,1.0,0.0,0.545098066329956,0.5641895835477563,,C:\Users\sophi\napari-organoid-segmentation\reports\segmentations\organoid_measurements_aspirina_1_v2_segmentations\Condição 1 - 4_labels.tif
Condição 1 - 4.jpg,ConvPaint,73,674.5,1075.0,2.0,0.0,0.5196079015731812,0.7978845608028654,,C:\Users\sophi\napari-organoid-segmentation\reports\segmentations\organoid_measurements_aspirina_1_v2_segmentations\Condição 1 - 4_labels.tif
Condição 1 - 4.jpg,ConvPaint,74,679.875,1056.875,8.0,7.414213562373095,0.4833333492279053,1.5957691216057308,1.8288145488861385,C:\Users\sophi\napari-organoid-segmentation\reports\segmentations\organoid_measurements_aspirina_1_v2_segmentations\Condição 1 - 4_labels.tif
Condição 1 - 4.jpg,ConvPaint,75,691.468253968254,1101.2063492063492,126.0,84.17766952966369,0.4440087378025055,6.333012368467128,0.22345321778063662,C:\Users\sophi\napari-organoid-segmentation\reports\segmentations\organoid_measurements_aspirina_1_v2_segmentations\Condição 1 - 4_labels.tif
Condição 1 - 4.jpg,ConvPaint,76,694.2586206896551,1089.2844827586207,116.0,64.66295090390226,0.42403644323349,6.076507779746499,0.34862362437008204,C:\Users\sophi\napari-organoid-segmentation\reports\segmentations\organoid_measurements_aspirina_1_v2_segmentations\Condição 1 - 4_labels.tif
Condição 1 - 4.jpg,ConvPaint,77,688.6,1049.25,20.0,13.621320343559644,0.49529415369033813,2.5231325220201604,1.3545699791869819,C:\Users\sophi\napari-organoid-segmentation\reports\segmentations\organoid_measurements_aspirina_1_v2_segmentations\Condição 1 - 4_labels.tif
Condição 1 - 4.jpg,ConvPaint,78,685.0,1076.0,1.0,0.0,0.4470588266849518,0.5641895835477563,,C:\Users\sophi\napari-organoid-segmentation\reports\segmentations\organoid_measurements_aspirina_1_v2_segmentations\Condição 1 - 4_labels.tif
Condição 1 - 4.jpg,ConvPaint,79,690.0,1065.0,1.0,0.0,0.47058823704719543,0.5641895835477563,,C:\Users\sophi\napari-organoid-segmentation\reports\segmentations\organoid_measurements_aspirina_1_v2_segmentations\Condição 1 - 4_labels.tif
Condição 1 - 4.jpg,ConvPaint,80,690.5,1110.0,2.0,0.0,0.5235294103622437,0.7978845608028654,,C:\Users\sophi\napari-organoid-segmentation\reports\segmentations\organoid_measurements_aspirina_1_v2_segmentations\Condição 1 - 4_labels.tif
Condição 1 - 4.jpg,ConvPaint,81,692.0,1071.0,1.0,0.0,0.4117647111415863,0.5641895835477563,,C:\Users\sophi\napari-organoid-segmentation\reports\segmentations\organoid_measurements_aspirina_1_v2_segmentations\Condição 1 - 4_labels.tif
Condição 1 - 4.jpg,ConvPaint,82,698.64,1072.28,50.0,32.31370849898476,0.3906666934490204,3.989422804014327,0.6017363710385557,C:\Users\sophi\napari-organoid-segmentation\reports\segmentations\organoid_measurements_aspirina_1_v2_segmentations\Condição 1 - 4_labels.tif
Condição 1 - 4.jpg,ConvPaint,83,696.8333333333334,1046.3333333333333,6.0,6.414213562373095,0.4816993474960327,1.381976597885342,1.8326278532479736,C:\Users\sophi\napari-organoid-segmentation\reports\segmentations\organoid_measurements_aspirina_1_v2_segmentations\Condição 1 - 4_labels.tif
Condição 1 - 4.jpg,ConvPaint,84,698.25,1080.75,4.0,3.2071067811865475,0.41274508833885193,1.1283791670955126,4.887007608661263,C:\Users\sophi\napari-organoid-segmentation\reports\segmentations\organoid_measurements_aspirina_1_v2_segmentations\Condição 1 - 4_labels.tif
Condição 1 - 4.jpg,ConvPaint,85,699.0,754.0,1.0,0.0,0.6313725709915161,0.5641895835477563,,C:\Users\sophi\napari-organoid-segmentation\reports\segmentations\organoid_measurements_aspirina_1_v2_segmentations\Condição 1 - 4_labels.tif
Condição 1 - 4.jpg,ConvPaint,86,701.0,1091.0,1.0,0.0,0.32156863808631897,0.5641895835477563,,C:\Users\sophi\napari-organoid-segmentation\reports\segmentations\organoid_measurements_aspirina_1_v2_segmentations\Condição 1 - 4_labels.tif
Condição 1 - 4.jpg,ConvPaint,87,702.0,1047.0,1.0,0.0,0.43529412150382996,0.5641895835477563,,C:\Users\sophi\napari-organoid-segmentation\reports\segmentations\organoid_measurements_aspirina_1_v2_segmentations\Condição 1 - 4_labels.tif
Condição 1 - 4.jpg,ConvPaint,88,705.5454545454545,1054.7272727272727,11.0,9.207106781186548,0.4855614900588989,1.8712051592547776,1.63063285755946,C:\Users\sophi\napari-organoid-segmentation\reports\segmentations\organoid_measurements_aspirina_1_v2_segmentations\Condição 1 - 4_labels.tif
Condição 1 - 4.jpg,ConvPaint,89,702.0,1074.5,2.0,0.0,0.3588235378265381,0.7978845608028654,,C:\Users\sophi\napari-organoid-segmentation\reports\segmentations\organoid_measurements_aspirina_1_v2_segmentations\Condição 1 - 4_labels.tif
Condição 1 - 4.jpg,ConvPaint,90,703.0,1082.0,1.0,0.0,0.33725491166114807,0.5641895835477563,,C:\Users\sophi\napari-organoid-segmentation\reports\segmentations\organoid_measurements_aspirina_1_v2_segmentations\Condição 1 - 4_labels.tif
Condição 1 - 4.jpg,ConvPaint,91,703.0,1087.0,1.0,0.0,0.32549020648002625,0.5641895835477563,,C:\Users\sophi\napari-organoid-segmentation\reports\segmentations\organoid_measurements_aspirina_1_v2_segmentations\Condição 1 - 4_labels.tif
Condição 1 - 4.jpg,ConvPaint,92,795.7613122983148,1123.2257439942632,27890.0,1168.732106143464,0.2267407774925232,94.2213496277034,0.25658332511451726,C:\Users\sophi\napari-organoid-segmentation\reports\segmentations\organoid_measurements_aspirina_1_v2_segmentations\Condição 1 - 4_labels.tif
Condição 1 - 4.jpg,ConvPaint,93,706.0,1105.0,1.0,0.0,0.43921568989753723,0.5641895835477563,,C:\Users\sophi\napari-organoid-segmentation\reports\segmentations\organoid_measurements_aspirina_1_v2_segmentations\Condição 1 - 4_labels.tif
Condição 1 - 4.jpg,ConvPaint,94,708.0,1047.0,1.0,0.0,0.529411792755127,0.5641895835477563,,C:\Users\sophi\napari-organoid-segmentation\reports\segmentations\organoid_measurements_aspirina_1_v2_segmentations\Condição 1 - 4_labels.tif
Condição 1 - 4.jpg,ConvPaint,95,708.5,1071.0,2.0,0.0,0.4058823585510254,0.7978845608028654,,C:\Users\sophi\napari-organoid-segmentation\reports\segmentations\organoid_measurements_aspirina_1_v2_segmentations\Condição 1 - 4_labels.tif
Condição 1 - 4.jpg,ConvPaint,96,708.0,1084.0,1.0,0.0,0.33725491166114807,0.5641895835477563,,C:\Users\sophi\napari-organoid-segmentation\reports\segmentations\organoid_measurements_aspirina_1_v2_segmentations\Condição 1 - 4_labels.tif
Condição 1 - 4.jpg,ConvPaint,97,711.0,1045.5,2.0,0.0,0.5176470875740051,0.7978845608028654,,C:\Users\sophi\napari-organoid-segmentation\reports\segmentations\organoid_measurements_aspirina_1_v2_segmentations\Condição 1 - 4_labels.tif
Condição 1 - 4.jpg,ConvPaint,98,713.0,1060.0,1.0,0.0,0.40392157435417175,0.5641895835477563,,C:\Users\sophi\napari-organoid-segmentation\reports\segmentations\organoid_measurements_aspirina_1_v2_segmentations\Condição 1 - 4_labels.tif
Condição 1 - 4.jpg,ConvPaint,99,713.0,1062.0,1.0,0.0,0.41960784792900085,0.5641895835477563,,C:\Users\sophi\napari-organoid-segmentation\reports\segmentations\organoid_measurements_aspirina_1_v2_segmentations\Condição 1 - 4_labels.tif
Condição 1 - 4.jpg,ConvPaint,100,713.5,1064.0,2.0,0.0,0.3921568691730499,0.7978845608028654,,C:\Users\sophi\napari-organoid-segmentation\reports\segmentations\organoid_measurements_aspirina_1_v2_segmentations\Condição 1 - 4_labels.tif
Condição 1 - 4.jpg,ConvPaint,101,721.0,1190.0,1.0,0.0,0.6470588445663452,0.5641895835477563,,C:\Users\sophi\napari-organoid-segmentation\reports\segmentations\organoid_measurements_aspirina_1_v2_segmentations\Condição 1 - 4_labels.tif
Condição 1 - 4.jpg,ConvPaint,102,722.0,1060.0,1.0,0.0,0.4313725531101227,0.5641895835477563,,C:\Users\sophi\napari-organoid-segmentation\reports\segmentations\organoid_measurements_aspirina_1_v2_segmentations\Condição 1 - 4_labels.tif
Condição 1 - 4.jpg,ConvPaint,103,723.0,617.0,1.0,0.0,0.6039215922355652,0.5641895835477563,,C:\Users\sophi\napari-organoid-segmentation\reports\segmentations\organoid_measurements_aspirina_1_v2_segmentations\Condição 1 - 4_labels.tif
Condição 1 - 4.jpg,ConvPaint,104,732.0,612.0,1.0,0.0,0.7019608020782471,0.5641895835477563,,C:\Users\sophi\napari-organoid-segmentation\reports\segmentations\organoid_measurements_aspirina_1_v2_segmentations\Condição 1 - 4_labels.tif
Condição 1 - 4.jpg,ConvPaint,105,736.0,1046.0,1.0,0.0,0.545098066329956,0.5641895835477563,,C:\Users\sophi\napari-organoid-segmentation\reports\segmentations\organoid_measurements_aspirina_1_v2_segmentations\Condição 1 - 4_labels.tif
Condição 1 - 4.jpg,ConvPaint,106,842.5577992837003,1569.418654271127,26246.0,859.6538956566621,0.21277445554733276,91.40219512013795,0.44629879816303863,C:\Users\sophi\napari-organoid-segmentation\reports\segmentations\organoid_measurements_aspirina_1_v2_segmentations\Condição 1 - 4_labels.tif
Condição 1 - 4.jpg,ConvPaint,107,760.0,136.0,1.0,0.0,0.47843137383461,0.5641895835477563,,C:\Users\sophi\napari-organoid-segmentation\reports\segmentations\organoid_measurements_aspirina_1_v2_segmentations\Condição 1 - 4_labels.tif
Condição 1 - 4.jpg,ConvPaint,108,761.0,138.0,1.0,0.0,0.5098039507865906,0.5641895835477563,,C:\Users\sophi\napari-organoid-segmentation\reports\segmentations\organoid_measurements_aspirina_1_v2_segmentations\Condição 1 - 4_labels.tif
Condição 1 - 4.jpg,ConvPaint,109,768.0,1217.0,1.0,0.0,0.5254902243614197,0.5641895835477563,,C:\Users\sophi\napari-organoid-segmentation\reports\segmentations\organoid_measurements_aspirina_1_v2_segmentations\Condição 1 - 4_labels.tif
Condição 1 - 4.jpg,ConvPaint,110,781.0,1492.0,1.0,0.0,0.5058823823928833,0.5641895835477563,,C:\Users\sophi\napari-organoid-segmentation\reports\segmentations\organoid_measurements_aspirina_1_v2_segmentations\Condição 1 - 4_labels.tif
Condição 1 - 4.jpg,ConvPaint,111,782.5,1219.0,2.0,0.0,0.5372549295425415,0.7978845608028654,,C:\Users\sophi\napari-organoid-segmentation\reports\segmentations\organoid_measurements_aspirina_1_v2_segmentations\Condição 1 - 4_labels.tif
Condição 1 - 4.jpg,ConvPaint,112,790.5,781.0,2.0,0.0,0.4647058844566345,0.7978845608028654,,C:\Users\sophi\napari-organoid-segmentation\reports\segmentations\organoid_measurements_aspirina_1_v2_segmentations\Condição 1 - 4_labels.tif
Condição 1 - 4.jpg,ConvPaint,113,798.0,362.0,8.0,6.621320343559642,0.41372549533843994,1.5957691216057308,2.293034829362367,C:\Users\sophi\napari-organoid-segmentation\reports\segmentations\organoid_measurements_aspirina_1_v2_segmentations\Condição 1 - 4_labels.tif
Condição 1 - 4.jpg,ConvPaint,114,798.8,770.6,5.0,5.207106781186548,0.338823527097702,1.2615662610100802,2.3173247538676778,C:\Users\sophi\napari-organoid-segmentation\reports\segmentations\organoid_measurements_aspirina_1_v2_segmentations\Condição 1 - 4_labels.tif
Condição 1 - 4.jpg,ConvPaint,115,799.0,783.0,1.0,0.0,0.4470588266849518,0.5641895835477563,,C:\Users\sophi\napari-organoid-segmentation\reports\segmentations\organoid_measurements_aspirina_1_v2_segmentations\Condição 1 - 4_labels.tif
Condição 1 - 4.jpg,ConvPaint,116,804.0,341.0,1.0,0.0,0.3490196168422699,0.5641895835477563,,C:\Users\sophi\napari-organoid-segmentation\reports\segmentations\organoid_measurements_aspirina_1_v2_segmentations\Condição 1 - 4_labels.tif
Condição 1 - 4.jpg,ConvPaint,117,804.8,609.0,5.0,5.621320343559642,0.6517647504806519,1.2615662610100802,1.988397451643269,C:\Users\sophi\napari-organoid-segmentation\reports\segmentations\organoid_measurements_aspirina_1_v2_segmentations\Condição 1 - 4_labels.tif
Condição 1 - 4.jpg,ConvPaint,118,805.5,1911.4166666666667,12.0,9.035533905932738,0.3450980484485626,1.9544100476116797,1.8470704917189835,C:\Users\sophi\napari-organoid-segmentation\reports\segmentations\organoid_measurements_aspirina_1_v2_segmentations\Condição 1 - 4_labels.tif
Condição 1 - 4.jpg,ConvPaint,119,806.6666666666666,350.3333333333333,3.0,3.414213562373095,0.4300653636455536,0.9772050238058398,3.2340725067158833,C:\Users\sophi\napari-organoid-segmentation\reports\segmentations\organoid_measurements_aspirina_1_v2_segmentations\Condição 1 - 4_labels.tif
Condição 1 - 4.jpg,ConvPaint,120,862.2267409470752,1910.5548746518107,1795.0,293.46803743153544,0.2641105353832245,23.903268514994018,0.2619103744666904,C:\Users\sophi\napari-organoid-segmentation\reports\segmentations\organoid_measurements_aspirina_1_v2_segmentations\Condição 1 - 4_labels.tif
Condição 1 - 4.jpg,ConvPaint,121,812.0,200.0,1.0,0.0,0.46666666865348816,0.5641895835477563,,C:\Users\sophi\napari-organoid-segmentation\reports\segmentations\organoid_measurements_aspirina_1_v2_segmentations\Condição 1 - 4_labels.tif
Condição 1 - 4.jpg,ConvPaint,122,813.0,1215.0,1.0,0.0,0.686274528503418,0.5641895835477563,,C:\Users\sophi\napari-organoid-segmentation\reports\segmentations\organoid_measurements_aspirina_1_v2_segmentations\Condição 1 - 4_labels.tif
Condição 1 - 4.jpg,ConvPaint,123,814.5,202.0,2.0,0.0,0.5235294103622437,0.7978845608028654,,C:\Users\sophi\napari-organoid-segmentation\reports\segmentations\organoid_measurements_aspirina_1_v2_segmentations\Condição 1 - 4_labels.tif
Condição 1 - 4.jpg,ConvPaint,124,817.0,344.0,1.0,0.0,0.3960784375667572,0.5641895835477563,,C:\Users\sophi\napari-organoid-segmentation\reports\segmentations\organoid_measurements_aspirina_1_v2_segmentations\Condição 1 - 4_labels.tif
Condição 1 - 4.jpg,ConvPaint,125,818.5,346.5,4.0,4.0,0.43039214611053467,1.1283791670955126,3.141592653589793,C:\Users\sophi\napari-organoid-segmentation\reports\segmentations\organoid_measurements_aspirina_1_v2_segmentations\Condição 1 - 4_labels.tif
Condição 1 - 4.jpg,ConvPaint,126,821.0,766.0,1.0,0.0,0.46666666865348816,0.5641895835477563,,C:\Users\sophi\napari-organoid-segmentation\reports\segmentations\organoid_measurements_aspirina_1_v2_segmentations\Condição 1 - 4_labels.tif
Condição 1 - 4.jpg,ConvPaint,127,822.6666666666666,309.6666666666667,3.0,3.414213562373095,0.4130719006061554,0.9772050238058398,3.2340725067158833,C:\Users\sophi\napari-organoid-segmentation\reports\segmentations\organoid_measurements_aspirina_1_v2_segmentations\Condição 1 - 4_labels.tif
Condição 1 - 4.jpg,ConvPaint,128,823.0,233.0,1.0,0.0,0.529411792755127,0.5641895835477563,,C:\Users\sophi\napari-organoid-segmentation\reports\segmentations\organoid_measurements_aspirina_1_v2_segmentations\Condição 1 - 4_labels.tif
Condição 1 - 4.jpg,ConvPaint,129,829.3125,333.625,16.0,13.65685424949238,0.39362746477127075,2.256758334191025,1.0780241689052945,C:\Users\sophi\napari-organoid-segmentation\reports\segmentations\organoid_measurements_aspirina_1_v2_segmentations\Condição 1 - 4_labels.tif
Condição 1 - 4.jpg,ConvPaint,130,832.3220338983051,1463.050847457627,59.0,43.55634918610404,0.45689597725868225,4.3336224206596095,0.39080394041443994,C:\Users\sophi\napari-organoid-segmentation\reports\segmentations\organoid_measurements_aspirina_1_v2_segmentations\Condição 1 - 4_labels.tif
Condição 1 - 4.jpg,ConvPaint,131,830.0,1476.0,3.0,1.0,0.4758169949054718,0.9772050238058398,37.69911184307752,C:\Users\sophi\napari-organoid-segmentation\reports\segmentations\organoid_measurements_aspirina_1_v2_segmentations\Condição 1 - 4_labels.tif
Condição 1 - 4.jpg,ConvPaint,132,831.5,329.5,2.0,0.0,0.43921568989753723,0.7978845608028654,,C:\Users\sophi\napari-organoid-segmentation\reports\segmentations\organoid_measurements_aspirina_1_v2_segmentations\Condição 1 - 4_labels.tif
Condição 1 - 4.jpg,ConvPaint,133,834.6666666666666,1472.3333333333333,3.0,3.414213562373095,0.48627451062202454,0.9772050238058398,3.2340725067158833,C:\Users\sophi\napari-organoid-segmentation\reports\segmentations\organoid_measurements_aspirina_1_v2_segmentations\Condição 1 - 4_labels.tif
Condição 1 - 4.jpg,ConvPaint,134,834.0,1900.0,1.0,0.0,0.3843137323856354,0.5641895835477563,,C:\Users\sophi\napari-organoid-segmentation\reports\segmentations\organoid_measurements_aspirina_1_v2_segmentations\Condição 1 - 4_labels.tif
Condição 1 - 4.jpg,ConvPaint,135,837.6428571428571,1453.357142857143,14.0,11.414213562373096,0.5005602240562439,2.111004122822376,1.3503486408337697,C:\Users\sophi\napari-organoid-segmentation\reports\segmentations\organoid_measurements_aspirina_1_v2_segmentations\Condição 1 - 4_labels.tif
Condição 1 - 4.jpg,ConvPaint,136,836.6666666666666,1468.3333333333333,3.0,3.414213562373095,0.5150327086448669,0.9772050238058398,3.2340725067158833,C:\Users\sophi\napari-organoid-segmentation\reports\segmentations\organoid_measurements_aspirina_1_v2_segmentations\Condição 1 - 4_labels.tif
Condição 1 - 4.jpg,ConvPaint,137,836.5,1479.0,2.0,0.0,0.4901960790157318,0.7978845608028654,,C:\Users\sophi\napari-organoid-segmentation\reports\segmentations\organoid_measurements_aspirina_1_v2_segmentations\Condição 1 - 4_labels.tif
Condição 1 - 4.jpg,ConvPaint,138,838.5,1450.0,2.0,0.0,0.5098039507865906,0.7978845608028654,,C:\Users\sophi\napari-organoid-segmentation\reports\segmentations\organoid_measurements_aspirina_1_v2_segmentations\Condição 1 - 4_labels.tif
Condição 1 - 4.jpg,ConvPaint,139,838.0,1471.0,1.0,0.0,0.4901960790157318,0.5641895835477563,,C:\Users\sophi\napari-organoid-segmentation\reports\segmentations\organoid_measurements_aspirina_1_v2_segmentations\Condição 1 - 4_labels.tif
Condição 1 - 4.jpg,ConvPaint,140,839.0,641.0,1.0,0.0,0.3686274588108063,0.5641895835477563,,C:\Users\sophi\napari-organoid-segmentation\reports\segmentations\organoid_measurements_aspirina_1_v2_segmentations\Condição 1 - 4_labels.tif
Condição 1 - 4.jpg,ConvPaint,141,841.0,640.0,1.0,0.0,0.37254902720451355,0.5641895835477563,,C:\Users\sophi\napari-organoid-segmentation\reports\segmentations\organoid_measurements_aspirina_1_v2_segmentations\Condição 1 - 4_labels.tif
Condição 1 - 4.jpg,ConvPaint,142,841.0,1446.0,1.0,0.0,0.5333333611488342,0.5641895835477563,,C:\Users\sophi\napari-organoid-segmentation\reports\segmentations\organoid_measurements_aspirina_1_v2_segmentations\Condição 1 - 4_labels.tif
Condição 1 - 4.jpg,ConvPaint,143,845.4545454545455,637.9090909090909,11.0,9.414213562373096,0.5090909600257874,1.8712051592547776,1.5596762428619324,C:\Users\sophi\napari-organoid-segmentation\reports\segmentations\organoid_measurements_aspirina_1_v2_segmentations\Condição 1 - 4_labels.tif
Condição 1 - 4.jpg,ConvPaint,144,845.4545454545455,1437.5454545454545,11.0,9.207106781186548,0.5144385695457458,1.8712051592547776,1.63063285755946,C:\Users\sophi\napari-organoid-segmentation\reports\segmentations\organoid_measurements_aspirina_1_v2_segmentations\Condição 1 - 4_labels.tif
Condição 1 - 4.jpg,ConvPaint,145,847.0,1456.0,1.0,0.0,0.45098039507865906,0.5641895835477563,,C:\Users\sophi\napari-organoid-segmentation\reports\segmentations\organoid_measurements_aspirina_1_v2_segmentations\Condição 1 - 4_labels.tif
Condição 1 - 4.jpg,ConvPaint,146,849.9473684210526,1433.842105263158,19.0,15.207106781186548,0.4804953634738922,2.4592453796829674,1.0324529607088793,C:\Users\sophi\napari-organoid-segmentation\reports\segmentations\organoid_measurements_aspirina_1_v2_segmentations\Condição 1 - 4_labels.tif
Condição 1 - 4.jpg,ConvPaint,147,861.1863354037267,1467.5931677018634,322.0,162.18986283848346,0.41780540347099304,10.124020118074668,0.15382195356282985,C:\Users\sophi\napari-organoid-segmentation\reports\segmentations\organoid_measurements_aspirina_1_v2_segmentations\Condição 1 - 4_labels.tif
Condição 1 - 4.jpg,ConvPaint,148,848.6666666666666,1478.6666666666667,3.0,3.414213562373095,0.5045751929283142,0.9772050238058398,3.2340725067158833,C:\Users\sophi\napari-organoid-segmentation\reports\segmentations\organoid_measurements_aspirina_1_v2_segmentations\Condição 1 - 4_labels.tif
Condição 1 - 4.jpg,ConvPaint,149,849.0,662.0,1.0,0.0,0.4901960790157318,0.5641895835477563,,C:\Users\sophi\napari-organoid-segmentation\reports\segmentations\organoid_measurements_aspirina_1_v2_segmentations\Condição 1 - 4_labels.tif
Condição 1 - 4.jpg,ConvPaint,150,850.0,654.5,2.0,0.0,0.4803921580314636,0.7978845608028654,,C:\Users\sophi\napari-organoid-segmentation\reports\segmentations\organoid_measurements_aspirina_1_v2_segmentations\Condição 1 - 4_labels.tif
Condição 1 - 4.jpg,ConvPaint,151,850.0,1453.0,1.0,0.0,0.5372549295425415,0.5641895835477563,,C:\Users\sophi\napari-organoid-segmentation\reports\segmentations\organoid_measurements_aspirina_1_v2_segmentations\Condição 1 - 4_labels.tif
Condição 1 - 4.jpg,ConvPaint,152,850.5,1461.0,2.0,0.0,0.44117647409439087,0.7978845608028654,,C:\Users\sophi\napari-organoid-segmentation\reports\segmentations\organoid_measurements_aspirina_1_v2_segmentations\Condição 1 - 4_labels.tif
Condição 1 - 4.jpg,ConvPaint,153,851.0,1046.0,1.0,0.0,0.4431372582912445,0.5641895835477563,,C:\Users\sophi\napari-organoid-segmentation\reports\segmentations\organoid_measurements_aspirina_1_v2_segmentations\Condição 1 - 4_labels.tif
Condição 1 - 4.jpg,ConvPaint,154,853.2857142857143,1458.4285714285713,7.0,7.207106781186548,0.4106442928314209,1.4927053303604616,1.6935030795523165,C:\Users\sophi\napari-organoid-segmentation\reports\segmentations\organoid_measurements_aspirina_1_v2_segmentations\Condição 1 - 4_labels.tif
Condição 1 - 4.jpg,ConvPaint,155,853.0,708.0,1.0,0.0,0.4313725531101227,0.5641895835477563,,C:\Users\sophi\napari-organoid-segmentation\reports\segmentations\organoid_measurements_aspirina_1_v2_segmentations\Condição 1 - 4_labels.tif
Condição 1 - 4.jpg,ConvPaint,156,854.5,710.5,4.0,4.0,0.4637255072593689,1.1283791670955126,3.141592653589793,C:\Users\sophi\napari-organoid-segmentation\reports\segmentations\organoid_measurements_aspirina_1_v2_segmentations\Condição 1 - 4_labels.tif
Condição 1 - 4.jpg,ConvPaint,157,857.2222222222222,1440.0,9.0,7.035533905932738,0.4758169949054718,1.692568750643269,2.2848529397606376,C:\Users\sophi\napari-organoid-segmentation\reports\segmentations\organoid_measurements_aspirina_1_v2_segmentations\Condição 1 - 4_labels.tif
Condição 1 - 4.jpg,ConvPaint,158,856.6666666666666,1454.3333333333333,3.0,3.414213562373095,0.4470588266849518,0.9772050238058398,3.2340725067158833,C:\Users\sophi\napari-organoid-segmentation\reports\segmentations\organoid_measurements_aspirina_1_v2_segmentations\Condição 1 - 4_labels.tif
Condição 1 - 4.jpg,ConvPaint,159,858.5,1465.5,4.0,4.0,0.4539215862751007,1.1283791670955126,3.141592653589793,C:\Users\sophi\napari-organoid-segmentation\reports\segmentations\organoid_measurements_aspirina_1_v2_segmentations\Condição 1 - 4_labels.tif
Condição 1 - 4.jpg,ConvPaint,160,861.0,1435.909090909091,11.0,9.414213562373096,0.4627451002597809,1.8712051592547776,1.5596762428619324,C:\Users\sophi\napari-organoid-segmentation\reports\segmentations\organoid_measurements_aspirina_1_v2_segmentations\Condição 1 - 4_labels.tif
Condição 1 - 4.jpg,ConvPaint,161,860.0,1462.0,1.0,0.0,0.4431372582912445,0.5641895835477563,,C:\Users\sophi\napari-organoid-segmentation\reports\segmentations\organoid_measurements_aspirina_1_v2_segmentations\Condição 1 - 4_labels.tif
Condição 1 - 4.jpg,ConvPaint,162,863.0,1451.0,1.0,0.0,0.529411792755127,0.5641895835477563,,C:\Users\sophi\napari-organoid-segmentation\reports\segmentations\organoid_measurements_aspirina_1_v2_segmentations\Condição 1 - 4_labels.tif
Condição 1 - 4.jpg,ConvPaint,163,863.0,1655.0,1.0,0.0,0.48235294222831726,0.5641895835477563,,C:\Users\sophi\napari-organoid-segmentation\reports\segmentations\organoid_measurements_aspirina_1_v2_segmentations\Condição 1 - 4_labels.tif
Condição 1 - 4.jpg,ConvPaint,164,868.68,1445.56,50.0,37.31370849898477,0.4345882534980774,3.989422804014327,0.4512768336168104,C:\Users\sophi\napari-organoid-segmentation\reports\segmentations\organoid_measurements_aspirina_1_v2_segmentations\Condição 1 - 4_labels.tif
Condição 1 - 4.jpg,ConvPaint,165,869.0,1058.0,1.0,0.0,0.4627451002597809,0.5641895835477563,,C:\Users\sophi\napari-organoid-segmentation\reports\segmentations\organoid_measurements_aspirina_1_v2_segmentations\Condição 1 - 4_labels.tif
Condição 1 - 4.jpg,ConvPaint,166,870.0,1056.0,1.0,0.0,0.43529412150382996,0.5641895835477563,,C:\Users\sophi\napari-organoid-segmentation\reports\segmentations\organoid_measurements_aspirina_1_v2_segmentations\Condição 1 - 4_labels.tif
Condição 1 - 4.jpg,ConvPaint,167,871.0,1472.5,2.0,0.0,0.4901960790157318,0.7978845608028654,,C:\Users\sophi\napari-organoid-segmentation\reports\segmentations\organoid_measurements_aspirina_1_v2_segmentations\Condição 1 - 4_labels.tif
Condição 1 - 4.jpg,ConvPaint,168,878.0,1039.0,1.0,0.0,0.47058823704719543,0.5641895835477563,,C:\Users\sophi\napari-organoid-segmentation\reports\segmentations\organoid_measurements_aspirina_1_v2_segmentations\Condição 1 - 4_labels.tif
Condição 1 - 4.jpg,ConvPaint,169,878.0,1155.0,1.0,0.0,0.364705890417099,0.5641895835477563,,C:\Users\sophi\napari-organoid-segmentation\reports\segmentations\organoid_measurements_aspirina_1_v2_segmentations\Condição 1 - 4_labels.tif
Condição 1 - 4.jpg,ConvPaint,170,879.0,1455.0,1.0,0.0,0.529411792755127,0.5641895835477563,,C:\Users\sophi\napari-organoid-segmentation\reports\segmentations\organoid_measurements_aspirina_1_v2_segmentations\Condição 1 - 4_labels.tif
Condição 1 - 4.jpg,ConvPaint,171,881.0,1042.8333333333333,6.0,6.207106781186548,0.46535947918891907,1.381976597885342,1.9569632997809339,C:\Users\sophi\napari-organoid-segmentation\reports\segmentations\organoid_measurements_aspirina_1_v2_segmentations\Condição 1 - 4_labels.tif
Condição 1 - 4.jpg,ConvPaint,172,880.0,1051.0,1.0,0.0,0.5333333611488342,0.5641895835477563,,C:\Users\sophi\napari-organoid-segmentation\reports\segmentations\organoid_measurements_aspirina_1_v2_segmentations\Condição 1 - 4_labels.tif
Condição 1 - 4.jpg,ConvPaint,173,883.0,1050.0,1.0,0.0,0.5333333611488342,0.5641895835477563,,C:\Users\sophi\napari-organoid-segmentation\reports\segmentations\organoid_measurements_aspirina_1_v2_segmentations\Condição 1 - 4_labels.tif
Condição 1 - 4.jpg,ConvPaint,174,884.5,1052.5,4.0,4.0,0.42941176891326904,1.1283791670955126,3.141592653589793,C:\Users\sophi\napari-organoid-segmentation\reports\segmentations\organoid_measurements_aspirina_1_v2_segmentations\Condição 1 - 4_labels.tif
Condição 1 - 4.jpg,ConvPaint,175,884.0,1055.0,1.0,0.0,0.4156862795352936,0.5641895835477563,,C:\Users\sophi\napari-organoid-segmentation\reports\segmentations\organoid_measurements_aspirina_1_v2_segmentations\Condição 1 - 4_labels.tif
Condição 1 - 4.jpg,ConvPaint,176,887.0,1055.0,1.0,0.0,0.4156862795352936,0.5641895835477563,,C:\Users\sophi\napari-organoid-segmentation\reports\segmentations\organoid_measurements_aspirina_1_v2_segmentations\Condição 1 - 4_labels.tif
Condição 1 - 4.jpg,ConvPaint,177,890.0,1049.8181818181818,11.0,9.621320343559642,0.4631015956401825,1.8712051592547776,1.4932523248687193,C:\Users\sophi\napari-organoid-segmentation\reports\segmentations\organoid_measurements_aspirina_1_v2_segmentations\Condição 1 - 4_labels.tif
Condição 1 - 4.jpg,ConvPaint,178,891.0,1129.5,2.0,0.0,0.5254902243614197,0.7978845608028654,,C:\Users\sophi\napari-organoid-segmentation\reports\segmentations\organoid_measurements_aspirina_1_v2_segmentations\Condição 1 - 4_labels.tif
Condição 1 - 4.jpg,ConvPaint,179,959.0166666666667,1914.9416666666666,360.0,129.35533905932738,0.34310460090637207,10.704744696916627,0.2703607530818207,C:\Users\sophi\napari-organoid-segmentation\reports\segmentations\organoid_measurements_aspirina_1_v2_segmentations\Condição 1 - 4_labels.tif
Condição 1 - 4.jpg,ConvPaint,180,939.0,1569.0,1.0,0.0,0.40784314274787903,0.5641895835477563,,C:\Users\sophi\napari-organoid-segmentation\reports\segmentations\organoid_measurements_aspirina_1_v2_segmentations\Condição 1 - 4_labels.tif
Condição 1 - 4.jpg,ConvPaint,181,939.0,1587.0,1.0,0.0,0.4470588266849518,0.5641895835477563,,C:\Users\sophi\napari-organoid-segmentation\reports\segmentations\organoid_measurements_aspirina_1_v2_segmentations\Condição 1 - 4_labels.tif
Condição 1 - 4.jpg,ConvPaint,182,970.7142857142857,1747.7142857142858,14.0,12.035533905932738,0.4960784316062927,2.111004122822376,1.2145270120957958,C:\Users\sophi\napari-organoid-segmentation\reports\segmentations\organoid_measurements_aspirina_1_v2_segmentations\Condição 1 - 4_labels.tif
Condição 1 - 4.jpg,ConvPaint,183,976.506329113924,1756.1645569620252,79.0,54.10660171779821,0.5021592974662781,5.014626706796775,0.33910675370519494,C:\Users\sophi\napari-organoid-segmentation\reports\segmentations\organoid_measurements_aspirina_1_v2_segmentations\Condição 1 - 4_labels.tif
Condição 1 - 4.jpg,ConvPaint,184,973.6184210526316,1779.9605263157894,76.0,59.17766952966369,0.47291022539138794,4.918490759365935,0.2727141924153634,C:\Users\sophi\napari-organoid-segmentation\reports\segmentations\organoid_measurements_aspirina_1_v2_segmentations\Condição 1 - 4_labels.tif
Condição 1 - 4.jpg,ConvPaint,185,971.15,1802.3,20.0,17.0,0.5021568536758423,2.5231325220201604,0.8696450252151676,C:\Users\sophi\napari-organoid-segmentation\reports\segmentations\organoid_measurements_aspirina_1_v2_segmentations\Condição 1 - 4_labels.tif
Condição 1 - 4.jpg,ConvPaint,186,969.0,1763.0,1.0,0.0,0.501960813999176,0.5641895835477563,,C:\Users\sophi\napari-organoid-segmentation\reports\segmentations\organoid_measurements_aspirina_1_v2_segmentations\Condição 1 - 4_labels.tif
Condição 1 - 4.jpg,ConvPaint,187,970.6666666666666,1738.6666666666667,3.0,3.414213562373095,0.5071895718574524,0.9772050238058398,3.2340725067158833,C:\Users\sophi\napari-organoid-segmentation\reports\segmentations\organoid_measurements_aspirina_1_v2_segmentations\Condição 1 - 4_labels.tif
Condição 1 - 4.jpg,ConvPaint,188,975.5,1733.2916666666667,24.0,21.035533905932738,0.37352943420410156,2.763953195770684,0.6815755880916818,C:\Users\sophi\napari-organoid-segmentation\reports\segmentations\organoid_measurements_aspirina_1_v2_segmentations\Condição 1 - 4_labels.tif
Condição 1 - 4.jpg,ConvPaint,189,974.0,1738.0,1.0,0.0,0.0,0.5641895835477563,,C:\Users\sophi\napari-organoid-segmentation\reports\segmentations\organoid_measurements_aspirina_1_v2_segmentations\Condição 1 - 4_labels.tif
Condição 1 - 4.jpg,ConvPaint,190,974.6666666666666,1770.3333333333333,3.0,3.414213562373095,0.0470588244497776,0.9772050238058398,3.2340725067158833,C:\Users\sophi\napari-organoid-segmentation\reports\segmentations\organoid_measurements_aspirina_1_v2_segmentations\Condição 1 - 4_labels.tif
Condição 1 - 4.jpg,ConvPaint,191,977.609756097561,1792.6341463414635,41.0,31.106601717798213,0.41310378909111023,3.6125759969217834,0.5324619563572499,C:\Users\sophi\napari-organoid-segmentation\reports\segmentations\organoid_measurements_aspirina_1_v2_segmentations\Condição 1 - 4_labels.tif
Condição 1 - 4.jpg,ConvPaint,192,975.0,1730.0,1.0,0.0,0.5058823823928833,0.5641895835477563,,C:\Users\sophi\napari-organoid-segmentation\reports\segmentations\organoid_measurements_aspirina_1_v2_segmentations\Condição 1 - 4_labels.tif
Condição 1 - 4.jpg,ConvPaint,193,977.0833333333334,1766.5,12.0,9.82842712474619,0.48235294222831726,1.9544100476116797,1.561072475512689,C:\Users\sophi\napari-organoid-segmentation\reports\segmentations\organoid_measurements_aspirina_1_v2_segmentations\Condição 1 - 4_labels.tif
Condição 1 - 4.jpg,ConvPaint,194,977.5,1739.5,10.0,6.82842712474619,0.2509803771972656,1.7841241161527712,2.695060422263236,C:\Users\sophi\napari-organoid-segmentation\reports\segmentations\organoid_measurements_aspirina_1_v2_segmentations\Condição 1 - 4_labels.tif
Condição 1 - 4.jpg,ConvPaint,195,977.4130434782609,1864.8260869565217,46.0,37.27817459305202,0.4646206796169281,3.826519928662906,0.41596656097577533,C:\Users\sophi\napari-organoid-segmentation\reports\segmentations\organoid_measurements_aspirina_1_v2_segmentations\Condição 1 - 4_labels.tif
Condição 1 - 4.jpg,ConvPaint,196,977.1428571428571,1880.2142857142858,14.0,13.035533905932738,0.5263305306434631,2.111004122822376,1.035333466486809,C:\Users\sophi\napari-organoid-segmentation\reports\segmentations\organoid_measurements_aspirina_1_v2_segmentations\Condição 1 - 4_labels.tif
Condição 1 - 4.jpg,ConvPaint,197,978.0,1784.0,1.0,0.0,0.0,0.5641895835477563,,C:\Users\sophi\napari-organoid-segmentation\reports\segmentations\organoid_measurements_aspirina_1_v2_segmentations\Condição 1 - 4_labels.tif
Condição 1 - 4.jpg,ConvPaint,198,980.8571428571429,1817.8095238095239,21.0,15.82842712474619,0.5023342370986938,2.5854414729132054,1.0533037652751553,C:\Users\sophi\napari-organoid-segmentation\reports\segmentations\organoid_measurements_aspirina_1_v2_segmentations\Condição 1 - 4_labels.tif
Condição 1 - 4.jpg,ConvPaint,199,982.5,1828.5,20.0,20.0,0.5096077919006348,2.5231325220201604,0.6283185307179586,C:\Users\sophi\napari-organoid-segmentation\reports\segmentations\organoid_measurements_aspirina_1_v2_segmentations\Condição 1 - 4_labels.tif
Condição 1 - 4.jpg,ConvPaint,200,980.375,1832.9375,16.0,12.449747468305834,0.4946078658103943,2.256758334191025,1.2972054426585062,C:\Users\sophi\napari-organoid-segmentation\reports\segmentations\organoid_measurements_aspirina_1_v2_segmentations\Condição 1 - 4_labels.tif
Condição 1 - 4.jpg,ConvPaint,201,983.1428571428571,1846.3809523809523,21.0,17.414213562373096,0.5036414265632629,2.5854414729132054,0.8702047034972458,C:\Users\sophi\napari-organoid-segmentation\reports\segmentations\organoid_measurements_aspirina_1_v2_segmentations\Condição 1 - 4_labels.tif
Condição 1 - 4.jpg,ConvPaint,202,979.0,1788.0,1.0,0.0,0.0,0.5641895835477563,,C:\Users\sophi\napari-organoid-segmentation\reports\segmentations\organoid_measurements_aspirina_1_v2_segmentations\Condição 1 - 4_labels.tif
Condição 1 - 4.jpg,ConvPaint,203,986.28,1770.52,25.0,24.207106781186546,0.50352942943573,2.8209479177387813,0.5361225823999182,C:\Users\sophi\napari-organoid-segmentation\reports\segmentations\organoid_measurements_aspirina_1_v2_segmentations\Condição 1 - 4_labels.tif
Condição 1 - 4.jpg,ConvPaint,204,980.5,1842.0,2.0,0.0,0.5058823823928833,0.7978845608028654,,C:\Users\sophi\napari-organoid-segmentation\reports\segmentations\organoid_measurements_aspirina_1_v2_segmentations\Condição 1 - 4_labels.tif
Condição 1 - 4.jpg,ConvPaint,205,981.0,1734.0,3.0,1.0,0.5071895718574524,0.9772050238058398,37.69911184307752,C:\Users\sophi\napari-organoid-segmentation\reports\segmentations\organoid_measurements_aspirina_1_v2_segmentations\Condição 1 - 4_labels.tif
Condição 1 - 4.jpg,ConvPaint,206,982.25,1881.5,4.0,3.414213562373095,0.15980392694473267,1.1283791670955126,4.312096675621178,C:\Users\sophi\napari-organoid-segmentation\reports\segmentations\organoid_measurements_aspirina_1_v2_segmentations\Condição 1 - 4_labels.tif
Condição 1 - 4.jpg,ConvPaint,207,982.5,1806.5,4.0,4.0,0.5068627595901489,1.1283791670955126,3.141592653589793,C:\Users\sophi\napari-organoid-segmentation\reports\segmentations\organoid_measurements_aspirina_1_v2_segmentations\Condição 1 - 4_labels.tif
Condição 1 - 4.jpg,ConvPaint,208,982.3333333333334,1854.3333333333333,3.0,3.414213562373095,0.0954248383641243,0.9772050238058398,3.2340725067158833,C:\Users\sophi\napari-organoid-segmentation\reports\segmentations\organoid_measurements_aspirina_1_v2_segmentations\Condição 1 - 4_labels.tif
Condição 1 - 4.jpg,ConvPaint,209,982.5,1884.5,4.0,4.0,0.5284314155578613,1.1283791670955126,3.141592653589793,C:\Users\sophi\napari-organoid-segmentation\reports\segmentations\organoid_measurements_aspirina_1_v2_segmentations\Condição 1 - 4_labels.tif
Condição 1 - 4.jpg,ConvPaint,210,984.5,1774.0,2.0,0.0,0.0,0.7978845608028654,,C:\Users\sophi\napari-organoid-segmentation\reports\segmentations\organoid_measurements_aspirina_1_v2_segmentations\Condição 1 - 4_labels.tif
Condição 1 - 4.jpg,ConvPaint,211,984.5,1796.0,2.0,0.0,0.501960813999176,0.7978845608028654,,C:\Users\sophi\napari-organoid-segmentation\reports\segmentations\organoid_measurements_aspirina_1_v2_segmentations\Condição 1 - 4_labels.tif
Condição 1 - 4.jpg,ConvPaint,212,985.5,1857.5,10.0,6.82842712474619,0.4870588183403015,1.7841241161527712,2.695060422263236,C:\Users\sophi\napari-organoid-segmentation\reports\segmentations\organoid_measurements_aspirina_1_v2_segmentations\Condição 1 - 4_labels.tif
Condição 1 - 4.jpg,ConvPaint,213,989.1142857142858,1871.7714285714285,35.0,28.82842712474619,0.47462186217308044,3.3377905890622728,0.5292197123600989,C:\Users\sophi\napari-organoid-segmentation\reports\segmentations\organoid_measurements_aspirina_1_v2_segmentations\Condição 1 - 4_labels.tif
Condição 1 - 4.jpg,ConvPaint,214,994.7884615384615,1779.9423076923076,52.0,40.24264068711929,0.41251885890960693,4.068428945128219,0.4034969586993777,C:\Users\sophi\napari-organoid-segmentation\reports\segmentations\organoid_measurements_aspirina_1_v2_segmentations\Condição 1 - 4_labels.tif
Condição 1 - 4.jpg,ConvPaint,215,996.1724137931035,1860.9310344827586,29.0,26.207106781186546,0.49006086587905884,3.0382538898732494,0.53060300526505,C:\Users\sophi\napari-organoid-segmentation\reports\segmentations\organoid_measurements_aspirina_1_v2_segmentations\Condição 1 - 4_labels.tif
Condição 1 - 4.jpg,ConvPaint,216,987.0,1864.0,1.0,0.0,0.0,0.5641895835477563,,C:\Users\sophi\napari-organoid-segmentation\reports\segmentations\organoid_measurements_aspirina_1_v2_segmentations\Condição 1 - 4_labels.tif
Condição 1 - 4.jpg,ConvPaint,217,988.5,1738.0,2.0,0.0,0.5058823823928833,0.7978845608028654,,C:\Users\sophi\napari-organoid-segmentation\reports\segmentations\organoid_measurements_aspirina_1_v2_segmentations\Condição 1 - 4_labels.tif
Condição 1 - 4.jpg,ConvPaint,218,988.0,1796.0,1.0,0.0,0.501960813999176,0.5641895835477563,,C:\Users\sophi\napari-organoid-segmentation\reports\segmentations\organoid_measurements_aspirina_1_v2_segmentations\Condição 1 - 4_labels.tif
Condição 1 - 4.jpg,ConvPaint,219,988.5,1806.5,4.0,4.0,0.5068627595901489,1.1283791670955126,3.141592653589793,C:\Users\sophi\napari-organoid-segmentation\reports\segmentations\organoid_measurements_aspirina_1_v2_segmentations\Condição 1 - 4_labels.tif
Condição 1 - 4.jpg,ConvPaint,220,989.0,1875.0,1.0,0.0,0.48235294222831726,0.5641895835477563,,C:\Users\sophi\napari-organoid-segmentation\reports\segmentations\organoid_measurements_aspirina_1_v2_segmentations\Condição 1 - 4_labels.tif
Condição 1 - 4.jpg,ConvPaint,221,990.5,1758.0,2.0,0.0,0.0,0.7978845608028654,,C:\Users\sophi\napari-organoid-segmentation\reports\segmentations\organoid_measurements_aspirina_1_v2_segmentations\Condição 1 - 4_labels.tif
Condição 1 - 4.jpg,ConvPaint,222,991.0,1738.0,1.0,0.0,0.5058823823928833,0.5641895835477563,,C:\Users\sophi\napari-organoid-segmentation\reports\segmentations\organoid_measurements_aspirina_1_v2_segmentations\Condição 1 - 4_labels.tif
Condição 1 - 4.jpg,ConvPaint,223,993.5,1748.0,4.0,2.0,0.5068627595901489,1.1283791670955126,12.566370614359172,C:\Users\sophi\napari-organoid-segmentation\reports\segmentations\organoid_measurements_aspirina_1_v2_segmentations\Condição 1 - 4_labels.tif
Condição 1 - 4.jpg,ConvPaint,224,995.0769230769231,1795.2307692307693,13.0,8.414213562373096,0.46365007758140564,2.0342144725641096,2.3074173555187145,C:\Users\sophi\napari-organoid-segmentation\reports\segmentations\organoid_measurements_aspirina_1_v2_segmentations\Condição 1 - 4_labels.tif
Condição 1 - 4.jpg,ConvPaint,225,992.5,1828.5,4.0,4.0,0.5098039507865906,1.1283791670955126,3.141592653589793,C:\Users\sophi\napari-organoid-segmentation\reports\segmentations\organoid_measurements_aspirina_1_v2_segmentations\Condição 1 - 4_labels.tif
Condição 1 - 4.jpg,ConvPaint,226,993.5,1856.5,8.0,8.0,0.5053921937942505,1.5957691216057308,1.5707963267948966,C:\Users\sophi\napari-organoid-segmentation\reports\segmentations\organoid_measurements_aspirina_1_v2_segmentations\Condição 1 - 4_labels.tif
Condição 1 - 4.jpg,ConvPaint,227,993.5,1874.5,8.0,8.0,0.49166667461395264,1.5957691216057308,1.5707963267948966,C:\Users\sophi\napari-organoid-segmentation\reports\segmentations\organoid_measurements_aspirina_1_v2_segmentations\Condição 1 - 4_labels.tif
Condição 1 - 4.jpg,ConvPaint,228,993.0,1790.0,1.0,0.0,0.501960813999176,0.5641895835477563,,C:\Users\sophi\napari-organoid-segmentation\reports\segmentations\organoid_measurements_aspirina_1_v2_segmentations\Condição 1 - 4_labels.tif
Condição 1 - 4.jpg,ConvPaint,229,998.5526315789474,1757.0263157894738,38.0,28.520815280171306,0.3948400318622589,3.477898169151024,0.5870425608344907,C:\Users\sophi\napari-organoid-segmentation\reports\segmentations\organoid_measurements_aspirina_1_v2_segmentations\Condição 1 - 4_labels.tif
Condição 1 - 4.jpg,ConvPaint,230,994.5,1766.5,4.0,4.0,0.5068627595901489,1.1283791670955126,3.141592653589793,C:\Users\sophi\napari-organoid-segmentation\reports\segmentations\organoid_measurements_aspirina_1_v2_segmentations\Condição 1 - 4_labels.tif
Condição 1 - 4.jpg,ConvPaint,231,995.0,1784.0,1.0,0.0,0.0,0.5641895835477563,,C:\Users\sophi\napari-organoid-segmentation\reports\segmentations\organoid_measurements_aspirina_1_v2_segmentations\Condição 1 - 4_labels.tif
Condição 1 - 4.jpg,ConvPaint,232,995.0,1792.0,1.0,0.0,0.501960813999176,0.5641895835477563,,C:\Users\sophi\napari-organoid-segmentation\reports\segmentations\organoid_measurements_aspirina_1_v2_segmentations\Condição 1 - 4_labels.tif
Condição 1 - 4.jpg,ConvPaint,233,995.5,1828.0,2.0,0.0,0.5098039507865906,0.7978845608028654,,C:\Users\sophi\napari-organoid-segmentation\reports\segmentations\organoid_measurements_aspirina_1_v2_segmentations\Condição 1 - 4_labels.tif
Condição 1 - 4.jpg,ConvPaint,234,996.5,1738.5,4.0,4.0,0.5098039507865906,1.1283791670955126,3.141592653589793,C:\Users\sophi\napari-organoid-segmentation\reports\segmentations\organoid_measurements_aspirina_1_v2_segmentations\Condição 1 - 4_labels.tif
Condição 1 - 4.jpg,ConvPaint,235,997.4545454545455,1769.8181818181818,11.0,9.82842712474619,0.2766488492488861,1.8712051592547776,1.430983102553298,C:\Users\sophi\napari-organoid-segmentation\reports\segmentations\organoid_measurements_aspirina_1_v2_segmentations\Condição 1 - 4_labels.tif
Condição 1 - 4.jpg,ConvPaint,236,997.2,1832.4,5.0,4.82842712474619,0.3043137192726135,1.2615662610100802,2.695060422263236,C:\Users\sophi\napari-organoid-segmentation\reports\segmentations\organoid_measurements_aspirina_1_v2_segmentations\Condição 1 - 4_labels.tif
Condição 1 - 4.jpg,ConvPaint,237,1000.0952380952381,1733.2857142857142,21.0,18.035533905932738,0.3764706552028656,2.5854414729132054,0.8112807145605295,C:\Users\sophi\napari-organoid-segmentation\reports\segmentations\organoid_measurements_aspirina_1_v2_segmentations\Condição 1 - 4_labels.tif
Condição 1 - 4.jpg,ConvPaint,238,997.0,1830.0,1.0,0.0,0.5098039507865906,0.5641895835477563,,C:\Users\sophi\napari-organoid-segmentation\reports\segmentations\organoid_measurements_aspirina_1_v2_segmentations\Condição 1 - 4_labels.tif
Condição 1 - 4.jpg,ConvPaint,239,997.0,1844.5,2.0,0.0,0.5098039507865906,0.7978845608028654,,C:\Users\sophi\napari-organoid-segmentation\reports\segmentations\organoid_measurements_aspirina_1_v2_segmentations\Condição 1 - 4_labels.tif
Condição 1 - 4.jpg,ConvPaint,240,1003.1111111111111,1785.611111111111,18.0,16.035533905932738,0.4019608199596405,2.393653682408596,0.8796613695590273,C:\Users\sophi\napari-organoid-segmentation\reports\segmentations\organoid_measurements_aspirina_1_v2_segmentations\Condição 1 - 4_labels.tif
Condição 1 - 4.jpg,ConvPaint,241,1001.6875,1801.0,16.0,13.035533905932738,0.4426470696926117,2.256758334191025,1.183238247413496,C:\Users\sophi\napari-organoid-segmentation\reports\segmentations\organoid_measurements_aspirina_1_v2_segmentations\Condição 1 - 4_labels.tif
Condição 1 - 4.jpg,ConvPaint,242,1002.0454545454545,1835.8181818181818,22.0,18.48528137423857,0.26292335987091064,2.6462837142006137,0.8090594104371973,C:\Users\sophi\napari-organoid-segmentation\reports\segmentations\organoid_measurements_aspirina_1_v2_segmentations\Condição 1 - 4_labels.tif
Condição 1 - 4.jpg,ConvPaint,243,1002.1111111111111,1877.4444444444443,9.0,7.207106781186548,0.30501091480255127,1.692568750643269,2.1773611022815498,C:\Users\sophi\napari-organoid-segmentation\reports\segmentations\organoid_measurements_aspirina_1_v2_segmentations\Condição 1 - 4_labels.tif
Condição 1 - 4.jpg,ConvPaint,244,1002.3333333333334,1847.6666666666667,6.0,4.621320343559642,0.43333330750465393,1.381976597885342,3.530441063725954,C:\Users\sophi\napari-organoid-segmentation\reports\segmentations\organoid_measurements_aspirina_1_v2_segmentations\Condição 1 - 4_labels.tif
Condição 1 - 4.jpg,ConvPaint,245,1002.6666666666666,1869.6666666666667,3.0,3.414213562373095,0.501960813999176,0.9772050238058398,3.2340725067158833,C:\Users\sophi\napari-organoid-segmentation\reports\segmentations\organoid_measurements_aspirina_1_v2_segmentations\Condição 1 - 4_labels.tif
Condição 1 - 4.jpg,ConvPaint,246,1004.0,1762.5,2.0,0.0,0.5078431367874146,0.7978845608028654,,C:\Users\sophi\napari-organoid-segmentation\reports\segmentations\organoid_measurements_aspirina_1_v2_segmentations\Condição 1 - 4_labels.tif
Condição 1 - 4.jpg,ConvPaint,247,1004.5,1825.0,2.0,0.0,0.0,0.7978845608028654,,C:\Users\sophi\napari-organoid-segmentation\reports\segmentations\organoid_measurements_aspirina_1_v2_segmentations\Condição 1 - 4_labels.tif
Condição 1 - 4.jpg,ConvPaint,248,1012.0,1820.0,3.0,1.0,0.5098039507865906,0.9772050238058398,37.69911184307752,C:\Users\sophi\napari-organoid-segmentation\reports\segmentations\organoid_measurements_aspirina_1_v2_segmentations\Condição 1 - 4_labels.tif
Condição 1 - 4.jpg,ConvPaint,249,1012.0,1826.0,1.0,0.0,0.5098039507865906,0.5641895835477563,,C:\Users\sophi\napari-organoid-segmentation\reports\segmentations\organoid_measurements_aspirina_1_v2_segmentations\Condição 1 - 4_labels.tif
Condição 1 - 4.jpg,ConvPaint,250,1017.44,1750.64,25.0,17.207106781186546,0.49709805846214294,2.8209479177387813,1.0610458842938542,C:\Users\sophi\napari-organoid-segmentation\reports\segmentations\organoid_measurements_aspirina_1_v2_segmentations\Condição 1 - 4_labels.tif
Condição 1 - 4.jpg,ConvPaint,251,1017.0,1863.0,1.0,0.0,0.5058823823928833,0.5641895835477563,,C:\Users\sophi\napari-organoid-segmentation\reports\segmentations\organoid_measurements_aspirina_1_v2_segmentations\Condição 1 - 4_labels.tif
Condição 1 - 4.jpg,ConvPaint,252,1025.5,1863.0,12.0,10.0,0.5058823227882385,1.9544100476116797,1.5079644737231006,C:\Users\sophi\napari-organoid-segmentation\reports\segmentations\organoid_measurements_aspirina_1_v2_segmentations\Condição 1 - 4_labels.tif
Condição 1 - 4.jpg,ConvPaint,253,1035.0,1754.75,4.0,4.621320343559642,0.17549020051956177,1.1283791670955126,2.3536273758173025,C:\Users\sophi\napari-organoid-segmentation\reports\segmentations\organoid_measurements_aspirina_1_v2_segmentations\Condição 1 - 4_labels.tif
Condição 1 - 4.jpg,ConvPaint,254,1071.079116179615,220.91803278688525,1403.0,339.65180361560897,0.36445432901382446,21.13264702577172,0.15282685812737873,C:\Users\sophi\napari-organoid-segmentation\reports\segmentations\organoid_measurements_aspirina_1_v2_segmentations\Condição 1 - 4_labels.tif
Condição 1 - 4.jpg,ConvPaint,255,1074.0,288.5,2.0,0.0,0.7039215564727783,0.7978845608028654,,C:\Users\sophi\napari-organoid-segmentation\reports\segmentations\organoid_measurements_aspirina_1_v2_segmentations\Condição 1 - 4_labels.tif
Condição 1 - 4.jpg,ConvPaint,256,1077.4,278.1333333333333,15.0,12.242640687119284,0.5095425248146057,2.1850968611841584,1.2576242881690396,C:\Users\sophi\napari-organoid-segmentation\reports\segmentations\organoid_measurements_aspirina_1_v2_segmentations\Condição 1 - 4_labels.tif
Condição 1 - 4.jpg,ConvPaint,257,1077.3846153846155,166.30769230769232,13.0,10.207106781186548,0.48446452617645264,2.0342144725641096,1.5680066493388476,C:\Users\sophi\napari-organoid-segmentation\reports\segmentations\organoid_measurements_aspirina_1_v2_segmentations\Condição 1 - 4_labels.tif
Condição 1 - 4.jpg,ConvPaint,258,1076.6666666666667,282.3333333333333,3.0,3.414213562373095,0.43529412150382996,0.9772050238058398,3.2340725067158833,C:\Users\sophi\napari-organoid-segmentation\reports\segmentations\organoid_measurements_aspirina_1_v2_segmentations\Condição 1 - 4_labels.tif
Condição 1 - 4.jpg,ConvPaint,259,1077.3333333333333,289.9166666666667,12.0,10.82842712474619,0.5490196347236633,1.9544100476116797,1.2860574036336336,C:\Users\sophi\napari-organoid-segmentation\reports\segmentations\organoid_measurements_aspirina_1_v2_segmentations\Condição 1 - 4_labels.tif
Condição 1 - 4.jpg,ConvPaint,260,1078.0,294.0,1.0,0.0,0.4941176474094391,0.5641895835477563,,C:\Users\sophi\napari-organoid-segmentation\reports\segmentations\organoid_measurements_aspirina_1_v2_segmentations\Condição 1 - 4_labels.tif
