image_name,segmentation_method,object_id,centroid_y_px,centroid_x_px,area_px,perimeter_px,mean_intensity,equivalent_radius_px,circularity,segmentation_file
6d-11-4x - 1.tif,ConvPaint,1,94.80232210484353,728.512058999402,20068.0,703.8954903232548,0.25522148609161377,79.92398135688882,0.5089763357249257,C:\Users\sophi\napari-organoid-segmentation\reports\segmentations\organoid_measurements_16_patches_segmentations\6d-11-4x - 1_labels.tif
6d-11-4x - 1.tif,ConvPaint,2,94.85992217898833,315.80076835935574,20303.0,679.7533546995239,0.24699334800243378,80.3905816572408,0.5521630736464233,C:\Users\sophi\napari-organoid-segmentation\reports\segmentations\organoid_measurements_16_patches_segmentations\6d-11-4x - 1_labels.tif
6d-11-4x - 1.tif,ConvPaint,3,99.23684334956735,1148.8926663199206,21149.0,674.9015869776648,0.2404411882162094,82.04837465118361,0.5834703647360208,C:\Users\sophi\napari-organoid-segmentation\reports\segmentations\organoid_measurements_16_patches_segmentations\6d-11-4x - 1_labels.tif
6d-11-4x - 1.tif,ConvPaint,4,523.0777128953771,1187.4683211678832,20550.0,1066.9442635585337,0.2625027596950531,80.87810680942587,0.22684970806033644,C:\Users\sophi\napari-organoid-segmentation\reports\segmentations\organoid_measurements_16_patches_segmentations\6d-11-4x - 1_labels.tif
6d-11-4x - 1.tif,ConvPaint,5,520.3407238062373,1589.407626277876,23183.0,815.422402257836,0.2275880128145218,85.90330663832923,0.43814132952290835,C:\Users\sophi\napari-organoid-segmentation\reports\segmentations\organoid_measurements_16_patches_segmentations\6d-11-4x - 1_labels.tif
6d-11-4x - 1.tif,ConvPaint,6,544.4854761904762,724.0811904761905,21000.0,743.0437226013958,0.25568628311157227,81.7588381146626,0.47796975891467824,C:\Users\sophi\napari-organoid-segmentation\reports\segmentations\organoid_measurements_16_patches_segmentations\6d-11-4x - 1_labels.tif
6d-11-4x - 1.tif,ConvPaint,7,547.0102664385236,306.23378147152283,20455.0,812.1858582251266,0.2584999203681946,80.69094572434653,0.3896713725787644,C:\Users\sophi\napari-organoid-segmentation\reports\segmentations\organoid_measurements_16_patches_segmentations\6d-11-4x - 1_labels.tif
6d-11-4x - 1.tif,ConvPaint,8,938.0407972461859,1614.7868343886787,23531.0,1197.6894295625948,0.22671954333782196,86.54565229860353,0.20613978303710975,C:\Users\sophi\napari-organoid-segmentation\reports\segmentations\organoid_measurements_16_patches_segmentations\6d-11-4x - 1_labels.tif
6d-11-4x - 1.tif,ConvPaint,9,960.849525262801,1179.9503221430994,23592.0,874.97875144394,0.23853635787963867,86.65775692255131,0.38723946429151,C:\Users\sophi\napari-organoid-segmentation\reports\segmentations\organoid_measurements_16_patches_segmentations\6d-11-4x - 1_labels.tif
6d-11-4x - 1.tif,ConvPaint,10,983.2882841114563,738.4210672724744,21569.0,853.3340905032674,0.24778391420841217,82.85907273858537,0.37222169510518255,C:\Users\sophi\napari-organoid-segmentation\reports\segmentations\organoid_measurements_16_patches_segmentations\6d-11-4x - 1_labels.tif
6d-11-4x - 1.tif,ConvPaint,11,988.3433075933076,298.7777164920022,21756.0,702.3746750430835,0.23984622955322266,83.2174854451548,0.5541804817022359,C:\Users\sophi\napari-organoid-segmentation\reports\segmentations\organoid_measurements_16_patches_segmentations\6d-11-4x - 1_labels.tif
6d-12-4x - 1.tif,ConvPaint,1,98.71994577846631,1176.1239349341595,25820.0,832.6711395993652,0.24438664317131042,90.65738393129087,0.46797114718953176,C:\Users\sophi\napari-organoid-segmentation\reports\segmentations\organoid_measurements_16_patches_segmentations\6d-12-4x - 1_labels.tif
6d-12-4x - 1.tif,ConvPaint,2,85.4261366075645,1582.8651096896062,23293.0,989.3990616607231,0.21873542666435242,86.10686487661154,0.2990145368334498,C:\Users\sophi\napari-organoid-segmentation\reports\segmentations\organoid_measurements_16_patches_segmentations\6d-12-4x - 1_labels.tif
6d-12-4x - 1.tif,ConvPaint,3,92.28561534132722,320.3823211116402,23101.0,684.6883835420683,0.24566274881362915,85.75124885814637,0.6192339014171326,C:\Users\sophi\napari-organoid-segmentation\reports\segmentations\organoid_measurements_16_patches_segmentations\6d-12-4x - 1_labels.tif
6d-12-4x - 1.tif,ConvPaint,4,94.77334816462736,738.8310122358175,22475.0,721.173664916307,0.24163056910037994,84.58140866632984,0.5430375309178181,C:\Users\sophi\napari-organoid-segmentation\reports\segmentations\organoid_measurements_16_patches_segmentations\6d-12-4x - 1_labels.tif
6d-12-4x - 1.tif,ConvPaint,5,374.07983655508406,1841.6192945825194,44541.0,1432.2224381515857,0.2865022122859955,119.07073796912582,0.2728656581873854,C:\Users\sophi\napari-organoid-segmentation\reports\segmentations\organoid_measurements_16_patches_segmentations\6d-12-4x - 1_labels.tif
6d-12-4x - 1.tif,ConvPaint,6,519.4405976024334,1603.7929414922169,22356.0,996.541197284454,0.21665652096271515,84.35719184233686,0.2828872999066097,C:\Users\sophi\napari-organoid-segmentation\reports\segmentations\organoid_measurements_16_patches_segmentations\6d-12-4x - 1_labels.tif
6d-12-4x - 1.tif,ConvPaint,7,518.3548387096774,1179.7847063996483,25017.0,929.0559159102154,0.2449294626712799,89.23653076324679,0.364217984166262,C:\Users\sophi\napari-organoid-segmentation\reports\segmentations\organoid_measurements_16_patches_segmentations\6d-12-4x - 1_labels.tif
6d-12-4x - 1.tif,ConvPaint,8,525.5575842696629,724.9651430030643,23496.0,942.3757210636101,0.25686290860176086,86.48126436271816,0.33247241673118355,C:\Users\sophi\napari-organoid-segmentation\reports\segmentations\organoid_measurements_16_patches_segmentations\6d-12-4x - 1_labels.tif
6d-12-4x - 1.tif,ConvPaint,9,554.0552793614595,309.73651083238315,21925.0,713.9249275747777,0.25153684616088867,83.54007573960902,0.540560582307778,C:\Users\sophi\napari-organoid-segmentation\reports\segmentations\organoid_measurements_16_patches_segmentations\6d-12-4x - 1_labels.tif
6d-12-4x - 1.tif,ConvPaint,10,946.4765345568843,1182.8813179666895,27679.0,964.6833329081849,0.2390488088130951,93.86426018288932,0.3737581826136503,C:\Users\sophi\napari-organoid-segmentation\reports\segmentations\organoid_measurements_16_patches_segmentations\6d-12-4x - 1_labels.tif
6d-12-4x - 1.tif,ConvPaint,11,977.7106912725201,745.120632972428,22813.0,768.8893936688451,0.2440548837184906,85.21504229601025,0.48491377822725995,C:\Users\sophi\napari-organoid-segmentation\reports\segmentations\organoid_measurements_16_patches_segmentations\6d-12-4x - 1_labels.tif
6d-12-4x - 1.tif,ConvPaint,12,973.7160651726631,1621.7227381415782,17983.0,895.3635277547903,0.23364965617656708,75.65822283957712,0.2818858066519174,C:\Users\sophi\napari-organoid-segmentation\reports\segmentations\organoid_measurements_16_patches_segmentations\6d-12-4x - 1_labels.tif
6d-12-4x - 1.tif,ConvPaint,13,996.0895400154693,308.68196915237274,21979.0,735.723917448001,0.23523597419261932,83.64288964660138,0.5102559102045714,C:\Users\sophi\napari-organoid-segmentation\reports\segmentations\organoid_measurements_16_patches_segmentations\6d-12-4x - 1_labels.tif
6d-13-4x - 1.tif,ConvPaint,1,121.4359404054085,1558.8770689378114,43561.0,969.0792565073284,0.19448868930339813,117.75354326750472,0.5828933627362142,C:\Users\sophi\napari-organoid-segmentation\reports\segmentations\organoid_measurements_16_patches_segmentations\6d-13-4x - 1_labels.tif
6d-13-4x - 1.tif,ConvPaint,2,107.47298057979172,338.7316821465428,21318.0,751.3929650063131,0.2519218921661377,82.37554341954929,0.4744845467300546,C:\Users\sophi\napari-organoid-segmentation\reports\segmentations\organoid_measurements_16_patches_segmentations\6d-13-4x - 1_labels.tif
6d-13-4x - 1.tif,ConvPaint,3,518.008857242098,742.7126606460577,23032.0,715.5107140124046,0.2441551238298416,85.62308858354193,0.5653393736516971,C:\Users\sophi\napari-organoid-segmentation\reports\segmentations\organoid_measurements_16_patches_segmentations\6d-13-4x - 1_labels.tif
6d-13-4x - 1.tif,ConvPaint,4,564.3901723345085,1544.3258151400355,45667.0,2065.679328294828,0.2089947909116745,120.56640316587026,0.1344889303825218,C:\Users\sophi\napari-organoid-segmentation\reports\segmentations\organoid_measurements_16_patches_segmentations\6d-13-4x - 1_labels.tif
6d-13-4x - 1.tif,ConvPaint,5,529.1280319972476,323.0353087906417,23252.0,702.3807716974934,0.2513335645198822,86.03104947369583,0.5922771127199962,C:\Users\sophi\napari-organoid-segmentation\reports\segmentations\organoid_measurements_16_patches_segmentations\6d-13-4x - 1_labels.tif
6d-13-4x - 1.tif,ConvPaint,6,544.5445343214786,1102.514799584256,22129.0,993.9970414071697,0.24678805470466614,83.92782298714238,0.28145014020042575,C:\Users\sophi\napari-organoid-segmentation\reports\segmentations\organoid_measurements_16_patches_segmentations\6d-13-4x - 1_labels.tif
6d-13-4x - 1.tif,ConvPaint,7,972.6365679075262,1546.8553128402325,43169.0,1432.8082245892128,0.19944913685321808,117.22252120078318,0.26424435656419093,C:\Users\sophi\napari-organoid-segmentation\reports\segmentations\organoid_measurements_16_patches_segmentations\6d-13-4x - 1_labels.tif
6d-13-4x - 1.tif,ConvPaint,8,945.5685666469777,766.5047253396338,20316.0,757.2091988222396,0.24904587864875793,80.41631456184679,0.4452626899118215,C:\Users\sophi\napari-organoid-segmentation\reports\segmentations\organoid_measurements_16_patches_segmentations\6d-13-4x - 1_labels.tif
6d-13-4x - 1.tif,ConvPaint,9,961.9922751517381,332.91976273680336,21748.0,892.3818177180199,0.2515780031681061,83.20218389396446,0.3431845773081753,C:\Users\sophi\napari-organoid-segmentation\reports\segmentations\organoid_measurements_16_patches_segmentations\6d-13-4x - 1_labels.tif
6d-13-4x - 1.tif,ConvPaint,10,995.1069569743233,1107.3994188063843,23056.0,786.9076836320746,0.24782389402389526,85.66768781666444,0.46789268512693466,C:\Users\sophi\napari-organoid-segmentation\reports\segmentations\organoid_measurements_16_patches_segmentations\6d-13-4x - 1_labels.tif
6d-21-4x - 2.tif,ConvPaint,1,86.17774789581155,1657.2662483191393,20079.0,1227.7016228714147,0.24225816130638123,79.94588297519975,0.1674041745952503,C:\Users\sophi\napari-organoid-segmentation\reports\segmentations\organoid_measurements_16_patches_segmentations\6d-21-4x - 2_labels.tif
6d-21-4x - 2.tif,ConvPaint,2,93.35095042021547,784.9209205256924,17729.0,626.1614716074871,0.23619461059570312,75.1220072425679,0.5682264179492774,C:\Users\sophi\napari-organoid-segmentation\reports\segmentations\organoid_measurements_16_patches_segmentations\6d-21-4x - 2_labels.tif
6d-21-4x - 2.tif,ConvPaint,3,116.84718715281285,326.13922836077165,19802.0,650.445742854949,0.23358187079429626,79.39252084555208,0.5881617384270628,C:\Users\sophi\napari-organoid-segmentation\reports\segmentations\organoid_measurements_16_patches_segmentations\6d-21-4x - 2_labels.tif
6d-21-4x - 2.tif,ConvPaint,4,114.7264506769826,1193.2986460348163,20680.0,737.4873734152916,0.22782683372497559,81.13352233374803,0.47780558318912414,C:\Users\sophi\napari-organoid-segmentation\reports\segmentations\organoid_measurements_16_patches_segmentations\6d-21-4x - 2_labels.tif
6d-21-4x - 2.tif,ConvPaint,5,497.5164319248826,328.66315968097746,17679.0,741.6234123846127,0.24428385496139526,75.01600147863944,0.4039249655016109,C:\Users\sophi\napari-organoid-segmentation\reports\segmentations\organoid_measurements_16_patches_segmentations\6d-21-4x - 2_labels.tif
6d-21-4x - 2.tif,ConvPaint,6,509.59886889460154,1622.0067866323907,19450.0,1281.0803025278549,0.24846777319908142,78.68371677974248,0.1489281389057344,C:\Users\sophi\napari-organoid-segmentation\reports\segmentations\organoid_measurements_16_patches_segmentations\6d-21-4x - 2_labels.tif
6d-21-4x - 2.tif,ConvPaint,7,539.0417566594673,766.8262059035277,20835.0,779.1147904132611,0.23823751509189606,81.43700926875495,0.4313208684788496,C:\Users\sophi\napari-organoid-segmentation\reports\segmentations\organoid_measurements_16_patches_segmentations\6d-21-4x - 2_labels.tif
6d-21-4x - 2.tif,ConvPaint,8,555.2130608667069,1214.6403878814442,18253.0,664.5878784786798,0.2374202460050583,76.22407987317874,0.5193250673719294,C:\Users\sophi\napari-organoid-segmentation\reports\segmentations\organoid_measurements_16_patches_segmentations\6d-21-4x - 2_labels.tif
6d-21-4x - 2.tif,ConvPaint,9,942.7003611919333,1210.8851710645129,19934.0,1082.7604973744603,0.24649205803871155,79.65669633613788,0.2136680133951754,C:\Users\sophi\napari-organoid-segmentation\reports\segmentations\organoid_measurements_16_patches_segmentations\6d-21-4x - 2_labels.tif
6d-21-4x - 2.tif,ConvPaint,10,964.2178507817139,1641.0032851771225,25265.0,2408.568721963673,0.2490030825138092,89.67775239396599,0.05472818961635817,C:\Users\sophi\napari-organoid-segmentation\reports\segmentations\organoid_measurements_16_patches_segmentations\6d-21-4x - 2_labels.tif
6d-21-4x - 2.tif,ConvPaint,11,981.4796030871004,321.50957201563597,29931.0,861.1919548795365,0.20805828273296356,97.6080591107468,0.5071438494896322,C:\Users\sophi\napari-organoid-segmentation\reports\segmentations\organoid_measurements_16_patches_segmentations\6d-21-4x - 2_labels.tif
6d-21-4x - 2.tif,ConvPaint,12,985.9783425414365,754.1260220994475,18100.0,873.1980515339465,0.24106164276599884,75.90394548326596,0.29830664176979266,C:\Users\sophi\napari-organoid-segmentation\reports\segmentations\organoid_measurements_16_patches_segmentations\6d-21-4x - 2_labels.tif
6d-22-4x - 2.tif,ConvPaint,1,117.79054604726976,1676.4055186866922,17178.0,812.5584412271571,0.21970441937446594,73.94543410424444,0.32694390822871316,C:\Users\sophi\napari-organoid-segmentation\reports\segmentations\organoid_measurements_16_patches_segmentations\6d-22-4x - 2_labels.tif
6d-22-4x - 2.tif,ConvPaint,2,143.31463664278402,1269.4696008188332,19540.0,839.2924599429249,0.2444225251674652,78.86555126309123,0.3485842658950065,C:\Users\sophi\napari-organoid-segmentation\reports\segmentations\organoid_measurements_16_patches_segmentations\6d-22-4x - 2_labels.tif
6d-22-4x - 2.tif,ConvPaint,3,144.17320966350303,811.3250107851596,18544.0,684.2741699796952,0.23898538947105408,76.82928171857533,0.49768321009423744,C:\Users\sophi\napari-organoid-segmentation\reports\segmentations\organoid_measurements_16_patches_segmentations\6d-22-4x - 2_labels.tif
6d-22-4x - 2.tif,ConvPaint,4,580.7318526693336,1671.9055317974894,36245.0,3290.321030642671,0.23800776898860931,107.41108799714996,0.042070863061442434,C:\Users\sophi\napari-organoid-segmentation\reports\segmentations\organoid_measurements_16_patches_segmentations\6d-22-4x - 2_labels.tif
6d-22-4x - 2.tif,ConvPaint,5,559.9878716744914,834.9144869215291,17892.0,880.5056633785213,0.252309113740921,75.46655208501566,0.2900043058611289,C:\Users\sophi\napari-organoid-segmentation\reports\segmentations\organoid_measurements_16_patches_segmentations\6d-22-4x - 2_labels.tif
6d-22-4x - 2.tif,ConvPaint,6,554.8266242276727,1249.3086812706733,16023.0,681.4751801064718,0.23561523854732513,71.4162397940614,0.43356439548718423,C:\Users\sophi\napari-organoid-segmentation\reports\segmentations\organoid_measurements_16_patches_segmentations\6d-22-4x - 2_labels.tif
6d-22-4x - 2.tif,ConvPaint,7,597.2437808993172,377.9621360747077,25486.0,768.9726547895302,0.2170349806547165,90.06911656766758,0.5416138360320597,C:\Users\sophi\napari-organoid-segmentation\reports\segmentations\organoid_measurements_16_patches_segmentations\6d-22-4x - 2_labels.tif
6d-22-4x - 2.tif,ConvPaint,8,1005.3544275844664,393.79119215117197,31699.0,958.422402257836,0.17761431634426117,100.44951509161197,0.43365215914241995,C:\Users\sophi\napari-organoid-segmentation\reports\segmentations\organoid_measurements_16_patches_segmentations\6d-22-4x - 2_labels.tif
6d-22-4x - 2.tif,ConvPaint,9,1014.4433230234956,1274.5196700851918,18429.0,709.4102089490164,0.22394415736198425,76.5906841102825,0.46016837236215813,C:\Users\sophi\napari-organoid-segmentation\reports\segmentations\organoid_measurements_16_patches_segmentations\6d-22-4x - 2_labels.tif
6d-22-4x - 2.tif,ConvPaint,10,1017.801661341853,822.1306709265176,15650.0,645.0609665440987,0.23716822266578674,70.580094352277,0.472631518254193,C:\Users\sophi\napari-organoid-segmentation\reports\segmentations\organoid_measurements_16_patches_segmentations\6d-22-4x - 2_labels.tif
6d-23-4x - 2.tif,ConvPaint,1,93.78985147397408,1675.4513565978962,22151.0,754.3746750430836,0.20440950989723206,83.96953190805071,0.48913529346254775,C:\Users\sophi\napari-organoid-segmentation\reports\segmentations\organoid_measurements_16_patches_segmentations\6d-23-4x - 2_labels.tif
6d-23-4x - 2.tif,ConvPaint,2,102.12414242075216,1211.8131603986178,19969.0,650.883297014435,0.2289223074913025,79.72659604676545,0.5923248149005967,C:\Users\sophi\napari-organoid-segmentation\reports\segmentations\organoid_measurements_16_patches_segmentations\6d-23-4x - 2_labels.tif
6d-23-4x - 2.tif,ConvPaint,3,102.4875451263538,330.7421179302046,16620.0,624.5401512639274,0.24340130388736725,72.73451937267889,0.5354515193961951,C:\Users\sophi\napari-organoid-segmentation\reports\segmentations\organoid_measurements_16_patches_segmentations\6d-23-4x - 2_labels.tif
6d-23-4x - 2.tif,ConvPaint,4,124.68012314126393,784.2960037174721,17216.0,730.5939751330898,0.24210196733474731,74.02717744545,0.40531245082614065,C:\Users\sophi\napari-organoid-segmentation\reports\segmentations\organoid_measurements_16_patches_segmentations\6d-23-4x - 2_labels.tif
6d-23-4x - 2.tif,ConvPaint,5,500.37737305139683,1365.6809692853835,6479.0,2186.0285706997456,0.43339237570762634,45.412880910428704,0.01703751206885118,C:\Users\sophi\napari-organoid-segmentation\reports\segmentations\organoid_measurements_16_patches_segmentations\6d-23-4x - 2_labels.tif
6d-23-4x - 2.tif,ConvPaint,6,513.6756950244601,1258.145686672235,16762.0,722.5523445727472,0.239896759390831,73.04457756885654,0.4034568293043459,C:\Users\sophi\napari-organoid-segmentation\reports\segmentations\organoid_measurements_16_patches_segmentations\6d-23-4x - 2_labels.tif
6d-23-4x - 2.tif,ConvPaint,7,522.0178669598681,1671.4533260032986,18190.0,698.5046173579947,0.21251451969146729,76.09242294527854,0.4684939646593629,C:\Users\sophi\napari-organoid-segmentation\reports\segmentations\organoid_measurements_16_patches_segmentations\6d-23-4x - 2_labels.tif
6d-23-4x - 2.tif,ConvPaint,8,536.5228762210955,802.9431185853839,16174.0,673.475180106472,0.24299228191375732,71.75196233648687,0.44810946024580983,C:\Users\sophi\napari-organoid-segmentation\reports\segmentations\organoid_measurements_16_patches_segmentations\6d-23-4x - 2_labels.tif
6d-23-4x - 2.tif,ConvPaint,9,566.0834981182625,344.72182177712574,15677.0,669.5462479183373,0.2506059408187866,70.64095190258472,0.43945221831796943,C:\Users\sophi\napari-organoid-segmentation\reports\segmentations\organoid_measurements_16_patches_segmentations\6d-23-4x - 2_labels.tif
6d-23-4x - 2.tif,ConvPaint,10,979.8178983833718,794.0184757505774,17320.0,739.9015869776647,0.25337544083595276,74.25043588224418,0.3975665472314624,C:\Users\sophi\napari-organoid-segmentation\reports\segmentations\organoid_measurements_16_patches_segmentations\6d-23-4x - 2_labels.tif
6d-23-4x - 2.tif,ConvPaint,11,973.7585025980161,1229.1216343882852,16936.0,679.0315292925759,0.22747136652469635,73.42272286158202,0.46157345914354525,C:\Users\sophi\napari-organoid-segmentation\reports\segmentations\organoid_measurements_16_patches_segmentations\6d-23-4x - 2_labels.tif
6d-31-4x - 3.tif,ConvPaint,1,85.8698838061342,1708.676489061028,19106.0,830.0376259469858,0.21119000017642975,77.98479778410343,0.3484849911677152,C:\Users\sophi\napari-organoid-segmentation\reports\segmentations\organoid_measurements_16_patches_segmentations\6d-31-4x - 3_labels.tif
6d-31-4x - 3.tif,ConvPaint,2,94.46369238353464,1262.8286418535863,20285.0,689.8305191657992,0.21279241144657135,80.3549378771348,0.5356733831524034,C:\Users\sophi\napari-organoid-segmentation\reports\segmentations\organoid_measurements_16_patches_segmentations\6d-31-4x - 3_labels.tif
6d-31-4x - 3.tif,ConvPaint,3,101.86096336431874,822.9720137197395,20117.0,715.9310242291876,0.22262197732925415,80.02149698899238,0.49320868409564766,C:\Users\sophi\napari-organoid-segmentation\reports\segmentations\organoid_measurements_16_patches_segmentations\6d-31-4x - 3_labels.tif
6d-31-4x - 3.tif,ConvPaint,4,514.116676261754,1707.2342160813664,20844.0,799.5168106668144,0.20174668729305267,81.45459635658956,0.40976581964677644,C:\Users\sophi\napari-organoid-segmentation\reports\segmentations\organoid_measurements_16_patches_segmentations\6d-31-4x - 3_labels.tif
6d-31-4x - 3.tif,ConvPaint,5,514.944003409878,850.2244125952368,18769.0,737.2741699796952,0.23063687980175018,77.29397294604262,0.4339033074384824,C:\Users\sophi\napari-organoid-segmentation\reports\segmentations\organoid_measurements_16_patches_segmentations\6d-31-4x - 3_labels.tif
6d-31-4x - 3.tif,ConvPaint,6,536.46822101565,419.48218278049,21917.0,813.6650429449554,0.22262762486934662,83.52483328621578,0.416006058563604,C:\Users\sophi\napari-organoid-segmentation\reports\segmentations\organoid_measurements_16_patches_segmentations\6d-31-4x - 3_labels.tif
6d-31-4x - 3.tif,ConvPaint,7,523.9227060653188,1282.6021772939346,19290.0,663.9310242291876,0.21372976899147034,78.3594136303056,0.5499157595470783,C:\Users\sophi\napari-organoid-segmentation\reports\segmentations\organoid_measurements_16_patches_segmentations\6d-31-4x - 3_labels.tif
6d-31-4x - 3.tif,ConvPaint,8,946.1695366852518,1715.311738293778,20267.0,790.167568261897,0.2013918161392212,80.31927827917085,0.4079067861917822,C:\Users\sophi\napari-organoid-segmentation\reports\segmentations\organoid_measurements_16_patches_segmentations\6d-31-4x - 3_labels.tif
6d-31-4x - 3.tif,ConvPaint,9,951.2061952132375,1287.7564266719196,20306.0,871.5939751330898,0.22558578848838806,80.39652075088856,0.33589675385959755,C:\Users\sophi\napari-organoid-segmentation\reports\segmentations\organoid_measurements_16_patches_segmentations\6d-31-4x - 3_labels.tif
6d-31-4x - 3.tif,ConvPaint,10,951.7721531286436,438.29926156237855,20584.0,665.4041122946064,0.2126755714416504,80.94498562114362,0.5842095823958884,C:\Users\sophi\napari-organoid-segmentation\reports\segmentations\organoid_measurements_16_patches_segmentations\6d-31-4x - 3_labels.tif
6d-31-4x - 3.tif,ConvPaint,11,967.7760378349974,853.2549132947977,19030.0,717.700576850888,0.22185878455638885,77.82953895583307,0.46426084948156743,C:\Users\sophi\napari-organoid-segmentation\reports\segmentations\organoid_measurements_16_patches_segmentations\6d-31-4x - 3_labels.tif
6d-32-4x - 3.tif,ConvPaint,1,90.18178665213298,814.766090273993,20183.0,751.3513344459706,0.2211708128452301,80.15265705419532,0.44927211088547486,C:\Users\sophi\napari-organoid-segmentation\reports\segmentations\organoid_measurements_16_patches_segmentations\6d-32-4x - 3_labels.tif
6d-32-4x - 3.tif,ConvPaint,2,83.38936464796677,1253.9683093174708,19501.0,753.3807716974934,0.23279953002929688,78.78680784541345,0.43175530555876906,C:\Users\sophi\napari-organoid-segmentation\reports\segmentations\organoid_measurements_16_patches_segmentations\6d-32-4x - 3_labels.tif
6d-32-4x - 3.tif,ConvPaint,3,131.4158112028565,410.0035706315555,17924.0,654.0904037956216,0.23798763751983643,75.53400823442553,0.526464684758861,C:\Users\sophi\napari-organoid-segmentation\reports\segmentations\organoid_measurements_16_patches_segmentations\6d-32-4x - 3_labels.tif
6d-32-4x - 3.tif,ConvPaint,4,509.12321463510074,409.80400117393856,20444.0,743.2031021678297,0.22647961974143982,80.66924639006749,0.46511538878125835,C:\Users\sophi\napari-organoid-segmentation\reports\segmentations\organoid_measurements_16_patches_segmentations\6d-32-4x - 3_labels.tif
6d-32-4x - 3.tif,ConvPaint,5,515.2349157158285,1693.3507066723012,21297.0,918.3340905032674,0.20720568299293518,82.334960047699,0.31734150848147086,C:\Users\sophi\napari-organoid-segmentation\reports\segmentations\organoid_measurements_16_patches_segmentations\6d-32-4x - 3_labels.tif
6d-32-4x - 3.tif,ConvPaint,6,522.0021105734583,1271.3465458663647,19426.0,724.4518395093588,0.22507232427597046,78.63515657138554,0.465129847724888,C:\Users\sophi\napari-organoid-segmentation\reports\segmentations\organoid_measurements_16_patches_segmentations\6d-32-4x - 3_labels.tif
6d-32-4x - 3.tif,ConvPaint,7,523.432990695182,824.6670726360403,20527.0,671.717820793591,0.23386512696743011,80.83283388385361,0.5716913295449025,C:\Users\sophi\napari-organoid-segmentation\reports\segmentations\organoid_measurements_16_patches_segmentations\6d-32-4x - 3_labels.tif
6d-32-4x - 3.tif,ConvPaint,8,945.1613045902964,1262.6146227957154,52001.0,1747.16966030295,0.176039919257164,128.656256713163,0.21406782687241363,C:\Users\sophi\napari-organoid-segmentation\reports\segmentations\organoid_measurements_16_patches_segmentations\6d-32-4x - 3_labels.tif
6d-32-4x - 3.tif,ConvPaint,9,950.4454272708463,413.76479412373266,19332.0,654.9543648263005,0.22195060551166534,78.44467298488178,0.5663234812228997,C:\Users\sophi\napari-organoid-segmentation\reports\segmentations\organoid_measurements_16_patches_segmentations\6d-32-4x - 3_labels.tif
6d-32-4x - 3.tif,ConvPaint,10,956.2748928293063,836.425321512081,20528.0,732.0437226013958,0.2215012013912201,80.83480279917094,0.4813738137284311,C:\Users\sophi\napari-organoid-segmentation\reports\segmentations\organoid_measurements_16_patches_segmentations\6d-32-4x - 3_labels.tif
6d-32-4x - 3.tif,ConvPaint,11,961.6664117467116,23.46344447843377,6538.0,421.64570696119915,0.24477535486221313,45.619184954025904,0.46212494781933683,C:\Users\sophi\napari-organoid-segmentation\reports\segmentations\organoid_measurements_16_patches_segmentations\6d-32-4x - 3_labels.tif
6d-33-4x - 3.tif,ConvPaint,1,91.94232580037665,831.4816776522285,25488.0,764.3868683519033,0.20598728954792023,90.07265056082483,0.5481749521351191,C:\Users\sophi\napari-organoid-segmentation\reports\segmentations\organoid_measurements_16_patches_segmentations\6d-33-4x - 3_labels.tif
6d-33-4x - 3.tif,ConvPaint,2,104.60054769039992,1248.393355378733,19354.0,857.1269837220809,0.23482321202754974,78.48929568546966,0.33104746417878606,C:\Users\sophi\napari-organoid-segmentation\reports\segmentations\organoid_measurements_16_patches_segmentations\6d-33-4x - 3_labels.tif
6d-33-4x - 3.tif,ConvPaint,3,101.77110929145995,1669.8421559655123,20761.0,899.2569260369921,0.21308715641498566,81.2922600686048,0.32261945233887823,C:\Users\sophi\napari-organoid-segmentation\reports\segmentations\organoid_measurements_16_patches_segmentations\6d-33-4x - 3_labels.tif
6d-33-4x - 3.tif,ConvPaint,4,122.7892311674864,369.5927517473466,19315.0,705.0437226013956,0.22810272872447968,78.41017441403837,0.4882839803395741,C:\Users\sophi\napari-organoid-segmentation\reports\segmentations\organoid_measurements_16_patches_segmentations\6d-33-4x - 3_labels.tif
6d-33-4x - 3.tif,ConvPaint,5,527.7300821127386,384.6156790945406,18024.0,776.1564209736036,0.24139797687530518,75.74442150136632,0.3759780866420676,C:\Users\sophi\napari-organoid-segmentation\reports\segmentations\organoid_measurements_16_patches_segmentations\6d-33-4x - 3_labels.tif
6d-33-4x - 3.tif,ConvPaint,6,543.6645866696118,1655.3018388646528,18109.0,974.9676041556469,0.2225479930639267,75.92281428465535,0.23939989854021537,C:\Users\sophi\napari-organoid-segmentation\reports\segmentations\organoid_measurements_16_patches_segmentations\6d-33-4x - 3_labels.tif
6d-33-4x - 3.tif,ConvPaint,7,534.4313803263826,1242.3658771532184,17648.0,671.6173157302028,0.2284698337316513,74.95020261061032,0.4916562788390099,C:\Users\sophi\napari-organoid-segmentation\reports\segmentations\organoid_measurements_16_patches_segmentations\6d-33-4x - 3_labels.tif
6d-33-4x - 3.tif,ConvPaint,8,948.9025761379762,1668.896299530619,18322.0,821.7594513539337,0.21093681454658508,76.3680151284516,0.3409520667130558,C:\Users\sophi\napari-organoid-segmentation\reports\segmentations\organoid_measurements_16_patches_segmentations\6d-33-4x - 3_labels.tif
6d-33-4x - 3.tif,ConvPaint,9,954.6687414784516,382.2252059991701,16869.0,632.6234123846127,0.23310121893882751,73.27734622674572,0.5296740317947007,C:\Users\sophi\napari-organoid-segmentation\reports\segmentations\organoid_measurements_16_patches_segmentations\6d-33-4x - 3_labels.tif
6d-33-4x - 3.tif,ConvPaint,10,964.7099209202013,793.6730170141385,16692.0,635.5107140124046,0.23520813882350922,72.8918968073944,0.5193647698193624,C:\Users\sophi\napari-organoid-segmentation\reports\segmentations\organoid_measurements_16_patches_segmentations\6d-33-4x - 3_labels.tif
6d-33-4x - 3.tif,ConvPaint,11,980.878841532819,1242.8864297457949,15814.0,687.8305191657992,0.22830578684806824,70.94894319234407,0.4200381288998694,C:\Users\sophi\napari-organoid-segmentation\reports\segmentations\organoid_measurements_16_patches_segmentations\6d-33-4x - 3_labels.tif
6d-41-4x - 4.tif,ConvPaint,1,117.55353127702507,854.8129720380513,17345.0,610.6761902332486,0.23789194226264954,74.30400376734654,0.5844699579596582,C:\Users\sophi\napari-organoid-segmentation\reports\segmentations\organoid_measurements_16_patches_segmentations\6d-41-4x - 4_labels.tif
6d-41-4x - 4.tif,ConvPaint,2,134.1287972200426,1735.7035085752718,17842.0,740.9665581351203,0.20762664079666138,75.36103097285223,0.4083722134186972,C:\Users\sophi\napari-organoid-segmentation\reports\segmentations\organoid_measurements_16_patches_segmentations\6d-41-4x - 4_labels.tif
6d-41-4x - 4.tif,ConvPaint,3,132.31790820165537,20.402746425884125,5316.0,387.9888527117067,0.26090753078460693,41.135572865258986,0.4437683657826485,C:\Users\sophi\napari-organoid-segmentation\reports\segmentations\organoid_measurements_16_patches_segmentations\6d-41-4x - 4_labels.tif
6d-41-4x - 4.tif,ConvPaint,4,151.56217634003633,429.6129531239492,14869.0,607.3746750430835,0.2384292185306549,68.79643666402195,0.5064986195590485,C:\Users\sophi\napari-organoid-segmentation\reports\segmentations\organoid_measurements_16_patches_segmentations\6d-41-4x - 4_labels.tif
6d-41-4x - 4.tif,ConvPaint,5,552.8178391263374,1714.3117135096181,18039.0,696.7178207935912,0.21476757526397705,75.77593309797908,0.4669909715048606,C:\Users\sophi\napari-organoid-segmentation\reports\segmentations\organoid_measurements_16_patches_segmentations\6d-41-4x - 4_labels.tif
6d-41-4x - 4.tif,ConvPaint,6,570.1484588615461,859.5159085259756,16092.0,629.0315292925759,0.2401212751865387,71.56984482636217,0.5110637286406543,C:\Users\sophi\napari-organoid-segmentation\reports\segmentations\organoid_measurements_16_patches_segmentations\6d-41-4x - 4_labels.tif
6d-41-4x - 4.tif,ConvPaint,7,585.5105318898565,449.163803247823,16996.0,637.2031021678297,0.2422810196876526,73.5526670188084,0.5260182638402988,C:\Users\sophi\napari-organoid-segmentation\reports\segmentations\organoid_measurements_16_patches_segmentations\6d-41-4x - 4_labels.tif
6d-41-4x - 4.tif,ConvPaint,8,604.3403182701652,1279.5134232264334,16464.0,948.2335854398791,0.24451448023319244,72.39236124156974,0.23009890631182806,C:\Users\sophi\napari-organoid-segmentation\reports\segmentations\organoid_measurements_16_patches_segmentations\6d-41-4x - 4_labels.tif
6d-41-4x - 4.tif,ConvPaint,9,983.870775230442,415.3610848499173,16924.0,642.9898987322333,0.24107104539871216,73.39670642320726,0.5144042879656735,C:\Users\sophi\napari-organoid-segmentation\reports\segmentations\organoid_measurements_16_patches_segmentations\6d-41-4x - 4_labels.tif
6d-41-4x - 4.tif,ConvPaint,10,990.0912467376029,1708.0112929130696,19924.0,811.002092041053,0.21167829632759094,79.63671372128465,0.38066456204583793,C:\Users\sophi\napari-organoid-segmentation\reports\segmentations\organoid_measurements_16_patches_segmentations\6d-41-4x - 4_labels.tif
6d-41-4x - 4.tif,ConvPaint,11,975.3739340305711,25.54931617055511,6215.0,403.2670273047588,0.26725223660469055,44.47803888024133,0.480248004880088,C:\Users\sophi\napari-organoid-segmentation\reports\segmentations\organoid_measurements_16_patches_segmentations\6d-41-4x - 4_labels.tif
6d-42-4x - 4.tif,ConvPaint,1,85.18460392615843,811.7228281108687,18797.0,731.2741699796952,0.23814187943935394,77.35160586954038,0.44171071888096824,C:\Users\sophi\napari-organoid-segmentation\reports\segmentations\organoid_measurements_16_patches_segmentations\6d-42-4x - 4_labels.tif
6d-42-4x - 4.tif,ConvPaint,2,107.0976889196813,351.02721829069134,20207.0,722.1797615707168,0.2390877902507782,80.20029844156353,0.4868790396401143,C:\Users\sophi\napari-organoid-segmentation\reports\segmentations\organoid_measurements_16_patches_segmentations\6d-42-4x - 4_labels.tif
6d-42-4x - 4.tif,ConvPaint,3,95.59265318262939,1661.9495835812018,6724.0,2085.7535341682733,0.3996279239654541,46.26354585091602,0.019422789012942494,C:\Users\sophi\napari-organoid-segmentation\reports\segmentations\organoid_measurements_16_patches_segmentations\6d-42-4x - 4_labels.tif
6d-42-4x - 4.tif,ConvPaint,4,496.07063628347333,1239.7574140251543,21547.0,952.683332908185,0.23004068434238434,82.81680456044013,0.2983317948624173,C:\Users\sophi\napari-organoid-segmentation\reports\segmentations\organoid_measurements_16_patches_segmentations\6d-42-4x - 4_labels.tif
6d-42-4x - 4.tif,ConvPaint,5,548.5652262225157,358.3332148479155,19693.0,747.5229073212245,0.2386726588010788,79.17371147431065,0.44286640136235494,C:\Users\sophi\napari-organoid-segmentation\reports\segmentations\organoid_measurements_16_patches_segmentations\6d-42-4x - 4_labels.tif
6d-42-4x - 4.tif,ConvPaint,6,555.9900355515498,775.3629262430525,19971.0,725.723917448001,0.23885557055473328,79.73058846500811,0.4765042771402178,C:\Users\sophi\napari-organoid-segmentation\reports\segmentations\organoid_measurements_16_patches_segmentations\6d-42-4x - 4_labels.tif
6d-42-4x - 4.tif,ConvPaint,7,958.6959252930275,1221.2036150087847,41549.0,1480.77269068328,0.18992647528648376,115.00198894388879,0.23811877907557844,C:\Users\sophi\napari-organoid-segmentation\reports\segmentations\organoid_measurements_16_patches_segmentations\6d-42-4x - 4_labels.tif
6d-42-4x - 4.tif,ConvPaint,8,935.3403787370462,1672.1604040855887,26826.0,1607.2051942088829,0.21800945699214935,92.4066069432612,0.13050379160014142,C:\Users\sophi\napari-organoid-segmentation\reports\segmentations\organoid_measurements_16_patches_segmentations\6d-42-4x - 4_labels.tif
6d-42-4x - 4.tif,ConvPaint,9,943.1523522202319,809.9786461770528,21214.0,741.416305603426,0.2292243391275406,82.17436294552539,0.4849625052012212,C:\Users\sophi\napari-organoid-segmentation\reports\segmentations\organoid_measurements_16_patches_segmentations\6d-42-4x - 4_labels.tif
6d-43-4x - 4.tif,ConvPaint,1,114.30415768401602,34.80603634123806,16235.0,732.048773235279,0.22853435575962067,71.8871407290194,0.3806993388811389,C:\Users\sophi\napari-organoid-segmentation\reports\segmentations\organoid_measurements_16_patches_segmentations\6d-43-4x - 4_labels.tif
6d-43-4x - 4.tif,ConvPaint,2,90.15878348896064,437.2149838554848,22918.0,812.9371208835975,0.22703450918197632,85.4109241933379,0.43578539287683155,C:\Users\sophi\napari-organoid-segmentation\reports\segmentations\organoid_measurements_16_patches_segmentations\6d-43-4x - 4_labels.tif
6d-43-4x - 4.tif,ConvPaint,3,81.31267383645466,855.0636009642129,21572.0,1154.210244842766,0.23556627333164215,82.8648349105743,0.20348407486934303,C:\Users\sophi\napari-organoid-segmentation\reports\segmentations\organoid_measurements_16_patches_segmentations\6d-43-4x - 4_labels.tif
6d-43-4x - 4.tif,ConvPaint,4,97.28217626784836,1303.7964549483013,20310.0,1227.7665940288703,0.23512442409992218,80.40443886000816,0.16931216466264976,C:\Users\sophi\napari-organoid-segmentation\reports\segmentations\organoid_measurements_16_patches_segmentations\6d-43-4x - 4_labels.tif
6d-43-4x - 4.tif,ConvPaint,5,121.857173706487,1718.1029627710116,23154.0,1010.1980515339465,0.20995229482650757,85.8495608882159,0.28511682091695456,C:\Users\sophi\napari-organoid-segmentation\reports\segmentations\organoid_measurements_16_patches_segmentations\6d-43-4x - 4_labels.tif
6d-43-4x - 4.tif,ConvPaint,6,514.7547320089955,853.4646270614693,21344.0,1362.3412331782038,0.2434883862733841,82.42576181453725,0.14451531489758615,C:\Users\sophi\napari-organoid-segmentation\reports\segmentations\organoid_measurements_16_patches_segmentations\6d-43-4x - 4_labels.tif
6d-43-4x - 4.tif,ConvPaint,7,525.3141964460067,1307.1870240187463,20484.0,1138.103643124968,0.23869763314723969,80.74812510881456,0.19872888876669745,C:\Users\sophi\napari-organoid-segmentation\reports\segmentations\organoid_measurements_16_patches_segmentations\6d-43-4x - 4_labels.tif
6d-43-4x - 4.tif,ConvPaint,8,504.74226804123714,21.234581298607342,5529.0,383.33809511662434,0.2572298049926758,41.951583530424436,0.4728163576909787,C:\Users\sophi\napari-organoid-segmentation\reports\segmentations\organoid_measurements_16_patches_segmentations\6d-43-4x - 4_labels.tif
6d-43-4x - 4.tif,ConvPaint,9,535.8209786449531,1730.20275772008,26036.0,1620.1940469205895,0.22396741807460785,91.03579623796989,0.1246378826729893,C:\Users\sophi\napari-organoid-segmentation\reports\segmentations\organoid_measurements_16_patches_segmentations\6d-43-4x - 4_labels.tif
6d-43-4x - 4.tif,ConvPaint,10,539.0902624346608,410.74467855795655,18557.0,683.2508293825822,0.24083782732486725,76.85620702267713,0.4995250784441158,C:\Users\sophi\napari-organoid-segmentation\reports\segmentations\organoid_measurements_16_patches_segmentations\6d-43-4x - 4_labels.tif
6d-43-4x - 4.tif,ConvPaint,11,948.3341111681523,1286.3686003640266,21427.0,1026.0325753131024,0.22522930800914764,82.58587004603199,0.25576960629875567,C:\Users\sophi\napari-organoid-segmentation\reports\segmentations\organoid_measurements_16_patches_segmentations\6d-43-4x - 4_labels.tif
6d-43-4x - 4.tif,ConvPaint,12,957.5890723652259,856.5076736279748,20590.0,1032.4406922210655,0.23714138567447662,80.95678202920524,0.2427370021359407,C:\Users\sophi\napari-organoid-segmentation\reports\segmentations\organoid_measurements_16_patches_segmentations\6d-43-4x - 4_labels.tif
6d-43-4x - 4.tif,ConvPaint,13,963.5730053928734,421.0234867194194,19841.0,780.3807716974934,0.23057542741298676,79.4706640954547,0.40941174859626034,C:\Users\sophi\napari-organoid-segmentation\reports\segmentations\organoid_measurements_16_patches_segmentations\6d-43-4x - 4_labels.tif
6d-43-4x - 4.tif,ConvPaint,14,986.9371387283237,1736.7861723265896,22144.0,811.6589462905454,0.2041100114583969,83.95626313536032,0.42239500805735924,C:\Users\sophi\napari-organoid-segmentation\reports\segmentations\organoid_measurements_16_patches_segmentations\6d-43-4x - 4_labels.tif
6d-51-4x - 5.tif,ConvPaint,1,95.82677615858378,344.7831252313802,29713.0,1063.4112549695428,0.24632184207439423,97.2519493284272,0.3301823559054096,C:\Users\sophi\napari-organoid-segmentation\reports\segmentations\organoid_measurements_16_patches_segmentations\6d-51-4x - 5_labels.tif
6d-51-4x - 5.tif,ConvPaint,2,102.25165060332397,1259.527636538413,39531.0,2146.4143930311225,0.26149287819862366,112.17445391323031,0.10782526170568443,C:\Users\sophi\napari-organoid-segmentation\reports\segmentations\organoid_measurements_16_patches_segmentations\6d-51-4x - 5_labels.tif
6d-51-4x - 5.tif,ConvPaint,3,99.35827500706192,794.6395907221995,31861.0,1155.1869042456533,0.25620728731155396,100.70586519017527,0.30003004894754876,C:\Users\sophi\napari-organoid-segmentation\reports\segmentations\organoid_measurements_16_patches_segmentations\6d-51-4x - 5_labels.tif
6d-51-4x - 5.tif,ConvPaint,4,117.42104727322089,1652.0588794244409,29467.0,1179.193000900063,0.2408822923898697,96.84852820862979,0.2663029648240942,C:\Users\sophi\napari-organoid-segmentation\reports\segmentations\organoid_measurements_16_patches_segmentations\6d-51-4x - 5_labels.tif
6d-51-4x - 5.tif,ConvPaint,5,512.185139051299,1707.2087548934871,39338.0,3750.797256769669,0.27876436710357666,111.90028732178465,0.03513783188166163,C:\Users\sophi\napari-organoid-segmentation\reports\segmentations\organoid_measurements_16_patches_segmentations\6d-51-4x - 5_labels.tif
6d-51-4x - 5.tif,ConvPaint,6,515.5800302841365,795.5522401353879,33681.0,2007.982935526046,0.27561405301094055,103.54223909379328,0.10497232248354064,C:\Users\sophi\napari-organoid-segmentation\reports\segmentations\organoid_measurements_16_patches_segmentations\6d-51-4x - 5_labels.tif
6d-51-4x - 5.tif,ConvPaint,7,529.2472873880456,1267.9105176285955,36957.0,2393.0134187980957,0.2758696377277374,108.46095363629416,0.08109915069544738,C:\Users\sophi\napari-organoid-segmentation\reports\segmentations\organoid_measurements_16_patches_segmentations\6d-51-4x - 5_labels.tif
6d-51-4x - 5.tif,ConvPaint,8,535.4033560686054,375.915413372906,35041.0,2000.75753878163,0.27225708961486816,105.61201031022092,0.11000120221627506,C:\Users\sophi\napari-organoid-segmentation\reports\segmentations\organoid_measurements_16_patches_segmentations\6d-51-4x - 5_labels.tif
6d-51-4x - 5.tif,ConvPaint,9,966.7891902926991,1678.1136346237272,39187.0,2996.74848353439,0.2637370228767395,111.68531465633342,0.05483417231369514,C:\Users\sophi\napari-organoid-segmentation\reports\segmentations\organoid_measurements_16_patches_segmentations\6d-51-4x - 5_labels.tif
6d-51-4x - 5.tif,ConvPaint,10,955.6202960163754,825.3233873930615,38106.0,2162.113923861484,0.2601486146450043,110.13408429237303,0.1024344594318118,C:\Users\sophi\napari-organoid-segmentation\reports\segmentations\organoid_measurements_16_patches_segmentations\6d-51-4x - 5_labels.tif
6d-51-4x - 5.tif,ConvPaint,11,974.5243439600954,374.11534916504013,36888.0,1932.3494218736669,0.26096653938293457,108.3596561527752,0.12414340417004202,C:\Users\sophi\napari-organoid-segmentation\reports\segmentations\organoid_measurements_16_patches_segmentations\6d-51-4x - 5_labels.tif
6d-51-4x - 5.tif,ConvPaint,12,957.0413743906789,1266.1339912019973,33644.0,2391.8306986345488,0.2721075117588043,103.48535070611422,0.07390207235310284,C:\Users\sophi\napari-organoid-segmentation\reports\segmentations\organoid_measurements_16_patches_segmentations\6d-51-4x - 5_labels.tif
6d-51-4x - 5.tif,ConvPaint,13,980.8772931810315,19.77847005884389,5778.0,426.6812408671319,0.29933488368988037,42.88583125427258,0.39882309796883486,C:\Users\sophi\napari-organoid-segmentation\reports\segmentations\organoid_measurements_16_patches_segmentations\6d-51-4x - 5_labels.tif
6d-52-4x - 5.tif,ConvPaint,1,105.05625139789757,809.8470140908074,35768.0,1659.0001794687491,0.2723502516746521,106.70195878718359,0.1633095773604679,C:\Users\sophi\napari-organoid-segmentation\reports\segmentations\organoid_measurements_16_patches_segmentations\6d-52-4x - 5_labels.tif
6d-52-4x - 5.tif,ConvPaint,2,98.2853260075401,1271.7960955080807,34217.0,1673.5371926710973,0.25625115633010864,104.36287354970045,0.15352568956450352,C:\Users\sophi\napari-organoid-segmentation\reports\segmentations\organoid_measurements_16_patches_segmentations\6d-52-4x - 5_labels.tif
6d-52-4x - 5.tif,ConvPaint,3,89.96322805523774,1650.3412979272543,37583.0,1550.7970773009195,0.2301451414823532,109.37568492332016,0.19637733423369857,C:\Users\sophi\napari-organoid-segmentation\reports\segmentations\organoid_measurements_16_patches_segmentations\6d-52-4x - 5_labels.tif
6d-52-4x - 5.tif,ConvPaint,4,112.75297017939883,370.0568492336937,33668.0,1612.5676759431465,0.27920687198638916,103.52225484424045,0.1627013971638014,C:\Users\sophi\napari-organoid-segmentation\reports\segmentations\organoid_measurements_16_patches_segmentations\6d-52-4x - 5_labels.tif
6d-52-4x - 5.tif,ConvPaint,5,527.7338017980779,1669.7759894595433,38708.0,1982.9707422172264,0.24946224689483643,111.00062645950324,0.12370235951809415,C:\Users\sophi\napari-organoid-segmentation\reports\segmentations\organoid_measurements_16_patches_segmentations\6d-52-4x - 5_labels.tif
6d-52-4x - 5.tif,ConvPaint,6,533.2186426426426,798.1697297297297,41625.0,1685.3422791987305,0.25604015588760376,115.10711972940808,0.18415685049201808,C:\Users\sophi\napari-organoid-segmentation\reports\segmentations\organoid_measurements_16_patches_segmentations\6d-52-4x - 5_labels.tif
6d-52-4x - 5.tif,ConvPaint,7,524.6019815948953,1244.6857985699169,31187.0,1192.9209229614207,0.2652568221092224,99.63498592569721,0.2753976008732391,C:\Users\sophi\napari-organoid-segmentation\reports\segmentations\organoid_measurements_16_patches_segmentations\6d-52-4x - 5_labels.tif
6d-52-4x - 5.tif,ConvPaint,8,543.8601291683142,368.5537893765652,37935.0,2259.0367593952087,0.29089388251304626,109.8866940643047,0.09341214755132002,C:\Users\sophi\napari-organoid-segmentation\reports\segmentations\organoid_measurements_16_patches_segmentations\6d-52-4x - 5_labels.tif
6d-52-4x - 5.tif,ConvPaint,9,559.9895853058133,18.062488165120243,5281.0,652.8538597629122,0.3590949475765228,40.99993303575749,0.15570195993231456,C:\Users\sophi\napari-organoid-segmentation\reports\segmentations\organoid_measurements_16_patches_segmentations\6d-52-4x - 5_labels.tif
6d-52-4x - 5.tif,ConvPaint,10,949.0521423429626,1692.2029044474352,31951.0,1733.0174234114525,0.2520914077758789,100.84800034437121,0.13368677945250804,C:\Users\sophi\napari-organoid-segmentation\reports\segmentations\organoid_measurements_16_patches_segmentations\6d-52-4x - 5_labels.tif
6d-52-4x - 5.tif,ConvPaint,11,960.368646954626,827.5890788935823,29356.0,1374.7737367038067,0.27967679500579834,96.66594549690889,0.19518403383300711,C:\Users\sophi\napari-organoid-segmentation\reports\segmentations\organoid_measurements_16_patches_segmentations\6d-52-4x - 5_labels.tif
6d-52-4x - 5.tif,ConvPaint,12,964.4562780678375,1261.402570374968,27389.0,1445.2529214236351,0.2653487026691437,93.37124542752893,0.16477765886605605,C:\Users\sophi\napari-organoid-segmentation\reports\segmentations\organoid_measurements_16_patches_segmentations\6d-52-4x - 5_labels.tif
6d-52-4x - 5.tif,ConvPaint,13,950.5328853255264,376.3594597291992,30059.0,1310.6549416771886,0.26671144366264343,97.81654700917716,0.21989110101813017,C:\Users\sophi\napari-organoid-segmentation\reports\segmentations\organoid_measurements_16_patches_segmentations\6d-52-4x - 5_labels.tif
6d-52-4x - 5.tif,ConvPaint,14,968.9688058811842,16.79058215775879,5033.0,435.7878425849301,0.3242427706718445,40.02566248250013,0.33303246643755136,C:\Users\sophi\napari-organoid-segmentation\reports\segmentations\organoid_measurements_16_patches_segmentations\6d-52-4x - 5_labels.tif
6d-53-4x - 5.tif,ConvPaint,1,99.19983164367017,831.7772206565896,27323.0,1234.0214280248092,0.2615912854671478,93.25867798869825,0.22547211781978208,C:\Users\sophi\napari-organoid-segmentation\reports\segmentations\organoid_measurements_16_patches_segmentations\6d-53-4x - 5_labels.tif
6d-53-4x - 5.tif,ConvPaint,2,96.76174464710547,1698.7793497224425,31525.0,1811.171752344003,0.24580132961273193,100.1734453931979,0.12076627948655012,C:\Users\sophi\napari-organoid-segmentation\reports\segmentations\organoid_measurements_16_patches_segmentations\6d-53-4x - 5_labels.tif
6d-53-4x - 5.tif,ConvPaint,3,101.12813765182186,1258.1973009446695,29640.0,1345.980843484993,0.2545362710952759,97.13240976361884,0.20559393816554503,C:\Users\sophi\napari-organoid-segmentation\reports\segmentations\organoid_measurements_16_patches_segmentations\6d-53-4x - 5_labels.tif
6d-53-4x - 5.tif,ConvPaint,4,135.19578448331092,349.7251585623679,31218.0,1375.1879502661795,0.26223209500312805,99.68449240922872,0.20743919752311446,C:\Users\sophi\napari-organoid-segmentation\reports\segmentations\organoid_measurements_16_patches_segmentations\6d-53-4x - 5_labels.tif
6d-53-4x - 5.tif,ConvPaint,5,136.00756544106522,20.510969889544562,6609.0,678.1909088590099,0.3274851143360138,45.866218917506956,0.18056837444526863,C:\Users\sophi\napari-organoid-segmentation\reports\segmentations\organoid_measurements_16_patches_segmentations\6d-53-4x - 5_labels.tif
6d-53-4x - 5.tif,ConvPaint,6,517.2250273423259,1690.3243407461416,32916.0,1905.337228564847,0.24911540746688843,102.35960244952915,0.11393921189104908,C:\Users\sophi\napari-organoid-segmentation\reports\segmentations\organoid_measurements_16_patches_segmentations\6d-53-4x - 5_labels.tif
6d-53-4x - 5.tif,ConvPaint,7,513.7934,819.9124333333333,30000.0,1337.9747468305832,0.26426589488983154,97.720502380584,0.21058880764728227,C:\Users\sophi\napari-organoid-segmentation\reports\segmentations\organoid_measurements_16_patches_segmentations\6d-53-4x - 5_labels.tif
6d-53-4x - 5.tif,ConvPaint,8,529.7464956195244,1244.9551939924906,31960.0,1634.396103067893,0.26505476236343384,100.86220284345346,0.15034950355043422,C:\Users\sophi\napari-organoid-segmentation\reports\segmentations\organoid_measurements_16_patches_segmentations\6d-53-4x - 5_labels.tif
6d-53-4x - 5.tif,ConvPaint,9,550.3844795345938,397.1711683634601,28878.0,1299.8387078612623,0.2731610834598541,95.87571586807321,0.2147820804335953,C:\Users\sophi\napari-organoid-segmentation\reports\segmentations\organoid_measurements_16_patches_segmentations\6d-53-4x - 5_labels.tif
6d-53-4x - 5.tif,ConvPaint,10,576.0457526795713,24.64021756518957,6251.0,674.5462479183374,0.3289701044559479,44.60667100933307,0.17263780322697672,C:\Users\sophi\napari-organoid-segmentation\reports\segmentations\organoid_measurements_16_patches_segmentations\6d-53-4x - 5_labels.tif
6d-53-4x - 5.tif,ConvPaint,11,961.0662524677738,854.8711822088027,34444.0,2429.670273047588,0.28690457344055176,104.70847969345408,0.07332106496225804,C:\Users\sophi\napari-organoid-segmentation\reports\segmentations\organoid_measurements_16_patches_segmentations\6d-53-4x - 5_labels.tif
6d-53-4x - 5.tif,ConvPaint,12,967.1628856624319,1280.489352692075,33060.0,1858.75753878163,0.27018412947654724,102.58325807477611,0.12024505555875215,C:\Users\sophi\napari-organoid-segmentation\reports\segmentations\organoid_measurements_16_patches_segmentations\6d-53-4x - 5_labels.tif
6d-53-4x - 5.tif,ConvPaint,13,968.5073975260732,1710.2146841758774,28861.0,1725.2539674441618,0.2377154678106308,95.84749149117249,0.12184709213045739,C:\Users\sophi\napari-organoid-segmentation\reports\segmentations\organoid_measurements_16_patches_segmentations\6d-53-4x - 5_labels.tif
6d-53-4x - 5.tif,ConvPaint,14,986.8054460996316,409.81323081851673,31215.0,1702.844804515672,0.26402151584625244,99.67970253380086,0.13527672046322328,C:\Users\sophi\napari-organoid-segmentation\reports\segmentations\organoid_measurements_16_patches_segmentations\6d-53-4x - 5_labels.tif
6d-53-4x - 5.tif,ConvPaint,15,1000.8939093835107,26.094206486754146,8078.0,749.5756851698602,0.2989582121372223,50.70805912863025,0.180668621969997,C:\Users\sophi\napari-organoid-segmentation\reports\segmentations\organoid_measurements_16_patches_segmentations\6d-53-4x - 5_labels.tif
6d-C1-4x - CTL.tif,ConvPaint,1,93.08715922209396,781.4802415416037,22522.0,1326.648845022779,0.2726683020591736,84.66980132627768,0.16080696363064997,C:\Users\sophi\napari-organoid-segmentation\reports\segmentations\organoid_measurements_16_patches_segmentations\6d-C1-4x - CTL_labels.tif
6d-C1-4x - CTL.tif,ConvPaint,2,101.26285663966185,1207.209756956675,22712.0,1302.914826307011,0.25196683406829834,85.02619675727153,0.16812534609015511,C:\Users\sophi\napari-organoid-segmentation\reports\segmentations\organoid_measurements_16_patches_segmentations\6d-C1-4x - CTL_labels.tif
6d-C1-4x - CTL.tif,ConvPaint,3,112.8675920084122,1647.1870452155626,23775.0,1886.714862200761,0.26137474179267883,86.99320401054109,0.08393012087543628,C:\Users\sophi\napari-organoid-segmentation\reports\segmentations\organoid_measurements_16_patches_segmentations\6d-C1-4x - CTL_labels.tif
6d-C1-4x - CTL.tif,ConvPaint,4,149.19759537052644,357.8748244283387,17799.0,728.6589462905454,0.2634369432926178,75.27016450218035,0.42126644154258247,C:\Users\sophi\napari-organoid-segmentation\reports\segmentations\organoid_measurements_16_patches_segmentations\6d-C1-4x - CTL_labels.tif
6d-C1-4x - CTL.tif,ConvPaint,5,521.099764407394,1642.9061707140268,22072.0,2043.065150626205,0.26436692476272583,83.81966241788753,0.06644879651509487,C:\Users\sophi\napari-organoid-segmentation\reports\segmentations\organoid_measurements_16_patches_segmentations\6d-C1-4x - CTL_labels.tif
6d-C1-4x - CTL.tif,ConvPaint,6,537.572853755648,1198.3315438643583,22353.0,1292.7371567773473,0.264173686504364,84.35153161541452,0.1680835525424634,C:\Users\sophi\napari-organoid-segmentation\reports\segmentations\organoid_measurements_16_patches_segmentations\6d-C1-4x - CTL_labels.tif
6d-C1-4x - CTL.tif,ConvPaint,7,551.2876221498371,801.3423995656894,18420.0,682.0315292925759,0.2592763900756836,76.57197988497767,0.4976117034495305,C:\Users\sophi\napari-organoid-segmentation\reports\segmentations\organoid_measurements_16_patches_segmentations\6d-C1-4x - CTL_labels.tif
6d-C1-4x - CTL.tif,ConvPaint,8,575.0733996515484,349.7256224357894,17793.0,666.6883835420683,0.2588997781276703,75.25747673731951,0.5030524480520896,C:\Users\sophi\napari-organoid-segmentation\reports\segmentations\organoid_measurements_16_patches_segmentations\6d-C1-4x - CTL_labels.tif
6d-C1-4x - CTL.tif,ConvPaint,9,803.2519329896908,1773.618556701031,12416.0,1099.095454429505,0.20114178955554962,62.86601265276767,0.12915783139505901,C:\Users\sophi\napari-organoid-segmentation\reports\segmentations\organoid_measurements_16_patches_segmentations\6d-C1-4x - CTL_labels.tif
6d-C1-4x - CTL.tif,ConvPaint,10,928.1552653061225,1611.837224489796,6125.0,1294.1391770309006,0.37681886553764343,44.1548191353528,0.045957245171174416,C:\Users\sophi\napari-organoid-segmentation\reports\segmentations\organoid_measurements_16_patches_segmentations\6d-C1-4x - CTL_labels.tif
6d-C1-4x - CTL.tif,ConvPaint,11,995.2417275192989,1635.2666388483206,23965.0,958.120887067671,0.21284259855747223,87.34011920300169,0.3280550152332346,C:\Users\sophi\napari-organoid-segmentation\reports\segmentations\organoid_measurements_16_patches_segmentations\6d-C1-4x - CTL_labels.tif
6d-C1-4x - CTL.tif,ConvPaint,12,1000.5370661633638,341.593163468596,19074.0,742.5168106668145,0.2510617971420288,77.91946335203819,0.4347494699345859,C:\Users\sophi\napari-organoid-segmentation\reports\segmentations\organoid_measurements_16_patches_segmentations\6d-C1-4x - CTL_labels.tif
6d-C1-4x - CTL.tif,ConvPaint,13,1006.3057006796431,1220.2670488695733,21629.0,766.717820793591,0.22502033412456512,82.97424014879081,0.4623546069366319,C:\Users\sophi\napari-organoid-segmentation\reports\segmentations\organoid_measurements_16_patches_segmentations\6d-C1-4x - CTL_labels.tif
6d-C2-4x - CTL.tif,ConvPaint,1,97.26755257926128,194.5163231139479,19114.0,608.1970055134199,0.25475630164146423,78.00112284138591,0.6493410973457817,C:\Users\sophi\napari-organoid-segmentation\reports\segmentations\organoid_measurements_16_patches_segmentations\6d-C2-4x - CTL_labels.tif
6d-C2-4x - CTL.tif,ConvPaint,2,111.33721548921076,1031.6219331953887,16915.0,645.4102089490164,0.2536301016807556,73.37718804096284,0.5102819479843582,C:\Users\sophi\napari-organoid-segmentation\reports\segmentations\organoid_measurements_16_patches_segmentations\6d-C2-4x - CTL_labels.tif
6d-C2-4x - CTL.tif,ConvPaint,3,111.49794909549853,1432.5872949095499,19016.0,852.9198769408944,0.24949826300144196,77.80090485123527,0.3284827452385094,C:\Users\sophi\napari-organoid-segmentation\reports\segmentations\organoid_measurements_16_patches_segmentations\6d-C2-4x - CTL_labels.tif
6d-C2-4x - CTL.tif,ConvPaint,4,125.57556090191909,576.539416997706,17873.0,653.0670631985085,0.25299373269081116,75.42647145242107,0.5266132198120698,C:\Users\sophi\napari-organoid-segmentation\reports\segmentations\organoid_measurements_16_patches_segmentations\6d-C2-4x - CTL_labels.tif
6d-C2-4x - CTL.tif,ConvPaint,5,547.2354332401634,1859.9830681573856,18604.0,648.1787155501902,0.21584036946296692,76.95347375241252,0.556450661628554,C:\Users\sophi\napari-organoid-segmentation\reports\segmentations\organoid_measurements_16_patches_segmentations\6d-C2-4x - CTL_labels.tif
6d-C2-4x - CTL.tif,ConvPaint,6,541.8971778172489,1038.6809255970002,20268.0,675.1025971044414,0.2528018653392792,80.32125978327947,0.5588319168288627,C:\Users\sophi\napari-organoid-segmentation\reports\segmentations\organoid_measurements_16_patches_segmentations\6d-C2-4x - CTL_labels.tif
6d-C2-4x - CTL.tif,ConvPaint,7,542.2787148594377,590.066452476573,18675.0,708.0315292925759,0.2640472650527954,77.10017590435376,0.46812871246992444,C:\Users\sophi\napari-organoid-segmentation\reports\segmentations\organoid_measurements_16_patches_segmentations\6d-C2-4x - CTL_labels.tif
6d-C2-4x - CTL.tif,ConvPaint,8,557.2618147448015,1446.068898617053,20102.0,650.0548698896889,0.24176213145256042,79.99165789047355,0.5977906257341504,C:\Users\sophi\napari-organoid-segmentation\reports\segmentations\organoid_measurements_16_patches_segmentations\6d-C2-4x - CTL_labels.tif
6d-C2-4x - CTL.tif,ConvPaint,9,559.0169556105925,157.6345494379882,20996.0,778.2447327281723,0.2570633590221405,81.75105118782797,0.4356262565212061,C:\Users\sophi\napari-organoid-segmentation\reports\segmentations\organoid_measurements_16_patches_segmentations\6d-C2-4x - CTL_labels.tif
6d-C2-4x - CTL.tif,ConvPaint,10,804.2029969562163,1757.420159213299,8542.0,785.0832611206852,0.1764223873615265,52.14406052257476,0.17415582123192316,C:\Users\sophi\napari-organoid-segmentation\reports\segmentations\organoid_measurements_16_patches_segmentations\6d-C2-4x - CTL_labels.tif
6d-C2-4x - CTL.tif,ConvPaint,11,976.2397416597873,171.2099742630991,20593.0,713.4518395093589,0.2542564272880554,80.96267958870186,0.5083936991508328,C:\Users\sophi\napari-organoid-segmentation\reports\segmentations\organoid_measurements_16_patches_segmentations\6d-C2-4x - CTL_labels.tif
6d-C2-4x - CTL.tif,ConvPaint,12,975.4703196347032,1469.4658475733183,21243.0,1183.405158315133,0.2489059865474701,82.23051083510467,0.19061575656156854,C:\Users\sophi\napari-organoid-segmentation\reports\segmentations\organoid_measurements_16_patches_segmentations\6d-C2-4x - CTL_labels.tif
6d-C2-4x - CTL.tif,ConvPaint,13,993.8200166651236,594.0946671604481,21602.0,800.6650429449553,0.2598878741264343,82.92243460814598,0.4234499544990528,C:\Users\sophi\napari-organoid-segmentation\reports\segmentations\organoid_measurements_16_patches_segmentations\6d-C2-4x - CTL_labels.tif
6d-C2-4x - CTL.tif,ConvPaint,14,984.1258016773558,1036.5319190922546,20270.0,807.6234123846127,0.26120954751968384,80.32522264485445,0.3905222762902843,C:\Users\sophi\napari-organoid-segmentation\reports\segmentations\organoid_measurements_16_patches_segmentations\6d-C2-4x - CTL_labels.tif
6d-C3-4x - CTL.tif,ConvPaint,1,99.36801756837693,1630.3034937113196,25045.0,819.2091988222396,0.2224898636341095,89.2864552968312,0.46896589405484107,C:\Users\sophi\napari-organoid-segmentation\reports\segmentations\organoid_measurements_16_patches_segmentations\6d-C3-4x - CTL_labels.tif
6d-C3-4x - CTL.tif,ConvPaint,2,99.96597970405472,773.7889936966337,22369.0,785.8010819142764,0.25336113572120667,84.38171510490417,0.45523032915980044,C:\Users\sophi\napari-organoid-segmentation\reports\segmentations\organoid_measurements_16_patches_segmentations\6d-C3-4x - CTL_labels.tif
6d-C3-4x - CTL.tif,ConvPaint,3,107.70439087586175,328.9893582566048,21613.0,829.1797615707168,0.2552855312824249,82.94354447508418,0.3950276823156466,C:\Users\sophi\napari-organoid-segmentation\reports\segmentations\organoid_measurements_16_patches_segmentations\6d-C3-4x - CTL_labels.tif
6d-C3-4x - CTL.tif,ConvPaint,4,114.39498961578401,1210.594755970924,23112.0,738.5229073212242,0.24220319092273712,85.77166250854516,0.5324998030297017,C:\Users\sophi\napari-organoid-segmentation\reports\segmentations\organoid_measurements_16_patches_segmentations\6d-C3-4x - CTL_labels.tif
6d-C3-4x - CTL.tif,ConvPaint,5,551.3128384123148,779.1712086633553,22347.0,785.3218971944477,0.26122137904167175,84.34021002196504,0.4553377726869969,C:\Users\sophi\napari-organoid-segmentation\reports\segmentations\organoid_measurements_16_patches_segmentations\6d-C3-4x - CTL_labels.tif
6d-C3-4x - CTL.tif,ConvPaint,6,560.8009164516416,1209.092712874811,22478.0,734.0315292925759,0.24688664078712463,84.5870535108018,0.5242495921256604,C:\Users\sophi\napari-organoid-segmentation\reports\segmentations\organoid_measurements_16_patches_segmentations\6d-C3-4x - CTL_labels.tif
6d-C3-4x - CTL.tif,ConvPaint,7,558.6274771253851,339.38401765598417,21749.0,681.9543648263005,0.2564622163772583,83.20409674175463,0.5876767787043844,C:\Users\sophi\napari-organoid-segmentation\reports\segmentations\organoid_measurements_16_patches_segmentations\6d-C3-4x - CTL_labels.tif
6d-C3-4x - CTL.tif,ConvPaint,8,569.7601258644031,1616.6939006988403,27331.0,841.1381310103741,0.2310052514076233,93.27232976231045,0.4854346177644113,C:\Users\sophi\napari-organoid-segmentation\reports\segmentations\organoid_measurements_16_patches_segmentations\6d-C3-4x - CTL_labels.tif
6d-C3-4x - CTL.tif,ConvPaint,9,780.0474022183304,1779.5437244600116,8565.0,765.0121933088199,0.18215857446193695,52.21421430189453,0.1839079556435596,C:\Users\sophi\napari-organoid-segmentation\reports\segmentations\organoid_measurements_16_patches_segmentations\6d-C3-4x - CTL_labels.tif
6d-C3-4x - CTL.tif,ConvPaint,10,969.2842979017754,1613.9300438090845,21685.0,728.7117241391813,0.2351784110069275,83.08158569680468,0.513165884702801,C:\Users\sophi\napari-organoid-segmentation\reports\segmentations\organoid_measurements_16_patches_segmentations\6d-C3-4x - CTL_labels.tif
6d-C3-4x - CTL.tif,ConvPaint,11,988.6550008385979,340.43562363727847,17887.0,674.1320343559642,0.2537706792354584,75.45600661424817,0.4946037911542436,C:\Users\sophi\napari-organoid-segmentation\reports\segmentations\organoid_measurements_16_patches_segmentations\6d-C3-4x - CTL_labels.tif
6d-C3-4x - CTL.tif,ConvPaint,12,989.8887095038209,1198.100258314498,18582.0,721.1736649163068,0.25135207176208496,76.90795995907834,0.4489754571530545,C:\Users\sophi\napari-organoid-segmentation\reports\segmentations\organoid_measurements_16_patches_segmentations\6d-C3-4x - CTL_labels.tif
6d-C3-4x - CTL.tif,ConvPaint,13,999.7389102916896,787.4283984589983,18170.0,698.0792565073284,0.2534855008125305,76.0505794321087,0.46854933425169554,C:\Users\sophi\napari-organoid-segmentation\reports\segmentations\organoid_measurements_16_patches_segmentations\6d-C3-4x - CTL_labels.tif
7d-Snap-1351-4x - 2.tif,ConvPaint,1,24.141564729867483,137.6566004077472,7848.0,474.48023074035524,0.21717485785484314,49.98095624105635,0.4380590065847743,C:\Users\sophi\napari-organoid-segmentation\reports\segmentations\organoid_measurements_16_patches_segmentations\7d-Snap-1351-4x - 2_labels.tif
7d-Snap-1351-4x - 2.tif,ConvPaint,2,22.829622590279662,526.8559598153679,7366.0,457.81727983645294,0.21756668388843536,48.42179903338786,0.4416286270361368,C:\Users\sophi\napari-organoid-segmentation\reports\segmentations\organoid_measurements_16_patches_segmentations\7d-Snap-1351-4x - 2_labels.tif
7d-Snap-1351-4x - 2.tif,ConvPaint,3,31.718421667055804,932.2231302046852,12849.0,607.651803615609,0.19293178617954254,63.952824234552196,0.4372900650188671,C:\Users\sophi\napari-organoid-segmentation\reports\segmentations\organoid_measurements_16_patches_segmentations\7d-Snap-1351-4x - 2_labels.tif
7d-Snap-1351-4x - 2.tif,ConvPaint,4,26.210402815799764,1365.341122409073,10228.0,583.8589103967956,0.19259510934352875,57.05850958347765,0.3770376834881312,C:\Users\sophi\napari-organoid-segmentation\reports\segmentations\organoid_measurements_16_patches_segmentations\7d-Snap-1351-4x - 2_labels.tif
7d-Snap-1351-4x - 2.tif,ConvPaint,5,52.941366256560265,1801.0408672459778,23246.0,1768.713816180234,0.1930369734764099,86.0199489317937,0.09337765449326947,C:\Users\sophi\napari-organoid-segmentation\reports\segmentations\organoid_measurements_16_patches_segmentations\7d-Snap-1351-4x - 2_labels.tif
7d-Snap-1351-4x - 2.tif,ConvPaint,6,386.96543543856,1357.8880449484966,48055.0,1441.251875403109,0.16480112075805664,123.67854130997043,0.29071582614218033,C:\Users\sophi\napari-organoid-segmentation\reports\segmentations\organoid_measurements_16_patches_segmentations\7d-Snap-1351-4x - 2_labels.tif
7d-Snap-1351-4x - 2.tif,ConvPaint,7,410.06672764069435,935.62687787032,51388.0,1366.1158364337875,0.15753620862960815,127.8956935600751,0.34601627605344,C:\Users\sophi\napari-organoid-segmentation\reports\segmentations\organoid_measurements_16_patches_segmentations\7d-Snap-1351-4x - 2_labels.tif
7d-Snap-1351-4x - 2.tif,ConvPaint,8,387.5306190172304,535.0125845564773,39175.0,970.5351006300441,0.18103532493114471,111.66821298494034,0.5226324550071342,C:\Users\sophi\napari-organoid-segmentation\reports\segmentations\organoid_measurements_16_patches_segmentations\7d-Snap-1351-4x - 2_labels.tif
7d-Snap-1351-4x - 2.tif,ConvPaint,9,408.33960378578564,1787.0500264534712,51033.0,2214.3544725075503,0.1622980535030365,127.4531616776037,0.13078763177916455,C:\Users\sophi\napari-organoid-segmentation\reports\segmentations\organoid_measurements_16_patches_segmentations\7d-Snap-1351-4x - 2_labels.tif
7d-Snap-1351-4x - 2.tif,ConvPaint,10,404.250264158918,141.20987426035504,37856.0,941.5706345359768,0.19299274682998657,109.77221438676355,0.5365853066773385,C:\Users\sophi\napari-organoid-segmentation\reports\segmentations\organoid_measurements_16_patches_segmentations\7d-Snap-1351-4x - 2_labels.tif
7d-Snap-1351-4x - 2.tif,ConvPaint,11,895.8740195820393,1796.744104332263,75988.0,3233.4631662664015,0.18849638104438782,155.52405483182943,0.09133117435130601,C:\Users\sophi\napari-organoid-segmentation\reports\segmentations\organoid_measurements_16_patches_segmentations\7d-Snap-1351-4x - 2_labels.tif
7d-Snap-1351-4x - 2.tif,ConvPaint,12,820.6161806866653,1354.018786565042,42903.0,1242.653895656662,0.16679862141609192,116.86081056942558,0.34913802758361,C:\Users\sophi\napari-organoid-segmentation\reports\segmentations\organoid_measurements_16_patches_segmentations\7d-Snap-1351-4x - 2_labels.tif
7d-Snap-1351-4x - 2.tif,ConvPaint,13,835.1800544185496,937.2210576126819,42265.0,1273.1635636485403,0.16900759935379028,115.9886517705845,0.3276591761950367,C:\Users\sophi\napari-organoid-segmentation\reports\segmentations\organoid_measurements_16_patches_segmentations\7d-Snap-1351-4x - 2_labels.tif
7d-Snap-1351-4x - 2.tif,ConvPaint,14,826.6431663751828,137.84592448177986,34879.0,848.422402257836,0.18186618387699127,105.36759710748099,0.6089051317925442,C:\Users\sophi\napari-organoid-segmentation\reports\segmentations\organoid_measurements_16_patches_segmentations\7d-Snap-1351-4x - 2_labels.tif
7d-Snap-1351-4x - 2.tif,ConvPaint,15,838.0392628205128,520.5160773366418,38688.0,1034.7483040656407,0.18312372267246246,110.97194634987031,0.45406360896090847,C:\Users\sophi\napari-organoid-segmentation\reports\segmentations\organoid_measurements_16_patches_segmentations\7d-Snap-1351-4x - 2_labels.tif
7d-Snap-1352-4x - 2.tif,ConvPaint,1,287.55629044537494,121.04484678340312,42032.0,1735.1341263970173,0.18697893619537354,115.66849673129279,0.17543806006884588,C:\Users\sophi\napari-organoid-segmentation\reports\segmentations\organoid_measurements_16_patches_segmentations\7d-Snap-1352-4x - 2_labels.tif
7d-Snap-1352-4x - 2.tif,ConvPaint,2,284.38589171590496,1387.7833594597853,41465.0,1254.796031280393,0.1720782220363617,114.88567983265312,0.3309369506702829,C:\Users\sophi\napari-organoid-segmentation\reports\segmentations\organoid_measurements_16_patches_segmentations\7d-Snap-1352-4x - 2_labels.tif
7d-Snap-1352-4x - 2.tif,ConvPaint,3,297.15242552334945,525.2765448872785,39744.0,1663.3300858899106,0.1851533204317093,112.47625578978248,0.18051967883287012,C:\Users\sophi\napari-organoid-segmentation\reports\segmentations\organoid_measurements_16_patches_segmentations\7d-Snap-1352-4x - 2_labels.tif
7d-Snap-1352-4x - 2.tif,ConvPaint,4,286.6441858075125,952.1404090231746,38922.0,1347.672185619892,0.18234215676784515,111.30704106230432,0.2693000797836956,C:\Users\sophi\napari-organoid-segmentation\reports\segmentations\organoid_measurements_16_patches_segmentations\7d-Snap-1352-4x - 2_labels.tif
7d-Snap-1352-4x - 2.tif,ConvPaint,5,289.7665971095139,1802.7476621068088,38817.0,1077.0914498161483,0.15782685577869415,111.15680299467147,0.42046192552313455,C:\Users\sophi\napari-organoid-segmentation\reports\segmentations\organoid_measurements_16_patches_segmentations\7d-Snap-1352-4x - 2_labels.tif
7d-Snap-1352-4x - 2.tif,ConvPaint,6,407.0334036568214,1787.3115330520393,5688.0,886.866053071732,0.33687710762023926,42.55051859394197,0.09087687587515228,C:\Users\sophi\napari-organoid-segmentation\reports\segmentations\organoid_measurements_16_patches_segmentations\7d-Snap-1352-4x - 2_labels.tif
7d-Snap-1352-4x - 2.tif,ConvPaint,7,693.2071569271176,123.58470124753775,39598.0,1069.3340905032674,0.17194560170173645,112.26947436015608,0.4351673370882853,C:\Users\sophi\napari-organoid-segmentation\reports\segmentations\organoid_measurements_16_patches_segmentations\7d-Snap-1352-4x - 2_labels.tif
7d-Snap-1352-4x - 2.tif,ConvPaint,8,704.679649164395,527.9438425980799,42185.0,1925.2234841721124,0.18574151396751404,115.87882700762556,0.14302291200503817,C:\Users\sophi\napari-organoid-segmentation\reports\segmentations\organoid_measurements_16_patches_segmentations\7d-Snap-1352-4x - 2_labels.tif
7d-Snap-1352-4x - 2.tif,ConvPaint,9,710.6372900893348,1810.039165858898,38171.0,1647.323989235501,0.17207232117652893,110.2279758750993,0.1767605547542303,C:\Users\sophi\napari-organoid-segmentation\reports\segmentations\organoid_measurements_16_patches_segmentations\7d-Snap-1352-4x - 2_labels.tif
7d-Snap-1352-4x - 2.tif,ConvPaint,10,715.8829103718588,960.203592071643,40311.0,1597.6904755831213,0.19066700339317322,113.27572476905537,0.19844864754687858,C:\Users\sophi\napari-organoid-segmentation\reports\segmentations\organoid_measurements_16_patches_segmentations\7d-Snap-1352-4x - 2_labels.tif
7d-Snap-1352-4x - 2.tif,ConvPaint,11,731.8653738418444,1408.2521654815773,46410.0,2427.0001794687496,0.19525280594825745,121.54325081134586,0.09901062809227765,C:\Users\sophi\napari-organoid-segmentation\reports\segmentations\organoid_measurements_16_patches_segmentations\7d-Snap-1352-4x - 2_labels.tif
7d-Snap-1352-4x - 2.tif,ConvPaint,12,835.1070789259561,1777.6563059397884,6145.0,869.5229073212244,0.3229503035545349,44.226849883293674,0.1021338481957098,C:\Users\sophi\napari-organoid-segmentation\reports\segmentations\organoid_measurements_16_patches_segmentations\7d-Snap-1352-4x - 2_labels.tif
7d-Snap-1352-4x - 2.tif,ConvPaint,13,1035.6537714184774,1792.163222045575,16983.0,1476.091449816148,0.18185476958751678,73.52453194043004,0.09794848982279232,C:\Users\sophi\napari-organoid-segmentation\reports\segmentations\organoid_measurements_16_patches_segmentations\7d-Snap-1352-4x - 2_labels.tif
7d-Snap-1352-4x - 2.tif,ConvPaint,14,1046.7470884482216,548.6908246773686,12708.0,665.6518036156091,0.18282076716423035,63.60095937659755,0.3604066900761728,C:\Users\sophi\napari-organoid-segmentation\reports\segmentations\organoid_measurements_16_patches_segmentations\7d-Snap-1352-4x - 2_labels.tif
7d-Snap-1352-4x - 2.tif,ConvPaint,15,1047.0719494774828,952.8960228554243,13301.0,769.1492782986672,0.18507029116153717,65.06796290134339,0.2825354088863586,C:\Users\sophi\napari-organoid-segmentation\reports\segmentations\organoid_measurements_16_patches_segmentations\7d-Snap-1352-4x - 2_labels.tif
7d-Snap-1352-4x - 2.tif,ConvPaint,16,1056.5383462403197,1386.6214089432926,8006.0,965.8893936688451,0.2317330688238144,50.48157038749318,0.10783770967971205,C:\Users\sophi\napari-organoid-segmentation\reports\segmentations\organoid_measurements_16_patches_segmentations\7d-Snap-1352-4x - 2_labels.tif
7d-Snap-1353-4x - 2.tif,ConvPaint,1,88.13633846855356,161.36029052535582,30703.0,819.025432638166,0.18397845327854156,98.85883084227187,0.5751695697965918,C:\Users\sophi\napari-organoid-segmentation\reports\segmentations\organoid_measurements_16_patches_segmentations\7d-Snap-1353-4x - 2_labels.tif
7d-Snap-1353-4x - 2.tif,ConvPaint,2,77.67565527651983,590.8990325236723,29148.0,893.5878784786798,0.1770898848772049,96.32287663107415,0.4587162095739812,C:\Users\sophi\napari-organoid-segmentation\reports\segmentations\organoid_measurements_16_patches_segmentations\7d-Snap-1353-4x - 2_labels.tif
7d-Snap-1353-4x - 2.tif,ConvPaint,3,91.00555873197382,1005.3330792198717,31482.0,1810.9564568673536,0.18894769251346588,100.10510394998897,0.12063023178971699,C:\Users\sophi\napari-organoid-segmentation\reports\segmentations\organoid_measurements_16_patches_segmentations\7d-Snap-1353-4x - 2_labels.tif
7d-Snap-1353-4x - 2.tif,ConvPaint,4,90.20135900339751,1424.1840802459149,30905.0,1642.5716805565035,0.1782078742980957,99.18350181612892,0.14394280122798286,C:\Users\sophi\napari-organoid-segmentation\reports\segmentations\organoid_measurements_16_patches_segmentations\7d-Snap-1353-4x - 2_labels.tif
7d-Snap-1353-4x - 2.tif,ConvPaint,5,117.92082225034217,1821.2370942334014,38723.0,2048.4610742253485,0.1844504475593567,111.02213167965623,0.11596406449087274,C:\Users\sophi\napari-organoid-segmentation\reports\segmentations\organoid_measurements_16_patches_segmentations\7d-Snap-1353-4x - 2_labels.tif
7d-Snap-1353-4x - 2.tif,ConvPaint,6,497.50136291004793,1433.7018516777894,31917.0,1605.1879502661795,0.19680851697921753,100.794328398616,0.15566111814860192,C:\Users\sophi\napari-organoid-segmentation\reports\segmentations\organoid_measurements_16_patches_segmentations\7d-Snap-1353-4x - 2_labels.tif
7d-Snap-1353-4x - 2.tif,ConvPaint,7,504.4809661556263,174.91223604281168,34570.0,1402.755446740577,0.20682038366794586,104.89982252307982,0.2207726731456356,C:\Users\sophi\napari-organoid-segmentation\reports\segmentations\organoid_measurements_16_patches_segmentations\7d-Snap-1353-4x - 2_labels.tif
7d-Snap-1353-4x - 2.tif,ConvPaint,8,508.22707806112516,589.7966063201609,30822.0,1485.7199128346442,0.20633454620838165,99.05022620850896,0.17546754175622337,C:\Users\sophi\napari-organoid-segmentation\reports\segmentations\organoid_measurements_16_patches_segmentations\7d-Snap-1353-4x - 2_labels.tif
7d-Snap-1353-4x - 2.tif,ConvPaint,9,534.9715434386582,1846.484169859916,31838.0,1208.5889244992065,0.1774977296590805,100.6695095663008,0.27390403009705805,C:\Users\sophi\napari-organoid-segmentation\reports\segmentations\organoid_measurements_16_patches_segmentations\7d-Snap-1353-4x - 2_labels.tif
7d-Snap-1353-4x - 2.tif,ConvPaint,10,519.9117647058823,1005.1778931645209,28118.0,1205.0214280248092,0.2022555023431778,94.6056942245858,0.24333509589971536,C:\Users\sophi\napari-organoid-segmentation\reports\segmentations\organoid_measurements_16_patches_segmentations\7d-Snap-1353-4x - 2_labels.tif
7d-Snap-1353-4x - 2.tif,ConvPaint,11,984.2764315151516,1449.1477818181818,103125.0,7540.318251518589,0.20074786245822906,181.17866047827877,0.022792631696369813,C:\Users\sophi\napari-organoid-segmentation\reports\segmentations\organoid_measurements_16_patches_segmentations\7d-Snap-1353-4x - 2_labels.tif
7d-Snap-1353-4x - 2.tif,ConvPaint,12,954.0445695800635,210.76379320673337,33386.0,1042.5767311903867,0.1983097344636917,103.08779685361424,0.3859741303180017,C:\Users\sophi\napari-organoid-segmentation\reports\segmentations\organoid_measurements_16_patches_segmentations\7d-Snap-1353-4x - 2_labels.tif
7d-Snap-1353-4x - 2.tif,ConvPaint,13,971.1557474479093,605.9309537127674,28604.0,922.5290039756342,0.19326899945735931,95.41978822236585,0.42235396455780866,C:\Users\sophi\napari-organoid-segmentation\reports\segmentations\organoid_measurements_16_patches_segmentations\7d-Snap-1353-4x - 2_labels.tif
7d-Snap-1354-4x - 2.tif,ConvPaint,1,99.51750684931507,327.40235616438355,36500.0,1337.1574669941301,0.210673987865448,107.78826859036359,0.2565296807822501,C:\Users\sophi\napari-organoid-segmentation\reports\segmentations\organoid_measurements_16_patches_segmentations\7d-Snap-1354-4x - 2_labels.tif
7d-Snap-1354-4x - 2.tif,ConvPaint,2,93.3830866807611,745.2034355179704,37840.0,1505.7615433949868,0.2064012736082077,109.74901408757457,0.20972422070045887,C:\Users\sophi\napari-organoid-segmentation\reports\segmentations\organoid_measurements_16_patches_segmentations\7d-Snap-1354-4x - 2_labels.tif
7d-Snap-1354-4x - 2.tif,ConvPaint,3,108.63004689774137,1183.133173413832,37102.0,1285.8315651863259,0.2003909796476364,108.67351746028561,0.28199344909521507,C:\Users\sophi\napari-organoid-segmentation\reports\segmentations\organoid_measurements_16_patches_segmentations\7d-Snap-1354-4x - 2_labels.tif
7d-Snap-1354-4x - 2.tif,ConvPaint,4,105.06676587802048,1596.4742470867175,39646.0,1453.6072144624363,0.19580097496509552,112.33749929405838,0.23578441805410402,C:\Users\sophi\napari-organoid-segmentation\reports\segmentations\organoid_measurements_16_patches_segmentations\7d-Snap-1354-4x - 2_labels.tif
7d-Snap-1354-4x - 2.tif,ConvPaint,5,469.1338613861386,833.2736633663367,5050.0,1362.0924958366745,0.437190443277359,40.09320298040733,0.03420487767123686,C:\Users\sophi\napari-organoid-segmentation\reports\segmentations\organoid_measurements_16_patches_segmentations\7d-Snap-1354-4x - 2_labels.tif
7d-Snap-1354-4x - 2.tif,ConvPaint,6,531.4598316084897,345.18607846576623,34206.0,961.6356056934325,0.20513750612735748,104.3460970367495,0.46482671997246705,C:\Users\sophi\napari-organoid-segmentation\reports\segmentations\organoid_measurements_16_patches_segmentations\7d-Snap-1354-4x - 2_labels.tif
7d-Snap-1354-4x - 2.tif,ConvPaint,7,540.5292032572249,753.7301612645697,31315.0,866.2213921310594,0.19996319711208344,99.8392412122879,0.5244504596804345,C:\Users\sophi\napari-organoid-segmentation\reports\segmentations\organoid_measurements_16_patches_segmentations\7d-Snap-1354-4x - 2_labels.tif
7d-Snap-1354-4x - 2.tif,ConvPaint,8,570.0081344594978,1184.7985091548098,35282.0,1624.1107857999043,0.20192155241966248,105.97456961147095,0.16808608372655034,C:\Users\sophi\napari-organoid-segmentation\reports\segmentations\organoid_measurements_16_patches_segmentations\7d-Snap-1354-4x - 2_labels.tif
7d-Snap-1354-4x - 2.tif,ConvPaint,9,561.8011252237661,1612.7499786889439,35193.0,884.9015869776647,0.18397431075572968,105.84082305266784,0.5647759640960833,C:\Users\sophi\napari-organoid-segmentation\reports\segmentations\organoid_measurements_16_patches_segmentations\7d-Snap-1354-4x - 2_labels.tif
7d-Snap-1354-4x - 2.tif,ConvPaint,10,786.8093339081698,1777.5654235826687,9278.0,733.6335136523794,0.17993314564228058,54.3440808553536,0.21662366901335364,C:\Users\sophi\napari-organoid-segmentation\reports\segmentations\organoid_measurements_16_patches_segmentations\7d-Snap-1354-4x - 2_labels.tif
7d-Snap-1354-4x - 2.tif,ConvPaint,11,896.0035211267606,1682.923461823573,5396.0,991.1625176280136,0.3719298243522644,41.44393979640129,0.06902271921379093,C:\Users\sophi\napari-organoid-segmentation\reports\segmentations\organoid_measurements_16_patches_segmentations\7d-Snap-1354-4x - 2_labels.tif
7d-Snap-1354-4x - 2.tif,ConvPaint,12,955.2729620969058,335.8216053075208,36778.0,1807.424494298889,0.20522168278694153,108.1979713029198,0.1414743298364044,C:\Users\sophi\napari-organoid-segmentation\reports\segmentations\organoid_measurements_16_patches_segmentations\7d-Snap-1354-4x - 2_labels.tif
7d-Snap-1354-4x - 2.tif,ConvPaint,13,928.7993704440026,1266.814115308151,6036.0,1605.6549416771884,0.4101567268371582,43.8328469644097,0.029420811982831963,C:\Users\sophi\napari-organoid-segmentation\reports\segmentations\organoid_measurements_16_patches_segmentations\7d-Snap-1354-4x - 2_labels.tif
7d-Snap-1354-4x - 2.tif,ConvPaint,14,964.7819582715526,745.8514880321966,37768.0,1183.8670990922585,0.2013305276632309,109.64455199137532,0.338631963644617,C:\Users\sophi\napari-organoid-segmentation\reports\segmentations\organoid_measurements_16_patches_segmentations\7d-Snap-1354-4x - 2_labels.tif
7d-Snap-1354-4x - 2.tif,ConvPaint,15,986.302067725502,1182.1753071621217,33370.0,937.3158005400378,0.1853678822517395,103.06309185131744,0.4773030334673591,C:\Users\sophi\napari-organoid-segmentation\reports\segmentations\organoid_measurements_16_patches_segmentations\7d-Snap-1354-4x - 2_labels.tif
7d-Snap-1354-4x - 2.tif,ConvPaint,16,979.8240076963659,1613.6604288861993,32223.0,922.6650429449553,0.17582498490810394,101.27635194111352,0.4756502197776062,C:\Users\sophi\napari-organoid-segmentation\reports\segmentations\organoid_measurements_16_patches_segmentations\7d-Snap-1354-4x - 2_labels.tif
7d-Snap-1387-4x - 1.tif,ConvPaint,1,494.81651146173084,1364.9480519667616,694136.0,26124.539166827337,0.24162507057189941,470.0535620076416,0.012780774026011821,C:\Users\sophi\napari-organoid-segmentation\reports\segmentations\organoid_measurements_16_patches_segmentations\7d-Snap-1387-4x - 1_labels.tif
7d-Snap-1387-4x - 1.tif,ConvPaint,2,875.2297103109315,986.4794135410375,48017.0,3720.5190821766164,0.2012578248977661,123.62963158113462,0.04359109857125878,C:\Users\sophi\napari-organoid-segmentation\reports\segmentations\organoid_measurements_16_patches_segmentations\7d-Snap-1387-4x - 1_labels.tif
7d-Snap-1387-4x - 1.tif,ConvPaint,3,862.6686139716871,108.28261283047577,36803.0,900.5645378815669,0.1490691602230072,108.23473906848045,0.5702475167845497,C:\Users\sophi\napari-organoid-segmentation\reports\segmentations\organoid_measurements_16_patches_segmentations\7d-Snap-1387-4x - 1_labels.tif
7d-Snap-1387-4x - 1.tif,ConvPaint,4,864.9894705009073,548.4840545444548,36374.0,1020.4762261269984,0.15042009949684143,107.60206224812424,0.43892987719657095,C:\Users\sophi\napari-organoid-segmentation\reports\segmentations\organoid_measurements_16_patches_segmentations\7d-Snap-1387-4x - 1_labels.tif
7d-Snap-1387-4x - 1.tif,ConvPaint,5,957.7688373678827,565.4761336515513,5866.0,1266.9676041556468,0.3309828042984009,43.21117670642766,0.045922011402725615,C:\Users\sophi\napari-organoid-segmentation\reports\segmentations\organoid_measurements_16_patches_segmentations\7d-Snap-1387-4x - 1_labels.tif
7d-Snap-1387-4x - 1.tif,ConvPaint,6,953.1540350877193,145.49245614035087,5700.0,1024.0792565073284,0.3372590243816376,42.59537945889914,0.06829950893315455,C:\Users\sophi\napari-organoid-segmentation\reports\segmentations\organoid_measurements_16_patches_segmentations\7d-Snap-1387-4x - 1_labels.tif
7d-Snap-1388-4x - 1.tif,ConvPaint,1,115.69857207195274,264.99462208917265,37747.0,1184.541197284454,0.17155322432518005,109.61406512751704,0.3380585822231703,C:\Users\sophi\napari-organoid-segmentation\reports\segmentations\organoid_measurements_16_patches_segmentations\7d-Snap-1388-4x - 1_labels.tif
7d-Snap-1388-4x - 1.tif,ConvPaint,2,101.64837779015032,694.6467328035633,39514.0,1143.6711395993652,0.16970765590667725,112.1503314425165,0.379628261221257,C:\Users\sophi\napari-organoid-segmentation\reports\segmentations\organoid_measurements_16_patches_segmentations\7d-Snap-1388-4x - 1_labels.tif
7d-Snap-1388-4x - 1.tif,ConvPaint,3,96.37811760422356,1123.4959818990403,38451.0,1326.0559159102154,0.16295649111270905,110.63152097685783,0.27478551033325826,C:\Users\sophi\napari-organoid-segmentation\reports\segmentations\organoid_measurements_16_patches_segmentations\7d-Snap-1388-4x - 1_labels.tif
7d-Snap-1388-4x - 1.tif,ConvPaint,4,129.422196083858,1886.2608454992044,14453.0,1975.916918348064,0.27441295981407166,67.8272274607648,0.046519014653701764,C:\Users\sophi\napari-organoid-segmentation\reports\segmentations\organoid_measurements_16_patches_segmentations\7d-Snap-1388-4x - 1_labels.tif
7d-Snap-1388-4x - 1.tif,ConvPaint,5,142.517098277421,1550.361718405861,43133.0,2265.8286065934954,0.17706629633903503,117.17363321483825,0.1055760521679234,C:\Users\sophi\napari-organoid-segmentation\reports\segmentations\organoid_measurements_16_patches_segmentations\7d-Snap-1388-4x - 1_labels.tif
7d-Snap-1388-4x - 1.tif,ConvPaint,6,523.0816351862962,1560.2543186378964,48337.0,2194.650937063832,0.17610511183738708,124.04090038558206,0.12611264871268765,C:\Users\sophi\napari-organoid-segmentation\reports\segmentations\organoid_measurements_16_patches_segmentations\7d-Snap-1388-4x - 1_labels.tif
7d-Snap-1388-4x - 1.tif,ConvPaint,7,848.9667434655692,1738.088205030701,178822.0,8731.003855936577,0.25342944264411926,238.58082585815194,0.0294783011870661,C:\Users\sophi\napari-organoid-segmentation\reports\segmentations\organoid_measurements_16_patches_segmentations\7d-Snap-1388-4x - 1_labels.tif
7d-Snap-1388-4x - 1.tif,ConvPaint,8,531.4448728636931,1107.1053772405169,47980.0,2821.693613644701,0.1872703582048416,123.58199035093372,0.07572693810631534,C:\Users\sophi\napari-organoid-segmentation\reports\segmentations\organoid_measurements_16_patches_segmentations\7d-Snap-1388-4x - 1_labels.tif
7d-Snap-1388-4x - 1.tif,ConvPaint,9,515.2345097637755,268.5818084098994,39073.0,1132.2335854398789,0.17391809821128845,111.52274289515684,0.3830139173441681,C:\Users\sophi\napari-organoid-segmentation\reports\segmentations\organoid_measurements_16_patches_segmentations\7d-Snap-1388-4x - 1_labels.tif
7d-Snap-1388-4x - 1.tif,ConvPaint,10,613.385609978704,1613.6907514450868,6574.0,1322.4650788387053,0.3271348476409912,45.74460833554311,0.04723578510025214,C:\Users\sophi\napari-organoid-segmentation\reports\segmentations\organoid_measurements_16_patches_segmentations\7d-Snap-1388-4x - 1_labels.tif
7d-Snap-1388-4x - 1.tif,ConvPaint,11,536.0698349799153,703.4342633807404,36844.0,1048.7422074112305,0.16799576580524445,108.29501118036595,0.42095836498506695,C:\Users\sophi\napari-organoid-segmentation\reports\segmentations\organoid_measurements_16_patches_segmentations\7d-Snap-1388-4x - 1_labels.tif
7d-Snap-1388-4x - 1.tif,ConvPaint,12,954.9193564967105,250.4205900493421,38912.0,1457.2701653663385,0.1702563762664795,111.29274141283277,0.2302572268695931,C:\Users\sophi\napari-organoid-segmentation\reports\segmentations\organoid_measurements_16_patches_segmentations\7d-Snap-1388-4x - 1_labels.tif
7d-Snap-1388-4x - 1.tif,ConvPaint,13,942.5175323362974,1126.6381113581244,39584.0,1508.5189027078675,0.17660611867904663,112.24962598912822,0.21858886190663737,C:\Users\sophi\napari-organoid-segmentation\reports\segmentations\organoid_measurements_16_patches_segmentations\7d-Snap-1388-4x - 1_labels.tif
7d-Snap-1388-4x - 1.tif,ConvPaint,14,959.5456201102988,698.5933820700269,38985.0,1419.5361466505706,0.16289544105529785,111.39708664446786,0.24311653148053688,C:\Users\sophi\napari-organoid-segmentation\reports\segmentations\organoid_measurements_16_patches_segmentations\7d-Snap-1388-4x - 1_labels.tif
7d-Snap-1389-4x - 1.tif,ConvPaint,1,422.22963819258536,1758.3503001541333,246540.0,16602.90616078924,0.2649211883544922,280.1358944151066,0.011239035140174387,C:\Users\sophi\napari-organoid-segmentation\reports\segmentations\organoid_measurements_16_patches_segmentations\7d-Snap-1389-4x - 1_labels.tif
7d-Snap-1389-4x - 1.tif,ConvPaint,2,142.78704428102017,677.3003703124185,38346.0,944.0792565073284,0.14894138276576996,110.48036429883655,0.5406460337340855,C:\Users\sophi\napari-organoid-segmentation\reports\segmentations\organoid_measurements_16_patches_segmentations\7d-Snap-1389-4x - 1_labels.tif
7d-Snap-1389-4x - 1.tif,ConvPaint,3,145.096679712812,278.1997356211607,38581.0,1709.8031739553294,0.16590143740177155,110.81838168308012,0.16584069392080275,C:\Users\sophi\napari-organoid-segmentation\reports\segmentations\organoid_measurements_16_patches_segmentations\7d-Snap-1389-4x - 1_labels.tif
7d-Snap-1389-4x - 1.tif,ConvPaint,4,154.907151426634,1130.3566845756611,38342.0,1165.4528855298854,0.1521347165107727,110.47460185969852,0.3547277660967947,C:\Users\sophi\napari-organoid-segmentation\reports\segmentations\organoid_measurements_16_patches_segmentations\7d-Snap-1389-4x - 1_labels.tif
7d-Snap-1389-4x - 1.tif,ConvPaint,5,556.7866134479582,1634.760515812097,6514.0,1431.5483399593904,0.32836905121803284,45.53537743997751,0.039943450900076005,C:\Users\sophi\napari-organoid-segmentation\reports\segmentations\organoid_measurements_16_patches_segmentations\7d-Snap-1389-4x - 1_labels.tif
7d-Snap-1389-4x - 1.tif,ConvPaint,6,541.5678547306073,668.1389567205279,38494.0,1141.9970414071697,0.15525831282138824,110.69336366177893,0.3709137630299643,C:\Users\sophi\napari-organoid-segmentation\reports\segmentations\organoid_measurements_16_patches_segmentations\7d-Snap-1389-4x - 1_labels.tif
7d-Snap-1389-4x - 1.tif,ConvPaint,7,532.4634039142687,228.3524393081517,38679.0,1004.5290039756343,0.1505802571773529,110.9590378820168,0.48168169219924817,C:\Users\sophi\napari-organoid-segmentation\reports\segmentations\organoid_measurements_16_patches_segmentations\7d-Snap-1389-4x - 1_labels.tif
7d-Snap-1389-4x - 1.tif,ConvPaint,8,556.0712089892405,1092.4506545820745,37734.0,1101.6244584051392,0.1519031673669815,109.59518805704545,0.39072893165910866,C:\Users\sophi\napari-organoid-segmentation\reports\segmentations\organoid_measurements_16_patches_segmentations\7d-Snap-1389-4x - 1_labels.tif
7d-Snap-1389-4x - 1.tif,ConvPaint,9,587.9352207293666,1509.9000586478994,37512.0,1437.8559518039654,0.15388445556163788,109.2723224358591,0.22800760083405378,C:\Users\sophi\napari-organoid-segmentation\reports\segmentations\organoid_measurements_16_patches_segmentations\7d-Snap-1389-4x - 1_labels.tif
7d-Snap-1389-4x - 1.tif,ConvPaint,10,909.7311694362479,186.67577781228968,38634.0,1247.8376618407356,0.15633553266525269,110.8944730039535,0.31179084645453925,C:\Users\sophi\napari-organoid-segmentation\reports\segmentations\organoid_measurements_16_patches_segmentations\7d-Snap-1389-4x - 1_labels.tif
7d-Snap-1389-4x - 1.tif,ConvPaint,11,927.25956057875,623.3646173332684,41054.0,1935.6854249492378,0.17450350522994995,114.31488996359724,0.13768790185860938,C:\Users\sophi\napari-organoid-segmentation\reports\segmentations\organoid_measurements_16_patches_segmentations\7d-Snap-1389-4x - 1_labels.tif
7d-Snap-1389-4x - 1.tif,ConvPaint,12,955.0313609956221,1070.3066714391916,36319.0,913.0792565073285,0.14763417840003967,107.52068059824163,0.5474277304684516,C:\Users\sophi\napari-organoid-segmentation\reports\segmentations\organoid_measurements_16_patches_segmentations\7d-Snap-1389-4x - 1_labels.tif
7d-Snap-1389-4x - 1.tif,ConvPaint,13,958.4851556045166,1509.1766730928118,36310.0,1005.428498912246,0.1389438509941101,107.50735773580075,0.4513710808900862,C:\Users\sophi\napari-organoid-segmentation\reports\segmentations\organoid_measurements_16_patches_segmentations\7d-Snap-1389-4x - 1_labels.tif
7d-Snap-1390-4x - 1.tif,ConvPaint,1,88.17740015153156,1889.7428293105315,9239.0,1206.3767670841366,0.3128901720046997,54.22974311622767,0.07977538367308602,C:\Users\sophi\napari-organoid-segmentation\reports\segmentations\organoid_measurements_16_patches_segmentations\7d-Snap-1390-4x - 1_labels.tif
7d-Snap-1390-4x - 1.tif,ConvPaint,2,117.44570401063248,1643.6186902248978,38373.0,1304.607214462436,0.152025505900383,110.51925290432703,0.2833192386076022,C:\Users\sophi\napari-organoid-segmentation\reports\segmentations\organoid_measurements_16_patches_segmentations\7d-Snap-1390-4x - 1_labels.tif
7d-Snap-1390-4x - 1.tif,ConvPaint,3,134.1897808030226,1196.3272062130798,33349.0,921.564537881567,0.15648575127124786,103.03065754591317,0.4934477471788201,C:\Users\sophi\napari-organoid-segmentation\reports\segmentations\organoid_measurements_16_patches_segmentations\7d-Snap-1390-4x - 1_labels.tif
7d-Snap-1390-4x - 1.tif,ConvPaint,4,129.84592202518795,764.5099133965676,31523.0,872.3868683519032,0.15987880527973175,100.17026775531568,0.5204981216360953,C:\Users\sophi\napari-organoid-segmentation\reports\segmentations\organoid_measurements_16_patches_segmentations\7d-Snap-1390-4x - 1_labels.tif
7d-Snap-1390-4x - 1.tif,ConvPaint,5,147.4348717643912,300.41623822401857,33649.0,895.7655480083437,0.15989264845848083,103.49304015342467,0.526979008547551,C:\Users\sophi\napari-organoid-segmentation\reports\segmentations\organoid_measurements_16_patches_segmentations\7d-Snap-1390-4x - 1_labels.tif
7d-Snap-1390-4x - 1.tif,ConvPaint,6,521.1528005240747,1620.5649244303027,42742.0,2335.37276247078,0.186303049325943,116.64133553448187,0.0984809620628891,C:\Users\sophi\napari-organoid-segmentation\reports\segmentations\organoid_measurements_16_patches_segmentations\7d-Snap-1390-4x - 1_labels.tif
7d-Snap-1390-4x - 1.tif,ConvPaint,7,511.18261174296725,743.1327853706713,31389.0,979.8132752230962,0.1687207967042923,99.95713590045989,0.4108664744193113,C:\Users\sophi\napari-organoid-segmentation\reports\segmentations\organoid_measurements_16_patches_segmentations\7d-Snap-1390-4x - 1_labels.tif
7d-Snap-1390-4x - 1.tif,ConvPaint,8,500.8433719797656,1178.015709931819,31827.0,912.3158005400378,0.16356568038463593,100.6521174520015,0.48052410121246264,C:\Users\sophi\napari-organoid-segmentation\reports\segmentations\organoid_measurements_16_patches_segmentations\7d-Snap-1390-4x - 1_labels.tif
7d-Snap-1390-4x - 1.tif,ConvPaint,9,542.781409552894,314.89332919788137,41914.0,2411.5981592151957,0.18587659299373627,115.50601962455205,0.09056472770453285,C:\Users\sophi\napari-organoid-segmentation\reports\segmentations\organoid_measurements_16_patches_segmentations\7d-Snap-1390-4x - 1_labels.tif
7d-Snap-1390-4x - 1.tif,ConvPaint,10,608.13431251106,1140.968855069899,5651.0,1459.749350086167,0.3663894534111023,42.41189888256126,0.03332564703231091,C:\Users\sophi\napari-organoid-segmentation\reports\segmentations\organoid_measurements_16_patches_segmentations\7d-Snap-1390-4x - 1_labels.tif
7d-Snap-1390-4x - 1.tif,ConvPaint,11,947.135965577375,733.2949806657062,52756.0,3438.516990135564,0.1841004639863968,129.5868679902098,0.05607113851130072,C:\Users\sophi\napari-organoid-segmentation\reports\segmentations\organoid_measurements_16_patches_segmentations\7d-Snap-1390-4x - 1_labels.tif
7d-Snap-1390-4x - 1.tif,ConvPaint,12,974.4840790521961,1668.0493305235022,77822.0,3747.3159800087874,0.18623077869415283,157.38968188097644,0.0696420620374993,C:\Users\sophi\napari-organoid-segmentation\reports\segmentations\organoid_measurements_16_patches_segmentations\7d-Snap-1390-4x - 1_labels.tif
7d-Snap-1390-4x - 1.tif,ConvPaint,13,965.957783816025,293.1959705745908,45267.0,1781.6965722375312,0.16901852190494537,120.03721763637165,0.17919425762082278,C:\Users\sophi\napari-organoid-segmentation\reports\segmentations\organoid_measurements_16_patches_segmentations\7d-Snap-1390-4x - 1_labels.tif
7d-Snap-1390-4x - 1.tif,ConvPaint,14,965.6566150450896,1187.1038583006734,52562.0,2711.7585848021567,0.18317349255084991,129.3483832044004,0.08982137489311522,C:\Users\sophi\napari-organoid-segmentation\reports\segmentations\organoid_measurements_16_patches_segmentations\7d-Snap-1390-4x - 1_labels.tif
7d-Snap-1391-4x - CTL.tif,ConvPaint,1,124.21244469026549,1583.9950774336282,36160.0,854.9726547895302,0.2047797590494156,107.28506645570887,0.6216326783449003,C:\Users\sophi\napari-organoid-segmentation\reports\segmentations\organoid_measurements_16_patches_segmentations\7d-Snap-1391-4x - CTL_labels.tif
7d-Snap-1391-4x - CTL.tif,ConvPaint,2,141.92763570170987,269.6018620751395,33511.0,870.1797615707168,0.21304740011692047,103.28060125650417,0.5561338053909995,C:\Users\sophi\napari-organoid-segmentation\reports\segmentations\organoid_measurements_16_patches_segmentations\7d-Snap-1391-4x - CTL_labels.tif
7d-Snap-1391-4x - CTL.tif,ConvPaint,3,147.49543326676925,1140.7327397125741,30547.0,777.2091988222396,0.21340268850326538,98.60736328112752,0.6354809917558173,C:\Users\sophi\napari-organoid-segmentation\reports\segmentations\organoid_measurements_16_patches_segmentations\7d-Snap-1391-4x - CTL_labels.tif
7d-Snap-1391-4x - CTL.tif,ConvPaint,4,155.229277736411,712.8698734177215,33575.0,862.8366158202091,0.21500371396541595,103.37917792583171,0.566720277008235,C:\Users\sophi\napari-organoid-segmentation\reports\segmentations\organoid_measurements_16_patches_segmentations\7d-Snap-1391-4x - CTL_labels.tif
7d-Snap-1391-4x - CTL.tif,ConvPaint,5,516.5090516253642,1584.7765083314237,30547.0,809.8599564173221,0.21898548305034637,98.60736328112752,0.5852731183419605,C:\Users\sophi\napari-organoid-segmentation\reports\segmentations\organoid_measurements_16_patches_segmentations\7d-Snap-1391-4x - CTL_labels.tif
7d-Snap-1391-4x - CTL.tif,ConvPaint,6,522.6917412054743,709.5397452511141,31639.0,811.3929650063133,0.22183814644813538,100.35440443233647,0.6039071015261096,C:\Users\sophi\napari-organoid-segmentation\reports\segmentations\organoid_measurements_16_patches_segmentations\7d-Snap-1391-4x - CTL_labels.tif
7d-Snap-1391-4x - CTL.tif,ConvPaint,7,526.9476149279556,280.97858059127117,33521.0,855.6000717874997,0.2239408642053604,103.29601006218414,0.5754203348214575,C:\Users\sophi\napari-organoid-segmentation\reports\segmentations\organoid_measurements_16_patches_segmentations\7d-Snap-1391-4x - CTL_labels.tif
7d-Snap-1391-4x - CTL.tif,ConvPaint,8,527.0135386867141,1144.0509613465504,30062.0,794.866053071732,0.2229849100112915,97.8214281149949,0.5979155319962143,C:\Users\sophi\napari-organoid-segmentation\reports\segmentations\organoid_measurements_16_patches_segmentations\7d-Snap-1391-4x - CTL_labels.tif
7d-Snap-1391-4x - CTL.tif,ConvPaint,9,803.2750184411113,1771.7634620113106,8134.0,907.7289680818843,0.18989621102809906,50.883520065134576,0.12405139194779698,C:\Users\sophi\napari-organoid-segmentation\reports\segmentations\organoid_measurements_16_patches_segmentations\7d-Snap-1391-4x - CTL_labels.tif
7d-Snap-1391-4x - CTL.tif,ConvPaint,10,957.1747567959587,260.9805686848226,39987.0,1008.3757210636101,0.20547974109649658,112.8195790580307,0.494178589745742,C:\Users\sophi\napari-organoid-segmentation\reports\segmentations\organoid_measurements_16_patches_segmentations\7d-Snap-1391-4x - CTL_labels.tif
7d-Snap-1391-4x - CTL.tif,ConvPaint,11,961.6904387767436,1613.173334945002,41365.0,1259.1747109368334,0.20466949045658112,114.74706289048318,0.32784676833816534,C:\Users\sophi\napari-organoid-segmentation\reports\segmentations\organoid_measurements_16_patches_segmentations\7d-Snap-1391-4x - CTL_labels.tif
7d-Snap-1391-4x - CTL.tif,ConvPaint,12,964.0088618037629,712.0188147004817,37577.0,885.1503243191938,0.20906458795070648,109.36695384405795,0.6026954366161918,C:\Users\sophi\napari-organoid-segmentation\reports\segmentations\organoid_measurements_16_patches_segmentations\7d-Snap-1391-4x - CTL_labels.tif
7d-Snap-1391-4x - CTL.tif,ConvPaint,13,965.4578031071902,1161.8590574335753,38427.0,937.269119345812,0.20692743360996246,110.59698909276204,0.5496898624989944,C:\Users\sophi\napari-organoid-segmentation\reports\segmentations\organoid_measurements_16_patches_segmentations\7d-Snap-1391-4x - CTL_labels.tif
7d-Snap-1392-4x - CTL.tif,ConvPaint,1,113.30429985773597,313.72496588566617,34443.0,846.0142853498728,0.2124626636505127,104.706959701007,0.6047215464460267,C:\Users\sophi\napari-organoid-segmentation\reports\segmentations\organoid_measurements_16_patches_segmentations\7d-Snap-1392-4x - CTL_labels.tif
7d-Snap-1392-4x - CTL.tif,ConvPaint,2,121.38312393361254,1157.5400186133086,38682.0,1220.3290398693841,0.20990429818630219,110.96334087148507,0.32641107985276824,C:\Users\sophi\napari-organoid-segmentation\reports\segmentations\organoid_measurements_16_patches_segmentations\7d-Snap-1392-4x - CTL_labels.tif
7d-Snap-1392-4x - CTL.tif,ConvPaint,3,118.33154088134864,755.538058236765,37193.0,873.7716446627535,0.20909322798252106,108.80670749927933,0.6121744223144584,C:\Users\sophi\napari-organoid-segmentation\reports\segmentations\organoid_measurements_16_patches_segmentations\7d-Snap-1392-4x - CTL_labels.tif
7d-Snap-1392-4x - CTL.tif,ConvPaint,4,136.09541745134965,1591.6850544046872,38232.0,1035.2985565973347,0.19803635776042938,110.31601682701694,0.448234896272435,C:\Users\sophi\napari-organoid-segmentation\reports\segmentations\organoid_measurements_16_patches_segmentations\7d-Snap-1392-4x - CTL_labels.tif
7d-Snap-1392-4x - CTL.tif,ConvPaint,5,518.8381447927947,307.25443068064766,37861.0,878.7361107568207,0.20943473279476166,109.77946347475242,0.6161479349441029,C:\Users\sophi\napari-organoid-segmentation\reports\segmentations\organoid_measurements_16_patches_segmentations\7d-Snap-1392-4x - CTL_labels.tif
7d-Snap-1392-4x - CTL.tif,ConvPaint,6,542.4126830838565,722.9682922903589,37278.0,986.6061684419096,0.20423558354377747,108.93096867814657,0.48125451300927335,C:\Users\sophi\napari-organoid-segmentation\reports\segmentations\organoid_measurements_16_patches_segmentations\7d-Snap-1392-4x - CTL_labels.tif
7d-Snap-1392-4x - CTL.tif,ConvPaint,7,560.1764770330603,1170.3762359966036,36509.0,908.2152954766493,0.2071099430322647,107.80155673590254,0.55620152875552,C:\Users\sophi\napari-organoid-segmentation\reports\segmentations\organoid_measurements_16_patches_segmentations\7d-Snap-1392-4x - CTL_labels.tif
7d-Snap-1392-4x - CTL.tif,ConvPaint,8,559.2619985101628,1586.231855911461,37588.0,1074.1919548795365,0.196503683924675,109.3829602903319,0.40935046811585857,C:\Users\sophi\napari-organoid-segmentation\reports\segmentations\organoid_measurements_16_patches_segmentations\7d-Snap-1392-4x - CTL_labels.tif
7d-Snap-1392-4x - CTL.tif,ConvPaint,9,958.2382828459698,1167.9692406467052,34266.0,1005.6599923110718,0.20458044111728668,104.43757254922086,0.42576595181379895,C:\Users\sophi\napari-organoid-segmentation\reports\segmentations\organoid_measurements_16_patches_segmentations\7d-Snap-1392-4x - CTL_labels.tif
7d-Snap-1392-4x - CTL.tif,ConvPaint,10,962.1493096646943,295.4178923640462,35490.0,1005.5950211536165,0.20922580361366272,106.28648954906137,0.44103152550805186,C:\Users\sophi\napari-organoid-segmentation\reports\segmentations\organoid_measurements_16_patches_segmentations\7d-Snap-1392-4x - CTL_labels.tif
7d-Snap-1392-4x - CTL.tif,ConvPaint,11,1033.9494212779452,1793.0374980180752,12614.0,1459.0142853498728,0.22862990200519562,63.36529731897686,0.07446352691089202,C:\Users\sophi\napari-organoid-segmentation\reports\segmentations\organoid_measurements_16_patches_segmentations\7d-Snap-1392-4x - CTL_labels.tif
7d-Snap-1392-4x - CTL.tif,ConvPaint,12,969.4893130373058,726.7438546678235,38037.0,984.3401871576773,0.20253190398216248,110.03432710192237,0.4933165529517089,C:\Users\sophi\napari-organoid-segmentation\reports\segmentations\organoid_measurements_16_patches_segmentations\7d-Snap-1392-4x - CTL_labels.tif
7d-Snap-1392-4x - CTL.tif,ConvPaint,13,971.0259342921682,1592.678952334658,34973.0,899.0020920410531,0.18985247611999512,105.50948606407725,0.5437776420463994,C:\Users\sophi\napari-organoid-segmentation\reports\segmentations\organoid_measurements_16_patches_segmentations\7d-Snap-1392-4x - CTL_labels.tif
7d-Snap-1393-4x - CTL.tif,ConvPaint,1,83.19410294852574,342.160286523405,30015.0,1200.2752160002217,0.21365147829055786,97.74492945317664,0.26181018313616117,C:\Users\sophi\napari-organoid-segmentation\reports\segmentations\organoid_measurements_16_patches_segmentations\7d-Snap-1393-4x - CTL_labels.tif
7d-Snap-1393-4x - CTL.tif,ConvPaint,2,86.36084726997261,770.6848377134199,34322.0,1623.288455329568,0.21813814342021942,104.52287746517536,0.16367827937749535,C:\Users\sophi\napari-organoid-segmentation\reports\segmentations\organoid_measurements_16_patches_segmentations\7d-Snap-1393-4x - CTL_labels.tif
7d-Snap-1393-4x - CTL.tif,ConvPaint,3,87.4637515842839,1207.594423320659,31560.0,964.1503243191939,0.19093206524848938,100.22903774835133,0.42663585885218963,C:\Users\sophi\napari-organoid-segmentation\reports\segmentations\organoid_measurements_16_patches_segmentations\7d-Snap-1393-4x - CTL_labels.tif
7d-Snap-1393-4x - CTL.tif,ConvPaint,4,82.99428353658537,1644.8793679643527,34112.0,1099.6183617507295,0.1943860948085785,104.20262394729544,0.3545137470872784,C:\Users\sophi\napari-organoid-segmentation\reports\segmentations\organoid_measurements_16_patches_segmentations\7d-Snap-1393-4x - CTL_labels.tif
7d-Snap-1393-4x - CTL.tif,ConvPaint,5,531.6697023604067,1672.0202851605025,37663.0,1134.0620125646253,0.20286419987678528,109.49203278476526,0.3680028379350113,C:\Users\sophi\napari-organoid-segmentation\reports\segmentations\organoid_measurements_16_patches_segmentations\7d-Snap-1393-4x - CTL_labels.tif
7d-Snap-1393-4x - CTL.tif,ConvPaint,6,556.4679097591243,363.98619021860185,31427.0,842.1503243191939,0.21737274527549744,100.0176224127428,0.5568440058959746,C:\Users\sophi\napari-organoid-segmentation\reports\segmentations\organoid_measurements_16_patches_segmentations\7d-Snap-1393-4x - CTL_labels.tif
7d-Snap-1393-4x - CTL.tif,ConvPaint,7,547.5896672396857,1246.128161836935,32576.0,875.700576850888,0.20443837344646454,101.82957749260852,0.533821853350787,C:\Users\sophi\napari-organoid-segmentation\reports\segmentations\organoid_measurements_16_patches_segmentations\7d-Snap-1393-4x - CTL_labels.tif
7d-Snap-1393-4x - CTL.tif,ConvPaint,8,552.3765260561402,795.3775564367564,32027.0,842.2924599429248,0.20917536318302155,100.96786976463486,0.5672836906866083,C:\Users\sophi\napari-organoid-segmentation\reports\segmentations\organoid_measurements_16_patches_segmentations\7d-Snap-1393-4x - CTL_labels.tif
7d-Snap-1393-4x - CTL.tif,ConvPaint,9,776.8022578728461,1801.9370172311349,8415.0,766.7106781186548,0.18179860711097717,51.75497746339572,0.17988748945745642,C:\Users\sophi\napari-organoid-segmentation\reports\segmentations\organoid_measurements_16_patches_segmentations\7d-Snap-1393-4x - CTL_labels.tif
7d-Snap-1393-4x - CTL.tif,ConvPaint,10,953.7409834213573,1678.726071115881,35407.0,1223.8610024378486,0.19320142269134521,106.16213138454539,0.29705358772872853,C:\Users\sophi\napari-organoid-segmentation\reports\segmentations\organoid_measurements_16_patches_segmentations\7d-Snap-1393-4x - CTL_labels.tif
7d-Snap-1393-4x - CTL.tif,ConvPaint,11,969.741829076383,373.4872594116935,33044.0,923.9909447527598,0.21024613082408905,102.55843153567228,0.4863703002997716,C:\Users\sophi\napari-organoid-segmentation\reports\segmentations\organoid_measurements_16_patches_segmentations\7d-Snap-1393-4x - CTL_labels.tif
7d-Snap-1393-4x - CTL.tif,ConvPaint,12,971.9712856669379,815.9987646509386,33189.0,883.2152954766495,0.20723757147789001,102.78320296893763,0.5346515965795621,C:\Users\sophi\napari-organoid-segmentation\reports\segmentations\organoid_measurements_16_patches_segmentations\7d-Snap-1393-4x - CTL_labels.tif
7d-Snap-1393-4x - CTL.tif,ConvPaint,13,973.3197276898031,1226.7856741157318,33785.0,942.4051583151329,0.20538783073425293,103.70197444947405,0.47803366026887856,C:\Users\sophi\napari-organoid-segmentation\reports\segmentations\organoid_measurements_16_patches_segmentations\7d-Snap-1393-4x - CTL_labels.tif
7d-Snap-1394-4x - CTL.tif,ConvPaint,1,117.41675211484235,37.48795180722892,15604.0,623.515764646288,0.2123759388923645,70.47629008405501,0.5043719534434689,C:\Users\sophi\napari-organoid-segmentation\reports\segmentations\organoid_measurements_16_patches_segmentations\7d-Snap-1394-4x - CTL_labels.tif
7d-Snap-1394-4x - CTL.tif,ConvPaint,2,118.40434841690447,1263.8121212121212,36795.0,951.4467888754755,0.19890905916690826,108.22297474257755,0.5107750345596492,C:\Users\sophi\napari-organoid-segmentation\reports\segmentations\organoid_measurements_16_patches_segmentations\7d-Snap-1394-4x - CTL_labels.tif
7d-Snap-1394-4x - CTL.tif,ConvPaint,3,120.47280230432615,825.4961225281116,36106.0,867.9015869776648,0.19836072623729706,107.20492876053763,0.6023491153811461,C:\Users\sophi\napari-organoid-segmentation\reports\segmentations\organoid_measurements_16_patches_segmentations\7d-Snap-1394-4x - CTL_labels.tif
7d-Snap-1394-4x - CTL.tif,ConvPaint,4,117.6221255266999,1696.0150918454462,36311.0,869.9959953866431,0.1851416528224945,107.50883813538134,0.6028559705181039,C:\Users\sophi\napari-organoid-segmentation\reports\segmentations\organoid_measurements_16_patches_segmentations\7d-Snap-1394-4x - CTL_labels.tif
7d-Snap-1394-4x - CTL.tif,ConvPaint,5,120.74313841640574,407.54585202109956,35451.0,967.091449816148,0.2019658237695694,106.22807432643013,0.4763248802723099,C:\Users\sophi\napari-organoid-segmentation\reports\segmentations\organoid_measurements_16_patches_segmentations\7d-Snap-1394-4x - CTL_labels.tif
7d-Snap-1394-4x - CTL.tif,ConvPaint,6,527.9820151177271,1281.72987923195,34529.0,1315.4234482783627,0.20146441459655762,104.83759850378159,0.25076256675065955,C:\Users\sophi\napari-organoid-segmentation\reports\segmentations\organoid_measurements_16_patches_segmentations\7d-Snap-1394-4x - CTL_labels.tif
7d-Snap-1394-4x - CTL.tif,ConvPaint,7,534.3865362149533,1707.9940128504672,34240.0,960.0142853498728,0.18806739151477814,104.39794300144517,0.4668616804666727,C:\Users\sophi\napari-organoid-segmentation\reports\segmentations\organoid_measurements_16_patches_segmentations\7d-Snap-1394-4x - CTL_labels.tif
7d-Snap-1394-4x - CTL.tif,ConvPaint,8,539.7114766081871,35.09173976608187,13680.0,629.0782104868018,0.21578148007392883,65.98847810788074,0.4343968586797969,C:\Users\sophi\napari-organoid-segmentation\reports\segmentations\organoid_measurements_16_patches_segmentations\7d-Snap-1394-4x - CTL_labels.tif
7d-Snap-1394-4x - CTL.tif,ConvPaint,9,540.8768932674726,835.4839942144475,36643.0,1021.3696244092002,0.1970449537038803,107.99920906855125,0.4414027261374942,C:\Users\sophi\napari-organoid-segmentation\reports\segmentations\organoid_measurements_16_patches_segmentations\7d-Snap-1394-4x - CTL_labels.tif
7d-Snap-1394-4x - CTL.tif,ConvPaint,10,548.6015105911749,397.7094667499574,35218.0,862.9137802864844,0.20079126954078674,105.8784093742475,0.5943465473102458,C:\Users\sophi\napari-organoid-segmentation\reports\segmentations\organoid_measurements_16_patches_segmentations\7d-Snap-1394-4x - CTL_labels.tif
7d-Snap-1394-4x - CTL.tif,ConvPaint,11,764.1006441223833,1746.0851046698872,12420.0,977.0721138323921,0.2167452722787857,62.87613845015198,0.16348511718579223,C:\Users\sophi\napari-organoid-segmentation\reports\segmentations\organoid_measurements_16_patches_segmentations\7d-Snap-1394-4x - CTL_labels.tif
7d-Snap-1394-4x - CTL.tif,ConvPaint,12,944.7112698496999,1280.7038610653779,37658.0,1011.848809129029,0.19113413989543915,109.48476466572502,0.46220630490506914,C:\Users\sophi\napari-organoid-segmentation\reports\segmentations\organoid_measurements_16_patches_segmentations\7d-Snap-1394-4x - CTL_labels.tif
7d-Snap-1394-4x - CTL.tif,ConvPaint,13,956.5057660209397,832.4220828486167,39542.0,1118.8315651863259,0.19909702241420746,112.19005980691628,0.39695298753395053,C:\Users\sophi\napari-organoid-segmentation\reports\segmentations\organoid_measurements_16_patches_segmentations\7d-Snap-1394-4x - CTL_labels.tif
7d-Snap-1394-4x - CTL.tif,ConvPaint,14,955.5725171010478,1703.271798424106,34647.0,988.8782463805518,0.17617766559123993,105.01658262679183,0.4452355706104704,C:\Users\sophi\napari-organoid-segmentation\reports\segmentations\organoid_measurements_16_patches_segmentations\7d-Snap-1394-4x - CTL_labels.tif
7d-Snap-1394-4x - CTL.tif,ConvPaint,15,943.3952968240782,40.96210620486932,15649.0,631.4568901432422,0.2125939428806305,70.57783936116307,0.49318407163160505,C:\Users\sophi\napari-organoid-segmentation\reports\segmentations\organoid_measurements_16_patches_segmentations\7d-Snap-1394-4x - CTL_labels.tif
7d-Snap-1394-4x - CTL.tif,ConvPaint,16,957.7002194586686,410.2928749085589,34175.0,883.2569260369921,0.20303376019001007,104.29880325454864,0.5504834719761706,C:\Users\sophi\napari-organoid-segmentation\reports\segmentations\organoid_measurements_16_patches_segmentations\7d-Snap-1394-4x - CTL_labels.tif
7d-Snap-1411-4x - 3.tif,ConvPaint,1,83.4412354553036,566.9336305150708,100724.0,5652.310062823126,0.22612364590168,179.05709976422642,0.03961784727237235,C:\Users\sophi\napari-organoid-segmentation\reports\segmentations\organoid_measurements_16_patches_segmentations\7d-Snap-1411-4x - 3_labels.tif
7d-Snap-1411-4x - 3.tif,ConvPaint,2,77.26517354289456,1592.650150622135,76350.0,3293.7758287448596,0.19418181478977203,155.89406598755585,0.08843635392414848,C:\Users\sophi\napari-organoid-segmentation\reports\segmentations\organoid_measurements_16_patches_segmentations\7d-Snap-1411-4x - 3_labels.tif
7d-Snap-1411-4x - 3.tif,ConvPaint,3,513.5501605431506,1839.053922890267,40799.0,1647.4001076812494,0.17936091125011444,113.9593131183778,0.18891272057438913,C:\Users\sophi\napari-organoid-segmentation\reports\segmentations\organoid_measurements_16_patches_segmentations\7d-Snap-1411-4x - 3_labels.tif
7d-Snap-1411-4x - 3.tif,ConvPaint,4,442.2122887379561,1438.5370399620913,6331.0,1547.4417382415922,0.3469594120979309,44.89120057906203,0.033224125931750156,C:\Users\sophi\napari-organoid-segmentation\reports\segmentations\organoid_measurements_16_patches_segmentations\7d-Snap-1411-4x - 3_labels.tif
7d-Snap-1411-4x - 3.tif,ConvPaint,5,540.4877467105263,998.2427631578947,36480.0,1388.186904245653,0.19060061872005463,107.75873351141746,0.23788595821304873,C:\Users\sophi\napari-organoid-segmentation\reports\segmentations\organoid_measurements_16_patches_segmentations\7d-Snap-1411-4x - 3_labels.tif
7d-Snap-1411-4x - 3.tif,ConvPaint,6,549.4480034349506,140.2732216974381,34935.0,1230.659992311072,0.19887028634548187,105.45214968804916,0.28986411082236274,C:\Users\sophi\napari-organoid-segmentation\reports\segmentations\organoid_measurements_16_patches_segmentations\7d-Snap-1411-4x - 3_labels.tif
7d-Snap-1411-4x - 3.tif,ConvPaint,7,551.9394937635499,576.4153503955852,35517.0,1671.3889603929563,0.19594384729862213,106.32691205705963,0.159768471633537,C:\Users\sophi\napari-organoid-segmentation\reports\segmentations\organoid_measurements_16_patches_segmentations\7d-Snap-1411-4x - 3_labels.tif
7d-Snap-1411-4x - 3.tif,ConvPaint,8,558.9733825925064,1444.3527461019316,34376.0,928.1736649163067,0.17078661918640137,104.60506989364325,0.5014258514913174,C:\Users\sophi\napari-organoid-segmentation\reports\segmentations\organoid_measurements_16_patches_segmentations\7d-Snap-1411-4x - 3_labels.tif
7d-Snap-1411-4x - 3.tif,ConvPaint,9,963.7888278427432,1818.1480000855122,46777.0,2201.4183976444792,0.15574531257152557,122.02287304443858,0.12129336537585492,C:\Users\sophi\napari-organoid-segmentation\reports\segmentations\organoid_measurements_16_patches_segmentations\7d-Snap-1411-4x - 3_labels.tif
7d-Snap-1411-4x - 3.tif,ConvPaint,10,964.0867830288553,1007.5239827356877,36839.0,1144.3168465605643,0.16910766065120697,108.28766271891118,0.35352905587842837,C:\Users\sophi\napari-organoid-segmentation\reports\segmentations\organoid_measurements_16_patches_segmentations\7d-Snap-1411-4x - 3_labels.tif
7d-Snap-1411-4x - 3.tif,ConvPaint,11,971.8722611168192,1429.0414565960193,41851.0,1199.37572106361,0.16982825100421906,115.41917971757476,0.3655991667779593,C:\Users\sophi\napari-organoid-segmentation\reports\segmentations\organoid_measurements_16_patches_segmentations\7d-Snap-1411-4x - 3_labels.tif
7d-Snap-1411-4x - 3.tif,ConvPaint,12,971.4226207848027,569.7950439096867,37691.0,1046.2213921310595,0.1749635934829712,109.53272533883768,0.43271338815912164,C:\Users\sophi\napari-organoid-segmentation\reports\segmentations\organoid_measurements_16_patches_segmentations\7d-Snap-1411-4x - 3_labels.tif
7d-Snap-1411-4x - 3.tif,ConvPaint,13,977.8772800498883,149.2903393441771,38486.0,1179.0559159102154,0.1708737462759018,110.6818606623026,0.3478915146956109,C:\Users\sophi\napari-organoid-segmentation\reports\segmentations\organoid_measurements_16_patches_segmentations\7d-Snap-1411-4x - 3_labels.tif
7d-Snap-1412-4x - 3.tif,ConvPaint,1,115.24925035509496,218.74388447577462,38018.0,1342.5767311903867,0.18812412023544312,110.00684184602044,0.26504578279282115,C:\Users\sophi\napari-organoid-segmentation\reports\segmentations\organoid_measurements_16_patches_segmentations\7d-Snap-1412-4x - 3_labels.tif
7d-Snap-1412-4x - 3.tif,ConvPaint,2,113.14005407684866,1077.993128767395,40313.0,1061.9848480983499,0.1749599725008011,113.27853477922088,0.4491778598835455,C:\Users\sophi\napari-organoid-segmentation\reports\segmentations\organoid_measurements_16_patches_segmentations\7d-Snap-1412-4x - 3_labels.tif
7d-Snap-1412-4x - 3.tif,ConvPaint,3,114.79244950828743,1516.3335345456376,39759.0,1074.5533905932737,0.16416548192501068,112.49747892633565,0.432702414911798,C:\Users\sophi\napari-organoid-segmentation\reports\segmentations\organoid_measurements_16_patches_segmentations\7d-Snap-1412-4x - 3_labels.tif
7d-Snap-1412-4x - 3.tif,ConvPaint,4,134.9195287799385,1866.1329637489714,23089.0,2482.001225489276,0.2100786417722702,85.72897387754938,0.04709892606243056,C:\Users\sophi\napari-organoid-segmentation\reports\segmentations\organoid_measurements_16_patches_segmentations\7d-Snap-1412-4x - 3_labels.tif
7d-Snap-1412-4x - 3.tif,ConvPaint,5,111.42813339483895,649.2609556888177,36853.0,1173.5472939388637,0.19076596200466156,108.30823715457305,0.336264885541372,C:\Users\sophi\napari-organoid-segmentation\reports\segmentations\organoid_measurements_16_patches_segmentations\7d-Snap-1412-4x - 3_labels.tif
7d-Snap-1412-4x - 3.tif,ConvPaint,6,531.3518968280954,217.99795987759265,41174.0,1355.4528855298854,0.1897139698266983,114.4818380955311,0.2816203742630528,C:\Users\sophi\napari-organoid-segmentation\reports\segmentations\organoid_measurements_16_patches_segmentations\7d-Snap-1412-4x - 3_labels.tif
7d-Snap-1412-4x - 3.tif,ConvPaint,7,534.7812434582374,1070.3566307305841,38216.0,1743.430590953299,0.18378588557243347,110.29293091762383,0.1579958822110967,C:\Users\sophi\napari-organoid-segmentation\reports\segmentations\organoid_measurements_16_patches_segmentations\7d-Snap-1412-4x - 3_labels.tif
7d-Snap-1412-4x - 3.tif,ConvPaint,8,543.9995930093369,1505.8830500359109,41770.0,2086.1768029778864,0.17867538332939148,115.3074323098773,0.12060688902920663,C:\Users\sophi\napari-organoid-segmentation\reports\segmentations\organoid_measurements_16_patches_segmentations\7d-Snap-1412-4x - 3_labels.tif
7d-Snap-1412-4x - 3.tif,ConvPaint,9,548.2701925545571,1874.8123748395378,19475.0,853.8183258569795,0.1795937567949295,78.73426848221379,0.33570389977105586,C:\Users\sophi\napari-organoid-segmentation\reports\segmentations\organoid_measurements_16_patches_segmentations\7d-Snap-1412-4x - 3_labels.tif
7d-Snap-1412-4x - 3.tif,ConvPaint,10,543.5485453448412,655.084629712217,38119.0,1171.819371877506,0.186213880777359,110.15286901138761,0.3488430030600975,C:\Users\sophi\napari-organoid-segmentation\reports\segmentations\organoid_measurements_16_patches_segmentations\7d-Snap-1412-4x - 3_labels.tif
7d-Snap-1412-4x - 3.tif,ConvPaint,11,966.736742346203,1816.847171288475,48538.0,3962.822689407835,0.2137608826160431,124.29853279741009,0.03884028961012361,C:\Users\sophi\napari-organoid-segmentation\reports\segmentations\organoid_measurements_16_patches_segmentations\7d-Snap-1412-4x - 3_labels.tif
7d-Snap-1412-4x - 3.tif,ConvPaint,12,962.6093003352115,628.6293179278701,42063.0,1520.2112908632926,0.17916588485240936,115.71114355388934,0.228718977320457,C:\Users\sophi\napari-organoid-segmentation\reports\segmentations\organoid_measurements_16_patches_segmentations\7d-Snap-1412-4x - 3_labels.tif
7d-Snap-1412-4x - 3.tif,ConvPaint,13,968.8296754110933,220.32316784336723,44333.0,2251.74534547281,0.19554203748703003,118.79239110391705,0.10987488600202566,C:\Users\sophi\napari-organoid-segmentation\reports\segmentations\organoid_measurements_16_patches_segmentations\7d-Snap-1412-4x - 3_labels.tif
7d-Snap-1412-4x - 3.tif,ConvPaint,14,967.008715900109,1063.3160368289505,46811.0,2224.479364188578,0.1935480237007141,122.0672113310918,0.11887787145026418,C:\Users\sophi\napari-organoid-segmentation\reports\segmentations\organoid_measurements_16_patches_segmentations\7d-Snap-1412-4x - 3_labels.tif
7d-Snap-1412-4x - 3.tif,ConvPaint,15,970.767687697686,1501.6641626435826,48056.0,1726.6732316404182,0.1761186271905899,123.67982814690617,0.2025522960103638,C:\Users\sophi\napari-organoid-segmentation\reports\segmentations\organoid_measurements_16_patches_segmentations\7d-Snap-1412-4x - 3_labels.tif
7d-Snap-1413-4x - 3.tif,ConvPaint,1,139.56820093738733,1617.194838360774,33284.0,1043.263022691402,0.17259545624256134,102.93020087292791,0.38428881856744546,C:\Users\sophi\napari-organoid-segmentation\reports\segmentations\organoid_measurements_16_patches_segmentations\7d-Snap-1413-4x - 3_labels.tif
7d-Snap-1413-4x - 3.tif,ConvPaint,2,140.23044933563241,339.59076309294386,29577.0,845.5584412271571,0.20144151151180267,97.02912708902403,0.5198484177031363,C:\Users\sophi\napari-organoid-segmentation\reports\segmentations\organoid_measurements_16_patches_segmentations\7d-Snap-1413-4x - 3_labels.tif
7d-Snap-1413-4x - 3.tif,ConvPaint,3,143.42336954716103,1201.0297019834545,30099.0,991.1452736853106,0.18607941269874573,97.8816084065128,0.3850235573459975,C:\Users\sophi\napari-organoid-segmentation\reports\segmentations\organoid_measurements_16_patches_segmentations\7d-Snap-1413-4x - 3_labels.tif
7d-Snap-1413-4x - 3.tif,ConvPaint,4,147.2269547072542,770.2880201301092,32588.0,910.3635277547903,0.19846703112125397,101.84833121341444,0.4941261879705763,C:\Users\sophi\napari-organoid-segmentation\reports\segmentations\organoid_measurements_16_patches_segmentations\7d-Snap-1413-4x - 3_labels.tif
7d-Snap-1413-4x - 3.tif,ConvPaint,5,508.22586662521377,695.0861184517332,6433.0,2172.674277660945,0.41115325689315796,45.25138117030601,0.017125141549602037,C:\Users\sophi\napari-organoid-segmentation\reports\segmentations\organoid_measurements_16_patches_segmentations\7d-Snap-1413-4x - 3_labels.tif
7d-Snap-1413-4x - 3.tif,ConvPaint,6,517.4950245455751,762.6606740082261,30148.0,900.9137802864844,0.200526162981987,97.96124973002806,0.4667688986912785,C:\Users\sophi\napari-organoid-segmentation\reports\segmentations\organoid_measurements_16_patches_segmentations\7d-Snap-1413-4x - 3_labels.tif
7d-Snap-1413-4x - 3.tif,ConvPaint,7,516.3921321095909,1615.2576341738034,29309.0,865.3279938488574,0.17409564554691315,96.58853169067599,0.4918688931411033,C:\Users\sophi\napari-organoid-segmentation\reports\segmentations\organoid_measurements_16_patches_segmentations\7d-Snap-1413-4x - 3_labels.tif
7d-Snap-1413-4x - 3.tif,ConvPaint,8,522.5262676866834,1194.7606120100197,29542.0,846.7178207935912,0.19004754722118378,96.9717002926191,0.5178122935855165,C:\Users\sophi\napari-organoid-segmentation\reports\segmentations\organoid_measurements_16_patches_segmentations\7d-Snap-1413-4x - 3_labels.tif
7d-Snap-1413-4x - 3.tif,ConvPaint,9,544.8605010737294,313.88160343593415,34925.0,1999.7686860699232,0.22666588425636292,105.43705598587667,0.10974550762328568,C:\Users\sophi\napari-organoid-segmentation\reports\segmentations\organoid_measurements_16_patches_segmentations\7d-Snap-1413-4x - 3_labels.tif
7d-Snap-1413-4x - 3.tif,ConvPaint,10,951.7718592201678,1492.479023501272,105356.0,7358.494875027727,0.21683239936828613,183.12797811579597,0.024450691954239455,C:\Users\sophi\napari-organoid-segmentation\reports\segmentations\organoid_measurements_16_patches_segmentations\7d-Snap-1413-4x - 3_labels.tif
7d-Snap-1413-4x - 3.tif,ConvPaint,11,959.2248055967335,757.8040363059479,38451.0,2173.97579285111,0.20957164466381073,110.63152097685783,0.10223699952168575,C:\Users\sophi\napari-organoid-segmentation\reports\segmentations\organoid_measurements_16_patches_segmentations\7d-Snap-1413-4x - 3_labels.tif
7d-Snap-1413-4x - 3.tif,ConvPaint,12,958.1911144411145,336.8250083250083,36036.0,1884.0458146424485,0.21231862902641296,107.10095731840627,0.1275743967745092,C:\Users\sophi\napari-organoid-segmentation\reports\segmentations\organoid_measurements_16_patches_segmentations\7d-Snap-1413-4x - 3_labels.tif
7d-Snap-1414-4x - 3.tif,ConvPaint,1,119.8336620644313,259.0674994521148,36504.0,1457.5483399593904,0.1938324272632599,107.79417463505666,0.21592572450238998,C:\Users\sophi\napari-organoid-segmentation\reports\segmentations\organoid_measurements_16_patches_segmentations\7d-Snap-1414-4x - 3_labels.tif
7d-Snap-1414-4x - 3.tif,ConvPaint,2,109.96101125524142,686.2750300384984,40781.0,1414.447834896002,0.1930958777666092,113.93417164512658,0.25614970766995343,C:\Users\sophi\napari-organoid-segmentation\reports\segmentations\organoid_measurements_16_patches_segmentations\7d-Snap-1414-4x - 3_labels.tif
7d-Snap-1414-4x - 3.tif,ConvPaint,3,131.696762227966,1548.8935540516543,50683.0,2279.532142037214,0.18786731362342834,127.01535325090846,0.12256902657352932,C:\Users\sophi\napari-organoid-segmentation\reports\segmentations\organoid_measurements_16_patches_segmentations\7d-Snap-1414-4x - 3_labels.tif
7d-Snap-1414-4x - 3.tif,ConvPaint,4,131.81971960136096,1109.1771916700852,41441.0,1656.6904755831213,0.18680042028427124,114.85242702417077,0.18973931999312382,C:\Users\sophi\napari-organoid-segmentation\reports\segmentations\organoid_measurements_16_patches_segmentations\7d-Snap-1414-4x - 3_labels.tif
7d-Snap-1414-4x - 3.tif,ConvPaint,5,149.77494081839703,1901.2580317889754,5914.0,447.8528137423857,0.20886830985546112,43.387609601024785,0.37052760560053527,C:\Users\sophi\napari-organoid-segmentation\reports\segmentations\organoid_measurements_16_patches_segmentations\7d-Snap-1414-4x - 3_labels.tif
7d-Snap-1414-4x - 3.tif,ConvPaint,6,533.0947441586911,250.5682778163931,37406.0,1397.2762620207482,0.19853973388671875,109.11782440367327,0.24076124007524521,C:\Users\sophi\napari-organoid-segmentation\reports\segmentations\organoid_measurements_16_patches_segmentations\7d-Snap-1414-4x - 3_labels.tif
7d-Snap-1414-4x - 3.tif,ConvPaint,7,545.6976676242879,1548.7181185177972,41074.0,1043.4701294725885,0.17757773399353027,114.3427315797249,0.47404199806745956,C:\Users\sophi\napari-organoid-segmentation\reports\segmentations\organoid_measurements_16_patches_segmentations\7d-Snap-1414-4x - 3_labels.tif
7d-Snap-1414-4x - 3.tif,ConvPaint,8,545.5674428510578,1122.3555066496285,42258.0,2242.371716450253,0.1948639452457428,115.97904625558286,0.10560964649919327,C:\Users\sophi\napari-organoid-segmentation\reports\segmentations\organoid_measurements_16_patches_segmentations\7d-Snap-1414-4x - 3_labels.tif
7d-Snap-1414-4x - 3.tif,ConvPaint,9,559.7413079470199,684.3949162446436,41072.0,1280.3046532517446,0.19340193271636963,114.33994772318488,0.3148683928886053,C:\Users\sophi\napari-organoid-segmentation\reports\segmentations\organoid_measurements_16_patches_segmentations\7d-Snap-1414-4x - 3_labels.tif
7d-Snap-1414-4x - 3.tif,ConvPaint,10,557.1440446811274,1895.1436550201324,7699.0,587.9005409571381,0.20653459429740906,49.50422016080048,0.2799216336322274,C:\Users\sophi\napari-organoid-segmentation\reports\segmentations\organoid_measurements_16_patches_segmentations\7d-Snap-1414-4x - 3_labels.tif
7d-Snap-1414-4x - 3.tif,ConvPaint,11,963.1689971733747,249.31550641618932,39977.0,1743.0985924910847,0.1978527009487152,112.80547114377653,0.1653393248115504,C:\Users\sophi\napari-organoid-segmentation\reports\segmentations\organoid_measurements_16_patches_segmentations\7d-Snap-1414-4x - 3_labels.tif
7d-Snap-1414-4x - 3.tif,ConvPaint,12,958.8359927287416,682.3832811553222,39608.0,1721.6732316404182,0.20501859486103058,112.28364961991386,0.16791570725110294,C:\Users\sophi\napari-organoid-segmentation\reports\segmentations\organoid_measurements_16_patches_segmentations\7d-Snap-1414-4x - 3_labels.tif
7d-Snap-1414-4x - 3.tif,ConvPaint,13,968.1823209002682,1124.6836895512483,36167.0,1043.1919548795365,0.18794894218444824,107.2954502931469,0.41763211921315835,C:\Users\sophi\napari-organoid-segmentation\reports\segmentations\organoid_measurements_16_patches_segmentations\7d-Snap-1414-4x - 3_labels.tif
7d-Snap-1414-4x - 3.tif,ConvPaint,14,981.0451444219256,1652.7198353883998,64637.0,3061.1534623807734,0.17769911885261536,143.43847501023455,0.08668038882055544,C:\Users\sophi\napari-organoid-segmentation\reports\segmentations\organoid_measurements_16_patches_segmentations\7d-Snap-1414-4x - 3_labels.tif
7d-Snap-1431-4x - 4.tif,ConvPaint,1,329.4719985652391,1348.7271405782465,105941.0,7129.9984463651945,0.23487354815006256,183.635692751156,0.026187561582960366,C:\Users\sophi\napari-organoid-segmentation\reports\segmentations\organoid_measurements_16_patches_segmentations\7d-Snap-1431-4x - 4_labels.tif
7d-Snap-1431-4x - 4.tif,ConvPaint,2,346.0598191600658,508.4997384546406,26764.0,1336.5950211536162,0.23737211525440216,92.29976052960795,0.18826136669952187,C:\Users\sophi\napari-organoid-segmentation\reports\segmentations\organoid_measurements_16_patches_segmentations\7d-Snap-1431-4x - 4_labels.tif
7d-Snap-1431-4x - 4.tif,ConvPaint,3,352.3207766408036,98.93298099628922,26679.0,1004.5117600329312,0.22264836728572845,92.1530762020311,0.33225334356592173,C:\Users\sophi\napari-organoid-segmentation\reports\segmentations\organoid_measurements_16_patches_segmentations\7d-Snap-1431-4x - 4_labels.tif
7d-Snap-1431-4x - 4.tif,ConvPaint,4,786.6612499640485,1805.3599758405476,34769.0,1368.5300499961609,0.18489333987236023,105.20131383554208,0.23328853076770717,C:\Users\sophi\napari-organoid-segmentation\reports\segmentations\organoid_measurements_16_patches_segmentations\7d-Snap-1431-4x - 4_labels.tif
7d-Snap-1431-4x - 4.tif,ConvPaint,5,799.410168217816,1377.8274755766229,34598.0,879.3158005400379,0.1856592744588852,104.94229577337629,0.5623039109265782,C:\Users\sophi\napari-organoid-segmentation\reports\segmentations\organoid_measurements_16_patches_segmentations\7d-Snap-1431-4x - 4_labels.tif
7d-Snap-1431-4x - 4.tif,ConvPaint,6,802.0825657455614,532.7141569883861,29964.0,867.5229073212244,0.21438799798488617,97.66185247890347,0.5003198684643687,C:\Users\sophi\napari-organoid-segmentation\reports\segmentations\organoid_measurements_16_patches_segmentations\7d-Snap-1431-4x - 4_labels.tif
7d-Snap-1431-4x - 4.tif,ConvPaint,7,800.432435955935,947.4736001564435,30682.0,901.98484809835,0.19499917328357697,98.8250167108059,0.4739090969645122,C:\Users\sophi\napari-organoid-segmentation\reports\segmentations\organoid_measurements_16_patches_segmentations\7d-Snap-1431-4x - 4_labels.tif
7d-Snap-1431-4x - 4.tif,ConvPaint,8,802.7070373909559,116.99426651459572,32441.0,861.6295090390225,0.20441454648971558,101.6183596486794,0.5491145715592521,C:\Users\sophi\napari-organoid-segmentation\reports\segmentations\organoid_measurements_16_patches_segmentations\7d-Snap-1431-4x - 4_labels.tif
7d-Snap-1431-4x - 4.tif,ConvPaint,9,1016.5380675203726,1764.7165308498254,8590.0,761.840620433566,0.15928462147712708,52.290361657945745,0.18598365479067377,C:\Users\sophi\napari-organoid-segmentation\reports\segmentations\organoid_measurements_16_patches_segmentations\7d-Snap-1431-4x - 4_labels.tif
7d-Snap-1432-4x - 4.tif,ConvPaint,1,121.26776935682098,1518.7652857435478,39056.0,1124.1330803764909,0.19207212328910828,111.49847942817036,0.3883847507264923,C:\Users\sophi\napari-organoid-segmentation\reports\segmentations\organoid_measurements_16_patches_segmentations\7d-Snap-1432-4x - 4_labels.tif
7d-Snap-1432-4x - 4.tif,ConvPaint,2,117.72147275844078,1884.4319147350377,13417.0,681.5218613006978,0.17564080655574799,65.35108065615992,0.3629992277586701,C:\Users\sophi\napari-organoid-segmentation\reports\segmentations\organoid_measurements_16_patches_segmentations\7d-Snap-1432-4x - 4_labels.tif
7d-Snap-1432-4x - 4.tif,ConvPaint,3,132.2205198566964,247.4584953121427,39357.0,1207.3168465605643,0.2042093425989151,111.9273076176473,0.33930427337472174,C:\Users\sophi\napari-organoid-segmentation\reports\segmentations\organoid_measurements_16_patches_segmentations\7d-Snap-1432-4x - 4_labels.tif
7d-Snap-1432-4x - 4.tif,ConvPaint,4,130.0823799230242,671.2821215795856,37934.0,971.3635277547903,0.1977105736732483,109.88524569975678,0.5052134666547886,C:\Users\sophi\napari-organoid-segmentation\reports\segmentations\organoid_measurements_16_patches_segmentations\7d-Snap-1432-4x - 4_labels.tif
7d-Snap-1432-4x - 4.tif,ConvPaint,5,137.0898219441771,1100.1609720885467,41560.0,967.2985565973347,0.19046811759471893,115.01721118944911,0.5581672145737814,C:\Users\sophi\napari-organoid-segmentation\reports\segmentations\organoid_measurements_16_patches_segmentations\7d-Snap-1432-4x - 4_labels.tif
7d-Snap-1432-4x - 4.tif,ConvPaint,6,530.8179755353277,1098.7841736000626,38341.0,1101.8498551495554,0.2011597752571106,110.47316120294883,0.3968518983068429,C:\Users\sophi\napari-organoid-segmentation\reports\segmentations\organoid_measurements_16_patches_segmentations\7d-Snap-1432-4x - 4_labels.tif
7d-Snap-1432-4x - 4.tif,ConvPaint,7,528.6885233513024,654.8867953045493,39698.0,1082.1391770309006,0.1992851048707962,112.41114651903575,0.4260026012272798,C:\Users\sophi\napari-organoid-segmentation\reports\segmentations\organoid_measurements_16_patches_segmentations\7d-Snap-1432-4x - 4_labels.tif
7d-Snap-1432-4x - 4.tif,ConvPaint,8,546.4843834627189,1510.1611946457585,38773.0,1086.683332908185,0.18991242349147797,111.09378568130676,0.4126038319117624,C:\Users\sophi\napari-organoid-segmentation\reports\segmentations\organoid_measurements_16_patches_segmentations\7d-Snap-1432-4x - 4_labels.tif
7d-Snap-1432-4x - 4.tif,ConvPaint,9,545.5204299593468,1881.281058361469,14513.0,650.8355697996826,0.17613255977630615,67.96787019015201,0.4305508975151742,C:\Users\sophi\napari-organoid-segmentation\reports\segmentations\organoid_measurements_16_patches_segmentations\7d-Snap-1432-4x - 4_labels.tif
7d-Snap-1432-4x - 4.tif,ConvPaint,10,556.0860973535445,236.884436440042,39978.0,945.9371208835975,0.20149338245391846,112.80688201459867,0.5614439295563136,C:\Users\sophi\napari-organoid-segmentation\reports\segmentations\organoid_measurements_16_patches_segmentations\7d-Snap-1432-4x - 4_labels.tif
7d-Snap-1432-4x - 4.tif,ConvPaint,11,951.608912209674,642.4451044108247,37544.0,1230.2285348059959,0.2018183171749115,109.31892044328025,0.3117301531739148,C:\Users\sophi\napari-organoid-segmentation\reports\segmentations\organoid_measurements_16_patches_segmentations\7d-Snap-1432-4x - 4_labels.tif
7d-Snap-1432-4x - 4.tif,ConvPaint,12,952.5816396312608,230.32688677954974,36557.0,996.3696244092001,0.20324404537677765,107.87239920026269,0.46274257043978223,C:\Users\sophi\napari-organoid-segmentation\reports\segmentations\organoid_measurements_16_patches_segmentations\7d-Snap-1432-4x - 4_labels.tif
7d-Snap-1432-4x - 4.tif,ConvPaint,13,962.116002379536,1089.8425540352964,35301.0,1064.126983722081,0.19370034337043762,106.00310038944141,0.39175086149033256,C:\Users\sophi\napari-organoid-segmentation\reports\segmentations\organoid_measurements_16_patches_segmentations\7d-Snap-1432-4x - 4_labels.tif
7d-Snap-1432-4x - 4.tif,ConvPaint,14,975.8253997153166,1644.7990334006422,60418.0,2844.407250356186,0.1773454248905182,138.67821279297,0.09384100600570543,C:\Users\sophi\napari-organoid-segmentation\reports\segmentations\organoid_measurements_16_patches_segmentations\7d-Snap-1432-4x - 4_labels.tif
7d-Snap-1433-4x - 4.tif,ConvPaint,1,106.10314336691856,1652.6126154492024,38112.0,1068.0559159102154,0.18024244904518127,110.14275456078185,0.4198398169704475,C:\Users\sophi\napari-organoid-segmentation\reports\segmentations\organoid_measurements_16_patches_segmentations\7d-Snap-1433-4x - 4_labels.tif
7d-Snap-1433-4x - 4.tif,ConvPaint,2,132.0325977564496,1205.145708043889,40739.0,1058.789934625983,0.20231227576732635,113.87548662131569,0.45666804194607025,C:\Users\sophi\napari-organoid-segmentation\reports\segmentations\organoid_measurements_16_patches_segmentations\7d-Snap-1433-4x - 4_labels.tif
7d-Snap-1433-4x - 4.tif,ConvPaint,3,133.41851006844558,769.229317528023,40324.0,1138.77269068328,0.2095966935157776,113.29398858931208,0.39075035642622225,C:\Users\sophi\napari-organoid-segmentation\reports\segmentations\organoid_measurements_16_patches_segmentations\7d-Snap-1433-4x - 4_labels.tif
7d-Snap-1433-4x - 4.tif,ConvPaint,4,153.8836410133461,356.555635472442,37539.0,961.5706345359768,0.2103559821844101,109.31164081401998,0.5101879295270451,C:\Users\sophi\napari-organoid-segmentation\reports\segmentations\organoid_measurements_16_patches_segmentations\7d-Snap-1433-4x - 4_labels.tif
7d-Snap-1433-4x - 4.tif,ConvPaint,5,503.7886716503738,1642.7507449422344,38258.0,1051.8610024378488,0.19267554581165314,110.35352112923023,0.43452565091836565,C:\Users\sophi\napari-organoid-segmentation\reports\segmentations\organoid_measurements_16_patches_segmentations\7d-Snap-1433-4x - 4_labels.tif
7d-Snap-1433-4x - 4.tif,ConvPaint,6,516.5247422384331,341.28119704758893,34819.0,1001.547293938864,0.22457821667194366,105.27692969987967,0.43619756242373275,C:\Users\sophi\napari-organoid-segmentation\reports\segmentations\organoid_measurements_16_patches_segmentations\7d-Snap-1433-4x - 4_labels.tif
7d-Snap-1433-4x - 4.tif,ConvPaint,7,507.9694942995823,1206.6026639575573,35436.0,1031.2335854398793,0.20882397890090942,106.20559837790476,0.41873615367311606,C:\Users\sophi\napari-organoid-segmentation\reports\segmentations\organoid_measurements_16_patches_segmentations\7d-Snap-1433-4x - 4_labels.tif
7d-Snap-1433-4x - 4.tif,ConvPaint,8,528.3995822575498,781.5296916248441,34471.0,960.0264786586927,0.2149726301431656,104.74951115227913,0.4699994214473287,C:\Users\sophi\napari-organoid-segmentation\reports\segmentations\organoid_measurements_16_patches_segmentations\7d-Snap-1433-4x - 4_labels.tif
7d-Snap-1433-4x - 4.tif,ConvPaint,9,753.4117561472428,1761.4682816819438,13746.0,1804.0325753131024,0.22965767979621887,66.14746930520008,0.05307591048750253,C:\Users\sophi\napari-organoid-segmentation\reports\segmentations\organoid_measurements_16_patches_segmentations\7d-Snap-1433-4x - 4_labels.tif
7d-Snap-1433-4x - 4.tif,ConvPaint,10,940.0847225229126,1221.58865555315,41571.0,1481.2701653663385,0.20701026916503906,115.0324314206492,0.2380848628320239,C:\Users\sophi\napari-organoid-segmentation\reports\segmentations\organoid_measurements_16_patches_segmentations\7d-Snap-1433-4x - 4_labels.tif
7d-Snap-1433-4x - 4.tif,ConvPaint,11,937.6359852688931,343.0843759459187,39644.0,1296.5777772109132,0.22136527299880981,112.33466574424031,0.2963399368995323,C:\Users\sophi\napari-organoid-segmentation\reports\segmentations\organoid_measurements_16_patches_segmentations\7d-Snap-1433-4x - 4_labels.tif
7d-Snap-1433-4x - 4.tif,ConvPaint,12,937.5647599356765,1673.516080863772,43530.0,2229.9808434849933,0.19487278163433075,117.71163640685829,0.1100009071299349,C:\Users\sophi\napari-organoid-segmentation\reports\segmentations\organoid_measurements_16_patches_segmentations\7d-Snap-1433-4x - 4_labels.tif
7d-Snap-1433-4x - 4.tif,ConvPaint,13,943.2394957983194,790.8137992038921,40698.0,2128.206240229409,0.2219260185956955,113.81816967386145,0.11291600568458235,C:\Users\sophi\napari-organoid-segmentation\reports\segmentations\organoid_measurements_16_patches_segmentations\7d-Snap-1433-4x - 4_labels.tif
7d-Snap-1434-4x - 4.tif,ConvPaint,1,117.62355474418386,47.682535224453495,21363.0,1134.6356056934324,0.22073736786842346,82.46244053230731,0.20852555639643944,C:\Users\sophi\napari-organoid-segmentation\reports\segmentations\organoid_measurements_16_patches_segmentations\7d-Snap-1434-4x - 4_labels.tif
7d-Snap-1434-4x - 4.tif,ConvPaint,2,115.05186111519788,424.9471090186847,40782.0,1071.1391770309006,0.2006869614124298,113.93556853918513,0.4466697858199789,C:\Users\sophi\napari-organoid-segmentation\reports\segmentations\organoid_measurements_16_patches_segmentations\7d-Snap-1434-4x - 4_labels.tif
7d-Snap-1434-4x - 4.tif,ConvPaint,3,121.4227706269099,868.619409204556,43196.0,1815.4549775709384,0.21801592409610748,117.25917381422667,0.16469576444075842,C:\Users\sophi\napari-organoid-segmentation\reports\segmentations\organoid_measurements_16_patches_segmentations\7d-Snap-1434-4x - 4_labels.tif
7d-Snap-1434-4x - 4.tif,ConvPaint,4,123.35047551954914,1282.5210587228903,39746.0,1724.0519112968586,0.19399501383304596,112.47908577269351,0.16803610862107352,C:\Users\sophi\napari-organoid-segmentation\reports\segmentations\organoid_measurements_16_patches_segmentations\7d-Snap-1434-4x - 4_labels.tif
7d-Snap-1434-4x - 4.tif,ConvPaint,5,115.29066786917929,1711.1789765984715,42134.0,1410.9919907732865,0.1757107377052307,115.80875935985082,0.2659459970384679,C:\Users\sophi\napari-organoid-segmentation\reports\segmentations\organoid_measurements_16_patches_segmentations\7d-Snap-1434-4x - 4_labels.tif
7d-Snap-1434-4x - 4.tif,ConvPaint,6,523.8645622314731,1688.383272856793,44921.0,1596.5777772109132,0.18676342070102692,119.57758317202293,0.22145175154294744,C:\Users\sophi\napari-organoid-segmentation\reports\segmentations\organoid_measurements_16_patches_segmentations\7d-Snap-1434-4x - 4_labels.tif
7d-Snap-1434-4x - 4.tif,ConvPaint,7,522.7422154863599,1273.5875585560761,43548.0,1306.0863991822648,0.20219546556472778,117.73597123874978,0.32079992958817394,C:\Users\sophi\napari-organoid-segmentation\reports\segmentations\organoid_measurements_16_patches_segmentations\7d-Snap-1434-4x - 4_labels.tif
7d-Snap-1434-4x - 4.tif,ConvPaint,8,533.8188053312579,863.9627638875377,41116.0,1179.186904245653,0.204592764377594,114.40117691847728,0.3715826491562399,C:\Users\sophi\napari-organoid-segmentation\reports\segmentations\organoid_measurements_16_patches_segmentations\7d-Snap-1434-4x - 4_labels.tif
7d-Snap-1434-4x - 4.tif,ConvPaint,9,557.183699087669,428.53717692945685,44611.0,1366.4183976444792,0.20247316360473633,119.1642661729811,0.30025097126140565,C:\Users\sophi\napari-organoid-segmentation\reports\segmentations\organoid_measurements_16_patches_segmentations\7d-Snap-1434-4x - 4_labels.tif
7d-Snap-1434-4x - 4.tif,ConvPaint,10,560.8399565913907,43.598418686372796,19351.0,833.2325394193525,0.2170388102531433,78.48321226569752,0.35025216913697355,C:\Users\sophi\napari-organoid-segmentation\reports\segmentations\organoid_measurements_16_patches_segmentations\7d-Snap-1434-4x - 4_labels.tif
7d-Snap-1434-4x - 4.tif,ConvPaint,11,747.8030545338238,1798.0415000799617,12506.0,977.6873375215417,0.20064283907413483,63.09345002941657,0.16441002955844197,C:\Users\sophi\napari-organoid-segmentation\reports\segmentations\organoid_measurements_16_patches_segmentations\7d-Snap-1434-4x - 4_labels.tif
7d-Snap-1434-4x - 4.tif,ConvPaint,12,951.7424612514989,1707.9149531465116,45034.0,1223.8376618407356,0.17843356728553772,119.72788904178019,0.37783549967312585,C:\Users\sophi\napari-organoid-segmentation\reports\segmentations\organoid_measurements_16_patches_segmentations\7d-Snap-1434-4x - 4_labels.tif
7d-Snap-1434-4x - 4.tif,ConvPaint,13,968.5930577582237,431.71399703279275,39094.0,1323.4589821842953,0.19487902522087097,111.55270812700655,0.2804781285797793,C:\Users\sophi\napari-organoid-segmentation\reports\segmentations\organoid_measurements_16_patches_segmentations\7d-Snap-1434-4x - 4_labels.tif
7d-Snap-1434-4x - 4.tif,ConvPaint,14,955.5906194965296,1293.0394695949446,38612.0,1357.9676041556468,0.19672457873821259,110.862894267327,0.2631196862248305,C:\Users\sophi\napari-organoid-segmentation\reports\segmentations\organoid_measurements_16_patches_segmentations\7d-Snap-1434-4x - 4_labels.tif
7d-Snap-1434-4x - 4.tif,ConvPaint,15,966.516214371053,53.484212322922,23436.0,768.1848122046,0.20160171389579773,86.37077337041343,0.4990705240050387,C:\Users\sophi\napari-organoid-segmentation\reports\segmentations\organoid_measurements_16_patches_segmentations\7d-Snap-1434-4x - 4_labels.tif
7d-Snap-1434-4x - 4.tif,ConvPaint,16,973.7840078973346,853.344052319842,40520.0,1386.1219330881977,0.20062212646007538,113.56899483647462,0.2650186452463346,C:\Users\sophi\napari-organoid-segmentation\reports\segmentations\organoid_measurements_16_patches_segmentations\7d-Snap-1434-4x - 4_labels.tif
7d-Snap-1472-4x - 5.tif,ConvPaint,1,494.46397266705037,1377.2470600584354,866939.0,30426.4695039735,0.23814237117767334,525.314433856799,0.01176780002281231,C:\Users\sophi\napari-organoid-segmentation\reports\segmentations\organoid_measurements_16_patches_segmentations\7d-Snap-1472-4x - 5_labels.tif
7d-Snap-1472-4x - 5.tif,ConvPaint,2,580.0849038368609,793.8807061628169,62082.0,3592.4480143647515,0.21600951254367828,140.57494212718743,0.06044975972558965,C:\Users\sophi\napari-organoid-segmentation\reports\segmentations\organoid_measurements_16_patches_segmentations\7d-Snap-1472-4x - 5_labels.tif
7d-Snap-1472-4x - 5.tif,ConvPaint,3,597.5311260721203,356.61176796089643,54215.0,3663.992170242035,0.21716484427452087,131.3665500782228,0.050748154369623696,C:\Users\sophi\napari-organoid-segmentation\reports\segmentations\organoid_measurements_16_patches_segmentations\7d-Snap-1472-4x - 5_labels.tif
7d-Snap-1472-4x - 5.tif,ConvPaint,4,922.1200555170021,880.1314365024289,7205.0,1687.5554826343268,0.33401697874069214,47.88969335832306,0.031792723179798595,C:\Users\sophi\napari-organoid-segmentation\reports\segmentations\organoid_measurements_16_patches_segmentations\7d-Snap-1472-4x - 5_labels.tif
7d-Snap-1472-4x - 5.tif,ConvPaint,5,961.3266750644832,792.397396676864,50013.0,1269.3107499061543,0.15764302015304565,126.17302539651621,0.39008284729635956,C:\Users\sophi\napari-organoid-segmentation\reports\segmentations\organoid_measurements_16_patches_segmentations\7d-Snap-1472-4x - 5_labels.tif
7d-Snap-1472-4x - 5.tif,ConvPaint,6,972.2512904102147,360.3394771487681,47853.0,1148.9909447527598,0.15899623930454254,123.41832515292425,0.4554973154816265,C:\Users\sophi\napari-organoid-segmentation\reports\segmentations\organoid_measurements_16_patches_segmentations\7d-Snap-1472-4x - 5_labels.tif
7d-Snap-1472-4x - 5.tif,ConvPaint,7,989.3825833485153,1075.3080706868282,5489.0,1179.9392129246505,0.32655829191207886,41.79955699840403,0.04954317398658897,C:\Users\sophi\napari-organoid-segmentation\reports\segmentations\organoid_measurements_16_patches_segmentations\7d-Snap-1472-4x - 5_labels.tif
7d-Snap-1472-4x - 5.tif,ConvPaint,8,984.5245309404498,24.712504370120033,8581.0,533.5452018978108,0.20839428901672363,52.26296139086559,0.3787959513992498,C:\Users\sophi\napari-organoid-segmentation\reports\segmentations\organoid_measurements_16_patches_segmentations\7d-Snap-1472-4x - 5_labels.tif
7d-Snap-1473-4x - 5.tif,ConvPaint,1,122.53707835173427,225.2680624678222,52443.0,2531.0184694319787,0.1764792799949646,129.20187831891818,0.10287426916044992,C:\Users\sophi\napari-organoid-segmentation\reports\segmentations\organoid_measurements_16_patches_segmentations\7d-Snap-1473-4x - 5_labels.tif
7d-Snap-1473-4x - 5.tif,ConvPaint,2,117.98925569543225,633.2941467310691,52586.0,1486.6721856198917,0.16354916989803314,129.37791030489254,0.29898511581708676,C:\Users\sophi\napari-organoid-segmentation\reports\segmentations\organoid_measurements_16_patches_segmentations\7d-Snap-1473-4x - 5_labels.tif
7d-Snap-1473-4x - 5.tif,ConvPaint,3,132.3368106808193,1073.7882743179368,60295.0,1929.7981233214462,0.1666020005941391,138.5369791335572,0.2034545487485079,C:\Users\sophi\napari-organoid-segmentation\reports\segmentations\organoid_measurements_16_patches_segmentations\7d-Snap-1473-4x - 5_labels.tif
7d-Snap-1473-4x - 5.tif,ConvPaint,4,648.8525217891776,1428.078460000937,896546.0,21163.146201821026,0.2249828726053238,534.2091867597682,0.025154864187508768,C:\Users\sophi\napari-organoid-segmentation\reports\segmentations\organoid_measurements_16_patches_segmentations\7d-Snap-1473-4x - 5_labels.tif
7d-Snap-1473-4x - 5.tif,ConvPaint,5,554.6808414894814,637.9859055333237,62223.0,1887.6032098490791,0.17546959221363068,140.7344877704609,0.2194519255567157,C:\Users\sophi\napari-organoid-segmentation\reports\segmentations\organoid_measurements_16_patches_segmentations\7d-Snap-1473-4x - 5_labels.tif
7d-Snap-1473-4x - 5.tif,ConvPaint,6,568.1615256881196,200.19487076267632,59619.0,2265.728101530107,0.19178122282028198,137.75818343892104,0.14594155485750473,C:\Users\sophi\napari-organoid-segmentation\reports\segmentations\organoid_measurements_16_patches_segmentations\7d-Snap-1473-4x - 5_labels.tif
7d-Snap-1473-4x - 5.tif,ConvPaint,7,977.0565002742732,201.23103959692003,49221.0,1684.129075763134,0.13778625428676605,125.1700080205013,0.21807684185929632,C:\Users\sophi\napari-organoid-segmentation\reports\segmentations\organoid_measurements_16_patches_segmentations\7d-Snap-1473-4x - 5_labels.tif
7d-Snap-1474-4x - 5.tif,ConvPaint,1,111.36296296296297,18.68011695906433,5130.0,923.4873734152917,0.2766999304294586,40.40952506678155,0.07559016711361592,C:\Users\sophi\napari-organoid-segmentation\reports\segmentations\organoid_measurements_16_patches_segmentations\7d-Snap-1474-4x - 5_labels.tif
7d-Snap-1474-4x - 5.tif,ConvPaint,2,100.12914673661471,343.7352040029096,45367.0,1317.275216000222,0.1649487018585205,120.16973248909241,0.3285465293656748,C:\Users\sophi\napari-organoid-segmentation\reports\segmentations\organoid_measurements_16_patches_segmentations\7d-Snap-1474-4x - 5_labels.tif
7d-Snap-1474-4x - 5.tif,ConvPaint,3,110.65799415062149,778.4187180112114,49236.0,1303.802127934803,0.15750136971473694,125.18907922077356,0.3639730734998661,C:\Users\sophi\napari-organoid-segmentation\reports\segmentations\organoid_measurements_16_patches_segmentations\7d-Snap-1474-4x - 5_labels.tif
7d-Snap-1474-4x - 5.tif,ConvPaint,4,121.4814775836666,1194.8892689258403,57012.0,1782.241774135342,0.16277152299880981,134.71259492382393,0.22555003698435863,C:\Users\sophi\napari-organoid-segmentation\reports\segmentations\organoid_measurements_16_patches_segmentations\7d-Snap-1474-4x - 5_labels.tif
7d-Snap-1474-4x - 5.tif,ConvPaint,5,601.4999448393248,1632.9148417676633,507608.0,23970.274590501132,0.2448868453502655,401.9659745625015,0.01110177199964087,C:\Users\sophi\napari-organoid-segmentation\reports\segmentations\organoid_measurements_16_patches_segmentations\7d-Snap-1474-4x - 5_labels.tif
7d-Snap-1474-4x - 5.tif,ConvPaint,6,521.9257526126969,334.63517565295757,57699.0,2878.9961748553924,0.17991165816783905,135.52181419579117,0.0874774217851663,C:\Users\sophi\napari-organoid-segmentation\reports\segmentations\organoid_measurements_16_patches_segmentations\7d-Snap-1474-4x - 5_labels.tif
7d-Snap-1474-4x - 5.tif,ConvPaint,7,532.9197818300228,1180.739319439922,61420.0,3320.4713549618646,0.17853085696697235,139.82343583751768,0.07000357187321721,C:\Users\sophi\napari-organoid-segmentation\reports\segmentations\organoid_measurements_16_patches_segmentations\7d-Snap-1474-4x - 5_labels.tif
7d-Snap-1474-4x - 5.tif,ConvPaint,8,540.2403559259194,768.9731819706573,56641.0,2706.249962830805,0.18258105218410492,134.2735650205806,0.0971862804138053,C:\Users\sophi\napari-organoid-segmentation\reports\segmentations\organoid_measurements_16_patches_segmentations\7d-Snap-1474-4x - 5_labels.tif
7d-Snap-1474-4x - 5.tif,ConvPaint,9,525.1501574231048,23.915475902155485,8258.0,1123.7777413171634,0.25673407316207886,51.26990384334403,0.0821720063477173,C:\Users\sophi\napari-organoid-segmentation\reports\segmentations\organoid_measurements_16_patches_segmentations\7d-Snap-1474-4x - 5_labels.tif
7d-Snap-1474-4x - 5.tif,ConvPaint,10,941.231450958305,338.25240611592426,60367.0,3425.205373677632,0.18842539191246033,138.6196699579713,0.06466007802016814,C:\Users\sophi\napari-organoid-segmentation\reports\segmentations\organoid_measurements_16_patches_segmentations\7d-Snap-1474-4x - 5_labels.tif
7d-Snap-1474-4x - 5.tif,ConvPaint,11,953.4760696292955,750.8922851342206,53196.0,3125.9433970067566,0.1850806474685669,130.12614151442796,0.06841110759448299,C:\Users\sophi\napari-organoid-segmentation\reports\segmentations\organoid_measurements_16_patches_segmentations\7d-Snap-1474-4x - 5_labels.tif
7d-Snap-1474-4x - 5.tif,ConvPaint,12,951.0312855517634,26.76496018202503,8790.0,1386.2407281148155,0.28965404629707336,52.89559433029863,0.05748061820453205,C:\Users\sophi\napari-organoid-segmentation\reports\segmentations\organoid_measurements_16_patches_segmentations\7d-Snap-1474-4x - 5_labels.tif
7d-Snap-1475-4x - 5.tif,ConvPaint,1,102.67776434042351,225.35645348699344,42171.0,1044.7655480083436,0.16352880001068115,115.85959697088816,0.48549647125850837,C:\Users\sophi\napari-organoid-segmentation\reports\segmentations\organoid_measurements_16_patches_segmentations\7d-Snap-1475-4x - 5_labels.tif
7d-Snap-1475-4x - 5.tif,ConvPaint,2,107.50238247635303,665.0692459047484,42183.0,1193.0620125646253,0.16859501600265503,115.87608005490539,0.37240996317451486,C:\Users\sophi\napari-organoid-segmentation\reports\segmentations\organoid_measurements_16_patches_segmentations\7d-Snap-1475-4x - 5_labels.tif
7d-Snap-1475-4x - 5.tif,ConvPaint,3,98.3147312766783,1085.8856228172294,41232.0,1059.0498192558055,0.15988393127918243,114.56244248064048,0.46196756477214806,C:\Users\sophi\napari-organoid-segmentation\reports\segmentations\organoid_measurements_16_patches_segmentations\7d-Snap-1475-4x - 5_labels.tif
7d-Snap-1475-4x - 5.tif,ConvPaint,4,628.0791185137969,1460.4669973856571,649494.0,23492.99919503216,0.2677697539329529,454.68710254091764,0.014787953621090843,C:\Users\sophi\napari-organoid-segmentation\reports\segmentations\organoid_measurements_16_patches_segmentations\7d-Snap-1475-4x - 5_labels.tif
7d-Snap-1475-4x - 5.tif,ConvPaint,5,511.35847256229295,1103.5178777185654,55544.0,3525.412480458818,0.17111387848854065,132.96692941552223,0.05616000541381645,C:\Users\sophi\napari-organoid-segmentation\reports\segmentations\organoid_measurements_16_patches_segmentations\7d-Snap-1475-4x - 5_labels.tif
7d-Snap-1475-4x - 5.tif,ConvPaint,6,504.1787215217872,1526.0867064808672,40689.0,1107.6660889654818,0.19877512753009796,113.80558404108412,0.4167438124229831,C:\Users\sophi\napari-organoid-segmentation\reports\segmentations\organoid_measurements_16_patches_segmentations\7d-Snap-1475-4x - 5_labels.tif
7d-Snap-1475-4x - 5.tif,ConvPaint,7,522.2958246964762,670.3313295824696,33770.0,1629.732106143464,0.19016322493553162,103.67895088409513,0.1597748733505759,C:\Users\sophi\napari-organoid-segmentation\reports\segmentations\organoid_measurements_16_patches_segmentations\7d-Snap-1475-4x - 5_labels.tif
7d-Snap-1475-4x - 5.tif,ConvPaint,8,519.9477161822205,244.40917770436153,32993.0,1538.1046891454944,0.18373322486877441,102.47925680283696,0.17525074736294535,C:\Users\sophi\napari-organoid-segmentation\reports\segmentations\organoid_measurements_16_patches_segmentations\7d-Snap-1475-4x - 5_labels.tif
Condição  2 - 53.jpg,ConvPaint,1,55.874553593883604,220.1187566017806,19881.0,1403.5777772109132,0.30240166187286377,79.55073128023363,0.1268163129757424,C:\Users\sophi\napari-organoid-segmentation\reports\segmentations\organoid_measurements_16_patches_segmentations\Condição  2 - 53_labels.tif
Condição  2 - 53.jpg,ConvPaint,2,148.8382972644811,1561.469490274504,42003.0,1040.7310601229374,0.275167852640152,115.62858707680276,0.4873187731857396,C:\Users\sophi\napari-organoid-segmentation\reports\segmentations\organoid_measurements_16_patches_segmentations\Condição  2 - 53_labels.tif
Condição  2 - 53.jpg,ConvPaint,3,257.03304767652384,1150.6477248038625,41425.0,1661.4143930311225,0.30445045232772827,114.83025313550228,0.1885890375519275,C:\Users\sophi\napari-organoid-segmentation\reports\segmentations\organoid_measurements_16_patches_segmentations\Condição  2 - 53_labels.tif
Condição  2 - 53.jpg,ConvPaint,4,356.2858149424998,740.0123304562269,39739.0,1710.5148980945107,0.31534498929977417,112.46918052096609,0.1706762436339204,C:\Users\sophi\napari-organoid-segmentation\reports\segmentations\organoid_measurements_16_patches_segmentations\Condição  2 - 53_labels.tif
Condição  2 - 53.jpg,ConvPaint,5,450.3232569866504,323.9687889805993,37679.0,1708.3900064134828,0.288067489862442,109.51528752424954,0.1622315014522099,C:\Users\sophi\napari-organoid-segmentation\reports\segmentations\organoid_measurements_16_patches_segmentations\Condição  2 - 53_labels.tif
Condição  2 - 53.jpg,ConvPaint,6,563.8855734620419,1666.6295197971203,48896.0,1269.033621333629,0.2648402452468872,124.75608279696276,0.3815372454963843,C:\Users\sophi\napari-organoid-segmentation\reports\segmentations\organoid_measurements_16_patches_segmentations\Condição  2 - 53_labels.tif
Condição  2 - 53.jpg,ConvPaint,7,675.6202362025891,1258.7870997047467,44030.0,1446.549385979917,0.30740323662757874,118.38574360400118,0.26441861061867644,C:\Users\sophi\napari-organoid-segmentation\reports\segmentations\organoid_measurements_16_patches_segmentations\Condição  2 - 53_labels.tif
Condição  2 - 53.jpg,ConvPaint,8,769.9718893466745,843.6258505002943,42475.0,1564.4377336282353,0.311631441116333,116.2764482414926,0.21808544748368036,C:\Users\sophi\napari-organoid-segmentation\reports\segmentations\organoid_measurements_16_patches_segmentations\Condição  2 - 53_labels.tif
Condição  2 - 53.jpg,ConvPaint,9,877.1840594014985,428.9089461169187,44578.0,1374.9036790187176,0.2868318259716034,119.12018345478242,0.2963370108004824,C:\Users\sophi\napari-organoid-segmentation\reports\segmentations\organoid_measurements_16_patches_segmentations\Condição  2 - 53_labels.tif
Condição  2 - 53.jpg,ConvPaint,10,974.6174519173808,1771.1258639074285,50642.0,1251.7310601229374,0.23738841712474823,126.96396833794826,0.4061614073741953,C:\Users\sophi\napari-organoid-segmentation\reports\segmentations\organoid_measurements_16_patches_segmentations\Condição  2 - 53_labels.tif
Condição  2 - 53.jpg,ConvPaint,11,981.9801136363636,51.95003918495298,20416.0,1007.3340905032675,0.290826678276062,80.61398536437875,0.2528328252226145,C:\Users\sophi\napari-organoid-segmentation\reports\segmentations\organoid_measurements_16_patches_segmentations\Condição  2 - 53_labels.tif
Condição  2 - 53.jpg,ConvPaint,12,1027.962892523562,1367.5736021300875,23661.0,863.0670631985085,0.27373895049095154,86.78438924711443,0.39916630442462875,C:\Users\sophi\napari-organoid-segmentation\reports\segmentations\organoid_measurements_16_patches_segmentations\Condição  2 - 53_labels.tif
Condição  2 - 54.jpg,ConvPaint,1,50.75115283267457,204.19186429512516,12144.0,1023.7371567773473,0.34123075008392334,62.173589713124606,0.1456111694323464,C:\Users\sophi\napari-organoid-segmentation\reports\segmentations\organoid_measurements_16_patches_segmentations\Condição  2 - 54_labels.tif
Condição  2 - 54.jpg,ConvPaint,2,63.1432696935665,1896.3972404941442,6233.0,494.06601717798213,0.29365962743759155,44.542401378726396,0.32087584423171855,C:\Users\sophi\napari-organoid-segmentation\reports\segmentations\organoid_measurements_16_patches_segmentations\Condição  2 - 54_labels.tif
Condição  2 - 54.jpg,ConvPaint,3,164.86393328700487,1539.0724808895066,28780.0,856.3929650063133,0.28463026881217957,95.71289633257106,0.4931221056867557,C:\Users\sophi\napari-organoid-segmentation\reports\segmentations\organoid_measurements_16_patches_segmentations\Condição  2 - 54_labels.tif
Condição  2 - 54.jpg,ConvPaint,4,261.2589152141391,1132.5214139094737,28743.0,1070.2874093090413,0.30964088439941406,95.65135157738597,0.31531245500034744,C:\Users\sophi\napari-organoid-segmentation\reports\segmentations\organoid_measurements_16_patches_segmentations\Condição  2 - 54_labels.tif
Condição  2 - 54.jpg,ConvPaint,5,363.7543131111027,715.4563403676998,26489.0,1462.6915216036477,0.3288469910621643,91.8243463092574,0.15558579354648597,C:\Users\sophi\napari-organoid-segmentation\reports\segmentations\organoid_measurements_16_patches_segmentations\Condição  2 - 54_labels.tif
Condição  2 - 54.jpg,ConvPaint,6,467.5321473158552,294.0893804619226,25632.0,1324.5138520739843,0.32776451110839844,90.32673470608202,0.18360282078491572,C:\Users\sophi\napari-organoid-segmentation\reports\segmentations\organoid_measurements_16_patches_segmentations\Condição  2 - 54_labels.tif
Condição  2 - 54.jpg,ConvPaint,7,585.2871525845852,1653.2562594388364,37743.0,1172.4001076812497,0.2822837829589844,109.60825714440865,0.3450599712391742,C:\Users\sophi\napari-organoid-segmentation\reports\segmentations\organoid_measurements_16_patches_segmentations\Condição  2 - 54_labels.tif
Condição  2 - 54.jpg,ConvPaint,8,669.0138472319552,1245.1269516468114,35675.0,1447.827560572969,0.3187270760536194,106.56315118091588,0.2138652219398092,C:\Users\sophi\napari-organoid-segmentation\reports\segmentations\organoid_measurements_16_patches_segmentations\Condição  2 - 54_labels.tif
Condição  2 - 54.jpg,ConvPaint,9,775.4205497453869,821.4642172698899,36526.0,1587.4671708797582,0.3181225061416626,107.82665209839884,0.18213880097255117,C:\Users\sophi\napari-organoid-segmentation\reports\segmentations\organoid_measurements_16_patches_segmentations\Condição  2 - 54_labels.tif
Condição  2 - 54.jpg,ConvPaint,10,866.5731053765946,416.11195899108753,34334.0,1176.5189027078675,0.29575976729393005,104.54114803384488,0.3116997460058381,C:\Users\sophi\napari-organoid-segmentation\reports\segmentations\organoid_measurements_16_patches_segmentations\Condição  2 - 54_labels.tif
Condição  2 - 54.jpg,ConvPaint,11,988.324468356367,1750.9392880820033,39218.0,969.7005768508882,0.22791317105293274,111.72948185844193,0.524107045959128,C:\Users\sophi\napari-organoid-segmentation\reports\segmentations\organoid_measurements_16_patches_segmentations\Condição  2 - 54_labels.tif
Condição  2 - 54.jpg,ConvPaint,12,994.3686062422623,44.756239004365675,15347.0,661.9716087690036,0.26777029037475586,69.89350344103975,0.4401033053335478,C:\Users\sophi\napari-organoid-segmentation\reports\segmentations\organoid_measurements_16_patches_segmentations\Condição  2 - 54_labels.tif
Condição  2 - 54.jpg,ConvPaint,13,1043.2028396297223,1344.4104328246185,15988.0,870.280266634105,0.2921171188354492,71.3381977646369,0.2652685303846243,C:\Users\sophi\napari-organoid-segmentation\reports\segmentations\organoid_measurements_16_patches_segmentations\Condição  2 - 54_labels.tif
Condição  2 - 55.jpg,ConvPaint,1,73.50436724896653,172.32697693025736,29996.0,838.5817818242701,0.25677400827407837,97.71398746325413,0.5360216887807092,C:\Users\sophi\napari-organoid-segmentation\reports\segmentations\organoid_measurements_16_patches_segmentations\Condição  2 - 55_labels.tif
Condição  2 - 55.jpg,ConvPaint,2,35.822588331404454,585.7214241949758,14689.0,671.0843071412118,0.2979489862918854,68.37875341181426,0.409871695563552,C:\Users\sophi\napari-organoid-segmentation\reports\segmentations\organoid_measurements_16_patches_segmentations\Condição  2 - 55_labels.tif
Condição  2 - 55.jpg,ConvPaint,3,112.08007034604044,1874.859928619459,19333.0,777.1198410471445,0.22198741137981415,78.44670184011069,0.40228433402502367,C:\Users\sophi\napari-organoid-segmentation\reports\segmentations\organoid_measurements_16_patches_segmentations\Condição  2 - 55_labels.tif
Condição  2 - 55.jpg,ConvPaint,4,190.71091575091575,1513.7643406593406,54600.0,1839.5859659063763,0.2538769841194153,131.83216521636504,0.20275068553582193,C:\Users\sophi\napari-organoid-segmentation\reports\segmentations\organoid_measurements_16_patches_segmentations\Condição  2 - 55_labels.tif
Condição  2 - 55.jpg,ConvPaint,5,293.7245567255104,1087.6054613752701,51379.0,1407.1585130146568,0.27689027786254883,127.88449336114594,0.3260689661178957,C:\Users\sophi\napari-organoid-segmentation\reports\segmentations\organoid_measurements_16_patches_segmentations\Condição  2 - 55_labels.tif
Condição  2 - 55.jpg,ConvPaint,6,388.8010158598528,670.9345496009122,48235.0,1367.3595231414333,0.2634930908679962,123.90995666238909,0.32419529486483933,C:\Users\sophi\napari-organoid-segmentation\reports\segmentations\organoid_measurements_16_patches_segmentations\Condição  2 - 55_labels.tif
Condição  2 - 55.jpg,ConvPaint,7,487.92217545980884,254.48622317297185,43007.0,1722.3910524340095,0.2881036698818207,117.0023643996406,0.18217362132221154,C:\Users\sophi\napari-organoid-segmentation\reports\segmentations\organoid_measurements_16_patches_segmentations\Condição  2 - 55_labels.tif
Condição  2 - 55.jpg,ConvPaint,8,633.0052708907255,1605.7582552800734,54450.0,1499.5849198858496,0.24836070835590363,131.6509525324728,0.30427454331753734,C:\Users\sophi\napari-organoid-segmentation\reports\segmentations\organoid_measurements_16_patches_segmentations\Condição  2 - 55_labels.tif
Condição  2 - 55.jpg,ConvPaint,9,717.7881041574849,1179.749430733069,54456.0,1396.3178925810907,0.27993395924568176,131.65820582867025,0.35098373830750257,C:\Users\sophi\napari-organoid-segmentation\reports\segmentations\organoid_measurements_16_patches_segmentations\Condição  2 - 55_labels.tif
Condição  2 - 55.jpg,ConvPaint,10,814.0469699617483,766.0655909593988,51501.0,1367.122979108724,0.2400376796722412,128.0362349038404,0.34626640622983185,C:\Users\sophi\napari-organoid-segmentation\reports\segmentations\organoid_measurements_16_patches_segmentations\Condição  2 - 55_labels.tif
Condição  2 - 55.jpg,ConvPaint,11,902.3114453152581,342.415636988397,42489.0,1322.9036790187179,0.2896002233028412,116.2956093498937,0.30509137162895333,C:\Users\sophi\napari-organoid-segmentation\reports\segmentations\organoid_measurements_16_patches_segmentations\Condição  2 - 55_labels.tif
Condição  2 - 55.jpg,ConvPaint,12,1008.2445607634759,1707.9302614534593,37827.0,1197.405158315133,0.2199966311454773,109.73016023260993,0.3315350997001322,C:\Users\sophi\napari-organoid-segmentation\reports\segmentations\organoid_measurements_16_patches_segmentations\Condição  2 - 55_labels.tif
Condição  2 - 55.jpg,ConvPaint,13,1053.5393866506313,1280.1563439567049,9978.0,619.0365799264592,0.28314802050590515,56.35686332951705,0.3272056073969169,C:\Users\sophi\napari-organoid-segmentation\reports\segmentations\organoid_measurements_16_patches_segmentations\Condição  2 - 55_labels.tif
Condição  2 - 56.jpg,ConvPaint,1,87.62273163893144,270.77089228692336,38519.0,1404.2935059634515,0.2817089855670929,110.72930283314093,0.2454534229084685,C:\Users\sophi\napari-organoid-segmentation\reports\segmentations\organoid_measurements_16_patches_segmentations\Condição  2 - 56_labels.tif
Condição  2 - 56.jpg,ConvPaint,2,43.811703611097755,683.0704909361928,20797.0,747.6639969244287,0.2821670174598694,81.36271076460208,0.46751722843104415,C:\Users\sophi\napari-organoid-segmentation\reports\segmentations\organoid_measurements_16_patches_segmentations\Condição  2 - 56_labels.tif
Condição  2 - 56.jpg,ConvPaint,3,227.39784712191067,1609.9817163662267,50537.0,1168.2579720575186,0.26729893684387207,126.83227790302526,0.465309388164719,C:\Users\sophi\napari-organoid-segmentation\reports\segmentations\organoid_measurements_16_patches_segmentations\Condição  2 - 56_labels.tif
Condição  2 - 56.jpg,ConvPaint,4,317.8253482416141,1189.1750681908093,48027.0,1215.6305550595491,0.29289311170578003,123.64250443819438,0.408405994696344,C:\Users\sophi\napari-organoid-segmentation\reports\segmentations\organoid_measurements_16_patches_segmentations\Condição  2 - 56_labels.tif
Condição  2 - 56.jpg,ConvPaint,5,394.0749462410929,763.026668634313,47434.0,1258.4356415871825,0.2702898681163788,122.87681287062229,0.3763895813168774,C:\Users\sophi\napari-organoid-segmentation\reports\segmentations\organoid_measurements_16_patches_segmentations\Condição  2 - 56_labels.tif
Condição  2 - 56.jpg,ConvPaint,6,482.447325364723,357.94103076853156,44006.0,1275.0985924910844,0.28498557209968567,118.35347418392031,0.34012160964895904,C:\Users\sophi\napari-organoid-segmentation\reports\segmentations\organoid_measurements_16_patches_segmentations\Condição  2 - 56_labels.tif
Condição  2 - 56.jpg,ConvPaint,7,654.2925207441367,1689.2032357064372,52786.0,1842.2428201558687,0.2740609347820282,129.62370790907647,0.1954496388284087,C:\Users\sophi\napari-organoid-segmentation\reports\segmentations\organoid_measurements_16_patches_segmentations\Condição  2 - 56_labels.tif
Condição  2 - 56.jpg,ConvPaint,8,738.010631644778,1267.0193089430895,38376.0,3781.647111919224,0.3381361961364746,110.5235730158465,0.033721553206016115,C:\Users\sophi\napari-organoid-segmentation\reports\segmentations\organoid_measurements_16_patches_segmentations\Condição  2 - 56_labels.tif
Condição  2 - 56.jpg,ConvPaint,9,826.37734241908,845.5855515332198,37568.0,1210.2762620207482,0.30489614605903625,109.35385591808205,0.32229896342592207,C:\Users\sophi\napari-organoid-segmentation\reports\segmentations\organoid_measurements_16_patches_segmentations\Condição  2 - 56_labels.tif
Condição  2 - 56.jpg,ConvPaint,10,911.6051702657808,437.6099719684385,38528.0,1074.802127934803,0.29046911001205444,110.74223807964641,0.41911122638297893,C:\Users\sophi\napari-organoid-segmentation\reports\segmentations\organoid_measurements_16_patches_segmentations\Condição  2 - 56_labels.tif
Condição  2 - 56.jpg,ConvPaint,11,981.8627965673902,52.417819283190305,19810.0,714.4629867976521,0.26827073097229004,79.40855649928976,0.4876799153457818,C:\Users\sophi\napari-organoid-segmentation\reports\segmentations\organoid_measurements_16_patches_segmentations\Condição  2 - 56_labels.tif
Condição  2 - 56.jpg,ConvPaint,12,1020.2115153788448,1769.0175918979744,26660.0,797.9777054234136,0.22357456386089325,92.12025600083763,0.5261244605149219,C:\Users\sophi\napari-organoid-segmentation\reports\segmentations\organoid_measurements_16_patches_segmentations\Condição  2 - 56_labels.tif
Condição  2 - 56.jpg,ConvPaint,13,1062.9626962142197,1345.9279778393352,5415.0,638.6700935788386,0.365194708108902,41.516840362499,0.16682270707995372,C:\Users\sophi\napari-organoid-segmentation\reports\segmentations\organoid_measurements_16_patches_segmentations\Condição  2 - 56_labels.tif
Condição  2 - 77.jpg,ConvPaint,1,42.18247346334238,261.44122438903975,20255.0,779.634559672906,0.2611788213253021,80.29549641575598,0.41875494342930786,C:\Users\sophi\napari-organoid-segmentation\reports\segmentations\organoid_measurements_16_patches_segmentations\Condição  2 - 77_labels.tif
Condição  2 - 77.jpg,ConvPaint,2,29.371626193519283,710.3653108788812,13301.0,681.8061325481598,0.2699263393878937,65.06796290134339,0.35956081080338315,C:\Users\sophi\napari-organoid-segmentation\reports\segmentations\organoid_measurements_16_patches_segmentations\Condição  2 - 77_labels.tif
Condição  2 - 77.jpg,ConvPaint,3,18.773484736764487,1142.4944698422062,6781.0,478.64570696119915,0.28985777497291565,46.45922231605136,0.37194204310986484,C:\Users\sophi\napari-organoid-segmentation\reports\segmentations\organoid_measurements_16_patches_segmentations\Condição  2 - 77_labels.tif
Condição  2 - 77.jpg,ConvPaint,4,305.45955340699817,1570.244544198895,43440.0,1443.2295808265221,0.24907127022743225,117.5898867072499,0.26207695682675514,C:\Users\sophi\napari-organoid-segmentation\reports\segmentations\organoid_measurements_16_patches_segmentations\Condição  2 - 77_labels.tif
Condição  2 - 77.jpg,ConvPaint,5,341.4178861410325,1152.4795616871786,42983.0,1166.1219330881975,0.2574966847896576,116.96971333570873,0.3972086157180658,C:\Users\sophi\napari-organoid-segmentation\reports\segmentations\organoid_measurements_16_patches_segmentations\Condição  2 - 77_labels.tif
Condição  2 - 77.jpg,ConvPaint,6,380.60116006365695,725.8365440991707,47756.0,1226.8204178980325,0.2299232929944992,123.29317468778679,0.3987271577347406,C:\Users\sophi\napari-organoid-segmentation\reports\segmentations\organoid_measurements_16_patches_segmentations\Condição  2 - 77_labels.tif
Condição  2 - 77.jpg,ConvPaint,7,403.9211079943899,297.63232819074335,42780.0,1817.2844507162113,0.2860097587108612,116.69317431170757,0.16278141637112942,C:\Users\sophi\napari-organoid-segmentation\reports\segmentations\organoid_measurements_16_patches_segmentations\Condição  2 - 77_labels.tif
Condição  2 - 77.jpg,ConvPaint,8,748.9833583013092,1616.6323194164006,61412.0,1230.4234482783627,0.2263597548007965,139.81432948850042,0.5097460949472733,C:\Users\sophi\napari-organoid-segmentation\reports\segmentations\organoid_measurements_16_patches_segmentations\Condição  2 - 77_labels.tif
Condição  2 - 77.jpg,ConvPaint,9,778.9181422942802,1183.9377972012137,44162.0,1421.4600282048218,0.2786887288093567,118.56306842203674,0.2746561284567802,C:\Users\sophi\napari-organoid-segmentation\reports\segmentations\organoid_measurements_16_patches_segmentations\Condição  2 - 77_labels.tif
Condição  2 - 77.jpg,ConvPaint,10,818.3207708094566,768.0406194194941,37519.0,2526.1271631908303,0.2897740304470062,109.28251744780425,0.07388405126190435,C:\Users\sophi\napari-organoid-segmentation\reports\segmentations\organoid_measurements_16_patches_segmentations\Condição  2 - 77_labels.tif
Condição  2 - 77.jpg,ConvPaint,11,845.4889727287548,341.6550455297049,42939.0,2651.169839771699,0.2905840575695038,116.90982936796114,0.07676914239808949,C:\Users\sophi\napari-organoid-segmentation\reports\segmentations\organoid_measurements_16_patches_segmentations\Condição  2 - 77_labels.tif
Condição  3 - 57.jpg,ConvPaint,1,69.47054740780976,189.46315408292594,33138.0,2274.458115632518,0.3320367932319641,102.7042015126862,0.08049710659956587,C:\Users\sophi\napari-organoid-segmentation\reports\segmentations\organoid_measurements_16_patches_segmentations\Condição  3 - 57_labels.tif
Condição  3 - 57.jpg,ConvPaint,2,41.24045946975883,605.6814197833306,18369.0,1223.9564568673536,0.3358008563518524,76.46590285421372,0.15408609276387758,C:\Users\sophi\napari-organoid-segmentation\reports\segmentations\organoid_measurements_16_patches_segmentations\Condição  3 - 57_labels.tif
Condição  3 - 57.jpg,ConvPaint,3,180.52185523541814,1873.6961817755914,21345.0,780.2497833620557,0.21738535165786743,82.42769268026986,0.4405941329114186,C:\Users\sophi\napari-organoid-segmentation\reports\segmentations\organoid_measurements_16_patches_segmentations\Condição  3 - 57_labels.tif
Condição  3 - 57.jpg,ConvPaint,4,244.79361598440545,1524.8506710151446,53352.0,2391.002271509802,0.2711476981639862,130.3168026298896,0.11727369017260621,C:\Users\sophi\napari-organoid-segmentation\reports\segmentations\organoid_measurements_16_patches_segmentations\Condição  3 - 57_labels.tif
Condição  3 - 57.jpg,ConvPaint,5,315.594420714022,1097.0410624198,56889.0,3809.10905269635,0.319755494594574,134.56719925416323,0.0492709970638051,C:\Users\sophi\napari-organoid-segmentation\reports\segmentations\organoid_measurements_16_patches_segmentations\Condição  3 - 57_labels.tif
Condição  3 - 57.jpg,ConvPaint,6,387.24752728668847,672.8661169716803,54697.0,2560.3403666264267,0.2996383309364319,131.94921691542848,0.10485230066534555,C:\Users\sophi\napari-organoid-segmentation\reports\segmentations\organoid_measurements_16_patches_segmentations\Condição  3 - 57_labels.tif
Condição  3 - 57.jpg,ConvPaint,7,463.82185031354345,260.1167643944947,49116.0,3363.9364338005694,0.3328380882740021,125.03642817116564,0.05454278297552165,C:\Users\sophi\napari-organoid-segmentation\reports\segmentations\organoid_measurements_16_patches_segmentations\Condição  3 - 57_labels.tif
Condição  3 - 57.jpg,ConvPaint,8,665.4398413148201,1589.999754415793,52935.0,1531.7920266670362,0.28455349802970886,129.80652458616615,0.28350007117187226,C:\Users\sophi\napari-organoid-segmentation\reports\segmentations\organoid_measurements_16_patches_segmentations\Condição  3 - 57_labels.tif
Condição  3 - 57.jpg,ConvPaint,9,726.0557900605288,1156.4724832749282,50224.0,3857.5354595675426,0.32854732871055603,126.43890114871571,0.04241322618424299,C:\Users\sophi\napari-organoid-segmentation\reports\segmentations\organoid_measurements_16_patches_segmentations\Condição  3 - 57_labels.tif
Condição  3 - 57.jpg,ConvPaint,10,801.3854821802935,725.8084179970972,49608.0,2721.1820330805194,0.33073049783706665,125.66111902177813,0.08418726343823492,C:\Users\sophi\napari-organoid-segmentation\reports\segmentations\organoid_measurements_16_patches_segmentations\Condição  3 - 57_labels.tif
Condição  3 - 57.jpg,ConvPaint,11,874.6345035589335,315.64859452286163,41445.0,2597.240907583565,0.33110910654067993,114.85796982746649,0.07720715311435386,C:\Users\sophi\napari-organoid-segmentation\reports\segmentations\organoid_measurements_16_patches_segmentations\Condição  3 - 57_labels.tif
Condição  3 - 81.jpg,ConvPaint,1,64.92471919063172,251.19668605114316,25106.0,964.8843430349616,0.2945934534072876,89.39512292362626,0.33887292397435964,C:\Users\sophi\napari-organoid-segmentation\reports\segmentations\organoid_measurements_16_patches_segmentations\Condição  3 - 81_labels.tif
Condição  3 - 81.jpg,ConvPaint,2,38.10119627824546,666.4323438192291,11285.0,688.2680733252853,0.3234618306159973,59.9343563040772,0.2993616601561646,C:\Users\sophi\napari-organoid-segmentation\reports\segmentations\organoid_measurements_16_patches_segmentations\Condição  3 - 81_labels.tif
Condição  3 - 81.jpg,ConvPaint,3,274.10110807076484,1586.7188913873913,36911.0,939.8843430349616,0.2572411596775055,108.39343249906749,0.5250695645917579,C:\Users\sophi\napari-organoid-segmentation\reports\segmentations\organoid_measurements_16_patches_segmentations\Condição  3 - 81_labels.tif
Condição  3 - 81.jpg,ConvPaint,4,351.0924408014572,1166.8897427140255,35136.0,1469.241774135342,0.2753465473651886,105.75507628929057,0.20453877314292254,C:\Users\sophi\napari-organoid-segmentation\reports\segmentations\organoid_measurements_16_patches_segmentations\Condição  3 - 81_labels.tif
Condição  3 - 81.jpg,ConvPaint,5,411.12352267465945,729.8686551161147,41037.0,1066.216341497176,0.2703399658203125,114.29121925731748,0.45362272095522577,C:\Users\sophi\napari-organoid-segmentation\reports\segmentations\organoid_measurements_16_patches_segmentations\Condição  3 - 81_labels.tif
Condição  3 - 81.jpg,ConvPaint,6,469.658388504134,321.68545016322423,32777.0,2323.3698038779494,0.32929274439811707,102.14324813440244,0.07630313535412857,C:\Users\sophi\napari-organoid-segmentation\reports\segmentations\organoid_measurements_16_patches_segmentations\Condição  3 - 81_labels.tif
Condição  3 - 81.jpg,ConvPaint,7,697.4621255899066,1649.665414620052,41532.0,1339.980843484993,0.2527196705341339,114.97845969130564,0.2906668673028343,C:\Users\sophi\napari-organoid-segmentation\reports\segmentations\organoid_measurements_16_patches_segmentations\Condição  3 - 81_labels.tif
Condição  3 - 81.jpg,ConvPaint,8,777.5931029154218,1233.5624291748222,38828.0,1290.9564568673536,0.2840023338794708,111.17255174162472,0.292773454368923,C:\Users\sophi\napari-organoid-segmentation\reports\segmentations\organoid_measurements_16_patches_segmentations\Condição  3 - 81_labels.tif
Condição  3 - 81.jpg,ConvPaint,9,846.1713662156263,821.2551142150444,34365.0,1241.3889603929565,0.30017945170402527,104.58833223025391,0.2802273077904671,C:\Users\sophi\napari-organoid-segmentation\reports\segmentations\organoid_measurements_16_patches_segmentations\Condição  3 - 81_labels.tif
Condição  3 - 81.jpg,ConvPaint,10,918.7655539181137,392.0284487729865,31214.0,1504.9524522539969,0.3025531768798828,99.67810585750937,0.17318637903651132,C:\Users\sophi\napari-organoid-segmentation\reports\segmentations\organoid_measurements_16_patches_segmentations\Condição  3 - 81_labels.tif
Condição  3 - 81.jpg,ConvPaint,11,961.731547960942,32.63095921883975,13928.0,759.9604614807104,0.2934666872024536,66.58393270728185,0.3030516315901373,C:\Users\sophi\napari-organoid-segmentation\reports\segmentations\organoid_measurements_16_patches_segmentations\Condição  3 - 81_labels.tif
Condição  3 - 81.jpg,ConvPaint,12,1041.9050121261116,1743.8008892481812,12370.0,1224.5290039756342,0.2562791407108307,62.74944854015445,0.10366721017563062,C:\Users\sophi\napari-organoid-segmentation\reports\segmentations\organoid_measurements_16_patches_segmentations\Condição  3 - 81_labels.tif
Condição  4 - 37.jpg,ConvPaint,1,45.36779745572462,218.3709777999501,16036.0,834.3218971944477,0.26981669664382935,71.44520512143042,0.28949337376766876,C:\Users\sophi\napari-organoid-segmentation\reports\segmentations\organoid_measurements_16_patches_segmentations\Condição  4 - 37_labels.tif
Condição  4 - 37.jpg,ConvPaint,2,31.313342065868262,646.3201721556886,10688.0,534.1076477383248,0.27457255125045776,58.32748977568257,0.47081329275650435,C:\Users\sophi\napari-organoid-segmentation\reports\segmentations\organoid_measurements_16_patches_segmentations\Condição  4 - 37_labels.tif
Condição  4 - 37.jpg,ConvPaint,3,267.6142917726887,1893.6990033927057,9432.0,516.1076477383248,0.23830847442150116,54.793237233124984,0.4449723927268928,C:\Users\sophi\napari-organoid-segmentation\reports\segmentations\organoid_measurements_16_patches_segmentations\Condição  4 - 37_labels.tif
Condição  4 - 37.jpg,ConvPaint,4,329.32475863409576,1523.7070887060195,30866.0,832.1503243191939,0.23886528611183167,99.1209006564654,0.5601271737192043,C:\Users\sophi\napari-organoid-segmentation\reports\segmentations\organoid_measurements_16_patches_segmentations\Condição  4 - 37_labels.tif
Condição  4 - 37.jpg,ConvPaint,5,369.1454693816995,1094.7636215273915,26961.0,885.3696244092001,0.2588748633861542,92.6388300951668,0.4322118049162436,C:\Users\sophi\napari-organoid-segmentation\reports\segmentations\organoid_measurements_16_patches_segmentations\Condição  4 - 37_labels.tif
Condição  4 - 37.jpg,ConvPaint,6,405.17659430631716,678.9766018177721,26626.0,1100.6011178080262,0.27039825916290283,92.06149591186106,0.27622049078066263,C:\Users\sophi\napari-organoid-segmentation\reports\segmentations\organoid_measurements_16_patches_segmentations\Condição  4 - 37_labels.tif
Condição  4 - 37.jpg,ConvPaint,7,433.1011171693293,242.79807069050977,26227.0,1049.1280297426074,0.26861438155174255,91.3691051994178,0.29943426735708006,C:\Users\sophi\napari-organoid-segmentation\reports\segmentations\organoid_measurements_16_patches_segmentations\Condição  4 - 37_labels.tif
Condição  4 - 37.jpg,ConvPaint,8,748.5192243396857,1558.1174077788921,17946.0,587.605122421383,0.27003517746925354,75.5803494134177,0.6531401494559433,C:\Users\sophi\napari-organoid-segmentation\reports\segmentations\organoid_measurements_16_patches_segmentations\Condição  4 - 37_labels.tif
Condição  4 - 37.jpg,ConvPaint,9,784.3387466439657,1136.0055333638923,30542.0,962.6477990022522,0.2538074851036072,98.59929281605085,0.4141641392660269,C:\Users\sophi\napari-organoid-segmentation\reports\segmentations\organoid_measurements_16_patches_segmentations\Condição  4 - 37_labels.tif
Condição  4 - 37.jpg,ConvPaint,10,825.5693245845517,701.2473432708081,28042.0,818.7127701597078,0.25284355878829956,94.47775308698795,0.5257214777530638,C:\Users\sophi\napari-organoid-segmentation\reports\segmentations\organoid_measurements_16_patches_segmentations\Condição  4 - 37_labels.tif
Condição  4 - 37.jpg,ConvPaint,11,858.8447572298776,277.50895972558993,33818.0,996.9503602129437,0.24771669507026672,103.75260830920557,0.4275734347912279,C:\Users\sophi\napari-organoid-segmentation\reports\segmentations\organoid_measurements_16_patches_segmentations\Condição  4 - 37_labels.tif
Condição  4 - 38.jpg,ConvPaint,1,239.14198200151793,1601.5820503090101,36892.0,861.3218971944477,0.22601424157619476,108.36553105620074,0.6249008096094532,C:\Users\sophi\napari-organoid-segmentation\reports\segmentations\organoid_measurements_16_patches_segmentations\Condição  4 - 38_labels.tif
Condição  4 - 38.jpg,ConvPaint,2,278.15203189015614,1170.777377920496,36124.0,899.3929650063133,0.23982982337474823,107.23164797998422,0.5611858670463769,C:\Users\sophi\napari-organoid-segmentation\reports\segmentations\organoid_measurements_16_patches_segmentations\Condição  4 - 38_labels.tif
Condição  4 - 38.jpg,ConvPaint,3,325.3725332618984,740.8769532994017,33597.0,866.399061660723,0.24864909052848816,103.41304195369564,0.5624376912853009,C:\Users\sophi\napari-organoid-segmentation\reports\segmentations\organoid_measurements_16_patches_segmentations\Condição  4 - 38_labels.tif
Condição  4 - 38.jpg,ConvPaint,4,359.46751309219337,303.51644135915234,32844.0,1004.4528855298854,0.2599351704120636,102.24759117857214,0.40907860477036423,C:\Users\sophi\napari-organoid-segmentation\reports\segmentations\organoid_measurements_16_patches_segmentations\Condição  4 - 38_labels.tif
Condição  4 - 38.jpg,ConvPaint,5,647.8948013732222,1632.2943845022069,32624.0,800.1086937588514,0.23073667287826538,101.90457166810519,0.6403967124307269,C:\Users\sophi\napari-organoid-segmentation\reports\segmentations\organoid_measurements_16_patches_segmentations\Condição  4 - 38_labels.tif
Condição  4 - 38.jpg,ConvPaint,6,693.7595790609822,1199.0070156502968,33354.0,826.3279938488575,0.24407163262367249,103.03838092562478,0.6138367091449068,C:\Users\sophi\napari-organoid-segmentation\reports\segmentations\organoid_measurements_16_patches_segmentations\Condição  4 - 38_labels.tif
Condição  4 - 38.jpg,ConvPaint,7,728.9370796268171,767.758298980256,27654.0,813.3218971944476,0.25993064045906067,93.82186095216055,0.525342930611007,C:\Users\sophi\napari-organoid-segmentation\reports\segmentations\organoid_measurements_16_patches_segmentations\Condição  4 - 38_labels.tif
Condição  4 - 38.jpg,ConvPaint,8,758.8891460549952,343.810902307586,28948.0,923.8549057834389,0.2647259533405304,95.9918464519168,0.4262073052993214,C:\Users\sophi\napari-organoid-segmentation\reports\segmentations\organoid_measurements_16_patches_segmentations\Condição  4 - 38_labels.tif
Condição  4 - 38.jpg,ConvPaint,9,1022.241624326699,1688.135080414104,26177.0,1402.0081886954629,0.2145869880914688,91.28196914305195,0.16735112514758363,C:\Users\sophi\napari-organoid-segmentation\reports\segmentations\organoid_measurements_16_patches_segmentations\Condição  4 - 38_labels.tif
Condição  4 - 38.jpg,ConvPaint,10,1046.8283193277312,1215.87756302521,11900.0,556.9716087690038,0.26116132736206055,61.54581744998688,0.48204847097023956,C:\Users\sophi\napari-organoid-segmentation\reports\segmentations\organoid_measurements_16_patches_segmentations\Condição  4 - 38_labels.tif
Condição  4 - 38.jpg,ConvPaint,11,1063.4391720367116,781.0960749853544,5121.0,434.98885271170684,0.3102412223815918,40.37406255440728,0.34010137257166984,C:\Users\sophi\napari-organoid-segmentation\reports\segmentations\organoid_measurements_16_patches_segmentations\Condição  4 - 38_labels.tif
Condição  4 - 39.jpg,ConvPaint,1,52.78795085216013,314.14179548156955,20184.0,704.3919189857867,0.24121688306331635,80.15464267734983,0.5111970884618737,C:\Users\sophi\napari-organoid-segmentation\reports\segmentations\organoid_measurements_16_patches_segmentations\Condição  4 - 39_labels.tif
Condição  4 - 39.jpg,ConvPaint,2,36.952828757773396,736.4873350523283,13186.0,646.8772003600252,0.271397203207016,64.78606454492713,0.39598546644451105,C:\Users\sophi\napari-organoid-segmentation\reports\segmentations\organoid_measurements_16_patches_segmentations\Condição  4 - 39_labels.tif
Condição  4 - 39.jpg,ConvPaint,3,16.044729677168416,1152.5812913263321,5142.0,418.61017305526644,0.3216403126716614,40.45676006252913,0.3687418070385384,C:\Users\sophi\napari-organoid-segmentation\reports\segmentations\organoid_measurements_16_patches_segmentations\Condição  4 - 39_labels.tif
Condição  4 - 39.jpg,ConvPaint,4,291.7771697186557,1612.7784326106785,28506.0,912.8071785686863,0.25385671854019165,95.25618938187237,0.42992039801463267,C:\Users\sophi\napari-organoid-segmentation\reports\segmentations\organoid_measurements_16_patches_segmentations\Condição  4 - 39_labels.tif
Condição  4 - 39.jpg,ConvPaint,5,325.6618269021147,1184.02864617397,22935.0,1349.6021638285529,0.28455525636672974,85.4425961662287,0.15823300531764278,C:\Users\sophi\napari-organoid-segmentation\reports\segmentations\organoid_measurements_16_patches_segmentations\Condição  4 - 39_labels.tif
Condição  4 - 39.jpg,ConvPaint,6,371.679746648991,758.0446604801886,33945.0,1032.6955262170047,0.26289552450180054,103.94724184175728,0.39998258777435997,C:\Users\sophi\napari-organoid-segmentation\reports\segmentations\organoid_measurements_16_patches_segmentations\Condição  4 - 39_labels.tif
Condição  4 - 39.jpg,ConvPaint,7,431.7698224852071,340.9881938574246,35490.0,1051.3168465605645,0.25781601667404175,106.28648954906137,0.40350471692970336,C:\Users\sophi\napari-organoid-segmentation\reports\segmentations\organoid_measurements_16_patches_segmentations\Condição  4 - 39_labels.tif
Condição  4 - 39.jpg,ConvPaint,8,702.525943796935,1634.7240816881308,29429.0,924.9259735953042,0.2546539902687073,96.78606118911325,0.43228624636357027,C:\Users\sophi\napari-organoid-segmentation\reports\segmentations\organoid_measurements_16_patches_segmentations\Condição  4 - 39_labels.tif
Condição  4 - 39.jpg,ConvPaint,9,730.7544378698225,1215.5555520584162,31772.0,895.5056633785214,0.2658984661102295,100.56511176263565,0.49787204796491746,C:\Users\sophi\napari-organoid-segmentation\reports\segmentations\organoid_measurements_16_patches_segmentations\Condição  4 - 39_labels.tif
Condição  4 - 39.jpg,ConvPaint,10,768.1848012859598,780.542320270495,36082.0,1109.0508652763322,0.25969770550727844,107.16929277215341,0.36863582278385393,C:\Users\sophi\napari-organoid-segmentation\reports\segmentations\organoid_measurements_16_patches_segmentations\Condição  4 - 39_labels.tif
Condição  4 - 39.jpg,ConvPaint,11,818.9411087247487,364.90864381984,32127.0,1042.5716805565035,0.2640898823738098,101.12537620907348,0.37142248331570676,C:\Users\sophi\napari-organoid-segmentation\reports\segmentations\organoid_measurements_16_patches_segmentations\Condição  4 - 39_labels.tif
Condição  4 - 39.jpg,ConvPaint,12,1041.574742689103,1740.314817840222,12242.0,1134.4751801064717,0.24082668125629425,62.423950745382704,0.11952871246346054,C:\Users\sophi\napari-organoid-segmentation\reports\segmentations\organoid_measurements_16_patches_segmentations\Condição  4 - 39_labels.tif
Condição  4 - 61.jpg,ConvPaint,1,288.8478834251691,1682.2254197895177,38293.0,1992.6763697019978,0.29526862502098083,110.40398757126437,0.12118691063236584,C:\Users\sophi\napari-organoid-segmentation\reports\segmentations\organoid_measurements_16_patches_segmentations\Condição  4 - 61_labels.tif
Condição  4 - 61.jpg,ConvPaint,2,306.2696170265041,1244.5750130524248,32561.0,2546.446968344225,0.3074473440647125,101.80613048353429,0.06310130283834478,C:\Users\sophi\napari-organoid-segmentation\reports\segmentations\organoid_measurements_16_patches_segmentations\Condição  4 - 61_labels.tif
Condição  4 - 61.jpg,ConvPaint,3,339.29460499706437,816.7233022375889,30658.0,2524.151549808469,0.32939833402633667,98.78635781636378,0.06046761388054669,C:\Users\sophi\napari-organoid-segmentation\reports\segmentations\organoid_measurements_16_patches_segmentations\Condição  4 - 61_labels.tif
Condição  4 - 61.jpg,ConvPaint,4,365.1548616875987,401.66684519187,37343.0,2306.292639411674,0.3063060939311981,109.02589637219818,0.08822471067108656,C:\Users\sophi\napari-organoid-segmentation\reports\segmentations\organoid_measurements_16_patches_segmentations\Condição  4 - 61_labels.tif
Condição  4 - 61.jpg,ConvPaint,5,381.6529927760578,23.607456140350877,7752.0,807.7716446627536,0.3655850887298584,49.67432171350451,0.14929539772016545,C:\Users\sophi\napari-organoid-segmentation\reports\segmentations\organoid_measurements_16_patches_segmentations\Condição  4 - 61_labels.tif
Condição  4 - 61.jpg,ConvPaint,6,719.2218548210999,1707.6830333468508,32057.0,1765.131167804187,0.3000493347644806,101.01514748488852,0.12929411984461914,C:\Users\sophi\napari-organoid-segmentation\reports\segmentations\organoid_measurements_16_patches_segmentations\Condição  4 - 61_labels.tif
Condição  4 - 61.jpg,ConvPaint,7,741.4871415292457,1292.4820463386925,29047.0,2591.9028124669403,0.3377857506275177,96.15584882876635,0.054334255778722564,C:\Users\sophi\napari-organoid-segmentation\reports\segmentations\organoid_measurements_16_patches_segmentations\Condição  4 - 61_labels.tif
Condição  4 - 61.jpg,ConvPaint,8,755.9921678686812,863.7240479065366,30643.0,2108.801261383026,0.3175419867038727,98.76218832290978,0.08659041873815637,C:\Users\sophi\napari-organoid-segmentation\reports\segmentations\organoid_measurements_16_patches_segmentations\Condição  4 - 61_labels.tif
Condição  4 - 61.jpg,ConvPaint,9,805.4170221843003,42.522717576791806,18752.0,1192.6955262170047,0.28719362616539,77.25896055292515,0.16565260807523782,C:\Users\sophi\napari-organoid-segmentation\reports\segmentations\organoid_measurements_16_patches_segmentations\Condição  4 - 61_labels.tif
Condição  4 - 61.jpg,ConvPaint,10,783.0918930138773,443.2603487130827,33724.0,2175.623591853362,0.31577804684638977,103.6083133810321,0.08953264723464109,C:\Users\sophi\napari-organoid-segmentation\reports\segmentations\organoid_measurements_16_patches_segmentations\Condição  4 - 61_labels.tif
Condição  4 - 61.jpg,ConvPaint,11,1041.6526475324429,1770.4056076536895,10557.0,1315.6011178080262,0.26732194423675537,57.96893537440789,0.07664819251323447,C:\Users\sophi\napari-organoid-segmentation\reports\segmentations\organoid_measurements_16_patches_segmentations\Condição  4 - 61_labels.tif
Condição  4 - 85.jpg,ConvPaint,1,281.4131288343558,336.3549202453988,40750.0,968.8843430349616,0.2384883463382721,113.89085943125318,0.5454985510879953,C:\Users\sophi\napari-organoid-segmentation\reports\segmentations\organoid_measurements_16_patches_segmentations\Condição  4 - 85_labels.tif
Condição  4 - 85.jpg,ConvPaint,2,287.42437578979474,766.6795285197612,45898.0,1144.5300499961609,0.24115145206451416,120.87095249092573,0.4403005482623983,C:\Users\sophi\napari-organoid-segmentation\reports\segmentations\organoid_measurements_16_patches_segmentations\Condição  4 - 85_labels.tif
Condição  4 - 85.jpg,ConvPaint,3,319.77736812251845,1179.0311684628475,35260.0,1454.9808434849933,0.26212018728256226,105.94152437472505,0.2093040448438147,C:\Users\sophi\napari-organoid-segmentation\reports\segmentations\organoid_measurements_16_patches_segmentations\Condição  4 - 85_labels.tif
Condição  4 - 85.jpg,ConvPaint,4,342.33281294351406,1620.4255132935946,42276.0,995.9615075012368,0.2122640460729599,116.00374454432898,0.5355729640026777,C:\Users\sophi\napari-organoid-segmentation\reports\segmentations\organoid_measurements_16_patches_segmentations\Condição  4 - 85_labels.tif
Condição  4 - 85.jpg,ConvPaint,5,707.2044415781062,303.420099262541,35663.0,1032.0092347159894,0.2512398362159729,106.54522734957455,0.4207853107770623,C:\Users\sophi\napari-organoid-segmentation\reports\segmentations\organoid_measurements_16_patches_segmentations\Condição  4 - 85_labels.tif
Condição  4 - 85.jpg,ConvPaint,6,750.4954293596428,1186.1018165665257,42773.0,1128.2813126546316,0.2549714744091034,116.6836267937335,0.42222581776560775,C:\Users\sophi\napari-organoid-segmentation\reports\segmentations\organoid_measurements_16_patches_segmentations\Condição  4 - 85_labels.tif
Condição  4 - 85.jpg,ConvPaint,7,741.9150909542607,747.9658541971457,36227.0,1138.1513703397204,0.24760472774505615,107.38441342569314,0.35143271192721665,C:\Users\sophi\napari-organoid-segmentation\reports\segmentations\organoid_measurements_16_patches_segmentations\Condição  4 - 85_labels.tif
Condição  4 - 85.jpg,ConvPaint,8,766.2596347861179,1603.463781275222,39648.0,1066.103643124968,0.24725903570652008,112.34033277240607,0.4383613884609391,C:\Users\sophi\napari-organoid-segmentation\reports\segmentations\organoid_measurements_16_patches_segmentations\Condição  4 - 85_labels.tif
Condição  4 - 85.jpg,ConvPaint,9,1061.260222440301,293.0011449133137,6114.0,541.8294731452727,0.3123868703842163,44.115152092310595,0.2617038117885023,C:\Users\sophi\napari-organoid-segmentation\reports\segmentations\organoid_measurements_16_patches_segmentations\Condição  4 - 85_labels.tif
Condição  4 - 86.jpg,ConvPaint,1,27.07645594823295,1606.065007466401,10045.0,622.072113832392,0.24266839027404785,56.54575852100825,0.32619578020667356,C:\Users\sophi\napari-organoid-segmentation\reports\segmentations\organoid_measurements_16_patches_segmentations\Condição  4 - 86_labels.tif
Condição  4 - 86.jpg,ConvPaint,2,327.75580386924617,321.52928619079387,29980.0,2424.7291475506336,0.28755849599838257,97.68792344906326,0.06407889681104298,C:\Users\sophi\napari-organoid-segmentation\reports\segmentations\organoid_measurements_16_patches_segmentations\Condição  4 - 86_labels.tif
Condição  4 - 86.jpg,ConvPaint,3,345.15010372099056,751.3708025411643,30852.0,1482.7270555095806,0.279366135597229,99.09841879940522,0.17634809079010788,C:\Users\sophi\napari-organoid-segmentation\reports\segmentations\organoid_measurements_16_patches_segmentations\Condição  4 - 86_labels.tif
Condição  4 - 86.jpg,ConvPaint,4,368.2651595431532,1167.1959025079477,42465.0,1573.4488809165287,0.24993786215782166,116.26275980207365,0.21554389011098501,C:\Users\sophi\napari-organoid-segmentation\reports\segmentations\organoid_measurements_16_patches_segmentations\Condição  4 - 86_labels.tif
Condição  4 - 86.jpg,ConvPaint,5,369.6612558617054,1592.0362385193819,36039.0,960.8904396893715,0.23043270409107208,107.10541530743266,0.49049530080043363,C:\Users\sophi\napari-organoid-segmentation\reports\segmentations\organoid_measurements_16_patches_segmentations\Condição  4 - 86_labels.tif
Condição  4 - 86.jpg,ConvPaint,6,758.3347070617064,304.2943305858766,35912.0,1993.6286424872455,0.27544301748275757,106.91653114758397,0.11354314706055538,C:\Users\sophi\napari-organoid-segmentation\reports\segmentations\organoid_measurements_16_patches_segmentations\Condição  4 - 86_labels.tif
Condição  4 - 86.jpg,ConvPaint,7,795.2279404906259,1138.8139166122562,42884.0,1361.3656197958433,0.2539219260215759,116.83493124535008,0.2907740155665135,C:\Users\sophi\napari-organoid-segmentation\reports\segmentations\organoid_measurements_16_patches_segmentations\Condição  4 - 86_labels.tif
Condição  4 - 86.jpg,ConvPaint,8,782.4028250725186,735.5873376213898,31716.0,1297.4305909532989,0.2736462652683258,100.47644674352843,0.236766364715105,C:\Users\sophi\napari-organoid-segmentation\reports\segmentations\organoid_measurements_16_patches_segmentations\Condição  4 - 86_labels.tif
Condição  4 - 86.jpg,ConvPaint,9,794.5121668597915,1575.0056412758431,32794.0,898.7127701597078,0.24694868922233582,102.1697333240683,0.5102258181733058,C:\Users\sophi\napari-organoid-segmentation\reports\segmentations\organoid_measurements_16_patches_segmentations\Condição  4 - 86_labels.tif
Condição  5 - 89.jpg,ConvPaint,1,184.33789684344583,1870.819748931138,21986.0,744.1553749530772,0.21242965757846832,83.65620812370605,0.4989176197423993,C:\Users\sophi\napari-organoid-segmentation\reports\segmentations\organoid_measurements_16_patches_segmentations\Condição  5 - 89_labels.tif
Condição  5 - 89.jpg,ConvPaint,2,242.53869886872573,1030.5962246624424,30143.0,1017.4884194358181,0.2583064138889313,97.95312603096444,0.3658789192532412,C:\Users\sophi\napari-organoid-segmentation\reports\segmentations\organoid_measurements_16_patches_segmentations\Condição  5 - 89_labels.tif
Condição  5 - 89.jpg,ConvPaint,3,247.38173095480988,1460.518624720836,36269.0,1274.0275246792191,0.23634770512580872,107.44664379123205,0.28079400022352274,C:\Users\sophi\napari-organoid-segmentation\reports\segmentations\organoid_measurements_16_patches_segmentations\Condição  5 - 89_labels.tif
Condição  5 - 89.jpg,ConvPaint,4,296.6511533412515,605.2137275739201,31994.0,2424.0621920333742,0.29818016290664673,100.91583869028786,0.06842123179854841,C:\Users\sophi\napari-organoid-segmentation\reports\segmentations\organoid_measurements_16_patches_segmentations\Condição  5 - 89_labels.tif
Condição  5 - 89.jpg,ConvPaint,5,339.940064708332,169.7348880417721,31217.0,3188.7333316327395,0.31272968649864197,99.68289580965931,0.038580213397234345,C:\Users\sophi\napari-organoid-segmentation\reports\segmentations\organoid_measurements_16_patches_segmentations\Condição  5 - 89_labels.tif
Condição  5 - 89.jpg,ConvPaint,6,615.7187665431445,1876.363155108523,15112.0,593.072113832392,0.22437073290348053,69.35631910654894,0.5399043179905343,C:\Users\sophi\napari-organoid-segmentation\reports\segmentations\organoid_measurements_16_patches_segmentations\Condição  5 - 89_labels.tif
Condição  5 - 89.jpg,ConvPaint,7,646.0126547137073,1522.9782070561018,43225.0,975.5117600329311,0.21712008118629456,117.29852867915417,0.5707945889211411,C:\Users\sophi\napari-organoid-segmentation\reports\segmentations\organoid_measurements_16_patches_segmentations\Condição  5 - 89_labels.tif
Condição  5 - 89.jpg,ConvPaint,8,679.1648335045628,1081.600229648879,33094.0,2310.144407133533,0.2878125011920929,102.63599453099468,0.07792572824406593,C:\Users\sophi\napari-organoid-segmentation\reports\segmentations\organoid_measurements_16_patches_segmentations\Condição  5 - 89_labels.tif
Condição  5 - 89.jpg,ConvPaint,9,725.6728254175271,630.0056153316668,27603.0,1632.1006845321376,0.299679160118103,93.73530705305859,0.13021837023450084,C:\Users\sophi\napari-organoid-segmentation\reports\segmentations\organoid_measurements_16_patches_segmentations\Condição  5 - 89_labels.tif
Condição  5 - 89.jpg,ConvPaint,10,784.6443240697126,231.07687235044747,21230.0,1930.0783899555513,0.33126577734947205,82.20534583396554,0.07161598372143484,C:\Users\sophi\napari-organoid-segmentation\reports\segmentations\organoid_measurements_16_patches_segmentations\Condição  5 - 89_labels.tif
Condição  5 - 89.jpg,ConvPaint,11,1042.8581211589112,1551.1468832309042,11390.0,703.8183258569795,0.2717396020889282,60.21253693072046,0.2889431790238351,C:\Users\sophi\napari-organoid-segmentation\reports\segmentations\organoid_measurements_16_patches_segmentations\Condição  5 - 89_labels.tif
Condição  5 - 89.jpg,ConvPaint,12,1058.096641221374,1123.473435114504,6550.0,549.6284630184961,0.31013742089271545,45.66103102760415,0.2724662622637723,C:\Users\sophi\napari-organoid-segmentation\reports\segmentations\organoid_measurements_16_patches_segmentations\Condição  5 - 89_labels.tif
Condição  5 - 89.jpg,ConvPaint,13,1060.2691746392086,651.9460029187611,6167.0,567.0487732352791,0.3147384822368622,44.30594845046698,0.2410143948212777,C:\Users\sophi\napari-organoid-segmentation\reports\segmentations\organoid_measurements_16_patches_segmentations\Condição  5 - 89_labels.tif
Condição  5 - 90.jpg,ConvPaint,1,30.53915601541895,316.59342665855144,9858.0,1151.3706704297267,0.3400467038154602,56.01695152362193,0.0934476433522762,C:\Users\sophi\napari-organoid-segmentation\reports\segmentations\organoid_measurements_16_patches_segmentations\Condição  5 - 90_labels.tif
Condição  5 - 90.jpg,ConvPaint,2,176.34726501804008,1689.7642938031656,37971.0,1002.2041481883562,0.22331254184246063,109.93882247998073,0.4750611403193223,C:\Users\sophi\napari-organoid-segmentation\reports\segmentations\organoid_measurements_16_patches_segmentations\Condição  5 - 90_labels.tif
Condição  5 - 90.jpg,ConvPaint,3,247.95374191773283,1250.4908859540515,29076.0,965.8965363437812,0.2603070139884949,96.20383698522579,0.391636631748251,C:\Users\sophi\napari-organoid-segmentation\reports\segmentations\organoid_measurements_16_patches_segmentations\Condição  5 - 90_labels.tif
Condição  5 - 90.jpg,ConvPaint,4,330.6251033642338,803.6088697393045,22977.0,1549.7625894155133,0.30829790234565735,85.52079428329088,0.12021892557370911,C:\Users\sophi\napari-organoid-segmentation\reports\segmentations\organoid_measurements_16_patches_segmentations\Condição  5 - 90_labels.tif
Condição  5 - 90.jpg,ConvPaint,5,407.2579343239772,374.9015960374243,27255.0,2084.865186519955,0.3025765120983124,93.14255712583382,0.07879526046342993,C:\Users\sophi\napari-organoid-segmentation\reports\segmentations\organoid_measurements_16_patches_segmentations\Condição  5 - 90_labels.tif
Condição  5 - 90.jpg,ConvPaint,6,591.9128042007472,1744.7902403312128,39612.0,921.819371877506,0.22074417769908905,112.28931922276631,0.5857940732127128,C:\Users\sophi\napari-organoid-segmentation\reports\segmentations\organoid_measurements_16_patches_segmentations\Condição  5 - 90_labels.tif
Condição  5 - 90.jpg,ConvPaint,7,669.2195334641377,1294.7640433108058,41283.0,1338.3889603929563,0.26993194222450256,114.63327192105018,0.28961191288862215,C:\Users\sophi\napari-organoid-segmentation\reports\segmentations\organoid_measurements_16_patches_segmentations\Condição  5 - 90_labels.tif
Condição  5 - 90.jpg,ConvPaint,8,736.933109059615,878.8650837114693,25564.0,1400.8031739553294,0.28665298223495483,90.20683970964966,0.16371347941222972,C:\Users\sophi\napari-organoid-segmentation\reports\segmentations\organoid_measurements_16_patches_segmentations\Condição  5 - 90_labels.tif
Condição  5 - 90.jpg,ConvPaint,9,814.5073317566115,435.0245538593851,23255.0,2287.2621561396245,0.31482720375061035,86.0365992075701,0.05585914951122112,C:\Users\sophi\napari-organoid-segmentation\reports\segmentations\organoid_measurements_16_patches_segmentations\Condição  5 - 90_labels.tif
Condição  5 - 90.jpg,ConvPaint,10,875.3048812050313,55.65893679797091,19319.0,1086.6660889654818,0.28401869535446167,78.41829309022641,0.20559013777553697,C:\Users\sophi\napari-organoid-segmentation\reports\segmentations\organoid_measurements_16_patches_segmentations\Condição  5 - 90_labels.tif
Condição  5 - 90.jpg,ConvPaint,11,997.5592919822094,1816.3562627719677,33276.0,1020.0437226013958,0.19315339624881744,102.91783019793907,0.4018864877824023,C:\Users\sophi\napari-organoid-segmentation\reports\segmentations\organoid_measurements_16_patches_segmentations\Condição  5 - 90_labels.tif
Condição  5 - 90.jpg,ConvPaint,12,1045.3583742742296,1403.3908887896382,11195.0,633.326947828331,0.2801530659198761,59.69488400045298,0.3507341281791387,C:\Users\sophi\napari-organoid-segmentation\reports\segmentations\organoid_measurements_16_patches_segmentations\Condição  5 - 90_labels.tif
Condição 1 - 1_.jpg,ConvPaint,1,252.14023679759444,325.5338470212366,26605.0,1533.3483758531402,0.2929457128047943,92.02518417215883,0.14219733340710822,C:\Users\sophi\napari-organoid-segmentation\reports\segmentations\organoid_measurements_16_patches_segmentations\Condição 1 - 1__labels.tif
Condição 1 - 1_.jpg,ConvPaint,2,285.3291128071646,742.43922883487,22667.0,1148.5960671741427,0.29132893681526184,84.94192245368586,0.21590826068207206,C:\Users\sophi\napari-organoid-segmentation\reports\segmentations\organoid_measurements_16_patches_segmentations\Condição 1 - 1__labels.tif
Condição 1 - 1_.jpg,ConvPaint,3,321.06574074074075,1173.5259971509972,28080.0,1579.9108216936543,0.2795897126197815,94.54174529825882,0.1413649747092891,C:\Users\sophi\napari-organoid-segmentation\reports\segmentations\organoid_measurements_16_patches_segmentations\Condição 1 - 1__labels.tif
Condição 1 - 1_.jpg,ConvPaint,4,351.46470521154066,1594.954308739119,26307.0,1592.519948728394,0.2776939272880554,91.50835030660853,0.1303501173066583,C:\Users\sophi\napari-organoid-segmentation\reports\segmentations\organoid_measurements_16_patches_segmentations\Condição 1 - 1__labels.tif
Condição 1 - 1_.jpg,ConvPaint,5,665.0102109971535,275.78105091944155,22133.0,1980.4743135546946,0.3218955397605896,83.93540796890093,0.07091069140961301,C:\Users\sophi\napari-organoid-segmentation\reports\segmentations\organoid_measurements_16_patches_segmentations\Condição 1 - 1__labels.tif
Condição 1 - 1_.jpg,ConvPaint,6,708.2699820151407,720.1601070726505,23909.0,1713.4621202458748,0.3097427487373352,87.23801389743035,0.10233454438136612,C:\Users\sophi\napari-organoid-segmentation\reports\segmentations\organoid_measurements_16_patches_segmentations\Condição 1 - 1__labels.tif
Condição 1 - 1_.jpg,ConvPaint,7,745.24269097768,1148.5258653812568,28629.0,1243.7615433949868,0.2784530222415924,95.46147773607814,0.23256362789069387,C:\Users\sophi\napari-organoid-segmentation\reports\segmentations\organoid_measurements_16_patches_segmentations\Condição 1 - 1__labels.tif
Condição 1 - 1_.jpg,ConvPaint,8,792.539420972205,1567.2110849543633,24213.0,1326.1879502661795,0.288978636264801,87.79087238527775,0.17300087944412273,C:\Users\sophi\napari-organoid-segmentation\reports\segmentations\organoid_measurements_16_patches_segmentations\Condição 1 - 1__labels.tif
Condição 1 - 1_.jpg,ConvPaint,9,1053.0933434381711,262.1321207528104,7917.0,746.3868683519033,0.3209162652492523,50.20019291713002,0.17858399289719748,C:\Users\sophi\napari-organoid-segmentation\reports\segmentations\organoid_measurements_16_patches_segmentations\Condição 1 - 1__labels.tif
Condição 1 - 2.jpg,ConvPaint,1,204.78380677615033,293.83074419292797,27036.0,1499.5849198858496,0.2874407172203064,92.7675917703212,0.1510811120869227,C:\Users\sophi\napari-organoid-segmentation\reports\segmentations\organoid_measurements_16_patches_segmentations\Condição 1 - 2_labels.tif
Condição 1 - 2.jpg,ConvPaint,2,236.71973891514742,694.3777177582714,22215.0,1936.5331880577403,0.3194255828857422,84.09074932222278,0.07443998776208201,C:\Users\sophi\napari-organoid-segmentation\reports\segmentations\organoid_measurements_16_patches_segmentations\Condição 1 - 2_labels.tif
Condição 1 - 2.jpg,ConvPaint,3,279.04896258713853,1139.2000164996082,24243.0,1433.6498910433052,0.2979500889778137,87.84524216344126,0.1482210936659919,C:\Users\sophi\napari-organoid-segmentation\reports\segmentations\organoid_measurements_16_patches_segmentations\Condição 1 - 2_labels.tif
Condição 1 - 2.jpg,ConvPaint,4,315.15119627065195,1567.8945979296634,29174.0,1108.9503602129437,0.2648315727710724,96.36582703181615,0.29811349079821403,C:\Users\sophi\napari-organoid-segmentation\reports\segmentations\organoid_measurements_16_patches_segmentations\Condição 1 - 2_labels.tif
Condição 1 - 2.jpg,ConvPaint,5,665.6160122386538,255.3441392875355,27454.0,1916.7880220536795,0.293985515832901,93.48197481487964,0.09390037349764419,C:\Users\sophi\napari-organoid-segmentation\reports\segmentations\organoid_measurements_16_patches_segmentations\Condição 1 - 2_labels.tif
Condição 1 - 2.jpg,ConvPaint,6,672.4090228293923,681.6393591431035,22033.0,1716.1128778409575,0.3062255084514618,83.7455773297161,0.09401384130836116,C:\Users\sophi\napari-organoid-segmentation\reports\segmentations\organoid_measurements_16_patches_segmentations\Condição 1 - 2_labels.tif
Condição 1 - 2.jpg,ConvPaint,7,703.6572960551513,1119.9037533512064,26110.0,1663.1128778409575,0.2939470410346985,91.16507625323841,0.11862419630315328,C:\Users\sophi\napari-organoid-segmentation\reports\segmentations\organoid_measurements_16_patches_segmentations\Condição 1 - 2_labels.tif
Condição 1 - 2.jpg,ConvPaint,8,732.4804184549356,1532.0166309012875,22368.0,1696.9057710597708,0.3068690598011017,84.37982895312736,0.09761612521641393,C:\Users\sophi\napari-organoid-segmentation\reports\segmentations\organoid_measurements_16_patches_segmentations\Condição 1 - 2_labels.tif
Condição 1 - 2.jpg,ConvPaint,9,767.3727707699,1883.8528708133972,9196.0,690.5756851698602,0.28028854727745056,54.103398353025284,0.2423183262967266,C:\Users\sophi\napari-organoid-segmentation\reports\segmentations\organoid_measurements_16_patches_segmentations\Condição 1 - 2_labels.tif
Condição 1 - 2.jpg,ConvPaint,10,1051.0183628318584,232.3362831858407,9040.0,676.7178207935912,0.3022349774837494,53.642533227854436,0.24806361462415563,C:\Users\sophi\napari-organoid-segmentation\reports\segmentations\organoid_measurements_16_patches_segmentations\Condição 1 - 2_labels.tif
Condição 1 - 2.jpg,ConvPaint,11,1052.3611693598125,667.4013815221414,8107.0,896.3696244092002,0.3287166655063629,50.79899848709609,0.12679314520398943,C:\Users\sophi\napari-organoid-segmentation\reports\segmentations\organoid_measurements_16_patches_segmentations\Condição 1 - 2_labels.tif
Condição 1 - 25.jpg,ConvPaint,1,16.59554873369148,701.5792402148887,5212.0,529.2497833620557,0.36041489243507385,40.73120581065477,0.23382604999490547,C:\Users\sophi\napari-organoid-segmentation\reports\segmentations\organoid_measurements_16_patches_segmentations\Condição 1 - 25_labels.tif
Condição 1 - 25.jpg,ConvPaint,2,344.3303708243947,1899.2403718459495,9789.0,754.6345596729059,0.2969715893268585,55.82056499045067,0.21601047479272323,C:\Users\sophi\napari-organoid-segmentation\reports\segmentations\organoid_measurements_16_patches_segmentations\Condição 1 - 25_labels.tif
Condição 1 - 25.jpg,ConvPaint,3,350.4001224864754,1104.6472389506991,29391.0,1373.5077554195743,0.2864503860473633,96.72355382649974,0.19577714675484084,C:\Users\sophi\napari-organoid-segmentation\reports\segmentations\organoid_measurements_16_patches_segmentations\Condição 1 - 25_labels.tif
Condição 1 - 25.jpg,ConvPaint,4,350.17080079199206,674.0665768342317,36364.0,1287.5249993622774,0.2620331346988678,107.58727016328356,0.27565772809332517,C:\Users\sophi\napari-organoid-segmentation\reports\segmentations\organoid_measurements_16_patches_segmentations\Condição 1 - 25_labels.tif
Condição 1 - 25.jpg,ConvPaint,5,358.3396913264539,252.8070639910948,33239.0,1155.636651713959,0.268660306930542,102.86059647339704,0.31276287664798225,C:\Users\sophi\napari-organoid-segmentation\reports\segmentations\organoid_measurements_16_patches_segmentations\Condição 1 - 25_labels.tif
Condição 1 - 25.jpg,ConvPaint,6,353.15261667732216,1526.2247084969708,32847.0,1136.3229432149742,0.2739259898662567,102.2522607646353,0.3196701048656223,C:\Users\sophi\napari-organoid-segmentation\reports\segmentations\organoid_measurements_16_patches_segmentations\Condição 1 - 25_labels.tif
Condição 1 - 25.jpg,ConvPaint,7,742.4963489623367,1887.2315526518064,15612.0,869.2680733252853,0.2602483034133911,70.49435398031065,0.2596336318932067,C:\Users\sophi\napari-organoid-segmentation\reports\segmentations\organoid_measurements_16_patches_segmentations\Condição 1 - 25_labels.tif
Condição 1 - 25.jpg,ConvPaint,8,742.1297457722029,245.8396236980625,35716.0,1147.5006127446377,0.2742462754249573,106.62436820417868,0.3408527687174284,C:\Users\sophi\napari-organoid-segmentation\reports\segmentations\organoid_measurements_16_patches_segmentations\Condição 1 - 25_labels.tif
Condição 1 - 25.jpg,ConvPaint,9,751.321721898577,656.8825088339223,41884.0,1837.864140499428,0.27714845538139343,115.46467543331981,0.15582287274709086,C:\Users\sophi\napari-organoid-segmentation\reports\segmentations\organoid_measurements_16_patches_segmentations\Condição 1 - 25_labels.tif
Condição 1 - 25.jpg,ConvPaint,10,753.4265934719706,1100.9167365261364,36979.0,1155.311795926681,0.2753853499889374,108.49323149943685,0.3481501699242223,C:\Users\sophi\napari-organoid-segmentation\reports\segmentations\organoid_measurements_16_patches_segmentations\Condição 1 - 25_labels.tif
Condição 1 - 25.jpg,ConvPaint,11,775.8805299037857,1520.2330658028332,41366.0,1669.082394568908,0.2741796374320984,114.74844988878363,0.18659407064736194,C:\Users\sophi\napari-organoid-segmentation\reports\segmentations\organoid_measurements_16_patches_segmentations\Condição 1 - 25_labels.tif
Condição 1 - 25.jpg,ConvPaint,12,1058.8649944080523,236.1771848538105,6259.0,464.9655121145938,0.28378963470458984,44.63520558510228,0.36380891179377994,C:\Users\sophi\napari-organoid-segmentation\reports\segmentations\organoid_measurements_16_patches_segmentations\Condição 1 - 25_labels.tif
Condição 1 - 26.jpg,ConvPaint,1,19.57771491434858,1538.99214207135,6363.0,610.0132393293462,0.34784555435180664,45.00450872732042,0.21487864946376692,C:\Users\sophi\napari-organoid-segmentation\reports\segmentations\organoid_measurements_16_patches_segmentations\Condição 1 - 26_labels.tif
Condição 1 - 26.jpg,ConvPaint,2,300.84217198899654,241.47881832316708,41805.0,1511.6326471006023,0.28666824102401733,115.35573150872638,0.22990349102567462,C:\Users\sophi\napari-organoid-segmentation\reports\segmentations\organoid_measurements_16_patches_segmentations\Condição 1 - 26_labels.tif
Condição 1 - 26.jpg,ConvPaint,3,309.3442583903008,673.8671843365172,41983.0,1528.3483758531402,0.270587295293808,115.60105514939768,0.22585963055265362,C:\Users\sophi\napari-organoid-segmentation\reports\segmentations\organoid_measurements_16_patches_segmentations\Condição 1 - 26_labels.tif
Condição 1 - 26.jpg,ConvPaint,4,345.42335223575344,1895.189643952775,10757.0,644.1787155501902,0.27870187163352966,58.51546330397664,0.32575289981658645,C:\Users\sophi\napari-organoid-segmentation\reports\segmentations\organoid_measurements_16_patches_segmentations\Condição 1 - 26_labels.tif
Condição 1 - 26.jpg,ConvPaint,5,331.42047289203686,1111.53900838498,38402.0,1436.141269071954,0.28440022468566895,110.56100691125208,0.2339749605377518,C:\Users\sophi\napari-organoid-segmentation\reports\segmentations\organoid_measurements_16_patches_segmentations\Condição 1 - 26_labels.tif
Condição 1 - 26.jpg,ConvPaint,6,346.3064669843431,1525.865214431586,29380.0,1220.2407281148157,0.2822381556034088,96.70545204940501,0.24795371678969746,C:\Users\sophi\napari-organoid-segmentation\reports\segmentations\organoid_measurements_16_patches_segmentations\Condição 1 - 26_labels.tif
Condição 1 - 26.jpg,ConvPaint,7,730.7882177961718,238.16489912053802,46392.0,1475.3889603929563,0.26248839497566223,121.51967840575624,0.2678180852267621,C:\Users\sophi\napari-organoid-segmentation\reports\segmentations\organoid_measurements_16_patches_segmentations\Condição 1 - 26_labels.tif
Condição 1 - 26.jpg,ConvPaint,8,744.6015699261031,660.2260754913684,32613.0,1864.6336931211288,0.30341842770576477,101.88739037835823,0.11787278900243155,C:\Users\sophi\napari-organoid-segmentation\reports\segmentations\organoid_measurements_16_patches_segmentations\Condição 1 - 26_labels.tif
Condição 1 - 26.jpg,ConvPaint,9,756.8407277976145,1089.4566968016409,26326.0,1253.9331162702406,0.30253085494041443,91.54138989372225,0.21040012648149375,C:\Users\sophi\napari-organoid-segmentation\reports\segmentations\organoid_measurements_16_patches_segmentations\Condição 1 - 26_labels.tif
Condição 1 - 26.jpg,ConvPaint,10,784.9154989838486,1893.1212963953365,9349.0,576.5218613006978,0.2587052285671234,54.551618912111664,0.35346259668268754,C:\Users\sophi\napari-organoid-segmentation\reports\segmentations\organoid_measurements_16_patches_segmentations\Condição 1 - 26_labels.tif
Condição 1 - 26.jpg,ConvPaint,11,784.9165077565325,1515.841725506365,38806.0,1555.3189386016174,0.2655724585056305,111.1410520161123,0.20159038894932138,C:\Users\sophi\napari-organoid-segmentation\reports\segmentations\organoid_measurements_16_patches_segmentations\Condição 1 - 26_labels.tif
Condição 1 - 27.jpg,ConvPaint,1,358.4648852016207,1615.4304456878256,31098.0,1194.77269068328,0.259179025888443,99.49271752517127,0.2737611072749474,C:\Users\sophi\napari-organoid-segmentation\reports\segmentations\organoid_measurements_16_patches_segmentations\Condição 1 - 27_labels.tif
Condição 1 - 27.jpg,ConvPaint,2,355.30655297647246,757.5206695089215,31665.0,1125.6305550595491,0.26395705342292786,100.39563011411269,0.314049140756448,C:\Users\sophi\napari-organoid-segmentation\reports\segmentations\organoid_measurements_16_patches_segmentations\Condição 1 - 27_labels.tif
Condição 1 - 27.jpg,ConvPaint,3,351.95714856598323,1187.7032676523932,32531.0,1043.5239533417507,0.27938565611839294,101.75922025764984,0.3754070574082809,C:\Users\sophi\napari-organoid-segmentation\reports\segmentations\organoid_measurements_16_patches_segmentations\Condição 1 - 27_labels.tif
Condição 1 - 27.jpg,ConvPaint,4,360.1493535909677,337.780220929017,28697.0,1504.7037149124676,0.3182140588760376,95.57478121249476,0.15927381234612822,C:\Users\sophi\napari-organoid-segmentation\reports\segmentations\organoid_measurements_16_patches_segmentations\Condição 1 - 27_labels.tif
Condição 1 - 27.jpg,ConvPaint,5,764.5870679554774,1622.460652216364,40968.0,1698.0113267570425,0.2665503919124603,114.195093665085,0.17855559407039914,C:\Users\sophi\napari-organoid-segmentation\reports\segmentations\organoid_measurements_16_patches_segmentations\Condição 1 - 27_labels.tif
Condição 1 - 27.jpg,ConvPaint,6,773.8454120658353,1190.5351052114647,33599.0,1131.050865276332,0.262594074010849,103.41611995181981,0.330044076900719,C:\Users\sophi\napari-organoid-segmentation\reports\segmentations\organoid_measurements_16_patches_segmentations\Condição 1 - 27_labels.tif
Condição 1 - 27.jpg,ConvPaint,7,787.9720617095508,320.30159725250763,36688.0,1172.9919907732865,0.2812292277812958,108.06550376651614,0.33507637461274037,C:\Users\sophi\napari-organoid-segmentation\reports\segmentations\organoid_measurements_16_patches_segmentations\Condição 1 - 27_labels.tif
Condição 1 - 27.jpg,ConvPaint,8,786.1685181511605,757.5194736494082,30246.0,1136.027524679219,0.27017802000045776,98.12033844985928,0.294510039456141,C:\Users\sophi\napari-organoid-segmentation\reports\segmentations\organoid_measurements_16_patches_segmentations\Condição 1 - 27_labels.tif
Condição 1 - 27.jpg,ConvPaint,9,1011.696290717379,1798.6718132178498,5311.0,556.7106781186548,0.211532860994339,41.11622314272205,0.21534116709734297,C:\Users\sophi\napari-organoid-segmentation\reports\segmentations\organoid_measurements_16_patches_segmentations\Condição 1 - 27_labels.tif
Condição 1 - 3.jpg,ConvPaint,1,25.661937314587902,1172.6756094415066,7753.0,455.82337649086276,0.27194130420684814,49.6775255783028,0.4689067238983069,C:\Users\sophi\napari-organoid-segmentation\reports\segmentations\organoid_measurements_16_patches_segmentations\Condição 1 - 3_labels.tif
Condição 1 - 3.jpg,ConvPaint,2,24.480365605958024,1616.6701647483637,8862.0,597.6579002700189,0.22534683346748352,53.111789758590824,0.31177140514567786,C:\Users\sophi\napari-organoid-segmentation\reports\segmentations\organoid_measurements_16_patches_segmentations\Condição 1 - 3_labels.tif
Condição 1 - 3.jpg,ConvPaint,3,322.50818086875796,290.0343867249449,25853.0,914.8904396893715,0.28521695733070374,90.71529908185025,0.3881348431693458,C:\Users\sophi\napari-organoid-segmentation\reports\segmentations\organoid_measurements_16_patches_segmentations\Condição 1 - 3_labels.tif
Condição 1 - 3.jpg,ConvPaint,4,355.8228374277757,715.0666749802552,24057.0,1044.216341497176,0.2934419810771942,87.50760499478575,0.27724923809975843,C:\Users\sophi\napari-organoid-segmentation\reports\segmentations\organoid_measurements_16_patches_segmentations\Condição 1 - 3_labels.tif
Condição 1 - 3.jpg,ConvPaint,5,374.9024372656475,1156.7691808479954,27736.0,982.796031280393,0.2610604763031006,93.9608588891865,0.3608501619757647,C:\Users\sophi\napari-organoid-segmentation\reports\segmentations\organoid_measurements_16_patches_segmentations\Condição 1 - 3_labels.tif
Condição 1 - 3.jpg,ConvPaint,6,424.15754492492,1579.5519816197589,24374.0,842.6589462905454,0.2524625360965729,88.0822636280637,0.43135317491006764,C:\Users\sophi\napari-organoid-segmentation\reports\segmentations\organoid_measurements_16_patches_segmentations\Condição 1 - 3_labels.tif
Condição 1 - 3.jpg,ConvPaint,7,739.9033939889594,267.32563211340556,29346.0,1222.3534264870236,0.2809411287307739,96.64947966724664,0.24681138476012557,C:\Users\sophi\napari-organoid-segmentation\reports\segmentations\organoid_measurements_16_patches_segmentations\Condição 1 - 3_labels.tif
Condição 1 - 3.jpg,ConvPaint,8,765.4713106603023,699.0843277645187,20112.0,1233.9453095790604,0.312820166349411,80.01155185926841,0.1659867040511145,C:\Users\sophi\napari-organoid-segmentation\reports\segmentations\organoid_measurements_16_patches_segmentations\Condição 1 - 3_labels.tif
Condição 1 - 3.jpg,ConvPaint,9,807.5233709645474,1130.1016537928303,20196.0,1255.4894654563448,0.30466428399086,80.17846631962873,0.16100860233945,C:\Users\sophi\napari-organoid-segmentation\reports\segmentations\organoid_measurements_16_patches_segmentations\Condição 1 - 3_labels.tif
Condição 1 - 3.jpg,ConvPaint,10,837.331089435362,1571.3798942162384,29116.0,851.5584412271571,0.2501072287559509,96.26998829400183,0.5045598142232038,C:\Users\sophi\napari-organoid-segmentation\reports\segmentations\organoid_measurements_16_patches_segmentations\Condição 1 - 3_labels.tif
Condição 1 - 4.jpg,ConvPaint,1,34.86347457627119,1194.0281355932204,11800.0,543.0071426749364,0.20410668849945068,61.28667601500941,0.5028990170011619,C:\Users\sophi\napari-organoid-segmentation\reports\segmentations\organoid_measurements_16_patches_segmentations\Condição 1 - 4_labels.tif
Condição 1 - 4.jpg,ConvPaint,2,50.29347524294308,1611.3538176770014,21610.0,753.2914139223983,0.16812098026275635,82.93778777150808,0.47856242484204736,C:\Users\sophi\napari-organoid-segmentation\reports\segmentations\organoid_measurements_16_patches_segmentations\Condição 1 - 4_labels.tif
Condição 1 - 4.jpg,ConvPaint,3,307.3139447236181,300.83715452261305,31840.0,897.0620125646253,0.24719776213169098,100.67267144608756,0.49720786593874794,C:\Users\sophi\napari-organoid-segmentation\reports\segmentations\organoid_measurements_16_patches_segmentations\Condição 1 - 4_labels.tif
Condição 1 - 4.jpg,ConvPaint,4,336.8877358490566,716.070778906628,41340.0,927.955410846827,0.22447195649147034,114.71238248261565,0.6032899900025642,C:\Users\sophi\napari-organoid-segmentation\reports\segmentations\organoid_measurements_16_patches_segmentations\Condição 1 - 4_labels.tif
Condição 1 - 4.jpg,ConvPaint,5,377.3969564765763,1160.996000830996,38508.0,926.5351006300441,0.20986738801002502,110.71349103503788,0.563685773159812,C:\Users\sophi\napari-organoid-segmentation\reports\segmentations\organoid_measurements_16_patches_segmentations\Condição 1 - 4_labels.tif
Condição 1 - 4.jpg,ConvPaint,6,421.9116582825876,1597.5125761186127,45324.0,972.9493141924172,0.18404880166053772,120.11276901892708,0.6016690368132571,C:\Users\sophi\napari-organoid-segmentation\reports\segmentations\organoid_measurements_16_patches_segmentations\Condição 1 - 4_labels.tif
Condição 1 - 4.jpg,ConvPaint,7,734.9876082537384,253.16847205591603,35911.0,1265.9036790187179,0.24885806441307068,106.91504254662253,0.28160219708671047,C:\Users\sophi\napari-organoid-segmentation\reports\segmentations\organoid_measurements_16_patches_segmentations\Condição 1 - 4_labels.tif
Condição 1 - 4.jpg,ConvPaint,8,765.8975013331302,692.8153424240115,26254.0,849.2274887854692,0.2645127773284912,91.4161241350192,0.4574643527881918,C:\Users\sophi\napari-organoid-segmentation\reports\segmentations\organoid_measurements_16_patches_segmentations\Condição 1 - 4_labels.tif
Condição 1 - 4.jpg,ConvPaint,9,793.8583905177792,1123.206093837213,30457.0,1164.9919907732863,0.24697990715503693,98.4619937006138,0.28200129849522665,C:\Users\sophi\napari-organoid-segmentation\reports\segmentations\organoid_measurements_16_patches_segmentations\Condição 1 - 4_labels.tif
Condição 1 - 4.jpg,ConvPaint,10,843.7772867093307,1566.0198352367147,28283.0,1118.6011178080262,0.23084013164043427,94.8828673203764,0.2840434896518206,C:\Users\sophi\napari-organoid-segmentation\reports\segmentations\organoid_measurements_16_patches_segmentations\Condição 1 - 4_labels.tif
Condição 1 - 4.jpg,ConvPaint,11,1011.8220528077352,1824.6982149497956,5378.0,596.8233764908628,0.21636222302913666,41.37475761737374,0.1897313125970416,C:\Users\sophi\napari-organoid-segmentation\reports\segmentations\organoid_measurements_16_patches_segmentations\Condição 1 - 4_labels.tif
Condição 1 - 49.jpg,ConvPaint,1,53.61705060051191,215.35833825556213,5079.0,1833.6925676241744,0.435085654258728,40.208157280923395,0.018981696601266983,C:\Users\sophi\napari-organoid-segmentation\reports\segmentations\organoid_measurements_16_patches_segmentations\Condição 1 - 49_labels.tif
Condição 1 - 49.jpg,ConvPaint,2,304.86644877207317,1573.4932588860138,44058.0,8161.955262170048,0.39365747570991516,118.42338014718821,0.008310864902686935,C:\Users\sophi\napari-organoid-segmentation\reports\segmentations\organoid_measurements_16_patches_segmentations\Condição 1 - 49_labels.tif
Condição 1 - 49.jpg,ConvPaint,3,340.39096484898465,1163.054891248325,38804.0,8013.472939388639,0.39680516719818115,111.13818796199537,0.007593549188911681,C:\Users\sophi\napari-organoid-segmentation\reports\segmentations\organoid_measurements_16_patches_segmentations\Condição 1 - 49_labels.tif
Condição 1 - 49.jpg,ConvPaint,4,286.40548734273153,1890.660451720479,6597.0,1417.0285706997456,0.39433014392852783,45.82456021779661,0.041285650768732515,C:\Users\sophi\napari-organoid-segmentation\reports\segmentations\organoid_measurements_16_patches_segmentations\Condição 1 - 49_labels.tif
Condição 1 - 49.jpg,ConvPaint,5,372.72047389855607,733.9059607552758,24309.0,8959.005947977628,0.43431103229522705,87.96473738516912,0.00380589942850124,C:\Users\sophi\napari-organoid-segmentation\reports\segmentations\organoid_measurements_16_patches_segmentations\Condição 1 - 49_labels.tif
Condição 1 - 49.jpg,ConvPaint,6,441.79496184237183,240.83480786114674,14807.0,4687.28167159213,0.41353467106819153,68.65285489128175,0.008469052711108548,C:\Users\sophi\napari-organoid-segmentation\reports\segmentations\organoid_measurements_16_patches_segmentations\Condição 1 - 49_labels.tif
Condição 1 - 49.jpg,ConvPaint,7,433.6049000644745,387.0744036105738,7755.0,2630.516990135564,0.41718411445617676,49.68393268809643,0.014083462567207503,C:\Users\sophi\napari-organoid-segmentation\reports\segmentations\organoid_measurements_16_patches_segmentations\Condição 1 - 49_labels.tif
Condição 1 - 49.jpg,ConvPaint,8,731.2960369696121,1625.9004341128693,42846.0,7442.923732877472,0.3985883891582489,116.7831553925081,0.009719255741778505,C:\Users\sophi\napari-organoid-segmentation\reports\segmentations\organoid_measurements_16_patches_segmentations\Condição 1 - 49_labels.tif
Condição 1 - 49.jpg,ConvPaint,9,785.4690354119471,1208.764754977942,41935.0,6961.5185745623385,0.3863828480243683,115.53495175537688,0.010873729845206964,C:\Users\sophi\napari-organoid-segmentation\reports\segmentations\organoid_measurements_16_patches_segmentations\Condição 1 - 49_labels.tif
Condição 1 - 49.jpg,ConvPaint,10,826.1962549092949,779.4246306340003,42776.0,11069.968680968143,0.39565977454185486,116.68771868280668,0.004386491082070357,C:\Users\sophi\napari-organoid-segmentation\reports\segmentations\organoid_measurements_16_patches_segmentations\Condição 1 - 49_labels.tif
Condição 1 - 49.jpg,ConvPaint,11,881.159108855048,336.4481951494642,35460.0,8426.0942597322,0.38603630661964417,106.24155761319211,0.006276188359482335,C:\Users\sophi\napari-organoid-segmentation\reports\segmentations\organoid_measurements_16_patches_segmentations\Condição 1 - 49_labels.tif
Condição 1 - 49.jpg,ConvPaint,12,1041.8255730943126,1709.5362893630522,12607.0,1571.8559518039651,0.31751298904418945,63.34771294308145,0.06412038615009441,C:\Users\sophi\napari-organoid-segmentation\reports\segmentations\organoid_measurements_16_patches_segmentations\Condição 1 - 49_labels.tif
Condição 1 - 50.jpg,ConvPaint,1,45.46343605300974,267.6654957688009,12526.0,3415.1008640008868,0.4051516652107239,63.14388041875604,0.013496314858584355,C:\Users\sophi\napari-organoid-segmentation\reports\segmentations\organoid_measurements_16_patches_segmentations\Condição 1 - 50_labels.tif
Condição 1 - 50.jpg,ConvPaint,2,263.15693691310673,1562.5250892739057,37805.0,8197.982607380516,0.4027802050113678,109.69824632681329,0.007068790674232307,C:\Users\sophi\napari-organoid-segmentation\reports\segmentations\organoid_measurements_16_patches_segmentations\Condição 1 - 50_labels.tif
Condição 1 - 50.jpg,ConvPaint,3,302.1524390243902,1155.8916547106649,41820.0,11497.048983495999,0.43007203936576843,115.37642497584213,0.003975768872131206,C:\Users\sophi\napari-organoid-segmentation\reports\segmentations\organoid_measurements_16_patches_segmentations\Condição 1 - 50_labels.tif
Condição 1 - 50.jpg,ConvPaint,4,263.8549810844893,1887.3923917612442,9516.0,1789.0001794687491,0.37795373797416687,55.0366866455908,0.037363153928343384,C:\Users\sophi\napari-organoid-segmentation\reports\segmentations\organoid_measurements_16_patches_segmentations\Condição 1 - 50_labels.tif
Condição 1 - 50.jpg,ConvPaint,5,350.8975622043718,736.7830893671808,35729.0,10988.595051945586,0.4245668649673462,106.64377114234406,0.0037183167821729455,C:\Users\sophi\napari-organoid-segmentation\reports\segmentations\organoid_measurements_16_patches_segmentations\Condição 1 - 50_labels.tif
Condição 1 - 50.jpg,ConvPaint,6,402.29337964487826,307.6339192143007,33397.0,9617.22124345428,0.4025477468967438,103.10477810887359,0.004537515341891971,C:\Users\sophi\napari-organoid-segmentation\reports\segmentations\organoid_measurements_16_patches_segmentations\Condição 1 - 50_labels.tif
Condição 1 - 50.jpg,ConvPaint,7,715.0377946290572,1605.5908520092735,41408.0,5403.849347535277,0.36680397391319275,114.80668868623641,0.017819177453038397,C:\Users\sophi\napari-organoid-segmentation\reports\segmentations\organoid_measurements_16_patches_segmentations\Condição 1 - 50_labels.tif
Condição 1 - 50.jpg,ConvPaint,8,744.858547094863,1219.0514037568169,29706.0,9208.518754031087,0.4379647374153137,97.24049300047632,0.004402247818311406,C:\Users\sophi\napari-organoid-segmentation\reports\segmentations\organoid_measurements_16_patches_segmentations\Condição 1 - 50_labels.tif
Condição 1 - 50.jpg,ConvPaint,9,794.8680153436438,773.5228077890982,40929.0,8958.055767233436,0.39499449729919434,114.1407259991646,0.006409342418574212,C:\Users\sophi\napari-organoid-segmentation\reports\segmentations\organoid_measurements_16_patches_segmentations\Condição 1 - 50_labels.tif
Condição 1 - 50.jpg,ConvPaint,10,839.4385347769305,340.6136411509458,47474.0,8127.112549695428,0.36949214339256287,122.92861154625183,0.00903219158708028,C:\Users\sophi\napari-organoid-segmentation\reports\segmentations\organoid_measurements_16_patches_segmentations\Condição 1 - 50_labels.tif
Condição 1 - 50.jpg,ConvPaint,11,881.7610738255033,25.226398210290828,6705.0,1842.6925676241744,0.41707417368888855,46.19813618385829,0.024814348535259975,C:\Users\sophi\napari-organoid-segmentation\reports\segmentations\organoid_measurements_16_patches_segmentations\Condição 1 - 50_labels.tif
Condição 1 - 50.jpg,ConvPaint,12,1048.5445500179276,1638.1592864826102,11156.0,1755.2661607529817,0.37924444675445557,59.59081380772014,0.04550220147259213,C:\Users\sophi\napari-organoid-segmentation\reports\segmentations\organoid_measurements_16_patches_segmentations\Condição 1 - 50_labels.tif
Condição 1 - 51.jpg,ConvPaint,1,290.4217954613933,1565.611522542381,63059.0,1840.0174234114522,0.24502618610858917,141.67675572536118,0.23405238583792223,C:\Users\sophi\napari-organoid-segmentation\reports\segmentations\organoid_measurements_16_patches_segmentations\Condição 1 - 51_labels.tif
Condição 1 - 51.jpg,ConvPaint,2,261.3695369536954,1894.8521852185218,9999.0,563.9238815542512,0.23559299111366272,56.416137336330664,0.39511676614632235,C:\Users\sophi\napari-organoid-segmentation\reports\segmentations\organoid_measurements_16_patches_segmentations\Condição 1 - 51_labels.tif
Condição 1 - 51.jpg,ConvPaint,3,307.394042335268,1147.4833048822125,58580.0,2632.8256480006653,0.306315153837204,136.55252884017366,0.10619768050282166,C:\Users\sophi\napari-organoid-segmentation\reports\segmentations\organoid_measurements_16_patches_segmentations\Condição 1 - 51_labels.tif
Condição 1 - 51.jpg,ConvPaint,4,326.5986403833418,721.8515134987729,51338.0,6276.870775560086,0.35377243161201477,127.83345781485943,0.016374288355586124,C:\Users\sophi\napari-organoid-segmentation\reports\segmentations\organoid_measurements_16_patches_segmentations\Condição 1 - 51_labels.tif
Condição 1 - 51.jpg,ConvPaint,5,352.67166556346183,303.76673423796126,48344.0,7077.067781073505,0.3585366904735565,124.04988165116957,0.012129579213528576,C:\Users\sophi\napari-organoid-segmentation\reports\segmentations\organoid_measurements_16_patches_segmentations\Condição 1 - 51_labels.tif
Condição 1 - 51.jpg,ConvPaint,6,721.9341613732012,1592.323140456788,63443.0,1441.1107857999043,0.2506501376628876,142.10747379767975,0.3838829626796981,C:\Users\sophi\napari-organoid-segmentation\reports\segmentations\organoid_measurements_16_patches_segmentations\Condição 1 - 51_labels.tif
Condição 1 - 51.jpg,ConvPaint,7,749.0392238492587,1168.6319981175448,55247.0,4242.6664479029805,0.32518744468688965,132.6109583782422,0.03856921369766561,C:\Users\sophi\napari-organoid-segmentation\reports\segmentations\organoid_measurements_16_patches_segmentations\Condição 1 - 51_labels.tif
Condição 1 - 51.jpg,ConvPaint,8,766.8220583171744,744.1945959660028,55181.0,3716.7232303649735,0.3183267116546631,132.53172386077136,0.05019714145723482,C:\Users\sophi\napari-organoid-segmentation\reports\segmentations\organoid_measurements_16_patches_segmentations\Condição 1 - 51_labels.tif
Condição 1 - 51.jpg,ConvPaint,9,794.1887302642132,318.5413277114508,43639.0,6070.6321394863235,0.35644012689590454,117.85892042257319,0.014880475885186163,C:\Users\sophi\napari-organoid-segmentation\reports\segmentations\organoid_measurements_16_patches_segmentations\Condição 1 - 51_labels.tif
Condição 1 - 52.jpg,ConvPaint,1,44.11496862064361,309.3095873948458,14978.0,766.6528496361354,0.3126886785030365,69.04813882546594,0.320233072108597,C:\Users\sophi\napari-organoid-segmentation\reports\segmentations\organoid_measurements_16_patches_segmentations\Condição 1 - 52_labels.tif
Condição 1 - 52.jpg,ConvPaint,2,40.80623503695222,723.6918913292391,19214.0,1235.0325753131024,0.3102078437805176,78.20489852391188,0.15829632226867282,C:\Users\sophi\napari-organoid-segmentation\reports\segmentations\organoid_measurements_16_patches_segmentations\Condição 1 - 52_labels.tif
Condição 1 - 52.jpg,ConvPaint,3,27.830844897242226,1139.7052520639381,11386.0,1096.210244842766,0.3397829532623291,60.2019631248736,0.1190675261446256,C:\Users\sophi\napari-organoid-segmentation\reports\segmentations\organoid_measurements_16_patches_segmentations\Condição 1 - 52_labels.tif
Condição 1 - 52.jpg,ConvPaint,4,20.097018119560566,1575.1458125267513,7009.0,1102.0742058734452,0.34493690729141235,47.233822545525456,0.07251773790202973,C:\Users\sophi\napari-organoid-segmentation\reports\segmentations\organoid_measurements_16_patches_segmentations\Condição 1 - 52_labels.tif
Condição 1 - 52.jpg,ConvPaint,5,347.97641965715735,1592.971392778421,63061.0,1728.473267534168,0.2822331190109253,141.6790024408558,0.2652438866583418,C:\Users\sophi\napari-organoid-segmentation\reports\segmentations\organoid_measurements_16_patches_segmentations\Condição 1 - 52_labels.tif
Condição 1 - 52.jpg,ConvPaint,6,373.2557124644503,1174.8415220162792,61182.0,4123.67254455739,0.32578521966934204,139.55226783000225,0.04521319433686769,C:\Users\sophi\napari-organoid-segmentation\reports\segmentations\organoid_measurements_16_patches_segmentations\Condição 1 - 52_labels.tif
Condição 1 - 52.jpg,ConvPaint,7,332.68445945945945,1896.3808558558558,8880.0,685.3269478283311,0.3129120469093323,53.165701249132994,0.237589482503906,C:\Users\sophi\napari-organoid-segmentation\reports\segmentations\organoid_measurements_16_patches_segmentations\Condição 1 - 52_labels.tif
Condição 1 - 52.jpg,ConvPaint,8,403.44953860743334,757.1598278440383,54834.0,4740.113236778456,0.3456627428531647,132.11436068422682,0.03066778135990014,C:\Users\sophi\napari-organoid-segmentation\reports\segmentations\organoid_measurements_16_patches_segmentations\Condição 1 - 52_labels.tif
Condição 1 - 52.jpg,ConvPaint,9,416.87793912583544,320.6548300235611,41594.0,8050.349093728138,0.37711992859840393,115.06424903473967,0.008065125404840712,C:\Users\sophi\napari-organoid-segmentation\reports\segmentations\organoid_measurements_16_patches_segmentations\Condição 1 - 52_labels.tif
Condição 1 - 52.jpg,ConvPaint,10,794.4470316590514,1620.8107936714418,61499.0,2322.268252794034,0.276915580034256,139.91332920925348,0.14330229571619754,C:\Users\sophi\napari-organoid-segmentation\reports\segmentations\organoid_measurements_16_patches_segmentations\Condição 1 - 52_labels.tif
Condição 1 - 52.jpg,ConvPaint,11,814.4190159142579,1204.1916856122118,61580.0,3973.198410471445,0.32350003719329834,140.00543843436165,0.049019518663847135,C:\Users\sophi\napari-organoid-segmentation\reports\segmentations\organoid_measurements_16_patches_segmentations\Condição 1 - 52_labels.tif
Condição 1 - 52.jpg,ConvPaint,12,843.5875305188611,778.7108509709444,61847.0,3218.5323215059634,0.310506671667099,140.30862956642724,0.07502616583098766,C:\Users\sophi\napari-organoid-segmentation\reports\segmentations\organoid_measurements_16_patches_segmentations\Condição 1 - 52_labels.tif
Condição 1 - 52.jpg,ConvPaint,13,863.7303032718288,351.7081456980034,50186.0,5220.9132726722055,0.34723103046417236,126.39105960478264,0.023136597338716067,C:\Users\sophi\napari-organoid-segmentation\reports\segmentations\organoid_measurements_16_patches_segmentations\Condição 1 - 52_labels.tif
Condição 1 - 52.jpg,ConvPaint,14,902.3966782541522,16.57300115874855,5178.0,1197.17575695736,0.4121660888195038,40.59813531013054,0.04540002402744078,C:\Users\sophi\napari-organoid-segmentation\reports\segmentations\organoid_measurements_16_patches_segmentations\Condição 1 - 52_labels.tif
Condição 1 - 73.jpg,ConvPaint,1,59.11637901630398,173.32447643086158,29318.0,2325.2377695219852,0.31818491220474243,96.6033604132712,0.06814115130733973,C:\Users\sophi\napari-organoid-segmentation\reports\segmentations\organoid_measurements_16_patches_segmentations\Condição 1 - 73_labels.tif
Condição 1 - 73.jpg,ConvPaint,2,35.27587327376117,548.5732737611697,12310.0,1096.553390593274,0.32419586181640625,62.597082191764045,0.1286495740912487,C:\Users\sophi\napari-organoid-segmentation\reports\segmentations\organoid_measurements_16_patches_segmentations\Condição 1 - 73_labels.tif
Condição 1 - 73.jpg,ConvPaint,3,269.588729729135,1463.0044447378266,45447.0,1594.3483758531402,0.28572210669517517,120.275639251657,0.22467183734353538,C:\Users\sophi\napari-organoid-segmentation\reports\segmentations\organoid_measurements_16_patches_segmentations\Condição 1 - 73_labels.tif
Condição 1 - 73.jpg,ConvPaint,4,322.31139696198085,1043.459741856177,45556.0,3072.7333316327395,0.3264874517917633,120.41978730669129,0.060632532098342365,C:\Users\sophi\napari-organoid-segmentation\reports\segmentations\organoid_measurements_16_patches_segmentations\Condição 1 - 73_labels.tif
Condição 1 - 73.jpg,ConvPaint,5,393.9810649885713,633.4509411067528,35437.0,2177.0317087613253,0.3234248161315918,106.20709692245143,0.09395876577135093,C:\Users\sophi\napari-organoid-segmentation\reports\segmentations\organoid_measurements_16_patches_segmentations\Condição 1 - 73_labels.tif
Condição 1 - 73.jpg,ConvPaint,6,455.5880429705745,245.92523742799315,32115.0,3513.6988437473337,0.3454814553260803,101.1064883911633,0.032688027820498684,C:\Users\sophi\napari-organoid-segmentation\reports\segmentations\organoid_measurements_16_patches_segmentations\Condição 1 - 73_labels.tif
Condição 1 - 73.jpg,ConvPaint,7,701.1597632006111,1527.2985581972691,52365.0,2355.782971419796,0.3014206886291504,129.10575970890764,0.11857152771550045,C:\Users\sophi\napari-organoid-segmentation\reports\segmentations\organoid_measurements_16_patches_segmentations\Condição 1 - 73_labels.tif
Condição 1 - 73.jpg,ConvPaint,8,770.6690639472747,1113.494344495903,44912.0,2246.043902070145,0.3215618431568146,119.56560378422553,0.11187570304499753,C:\Users\sophi\napari-organoid-segmentation\reports\segmentations\organoid_measurements_16_patches_segmentations\Condição 1 - 73_labels.tif
Condição 1 - 73.jpg,ConvPaint,9,833.0301870122221,709.7599273548324,40746.0,3954.654254594161,0.34475022554397583,113.8852695586428,0.03273993436417161,C:\Users\sophi\napari-organoid-segmentation\reports\segmentations\organoid_measurements_16_patches_segmentations\Condição 1 - 73_labels.tif
Condição 1 - 73.jpg,ConvPaint,10,883.4083608360836,314.3282728272827,40905.0,2876.1637431172894,0.3254152536392212,114.10725609858453,0.06213825406730546,C:\Users\sophi\napari-organoid-segmentation\reports\segmentations\organoid_measurements_16_patches_segmentations\Condição 1 - 73_labels.tif
Condição 1 - 73.jpg,ConvPaint,11,1040.2746489739238,1584.78498688474,12962.0,1117.1980515339465,0.3154233694076538,64.2334238906373,0.13050331450214273,C:\Users\sophi\napari-organoid-segmentation\reports\segmentations\organoid_measurements_16_patches_segmentations\Condição 1 - 73_labels.tif
Condição 1 - 74.jpg,ConvPaint,1,178.01078274760383,1582.909998547778,27544.0,1600.8458505361987,0.31015288829803467,93.63507625375402,0.1350634517153186,C:\Users\sophi\napari-organoid-segmentation\reports\segmentations\organoid_measurements_16_patches_segmentations\Condição 1 - 74_labels.tif
Condição 1 - 74.jpg,ConvPaint,2,236.2087454176227,1150.9154205237755,37917.0,2054.5748186180826,0.29258325695991516,109.86062058094699,0.11287555809085502,C:\Users\sophi\napari-organoid-segmentation\reports\segmentations\organoid_measurements_16_patches_segmentations\Condição 1 - 74_labels.tif
Condição 1 - 74.jpg,ConvPaint,3,306.95950238927895,749.8929496249233,37459.0,2103.866232540481,0.32880374789237976,109.19510074430362,0.10634811512378849,C:\Users\sophi\napari-organoid-segmentation\reports\segmentations\organoid_measurements_16_patches_segmentations\Condição 1 - 74_labels.tif
Condição 1 - 74.jpg,ConvPaint,4,387.14259142677275,314.55374005608655,34946.0,2522.3403666264267,0.32070299983024597,105.46875026555851,0.06902397341083447,C:\Users\sophi\napari-organoid-segmentation\reports\segmentations\organoid_measurements_16_patches_segmentations\Condição 1 - 74_labels.tif
Condição 1 - 74.jpg,ConvPaint,5,613.5617272135665,1655.5154844390001,26123.0,2263.1088732276007,0.3410135805606842,91.18776867968184,0.06409468531255462,C:\Users\sophi\napari-organoid-segmentation\reports\segmentations\organoid_measurements_16_patches_segmentations\Condição 1 - 74_labels.tif
Condição 1 - 74.jpg,ConvPaint,6,672.0152791452431,1220.9158735368121,27423.0,1979.5159441150372,0.3320980668067932,93.4291817839485,0.08794412239479342,C:\Users\sophi\napari-organoid-segmentation\reports\segmentations\organoid_measurements_16_patches_segmentations\Condição 1 - 74_labels.tif
Condição 1 - 74.jpg,ConvPaint,7,753.2213828311742,824.8750258211113,33887.0,2378.3870478206527,0.3233925998210907,103.8583993382823,0.07527970775137717,C:\Users\sophi\napari-organoid-segmentation\reports\segmentations\organoid_measurements_16_patches_segmentations\Condição 1 - 74_labels.tif
Condição 1 - 74.jpg,ConvPaint,8,822.8152888621191,387.3881694523917,39846.0,3321.5577541441294,0.33285248279571533,112.62049424895686,0.045384857713359344,C:\Users\sophi\napari-organoid-segmentation\reports\segmentations\organoid_measurements_16_patches_segmentations\Condição 1 - 74_labels.tif
Condição 1 - 74.jpg,ConvPaint,9,888.4879106516961,36.35169013247787,16833.0,1939.9768388716363,0.3436804413795471,73.19911416220656,0.05620543294521104,C:\Users\sophi\napari-organoid-segmentation\reports\segmentations\organoid_measurements_16_patches_segmentations\Condição 1 - 74_labels.tif
Condição 1 - 74.jpg,ConvPaint,10,1021.1001149730256,1728.7373308569913,22614.0,1558.8742417671947,0.2552630305290222,84.84255869644811,0.11694053862832852,C:\Users\sophi\napari-organoid-segmentation\reports\segmentations\organoid_measurements_16_patches_segmentations\Condição 1 - 74_labels.tif
Condição 1 - 74.jpg,ConvPaint,11,1046.470704266511,1291.799970777323,13688.0,1050.7604973744603,0.3396795392036438,66.0077701644566,0.15579100743509727,C:\Users\sophi\napari-organoid-segmentation\reports\segmentations\organoid_measurements_16_patches_segmentations\Condição 1 - 74_labels.tif
Condição 1 - 75.jpg,ConvPaint,1,42.68760125798151,648.3372248165443,20986.0,713.8711037056154,0.2335902899503708,81.73158062495202,0.5174875752279469,C:\Users\sophi\napari-organoid-segmentation\reports\segmentations\organoid_measurements_16_patches_segmentations\Condição 1 - 75_labels.tif
Condição 1 - 75.jpg,ConvPaint,2,194.89157458563537,1897.4397790055248,7240.0,758.2386360737626,0.3427792489528656,48.0058702240741,0.15824740970329984,C:\Users\sophi\napari-organoid-segmentation\reports\segmentations\organoid_measurements_16_patches_segmentations\Condição 1 - 75_labels.tif
Condição 1 - 75.jpg,ConvPaint,3,266.2992813446576,1540.6313773237512,33674.0,1853.0062761231593,0.32170137763023376,103.53147882336545,0.1232397450004773,C:\Users\sophi\napari-organoid-segmentation\reports\segmentations\organoid_measurements_16_patches_segmentations\Condição 1 - 75_labels.tif
Condição 1 - 75.jpg,ConvPaint,4,330.0955512677664,1121.886240726146,36797.0,2866.3363620130694,0.3411508798599243,108.22591594394083,0.05628179896478101,C:\Users\sophi\napari-organoid-segmentation\reports\segmentations\organoid_measurements_16_patches_segmentations\Condição 1 - 75_labels.tif
Condição 1 - 75.jpg,ConvPaint,5,396.31181668021287,709.3939330379382,38141.0,2312.5708140047263,0.32714617252349854,110.18465124025198,0.08962142785661613,C:\Users\sophi\napari-organoid-segmentation\reports\segmentations\organoid_measurements_16_patches_segmentations\Condição 1 - 75_labels.tif
Condição 1 - 75.jpg,ConvPaint,6,468.0190052463738,302.71157802695194,38884.0,3287.349601342416,0.33525538444519043,111.25269261627118,0.04521567443663102,C:\Users\sophi\napari-organoid-segmentation\reports\segmentations\organoid_measurements_16_patches_segmentations\Condição 1 - 75_labels.tif
Condição 1 - 75.jpg,ConvPaint,7,703.7019158023185,1620.0103965832825,40975.0,2885.992170242036,0.32438844442367554,114.20484922445641,0.06182135635970701,C:\Users\sophi\napari-organoid-segmentation\reports\segmentations\organoid_measurements_16_patches_segmentations\Condição 1 - 75_labels.tif
Condição 1 - 75.jpg,ConvPaint,8,756.7666245440023,1193.1787987887747,41941.0,2034.107827207074,0.3160344362258911,115.54321674782283,0.12737984123028218,C:\Users\sophi\napari-organoid-segmentation\reports\segmentations\organoid_measurements_16_patches_segmentations\Condição 1 - 75_labels.tif
Condição 1 - 75.jpg,ConvPaint,9,830.3573824252813,781.9794290825073,40251.0,2973.2003230437485,0.3363354802131653,113.19139202600063,0.057218727589091606,C:\Users\sophi\napari-organoid-segmentation\reports\segmentations\organoid_measurements_16_patches_segmentations\Condição 1 - 75_labels.tif
Condição 1 - 75.jpg,ConvPaint,10,883.8775486561631,355.27163461538464,34528.0,2133.617495198952,0.32763296365737915,104.83608038339628,0.09531212655111913,C:\Users\sophi\napari-organoid-segmentation\reports\segmentations\organoid_measurements_16_patches_segmentations\Condição 1 - 75_labels.tif
Condição 1 - 75.jpg,ConvPaint,11,953.4890400604686,30.421096833795247,11907.0,1025.8315651863259,0.32614266872406006,61.56391649976791,0.14218706870609915,C:\Users\sophi\napari-organoid-segmentation\reports\segmentations\organoid_measurements_16_patches_segmentations\Condição 1 - 75_labels.tif
Condição 1 - 75.jpg,ConvPaint,12,1031.3700143561575,1718.922351913114,16021.0,1768.16356364854,0.2762798070907593,71.4117825470735,0.06439536522788959,C:\Users\sophi\napari-organoid-segmentation\reports\segmentations\organoid_measurements_16_patches_segmentations\Condição 1 - 75_labels.tif
Condição 1 -28.jpg,ConvPaint,1,21.828787681064856,267.4639175257732,7663.0,553.350288425444,0.3173256814479828,49.38834536433052,0.3144911352787828,C:\Users\sophi\napari-organoid-segmentation\reports\segmentations\organoid_measurements_16_patches_segmentations\Condição 1 -28_labels.tif
Condição 1 -28.jpg,ConvPaint,2,19.487841191066998,1116.716129032258,6045.0,423.7462120245875,0.28607603907585144,43.86551335594985,0.4230527391181927,C:\Users\sophi\napari-organoid-segmentation\reports\segmentations\organoid_measurements_16_patches_segmentations\Condição 1 -28_labels.tif
Condição 1 -28.jpg,ConvPaint,3,344.1274619883041,1109.6937777777778,42750.0,1023.932070249714,0.2406834065914154,116.65225087565628,0.5123935944196526,C:\Users\sophi\napari-organoid-segmentation\reports\segmentations\organoid_measurements_16_patches_segmentations\Condição 1 -28_labels.tif
Condição 1 -28.jpg,ConvPaint,4,346.4994623328667,1545.755168705744,49287.0,1437.6732316404182,0.24195317924022675,125.25389958137228,0.29965523908607233,C:\Users\sophi\napari-organoid-segmentation\reports\segmentations\organoid_measurements_16_patches_segmentations\Condição 1 -28_labels.tif
Condição 1 -28.jpg,ConvPaint,5,359.0574139633456,258.5949714615996,41523.0,1307.3412331782038,0.27797597646713257,114.96600107862125,0.30529568742442265,C:\Users\sophi\napari-organoid-segmentation\reports\segmentations\organoid_measurements_16_patches_segmentations\Condição 1 -28_labels.tif
Condição 1 -28.jpg,ConvPaint,6,366.2181996086106,692.6835427056373,31682.0,1390.8803384216048,0.28609877824783325,100.42257621707809,0.2057988377497054,C:\Users\sophi\napari-organoid-segmentation\reports\segmentations\organoid_measurements_16_patches_segmentations\Condição 1 -28_labels.tif
Condição 1 -28.jpg,ConvPaint,7,360.3992653810836,1900.9550045913682,5445.0,562.4152595828996,0.2997835874557495,41.63168661333264,0.21631844731796557,C:\Users\sophi\napari-organoid-segmentation\reports\segmentations\organoid_measurements_16_patches_segmentations\Condição 1 -28_labels.tif
Condição 1 -28.jpg,ConvPaint,8,791.0857606820258,1542.9108291890795,49265.0,1617.6437943888955,0.2329593449831009,125.22594197227845,0.2365824685893505,C:\Users\sophi\napari-organoid-segmentation\reports\segmentations\organoid_measurements_16_patches_segmentations\Condição 1 -28_labels.tif
Condição 1 -28.jpg,ConvPaint,9,775.3178588586311,669.5656527345824,39549.0,1176.5422433049807,0.26480022072792053,112.19998970001173,0.35902965427302314,C:\Users\sophi\napari-organoid-segmentation\reports\segmentations\organoid_measurements_16_patches_segmentations\Condição 1 -28_labels.tif
Condição 1 -28.jpg,ConvPaint,10,787.9998493370832,1121.0509742868621,39824.0,1426.7442994522837,0.2649705708026886,112.58939962262558,0.24584560641419287,C:\Users\sophi\napari-organoid-segmentation\reports\segmentations\organoid_measurements_16_patches_segmentations\Condição 1 -28_labels.tif
Condição 1 -28.jpg,ConvPaint,11,791.5775754948706,233.6456003467707,34605.0,1231.4356415871823,0.28081241250038147,104.95291140025644,0.2867644288171843,C:\Users\sophi\napari-organoid-segmentation\reports\segmentations\organoid_measurements_16_patches_segmentations\Condição 1 -28_labels.tif
Condição 1- 76.jpg,ConvPaint,1,49.79504527948371,348.08962215051525,19214.0,1675.0174234114525,0.33221203088760376,78.20489852391188,0.086057552921028,C:\Users\sophi\napari-organoid-segmentation\reports\segmentations\organoid_measurements_16_patches_segmentations\Condição 1- 76_labels.tif
Condição 1- 76.jpg,ConvPaint,2,257.0129987473561,1623.3651559644331,48697.0,2169.6397897755387,0.23990631103515625,124.50195391033851,0.12999803786048217,C:\Users\sophi\napari-organoid-segmentation\reports\segmentations\organoid_measurements_16_patches_segmentations\Condição 1- 76_labels.tif
Condição 1- 76.jpg,ConvPaint,3,327.80933515482695,1205.3665755919853,43920.0,2923.2703448350876,0.3159746825695038,118.23776977426496,0.06458538215911956,C:\Users\sophi\napari-organoid-segmentation\reports\segmentations\organoid_measurements_16_patches_segmentations\Condição 1- 76_labels.tif
Condição 1- 76.jpg,ConvPaint,4,381.61354461318757,803.3669843187872,36413.0,2881.2470042379746,0.31892481446266174,107.65973195958817,0.05511950932210156,C:\Users\sophi\napari-organoid-segmentation\reports\segmentations\organoid_measurements_16_patches_segmentations\Condição 1- 76_labels.tif
Condição 1- 76.jpg,ConvPaint,5,442.16435517736767,393.759117029506,36196.0,4001.2694782833105,0.3429149389266968,107.33845834698991,0.028410235971962145,C:\Users\sophi\napari-organoid-segmentation\reports\segmentations\organoid_measurements_16_patches_segmentations\Condição 1- 76_labels.tif
Condição 1- 76.jpg,ConvPaint,6,504.82332217720625,21.134578122247667,5677.0,773.8366158202091,0.3730470836162567,42.50935454538659,0.11913248675035155,C:\Users\sophi\napari-organoid-segmentation\reports\segmentations\organoid_measurements_16_patches_segmentations\Condição 1- 76_labels.tif
Condição 1- 76.jpg,ConvPaint,7,675.5062462422339,1684.2113478967644,44907.0,2190.3088373338505,0.2810516357421875,119.55894805013754,0.11762867262343447,C:\Users\sophi\napari-organoid-segmentation\reports\segmentations\organoid_measurements_16_patches_segmentations\Condição 1- 76_labels.tif
Condição 1- 76.jpg,ConvPaint,8,758.9816697668539,1257.0951366189297,55373.0,2337.362661203013,0.2916037142276764,132.76209296201625,0.12736664625463714,C:\Users\sophi\napari-organoid-segmentation\reports\segmentations\organoid_measurements_16_patches_segmentations\Condição 1- 76_labels.tif
Condição 1- 76.jpg,ConvPaint,9,807.0007416660161,875.0294909829026,51236.0,4420.105048082993,0.33659040927886963,127.70640284853653,0.03295489249272316,C:\Users\sophi\napari-organoid-segmentation\reports\segmentations\organoid_measurements_16_patches_segmentations\Condição 1- 76_labels.tif
Condição 1- 76.jpg,ConvPaint,10,850.8776989714465,456.38820696694495,38209.0,3199.071426749364,0.3310050666332245,110.28282931261991,0.046916722097102216,C:\Users\sophi\napari-organoid-segmentation\reports\segmentations\organoid_measurements_16_patches_segmentations\Condição 1- 76_labels.tif
Condição 1- 76.jpg,ConvPaint,11,933.8032132201056,52.461877438604546,21785.0,2086.9595949289333,0.3293617367744446,83.2729299983727,0.06285492992151369,C:\Users\sophi\napari-organoid-segmentation\reports\segmentations\organoid_measurements_16_patches_segmentations\Condição 1- 76_labels.tif
Condição 1- 76.jpg,ConvPaint,12,1028.0589617209453,1762.8916117739186,21709.0,1193.4406922210658,0.23759859800338745,83.12754849725759,0.19153493526859577,C:\Users\sophi\napari-organoid-segmentation\reports\segmentations\organoid_measurements_16_patches_segmentations\Condição 1- 76_labels.tif
Condição 2 - 29.jpg,ConvPaint,1,225.73864348529264,1571.710178914384,49465.0,998.0559159102155,0.16910195350646973,125.47987296806292,0.6240194565753496,C:\Users\sophi\napari-organoid-segmentation\reports\segmentations\organoid_measurements_16_patches_segmentations\Condição 2 - 29_labels.tif
Condição 2 - 29.jpg,ConvPaint,2,243.91130394392366,1147.122096951271,47364.0,1022.9554108468271,0.1989620178937912,122.78611260728577,0.5687806703599758,C:\Users\sophi\napari-organoid-segmentation\reports\segmentations\organoid_measurements_16_patches_segmentations\Condição 2 - 29_labels.tif
Condição 2 - 29.jpg,ConvPaint,3,257.53559022295207,740.6357291732457,31666.0,1711.2367235014585,0.27153217792510986,100.39721537919225,0.13588855735336608,C:\Users\sophi\napari-organoid-segmentation\reports\segmentations\organoid_measurements_16_patches_segmentations\Condição 2 - 29_labels.tif
Condição 2 - 29.jpg,ConvPaint,4,270.1049457177322,306.7806918557142,25699.0,2497.216520965925,0.30522698163986206,90.44471109488512,0.051786157698074556,C:\Users\sophi\napari-organoid-segmentation\reports\segmentations\organoid_measurements_16_patches_segmentations\Condição 2 - 29_labels.tif
Condição 2 - 29.jpg,ConvPaint,5,645.7802730536412,1601.5727313225545,38161.0,1200.938166904124,0.212133526802063,110.2135362224606,0.3324974478621262,C:\Users\sophi\napari-organoid-segmentation\reports\segmentations\organoid_measurements_16_patches_segmentations\Condição 2 - 29_labels.tif
Condição 2 - 29.jpg,ConvPaint,6,687.2753107893794,751.2347930628741,39094.0,1094.6305550595491,0.22887268662452698,111.55270812700655,0.4100009275865276,C:\Users\sophi\napari-organoid-segmentation\reports\segmentations\organoid_measurements_16_patches_segmentations\Condição 2 - 29_labels.tif
Condição 2 - 29.jpg,ConvPaint,7,675.3304706703486,1175.6009771492731,32953.0,1714.022474045336,0.24305421113967896,102.41711614478537,0.1409521803702482,C:\Users\sophi\napari-organoid-segmentation\reports\segmentations\organoid_measurements_16_patches_segmentations\Condição 2 - 29_labels.tif
Condição 2 - 29.jpg,ConvPaint,8,715.467454310504,332.9289274506184,27085.0,1658.4021997223026,0.28603070974349976,92.85161962662778,0.12375392263131706,C:\Users\sophi\napari-organoid-segmentation\reports\segmentations\organoid_measurements_16_patches_segmentations\Condição 2 - 29_labels.tif
Condição 2 - 29.jpg,ConvPaint,9,1011.6773952095808,1798.3390718562873,5344.0,574.6457069611992,0.2153281718492508,41.24376354997416,0.20336489199684646,C:\Users\sophi\napari-organoid-segmentation\reports\segmentations\organoid_measurements_16_patches_segmentations\Condição 2 - 29_labels.tif
Condição 2 - 29.jpg,ConvPaint,10,1042.8682432432433,1639.601433750824,12136.0,602.4507934888323,0.23407365381717682,62.15310755486393,0.420186669629339,C:\Users\sophi\napari-organoid-segmentation\reports\segmentations\organoid_measurements_16_patches_segmentations\Condição 2 - 29_labels.tif
Condição 2 - 29.jpg,ConvPaint,11,1052.673345411915,1202.8614515613344,9383.0,757.5756851698602,0.27897804975509644,54.650724259267676,0.20544686841031412,C:\Users\sophi\napari-organoid-segmentation\reports\segmentations\organoid_measurements_16_patches_segmentations\Condição 2 - 29_labels.tif
Condição 2 - 30.jpg,ConvPaint,1,233.89968350075685,1895.7790009632586,7267.0,496.095454429505,0.26902273297309875,48.095300632157475,0.3710517880350958,C:\Users\sophi\napari-organoid-segmentation\reports\segmentations\organoid_measurements_16_patches_segmentations\Condição 2 - 30_labels.tif
Condição 2 - 30.jpg,ConvPaint,2,258.4322388823172,1522.3281754531795,31279.0,944.8549057834388,0.24518464505672455,99.78183667352886,0.4402835702146632,C:\Users\sophi\napari-organoid-segmentation\reports\segmentations\organoid_measurements_16_patches_segmentations\Condição 2 - 30_labels.tif
Condição 2 - 30.jpg,ConvPaint,3,292.2116295475159,1095.4027007961301,29769.0,1199.738202797874,0.2677451968193054,97.34355141356444,0.25989692062089226,C:\Users\sophi\napari-organoid-segmentation\reports\segmentations\organoid_measurements_16_patches_segmentations\Condição 2 - 30_labels.tif
Condição 2 - 30.jpg,ConvPaint,4,299.56174606049626,671.3506611121173,27605.0,1123.8315651863259,0.2696912884712219,93.7387028292132,0.27465984047545666,C:\Users\sophi\napari-organoid-segmentation\reports\segmentations\organoid_measurements_16_patches_segmentations\Condição 2 - 30_labels.tif
Condição 2 - 30.jpg,ConvPaint,5,323.6891381126464,226.77160914554804,32278.0,2360.965691583343,0.2737976014614105,101.36274713246675,0.07276744544256725,C:\Users\sophi\napari-organoid-segmentation\reports\segmentations\organoid_measurements_16_patches_segmentations\Condição 2 - 30_labels.tif
Condição 2 - 30.jpg,ConvPaint,6,695.9042470398576,1538.4648118294513,35978.0,1058.9320702497141,0.23216292262077332,107.0147330283098,0.4031908603650536,C:\Users\sophi\napari-organoid-segmentation\reports\segmentations\organoid_measurements_16_patches_segmentations\Condição 2 - 30_labels.tif
Condição 2 - 30.jpg,ConvPaint,7,669.2772001757212,1894.918728950066,6829.0,455.29646455628165,0.23658159375190735,46.62336552362031,0.4139791045555929,C:\Users\sophi\napari-organoid-segmentation\reports\segmentations\organoid_measurements_16_patches_segmentations\Condição 2 - 30_labels.tif
Condição 2 - 30.jpg,ConvPaint,8,725.9874289237515,1109.2762553949442,29194.0,919.1625176280136,0.2471543401479721,96.39885277973792,0.43422903120285317,C:\Users\sophi\napari-organoid-segmentation\reports\segmentations\organoid_measurements_16_patches_segmentations\Condição 2 - 30_labels.tif
Condição 2 - 30.jpg,ConvPaint,9,733.3717379499792,703.2068546970327,31307.0,1538.7270555095806,0.26564881205558777,99.82648750084286,0.1661606326638866,C:\Users\sophi\napari-organoid-segmentation\reports\segmentations\organoid_measurements_16_patches_segmentations\Condição 2 - 30_labels.tif
Condição 2 - 30.jpg,ConvPaint,10,746.717080838824,275.5469079233419,29899.0,1544.4366876077088,0.26851487159729004,97.55586751707536,0.15751659239230745,C:\Users\sophi\napari-organoid-segmentation\reports\segmentations\organoid_measurements_16_patches_segmentations\Condição 2 - 30_labels.tif
Condição 2 - 30.jpg,ConvPaint,11,1011.6043205317577,1797.963810930576,5416.0,546.118795026618,0.2114359736442566,41.520673688795206,0.22819928170497797,C:\Users\sophi\napari-organoid-segmentation\reports\segmentations\organoid_measurements_16_patches_segmentations\Condição 2 - 30_labels.tif
Condição 2 - 30.jpg,ConvPaint,12,1051.652059508147,1556.9582026110718,9881.0,587.072113832392,0.25355932116508484,56.08226087972948,0.3602698012154281,C:\Users\sophi\napari-organoid-segmentation\reports\segmentations\organoid_measurements_16_patches_segmentations\Condição 2 - 30_labels.tif
Condição 2 - 31.jpg,ConvPaint,1,278.5865714883068,1526.5758191212926,33481.0,1608.094587877728,0.26883846521377563,103.23436103991489,0.16269908267235614,C:\Users\sophi\napari-organoid-segmentation\reports\segmentations\organoid_measurements_16_patches_segmentations\Condição 2 - 31_labels.tif
Condição 2 - 31.jpg,ConvPaint,2,268.69402156158117,1882.3214635739955,15305.0,673.5868324581534,0.21269483864307404,69.79779944986028,0.4238927808431653,C:\Users\sophi\napari-organoid-segmentation\reports\segmentations\organoid_measurements_16_patches_segmentations\Condição 2 - 31_labels.tif
Condição 2 - 31.jpg,ConvPaint,3,295.46708982496637,1096.4610502019618,25995.0,1469.0874452027915,0.28340157866477966,90.96408902059999,0.15135765524092834,C:\Users\sophi\napari-organoid-segmentation\reports\segmentations\organoid_measurements_16_patches_segmentations\Condição 2 - 31_labels.tif
Condição 2 - 31.jpg,ConvPaint,4,286.89166064111834,677.491042018157,24894.0,2266.5108934811537,0.3108352720737457,89.01688776102704,0.06089602259594971,C:\Users\sophi\napari-organoid-segmentation\reports\segmentations\organoid_measurements_16_patches_segmentations\Condição 2 - 31_labels.tif
Condição 2 - 31.jpg,ConvPaint,5,310.6735173223723,245.7582697201018,25545.0,2356.56367132979,0.29863104224205017,90.17331114340281,0.05780393638015595,C:\Users\sophi\napari-organoid-segmentation\reports\segmentations\organoid_measurements_16_patches_segmentations\Condição 2 - 31_labels.tif
Condição 2 - 31.jpg,ConvPaint,6,709.7818800733177,1894.4867766431003,7638.0,833.1147904132611,0.31559282541275024,49.307716542867745,0.13828651398536693,C:\Users\sophi\napari-organoid-segmentation\reports\segmentations\organoid_measurements_16_patches_segmentations\Condição 2 - 31_labels.tif
Condição 2 - 31.jpg,ConvPaint,7,716.8399019646598,1117.9200695734671,25297.0,1538.3778131046633,0.2960955798625946,89.73452619137939,0.13432376901410548,C:\Users\sophi\napari-organoid-segmentation\reports\segmentations\organoid_measurements_16_patches_segmentations\Condição 2 - 31_labels.tif
Condição 2 - 31.jpg,ConvPaint,8,712.9435359292601,1527.567091034997,18773.0,1559.6316010800756,0.30884864926338196,77.30220885154772,0.09698386591282986,C:\Users\sophi\napari-organoid-segmentation\reports\segmentations\organoid_measurements_16_patches_segmentations\Condição 2 - 31_labels.tif
Condição 2 - 31.jpg,ConvPaint,9,737.6630910495152,679.3276409508281,23306.0,1212.010280736516,0.2958179712295532,86.13088997217795,0.1993723825119708,C:\Users\sophi\napari-organoid-segmentation\reports\segmentations\organoid_measurements_16_patches_segmentations\Condição 2 - 31_labels.tif
Condição 2 - 31.jpg,ConvPaint,10,755.9124755572938,259.1161908486508,25570.0,1178.477272147525,0.2926745116710663,90.21742508916738,0.2313652708342373,C:\Users\sophi\napari-organoid-segmentation\reports\segmentations\organoid_measurements_16_patches_segmentations\Condição 2 - 31_labels.tif
Condição 2 - 5.jpg,ConvPaint,1,46.39331677579589,190.61791600812825,17716.0,776.2447327281723,0.27199938893318176,75.0944601394273,0.3694691684430038,C:\Users\sophi\napari-organoid-segmentation\reports\segmentations\organoid_measurements_16_patches_segmentations\Condição 2 - 5_labels.tif
Condição 2 - 5.jpg,ConvPaint,2,19.19910514541387,626.0575263662512,6258.0,705.2031021678297,0.348907470703125,44.63163976080379,0.1581309917370243,C:\Users\sophi\napari-organoid-segmentation\reports\segmentations\organoid_measurements_16_patches_segmentations\Condição 2 - 5_labels.tif
Condição 2 - 5.jpg,ConvPaint,3,225.9762399376785,1895.8566606076345,7702.0,479.2731239591687,0.2677328884601593,49.51386415326071,0.42135410227192077,C:\Users\sophi\napari-organoid-segmentation\reports\segmentations\organoid_measurements_16_patches_segmentations\Condição 2 - 5_labels.tif
Condição 2 - 5.jpg,ConvPaint,4,264.7855564673947,1531.9189445110787,31682.0,911.7483040656406,0.24747274816036224,100.42257621707809,0.4789305330759644,C:\Users\sophi\napari-organoid-segmentation\reports\segmentations\organoid_measurements_16_patches_segmentations\Condição 2 - 5_labels.tif
Condição 2 - 5.jpg,ConvPaint,5,320.79072782703156,1112.1024985107053,28537.0,1084.335136523794,0.2693294584751129,95.30797040136169,0.30499387496547886,C:\Users\sophi\napari-organoid-segmentation\reports\segmentations\organoid_measurements_16_patches_segmentations\Condição 2 - 5_labels.tif
Condição 2 - 5.jpg,ConvPaint,6,387.87723325062035,685.2379342431761,32240.0,1199.5189027078675,0.27405890822410583,101.30306377679509,0.2815728033523418,C:\Users\sophi\napari-organoid-segmentation\reports\segmentations\organoid_measurements_16_patches_segmentations\Condição 2 - 5_labels.tif
Condição 2 - 5.jpg,ConvPaint,7,431.9766936598854,249.0834626562456,35441.0,1369.430590953299,0.27204573154449463,106.21309088921066,0.23748477976206708,C:\Users\sophi\napari-organoid-segmentation\reports\segmentations\organoid_measurements_16_patches_segmentations\Condição 2 - 5_labels.tif
Condição 2 - 5.jpg,ConvPaint,8,696.5338786950429,1605.3279014437962,30683.0,879.1269837220809,0.2464054673910141,98.8266271698941,0.49888961458643744,C:\Users\sophi\napari-organoid-segmentation\reports\segmentations\organoid_measurements_16_patches_segmentations\Condição 2 - 5_labels.tif
Condição 2 - 5.jpg,ConvPaint,9,759.8100576761066,1152.459853541572,30862.0,1128.2996026178612,0.26697835326194763,99.11447778909067,0.3046386909896589,C:\Users\sophi\napari-organoid-segmentation\reports\segmentations\organoid_measurements_16_patches_segmentations\Condição 2 - 5_labels.tif
Condição 2 - 5.jpg,ConvPaint,10,815.8950503183405,728.6011159033341,29214.0,935.4762261269983,0.2616766095161438,96.4318672170837,0.4195032975753755,C:\Users\sophi\napari-organoid-segmentation\reports\segmentations\organoid_measurements_16_patches_segmentations\Condição 2 - 5_labels.tif
Condição 2 - 5.jpg,ConvPaint,11,856.5594500446992,300.34094762477264,32439.0,1097.8204178980325,0.26566100120544434,101.61522719512064,0.3382320159900641,C:\Users\sophi\napari-organoid-segmentation\reports\segmentations\organoid_measurements_16_patches_segmentations\Condição 2 - 5_labels.tif
Condição 2 - 5.jpg,ConvPaint,12,1039.8066029638953,1685.200492075299,17477.0,1207.025432638166,0.2124432474374771,74.58620436001627,0.1507453443777688,C:\Users\sophi\napari-organoid-segmentation\reports\segmentations\organoid_measurements_16_patches_segmentations\Condição 2 - 5_labels.tif
Condição 2 - 78.jpg,ConvPaint,1,211.87908479138628,1600.8517362045761,37150.0,1324.2468247692254,0.25379982590675354,108.74379187672197,0.26621394520125413,C:\Users\sophi\napari-organoid-segmentation\reports\segmentations\organoid_measurements_16_patches_segmentations\Condição 2 - 78_labels.tif
Condição 2 - 78.jpg,ConvPaint,2,285.1630547932242,783.1581338128135,31701.0,1106.5716805565035,0.2744320333003998,100.45268389601318,0.32532970778777864,C:\Users\sophi\napari-organoid-segmentation\reports\segmentations\organoid_measurements_16_patches_segmentations\Condição 2 - 78_labels.tif
Condição 2 - 78.jpg,ConvPaint,3,263.2598868382854,1177.6893681310544,33757.0,928.819371877506,0.25809481739997864,103.65899299099053,0.49171242031568874,C:\Users\sophi\napari-organoid-segmentation\reports\segmentations\organoid_measurements_16_patches_segmentations\Condição 2 - 78_labels.tif
Condição 2 - 78.jpg,ConvPaint,4,309.75986415836275,389.93829036149964,22379.0,762.3513344459705,0.28625786304473877,84.40057430436745,0.48388282851299297,C:\Users\sophi\napari-organoid-segmentation\reports\segmentations\organoid_measurements_16_patches_segmentations\Condição 2 - 78_labels.tif
Condição 2 - 78.jpg,ConvPaint,5,676.0940527145754,1228.9968461365172,62146.0,1544.6793282948283,0.2605668306350708,140.64738243841532,0.3273002789638613,C:\Users\sophi\napari-organoid-segmentation\reports\segmentations\organoid_measurements_16_patches_segmentations\Condição 2 - 78_labels.tif
Condição 2 - 78.jpg,ConvPaint,6,642.9726156094506,1648.5368314833502,28739.0,968.9970414071697,0.24950355291366577,95.6446957182465,0.3846242074195501,C:\Users\sophi\napari-organoid-segmentation\reports\segmentations\organoid_measurements_16_patches_segmentations\Condição 2 - 78_labels.tif
Condição 2 - 78.jpg,ConvPaint,7,717.7860384357366,823.5815279586441,50682.0,1487.2529214236351,0.24265669286251068,127.0141002076812,0.2879346607929904,C:\Users\sophi\napari-organoid-segmentation\reports\segmentations\organoid_measurements_16_patches_segmentations\Condição 2 - 78_labels.tif
Condição 2 - 78.jpg,ConvPaint,8,755.6107146348617,423.61301202463585,20458.0,843.98484809835,0.28362634778022766,80.69686271192946,0.3609140080388191,C:\Users\sophi\napari-organoid-segmentation\reports\segmentations\organoid_measurements_16_patches_segmentations\Condição 2 - 78_labels.tif
Condição 2 - 78.jpg,ConvPaint,9,1029.505988023952,1724.6439950288102,17702.0,1417.8488091290287,0.22674697637557983,75.06478272282857,0.11065533438829778,C:\Users\sophi\napari-organoid-segmentation\reports\segmentations\organoid_measurements_16_patches_segmentations\Condição 2 - 78_labels.tif
Condição 2 - 79.jpg,ConvPaint,1,18.95326923076923,354.82884615384614,5200.0,400.37362902255694,0.33290424942970276,40.68428945128219,0.40764514900686144,C:\Users\sophi\napari-organoid-segmentation\reports\segmentations\organoid_measurements_16_patches_segmentations\Condição 2 - 79_labels.tif
Condição 2 - 79.jpg,ConvPaint,2,285.39986642920746,1599.2994879786286,44920.0,1253.4001076812497,0.2351561188697815,119.57625218819946,0.35931070488516753,C:\Users\sophi\napari-organoid-segmentation\reports\segmentations\organoid_measurements_16_patches_segmentations\Condição 2 - 79_labels.tif
Condição 2 - 79.jpg,ConvPaint,3,313.6611313868613,1167.851581508516,49320.0,1511.7026688919411,0.23991644382476807,125.29582429827641,0.2712065488746481,C:\Users\sophi\napari-organoid-segmentation\reports\segmentations\organoid_measurements_16_patches_segmentations\Condição 2 - 79_labels.tif
Condição 2 - 79.jpg,ConvPaint,4,347.8006928560325,768.6322089227422,45031.0,1342.5544366138001,0.2590952515602112,119.72390105882066,0.3139479468865773,C:\Users\sophi\napari-organoid-segmentation\reports\segmentations\organoid_measurements_16_patches_segmentations\Condição 2 - 79_labels.tif
Condição 2 - 79.jpg,ConvPaint,5,372.4158969838654,387.0487870310045,26093.0,1016.4467888754757,0.28760507702827454,91.13539301607061,0.31736905734220056,C:\Users\sophi\napari-organoid-segmentation\reports\segmentations\organoid_measurements_16_patches_segmentations\Condição 2 - 79_labels.tif
Condição 2 - 79.jpg,ConvPaint,6,423.5353962600178,23.755565449688334,8984.0,609.5634918610405,0.3229554295539856,53.4761256774944,0.3038377356427962,C:\Users\sophi\napari-organoid-segmentation\reports\segmentations\organoid_measurements_16_patches_segmentations\Condição 2 - 79_labels.tif
Condição 2 - 79.jpg,ConvPaint,7,719.2640068219755,1625.7605776906887,55116.0,1145.8376618407358,0.21575815975666046,132.4536435395637,0.5275229641061315,C:\Users\sophi\napari-organoid-segmentation\reports\segmentations\organoid_measurements_16_patches_segmentations\Condição 2 - 79_labels.tif
Condição 2 - 79.jpg,ConvPaint,8,787.455590793237,800.3412066852151,51397.0,1722.4783181680514,0.2588774859905243,127.90689277825605,0.21769081563016707,C:\Users\sophi\napari-organoid-segmentation\reports\segmentations\organoid_measurements_16_patches_segmentations\Condição 2 - 79_labels.tif
Condição 2 - 79.jpg,ConvPaint,9,777.0934289415806,1233.7224548823476,33191.0,1301.8031739553294,0.2874879240989685,102.78629982797413,0.24611583060728318,C:\Users\sophi\napari-organoid-segmentation\reports\segmentations\organoid_measurements_16_patches_segmentations\Condição 2 - 79_labels.tif
Condição 2 - 79.jpg,ConvPaint,10,818.0293002813758,409.55984466200033,43003.0,1594.9696961966997,0.2807267904281616,116.99692318843924,0.21242408002506194,C:\Users\sophi\napari-organoid-segmentation\reports\segmentations\organoid_measurements_16_patches_segmentations\Condição 2 - 79_labels.tif
Condição 2 - 79.jpg,ConvPaint,11,878.3873780837637,26.37590361445783,8715.0,512.515764646288,0.2896043658256531,52.669447102582495,0.41692966656260727,C:\Users\sophi\napari-organoid-segmentation\reports\segmentations\organoid_measurements_16_patches_segmentations\Condição 2 - 79_labels.tif
Condição 2 - 80.jpg,ConvPaint,1,233.96755587599134,1874.2639269406393,20805.0,962.5168106668145,0.23109622299671173,81.37835819217395,0.28220255241888526,C:\Users\sophi\napari-organoid-segmentation\reports\segmentations\organoid_measurements_16_patches_segmentations\Condição 2 - 80_labels.tif
Condição 2 - 80.jpg,ConvPaint,2,246.3138847503244,1482.956793386841,41614.0,1305.4123009900695,0.2514670491218567,115.09190937529999,0.30686964104825754,C:\Users\sophi\napari-organoid-segmentation\reports\segmentations\organoid_measurements_16_patches_segmentations\Condição 2 - 80_labels.tif
Condição 2 - 80.jpg,ConvPaint,3,279.6189813394985,1063.565500483616,42389.0,1266.5716805565035,0.25884056091308594,116.15867494700817,0.33205000304266,C:\Users\sophi\napari-organoid-segmentation\reports\segmentations\organoid_measurements_16_patches_segmentations\Condição 2 - 80_labels.tif
Condição 2 - 80.jpg,ConvPaint,4,317.17754481601844,636.9385679840655,47695.0,1173.796031280393,0.22742122411727905,123.21440671259143,0.43500819999192564,C:\Users\sophi\napari-organoid-segmentation\reports\segmentations\organoid_measurements_16_patches_segmentations\Condição 2 - 80_labels.tif
Condição 2 - 80.jpg,ConvPaint,5,336.51567575371143,204.82685690912155,41561.0,1908.4255403194156,0.28257977962493896,115.01859493005696,0.14339876547336125,C:\Users\sophi\napari-organoid-segmentation\reports\segmentations\organoid_measurements_16_patches_segmentations\Condição 2 - 80_labels.tif
Condição 2 - 80.jpg,ConvPaint,6,692.9444741403048,1525.134182095016,61737.0,1648.6204537917824,0.24576841294765472,140.1837987904761,0.285439464925331,C:\Users\sophi\napari-organoid-segmentation\reports\segmentations\organoid_measurements_16_patches_segmentations\Condição 2 - 80_labels.tif
Condição 2 - 80.jpg,ConvPaint,7,645.6196410376989,1884.8554745669724,12759.0,797.6406563273158,0.26003608107566833,63.72845391047068,0.25200661282038056,C:\Users\sophi\napari-organoid-segmentation\reports\segmentations\organoid_measurements_16_patches_segmentations\Condição 2 - 80_labels.tif
Condição 2 - 80.jpg,ConvPaint,8,717.4662630761023,1092.3076102335722,43113.0,1585.827560572969,0.27578607201576233,117.14646440691997,0.21543000200883097,C:\Users\sophi\napari-organoid-segmentation\reports\segmentations\organoid_measurements_16_patches_segmentations\Condição 2 - 80_labels.tif
Condição 2 - 80.jpg,ConvPaint,9,756.6805319922443,685.4922140087251,33008.0,1670.1351724175438,0.2752290964126587,102.50254983733119,0.14870508865923157,C:\Users\sophi\napari-organoid-segmentation\reports\segmentations\organoid_measurements_16_patches_segmentations\Condição 2 - 80_labels.tif
Condição 2 - 80.jpg,ConvPaint,10,783.8476920763795,254.06024156768405,39906.0,2374.971788237753,0.28069865703582764,112.70525417233374,0.08890601654852294,C:\Users\sophi\napari-organoid-segmentation\reports\segmentations\organoid_measurements_16_patches_segmentations\Condição 2 - 80_labels.tif
Condição 2 - 80.jpg,ConvPaint,11,1051.7385090768637,1547.7738895326381,12945.0,1131.4640328181786,0.2683316469192505,64.19128816785944,0.12706630836796043,C:\Users\sophi\napari-organoid-segmentation\reports\segmentations\organoid_measurements_16_patches_segmentations\Condição 2 - 80_labels.tif
Condição 2 -32.jpg,ConvPaint,1,271.4167280875026,1565.4784633980955,33919.0,1049.938166904124,0.23885439336299896,103.90742528552998,0.3866566263585074,C:\Users\sophi\napari-organoid-segmentation\reports\segmentations\organoid_measurements_16_patches_segmentations\Condição 2 -32_labels.tif
Condição 2 -32.jpg,ConvPaint,2,301.57948466812326,1148.4601446545619,26546.0,1211.0397179880388,0.2771458625793457,91.92308871352674,0.2274532677373658,C:\Users\sophi\napari-organoid-segmentation\reports\segmentations\organoid_measurements_16_patches_segmentations\Condição 2 -32_labels.tif
Condição 2 -32.jpg,ConvPaint,3,330.5738420261226,718.1631335318572,33917.0,1116.9797974644666,0.2507481575012207,103.90436184153016,0.34161478533907413,C:\Users\sophi\napari-organoid-segmentation\reports\segmentations\organoid_measurements_16_patches_segmentations\Condição 2 -32_labels.tif
Condição 2 -32.jpg,ConvPaint,4,361.4306916927355,292.9495655196385,28770.0,1296.986940139403,0.27171170711517334,95.69626651812315,0.21492083532511497,C:\Users\sophi\napari-organoid-segmentation\reports\segmentations\organoid_measurements_16_patches_segmentations\Condição 2 -32_labels.tif
Condição 2 -32.jpg,ConvPaint,5,707.1721854304636,1602.7281925930138,35183.0,1098.5300499961606,0.24633923172950745,105.82578478614892,0.36636910999674555,C:\Users\sophi\napari-organoid-segmentation\reports\segmentations\organoid_measurements_16_patches_segmentations\Condição 2 -32_labels.tif
Condição 2 -32.jpg,ConvPaint,6,718.9612458571859,1172.9880988249472,26552.0,888.683332908185,0.2647377848625183,91.93347648137761,0.422486691604995,C:\Users\sophi\napari-organoid-segmentation\reports\segmentations\organoid_measurements_16_patches_segmentations\Condição 2 -32_labels.tif
Condição 2 -32.jpg,ConvPaint,7,768.559247600171,747.6729625743267,25731.0,1060.9686501761735,0.28039559721946716,90.50100375904744,0.287250918450976,C:\Users\sophi\napari-organoid-segmentation\reports\segmentations\organoid_measurements_16_patches_segmentations\Condição 2 -32_labels.tif
Condição 2 -32.jpg,ConvPaint,8,798.6306289611208,322.2265668433342,26981.0,957.938166904124,0.26137858629226685,92.67318403467563,0.3694817158326437,C:\Users\sophi\napari-organoid-segmentation\reports\segmentations\organoid_measurements_16_patches_segmentations\Condição 2 -32_labels.tif
Condição 2 -32.jpg,ConvPaint,9,1011.7159829218489,1797.9595322071655,5387.0,559.0538238691623,0.21203987300395966,41.409363154630626,0.21659558249727,C:\Users\sophi\napari-organoid-segmentation\reports\segmentations\organoid_measurements_16_patches_segmentations\Condição 2 -32_labels.tif
Condição 2 -32.jpg,ConvPaint,10,1062.1424581005588,1627.914711359404,5370.0,513.9238815542511,0.31255632638931274,41.343972823217605,0.25549743876737696,C:\Users\sophi\napari-organoid-segmentation\reports\segmentations\organoid_measurements_16_patches_segmentations\Condição 2 -32_labels.tif
Condição 2 -6.jpg,ConvPaint,1,31.389119223379513,182.8133279401355,9889.0,736.8832970144351,0.3007330596446991,56.10495935718612,0.22885732427902727,C:\Users\sophi\napari-organoid-segmentation\reports\segmentations\organoid_measurements_16_patches_segmentations\Condição 2 -6_labels.tif
Condição 2 -6.jpg,ConvPaint,2,17.54500257157552,627.6233499057089,5833.0,488.61626970967626,0.3207201659679413,43.0894600350254,0.30701952315697273,C:\Users\sophi\napari-organoid-segmentation\reports\segmentations\organoid_measurements_16_patches_segmentations\Condição 2 -6_labels.tif
Condição 2 -6.jpg,ConvPaint,3,251.22005627009645,1891.2681872990354,9952.0,569.628463018496,0.24196259677410126,56.28338997698242,0.3854223256652467,C:\Users\sophi\napari-organoid-segmentation\reports\segmentations\organoid_measurements_16_patches_segmentations\Condição 2 -6_labels.tif
Condição 2 -6.jpg,ConvPaint,4,276.8324721128609,1535.5389189632547,24384.0,715.8305191657992,0.2551075220108032,88.10033067307722,0.5979906490008489,C:\Users\sophi\napari-organoid-segmentation\reports\segmentations\organoid_measurements_16_patches_segmentations\Condição 2 -6_labels.tif
Condição 2 -6.jpg,ConvPaint,5,326.7536265732451,1085.202595043467,38535.0,1151.5950211536165,0.22063285112380981,110.75229778244953,0.36514526238218287,C:\Users\sophi\napari-organoid-segmentation\reports\segmentations\organoid_measurements_16_patches_segmentations\Condição 2 -6_labels.tif
Condição 2 -6.jpg,ConvPaint,6,374.97086901404805,655.5974439241456,38653.0,1144.613311116846,0.25330230593681335,110.92173831428202,0.3707451568506278,C:\Users\sophi\napari-organoid-segmentation\reports\segmentations\organoid_measurements_16_patches_segmentations\Condição 2 -6_labels.tif
Condição 2 -6.jpg,ConvPaint,7,415.8084348300309,234.54964551899656,27505.0,898.517856687341,0.277273952960968,93.568763054158,0.4281225350425255,C:\Users\sophi\napari-organoid-segmentation\reports\segmentations\organoid_measurements_16_patches_segmentations\Condição 2 -6_labels.tif
Condição 2 -6.jpg,ConvPaint,8,687.5856467264464,1572.1883675224174,32564.0,1004.9026329981912,0.25013935565948486,101.81082031733641,0.4052281825788452,C:\Users\sophi\napari-organoid-segmentation\reports\segmentations\organoid_measurements_16_patches_segmentations\Condição 2 -6_labels.tif
Condição 2 -6.jpg,ConvPaint,9,737.589465843136,1140.5507309351624,32219.0,1324.7970773009197,0.2718159556388855,101.27006577935828,0.23068704089021988,C:\Users\sophi\napari-organoid-segmentation\reports\segmentations\organoid_measurements_16_patches_segmentations\Condição 2 -6_labels.tif
Condição 2 -6.jpg,ConvPaint,10,781.6534024831054,718.4332233223322,31815.0,1514.4966081312812,0.2778407037258148,100.63314080827101,0.17430312825214223,C:\Users\sophi\napari-organoid-segmentation\reports\segmentations\organoid_measurements_16_patches_segmentations\Condição 2 -6_labels.tif
Condição 2 -6.jpg,ConvPaint,11,826.7870236453533,273.43210790084424,29731.0,1189.3828637385466,0.27914920449256897,97.28140226235578,0.26410463731007977,C:\Users\sophi\napari-organoid-segmentation\reports\segmentations\organoid_measurements_16_patches_segmentations\Condição 2 -6_labels.tif
Condição 2 -6.jpg,ConvPaint,12,1054.7026847862114,1608.8617832283726,9051.0,666.9898987322333,0.2855795621871948,53.675159802738264,0.25566302040957367,C:\Users\sophi\napari-organoid-segmentation\reports\segmentations\organoid_measurements_16_patches_segmentations\Condição 2 -6_labels.tif
Condição 2 -7.jpg,ConvPaint,1,21.736658580958157,192.65676167374167,6596.0,578.2914139223983,0.319685161113739,45.82108694987804,0.24785462226102498,C:\Users\sophi\napari-organoid-segmentation\reports\segmentations\organoid_measurements_16_patches_segmentations\Condição 2 -7_labels.tif
Condição 2 -7.jpg,ConvPaint,2,231.26554990104609,1547.8099024597116,28296.0,965.9554108468271,0.2532574534416199,94.90467079894721,0.381084032149212,C:\Users\sophi\napari-organoid-segmentation\reports\segmentations\organoid_measurements_16_patches_segmentations\Condição 2 -7_labels.tif
Condição 2 -7.jpg,ConvPaint,3,287.30157666396246,1113.9608479418716,28351.0,796.0670631985087,0.2539899945259094,94.99686091233042,0.5621845871000077,C:\Users\sophi\napari-organoid-segmentation\reports\segmentations\organoid_measurements_16_patches_segmentations\Condição 2 -7_labels.tif
Condição 2 -7.jpg,ConvPaint,4,319.55167230364526,692.1387949392459,31932.0,1322.708765546351,0.27359291911125183,100.81801072041048,0.22935463512628274,C:\Users\sophi\napari-organoid-segmentation\reports\segmentations\organoid_measurements_16_patches_segmentations\Condição 2 -7_labels.tif
Condição 2 -7.jpg,ConvPaint,5,380.378820731622,259.4290410575645,28594.0,1203.891485709898,0.2764495015144348,95.40310731595335,0.24791915948889284,C:\Users\sophi\napari-organoid-segmentation\reports\segmentations\organoid_measurements_16_patches_segmentations\Condição 2 -7_labels.tif
Condição 2 -7.jpg,ConvPaint,6,660.9861232302193,1608.1553747853745,35527.0,852.1564209736036,0.22330036759376526,106.34187945702075,0.6147941955213804,C:\Users\sophi\napari-organoid-segmentation\reports\segmentations\organoid_measurements_16_patches_segmentations\Condição 2 -7_labels.tif
Condição 2 -7.jpg,ConvPaint,7,713.188916577667,1174.5267592262965,25281.0,947.5239533417509,0.2682552635669708,89.70614378409326,0.35385368057310634,C:\Users\sophi\napari-organoid-segmentation\reports\segmentations\organoid_measurements_16_patches_segmentations\Condição 2 -7_labels.tif
Condição 2 -7.jpg,ConvPaint,8,766.6870865950604,741.9613144001456,32958.0,1289.8387078612623,0.2698422074317932,102.42488578878364,0.24894299008700213,C:\Users\sophi\napari-organoid-segmentation\reports\segmentations\organoid_measurements_16_patches_segmentations\Condição 2 -7_labels.tif
Condição 2 -7.jpg,ConvPaint,9,813.127937720329,318.30528789659223,34040.0,1617.6803743153546,0.2793022096157074,104.09259592159394,0.16346093625503907,C:\Users\sophi\napari-organoid-segmentation\reports\segmentations\organoid_measurements_16_patches_segmentations\Condição 2 -7_labels.tif
Condição 2 -7.jpg,ConvPaint,10,1024.0346360586832,1690.6110819221599,24743.0,1633.955410846827,0.22306501865386963,88.74650141749551,0.1164613492952833,C:\Users\sophi\napari-organoid-segmentation\reports\segmentations\organoid_measurements_16_patches_segmentations\Condição 2 -7_labels.tif
Condição 2- 8.jpg,ConvPaint,1,20.318889745566693,276.9369313801079,6485.0,498.86500705120545,0.3180316686630249,45.433903771323486,0.3274566101806405,C:\Users\sophi\napari-organoid-segmentation\reports\segmentations\organoid_measurements_16_patches_segmentations\Condição 2- 8_labels.tif
Condição 2- 8.jpg,ConvPaint,2,213.88795841755703,1612.2328424294926,31167.0,1022.8670990922585,0.24322910606861115,99.60303320025051,0.3743401808573532,C:\Users\sophi\napari-organoid-segmentation\reports\segmentations\organoid_measurements_16_patches_segmentations\Condição 2- 8_labels.tif
Condição 2- 8.jpg,ConvPaint,3,276.55871257179757,1192.4386704278966,29423.0,1217.069155239562,0.2758486270904541,96.77619428963754,0.24961248490623567,C:\Users\sophi\napari-organoid-segmentation\reports\segmentations\organoid_measurements_16_patches_segmentations\Condição 2- 8_labels.tif
Condição 2- 8.jpg,ConvPaint,4,323.5572647276147,757.2996574192248,29774.0,1432.7798333582166,0.27130067348480225,97.35172597974925,0.1822586410745288,C:\Users\sophi\napari-organoid-segmentation\reports\segmentations\organoid_measurements_16_patches_segmentations\Condição 2- 8_labels.tif
Condição 2- 8.jpg,ConvPaint,5,376.5206086956522,328.7238550724638,34500.0,1518.904725039244,0.27013733983039856,104.79356408358663,0.18791778851079488,C:\Users\sophi\napari-organoid-segmentation\reports\segmentations\organoid_measurements_16_patches_segmentations\Condição 2- 8_labels.tif
Condição 2- 8.jpg,ConvPaint,6,628.5926124704025,1660.6516179952644,31675.0,957.2102448427661,0.24324436485767365,100.41148163866306,0.43442200061955283,C:\Users\sophi\napari-organoid-segmentation\reports\segmentations\organoid_measurements_16_patches_segmentations\Condição 2- 8_labels.tif
Condição 2- 8.jpg,ConvPaint,7,686.817174126561,1240.7480356391188,28508.0,973.789934625983,0.267105370759964,95.25953094219761,0.3777861669095665,C:\Users\sophi\napari-organoid-segmentation\reports\segmentations\organoid_measurements_16_patches_segmentations\Condição 2- 8_labels.tif
Condição 2- 8.jpg,ConvPaint,8,759.5657253213449,812.8466092572659,31586.0,1345.2112908632926,0.26767534017562866,100.27031497408,0.21934285264403866,C:\Users\sophi\napari-organoid-segmentation\reports\segmentations\organoid_measurements_16_patches_segmentations\Condição 2- 8_labels.tif
Condição 2- 8.jpg,ConvPaint,9,806.0971154385768,377.5556147931983,35638.0,1220.1046891454944,0.26241862773895264,106.50787634639015,0.3008354385899152,C:\Users\sophi\napari-organoid-segmentation\reports\segmentations\organoid_measurements_16_patches_segmentations\Condição 2- 8_labels.tif
Condição 2- 8.jpg,ConvPaint,10,1026.1269993755704,1745.1117248667083,20819.0,949.8954903232548,0.20032228529453278,81.40573395320712,0.2899466381045635,C:\Users\sophi\napari-organoid-segmentation\reports\segmentations\organoid_measurements_16_patches_segmentations\Condição 2- 8_labels.tif
Condição 2- 8.jpg,ConvPaint,11,1057.4144035751117,1296.4187005843933,5818.0,610.1553749530772,0.31288832426071167,43.03402047005711,0.19638246099513795,C:\Users\sophi\napari-organoid-segmentation\reports\segmentations\organoid_measurements_16_patches_segmentations\Condição 2- 8_labels.tif
Condição 3 - 10.jpg,ConvPaint,1,15.872385747482571,1617.0199457784663,5164.0,424.46803743153544,0.27341094613075256,40.5432146265327,0.3601688183291486,C:\Users\sophi\napari-organoid-segmentation\reports\segmentations\organoid_measurements_16_patches_segmentations\Condição 3 - 10_labels.tif
Condição 3 - 10.jpg,ConvPaint,2,272.4382119748474,286.8251161942951,21946.0,1009.8965363437813,0.2821570932865143,83.58007395419958,0.27040298000949287,C:\Users\sophi\napari-organoid-segmentation\reports\segmentations\organoid_measurements_16_patches_segmentations\Condição 3 - 10_labels.tif
Condição 3 - 10.jpg,ConvPaint,3,288.4455274647172,720.7177378414052,19698.0,759.6944801964781,0.2852301299571991,79.1837618331455,0.42889803381005487,C:\Users\sophi\napari-organoid-segmentation\reports\segmentations\organoid_measurements_16_patches_segmentations\Condição 3 - 10_labels.tif
Condição 3 - 10.jpg,ConvPaint,4,342.8865747742298,1147.8560687896988,23143.0,719.4518395093589,0.2562808096408844,85.8291657652075,0.5618573476472511,C:\Users\sophi\napari-organoid-segmentation\reports\segmentations\organoid_measurements_16_patches_segmentations\Condição 3 - 10_labels.tif
Condição 3 - 10.jpg,ConvPaint,5,377.7025468724075,1572.5299900447983,24108.0,831.0498192558055,0.24136386811733246,87.60031242021243,0.43864878227581466,C:\Users\sophi\napari-organoid-segmentation\reports\segmentations\organoid_measurements_16_patches_segmentations\Condição 3 - 10_labels.tif
Condição 3 - 10.jpg,ConvPaint,6,716.6725643382352,260.2611825980392,26112.0,730.2508293825822,0.24667903780937195,91.16856776340813,0.6153268743873886,C:\Users\sophi\napari-organoid-segmentation\reports\segmentations\organoid_measurements_16_patches_segmentations\Condição 3 - 10_labels.tif
Condição 3 - 10.jpg,ConvPaint,7,722.0005875175125,683.6763230442446,22127.0,671.1381310103741,0.25567522644996643,83.92403023919154,0.6173174756273682,C:\Users\sophi\napari-organoid-segmentation\reports\segmentations\organoid_measurements_16_patches_segmentations\Condição 3 - 10_labels.tif
Condição 3 - 10.jpg,ConvPaint,8,766.1966048003899,1108.6365187020265,24623.0,737.2569260369921,0.25566884875297546,88.53103595634403,0.5692631961253724,C:\Users\sophi\napari-organoid-segmentation\reports\segmentations\organoid_measurements_16_patches_segmentations\Condição 3 - 10_labels.tif
Condição 3 - 10.jpg,ConvPaint,9,806.3225188689872,1558.7857384251436,26631.0,951.2274887854692,0.2353394776582718,92.07013945335659,0.36985249635420653,C:\Users\sophi\napari-organoid-segmentation\reports\segmentations\organoid_measurements_16_patches_segmentations\Condição 3 - 10_labels.tif
Condição 3 - 10.jpg,ConvPaint,10,1012.5794227370901,1797.1262517180444,5093.0,618.1959594928933,0.20395545661449432,40.26353499550239,0.16746776170819458,C:\Users\sophi\napari-organoid-segmentation\reports\segmentations\organoid_measurements_16_patches_segmentations\Condição 3 - 10_labels.tif
Condição 3 - 11.jpg,ConvPaint,1,39.48406501983873,1164.931140407014,15626.0,590.2436867076458,0.23733621835708618,70.52595466569674,0.5636311446037401,C:\Users\sophi\napari-organoid-segmentation\reports\segmentations\organoid_measurements_16_patches_segmentations\Condição 3 - 11_labels.tif
Condição 3 - 11.jpg,ConvPaint,2,320.6628009952347,275.6310462615443,23713.0,1576.1412690719535,0.29392316937446594,86.87970033947072,0.11995161074003059,C:\Users\sophi\napari-organoid-segmentation\reports\segmentations\organoid_measurements_16_patches_segmentations\Condição 3 - 11_labels.tif
Condição 3 - 11.jpg,ConvPaint,3,351.54494497936724,706.2292297111417,29080.0,971.8254685319159,0.25499528646469116,96.21045416286441,0.3869258215864315,C:\Users\sophi\napari-organoid-segmentation\reports\segmentations\organoid_measurements_16_patches_segmentations\Condição 3 - 11_labels.tif
Condição 3 - 11.jpg,ConvPaint,4,369.03462776071376,1136.0337501828287,27348.0,1180.0447686219222,0.2557656466960907,93.30133314885863,0.24679619942121747,C:\Users\sophi\napari-organoid-segmentation\reports\segmentations\organoid_measurements_16_patches_segmentations\Condição 3 - 11_labels.tif
Condição 3 - 11.jpg,ConvPaint,5,438.2809743384122,1560.1101978080726,29928.0,1012.6538956566621,0.23493799567222595,97.6031673344082,0.36674608264487424,C:\Users\sophi\napari-organoid-segmentation\reports\segmentations\organoid_measurements_16_patches_segmentations\Condição 3 - 11_labels.tif
Condição 3 - 11.jpg,ConvPaint,6,742.3263851828598,269.8365405744781,31855.0,1745.4915574973977,0.2854105830192566,100.69638237982859,0.13138687048914396,C:\Users\sophi\napari-organoid-segmentation\reports\segmentations\organoid_measurements_16_patches_segmentations\Condição 3 - 11_labels.tif
Condição 3 - 11.jpg,ConvPaint,7,770.5699608985663,677.3004676838151,26086.0,1085.1513703397204,0.27155187726020813,91.12316769620317,0.27837915203558333,C:\Users\sophi\napari-organoid-segmentation\reports\segmentations\organoid_measurements_16_patches_segmentations\Condição 3 - 11_labels.tif
Condição 3 - 11.jpg,ConvPaint,8,829.2498454691556,1107.8920138459637,32356.0,968.9615075012371,0.2580450773239136,101.48514510687133,0.43306355943675,C:\Users\sophi\napari-organoid-segmentation\reports\segmentations\organoid_measurements_16_patches_segmentations\Condição 3 - 11_labels.tif
Condição 3 - 11.jpg,ConvPaint,9,868.3024652808755,1518.0221845540786,33627.0,1479.4661248592317,0.23499150574207306,103.45920231039058,0.1930580595157443,C:\Users\sophi\napari-organoid-segmentation\reports\segmentations\organoid_measurements_16_patches_segmentations\Condição 3 - 11_labels.tif
Condição 3 - 11.jpg,ConvPaint,10,894.8175628081709,1895.574782812867,8518.0,543.373629022557,0.19410476088523865,52.070755808932994,0.36253537073600334,C:\Users\sophi\napari-organoid-segmentation\reports\segmentations\organoid_measurements_16_patches_segmentations\Condição 3 - 11_labels.tif
Condição 3 - 12.jpg,ConvPaint,1,294.6329142044697,300.42613409161595,22507.0,980.9087296526011,0.2836536467075348,84.64160093203918,0.29394784173564587,C:\Users\sophi\napari-organoid-segmentation\reports\segmentations\organoid_measurements_16_patches_segmentations\Condição 3 - 12_labels.tif
Condição 3 - 12.jpg,ConvPaint,2,330.07062330416176,724.834524400963,26167.0,746.6650429449553,0.24808213114738464,91.26453194845877,0.5898100386833594,C:\Users\sophi\napari-organoid-segmentation\reports\segmentations\organoid_measurements_16_patches_segmentations\Condição 3 - 12_labels.tif
Condição 3 - 12.jpg,ConvPaint,3,323.4383884150675,1147.3373756218905,22512.0,796.5584412271571,0.25152480602264404,84.65100210729638,0.44584988155111854,C:\Users\sophi\napari-organoid-segmentation\reports\segmentations\organoid_measurements_16_patches_segmentations\Condição 3 - 12_labels.tif
Condição 3 - 12.jpg,ConvPaint,4,353.0010266535044,1575.7348864758144,25325.0,859.0853531617383,0.24493059515953064,89.78417381479042,0.4312078800686538,C:\Users\sophi\napari-organoid-segmentation\reports\segmentations\organoid_measurements_16_patches_segmentations\Condição 3 - 12_labels.tif
Condição 3 - 12.jpg,ConvPaint,5,715.5922825993648,265.7421667095888,23298.0,1416.9280656363574,0.2859996557235718,86.11610609119501,0.14582530710390698,C:\Users\sophi\napari-organoid-segmentation\reports\segmentations\organoid_measurements_16_patches_segmentations\Condição 3 - 12_labels.tif
Condição 3 - 12.jpg,ConvPaint,6,753.9249970046727,702.9075042933024,25039.0,877.8782463805518,0.26622769236564636,89.27575953278658,0.4082801534269564,C:\Users\sophi\napari-organoid-segmentation\reports\segmentations\organoid_measurements_16_patches_segmentations\Condição 3 - 12_labels.tif
Condição 3 - 12.jpg,ConvPaint,7,768.6615771574324,1135.3400170043928,28228.0,823.3279938488575,0.24119621515274048,94.79056634072846,0.5232921365534025,C:\Users\sophi\napari-organoid-segmentation\reports\segmentations\organoid_measurements_16_patches_segmentations\Condição 3 - 12_labels.tif
Condição 3 - 12.jpg,ConvPaint,8,797.1558934026193,1583.926687967417,28481.0,842.9076836320745,0.22429277002811432,95.21440998294608,0.5037384162082565,C:\Users\sophi\napari-organoid-segmentation\reports\segmentations\organoid_measurements_16_patches_segmentations\Condição 3 - 12_labels.tif
Condição 3 - 12.jpg,ConvPaint,9,1011.8575429424944,1797.832710978342,5356.0,594.1309883354377,0.21502585709095,41.29004420438882,0.19067160533678942,C:\Users\sophi\napari-organoid-segmentation\reports\segmentations\organoid_measurements_16_patches_segmentations\Condição 3 - 12_labels.tif
Condição 3 - 33.jpg,ConvPaint,1,56.98535647372054,226.1798639187457,20282.0,869.4284989122459,0.264251708984375,80.34899570983848,0.3371730844235702,C:\Users\sophi\napari-organoid-segmentation\reports\segmentations\organoid_measurements_16_patches_segmentations\Condição 3 - 33_labels.tif
Condição 3 - 33.jpg,ConvPaint,2,24.54669920021689,620.2300393113732,7377.0,547.5634918610405,0.2906091511249542,48.45794083922493,0.30918661083207627,C:\Users\sophi\napari-organoid-segmentation\reports\segmentations\organoid_measurements_16_patches_segmentations\Condição 3 - 33_labels.tif
Condição 3 - 33.jpg,ConvPaint,3,268.7888853401469,1898.7801022037688,6262.0,448.05992052357226,0.2456754446029663,44.645901349204465,0.3919681076943742,C:\Users\sophi\napari-organoid-segmentation\reports\segmentations\organoid_measurements_16_patches_segmentations\Condição 3 - 33_labels.tif
Condição 3 - 33.jpg,ConvPaint,4,315.6286394018353,1537.0338355802273,26481.0,749.58787847868,0.23340879380702972,91.81047922777094,0.592241907740505,C:\Users\sophi\napari-organoid-segmentation\reports\segmentations\organoid_measurements_16_patches_segmentations\Condição 3 - 33_labels.tif
Condição 3 - 33.jpg,ConvPaint,5,361.29704715733806,1115.6203173204055,22690.0,842.7127701597078,0.27116724848747253,84.9850064276647,0.4014996857408716,C:\Users\sophi\napari-organoid-segmentation\reports\segmentations\organoid_measurements_16_patches_segmentations\Condição 3 - 33_labels.tif
Condição 3 - 33.jpg,ConvPaint,6,416.94139657734,684.215814670115,18173.0,931.6660889654818,0.29358768463134766,76.05685742665173,0.2630970110142573,C:\Users\sophi\napari-organoid-segmentation\reports\segmentations\organoid_measurements_16_patches_segmentations\Condição 3 - 33_labels.tif
Condição 3 - 33.jpg,ConvPaint,7,453.73067698506605,292.13446963640433,31271.0,1313.17575695736,0.2692963182926178,99.76907562392928,0.22787984777308995,C:\Users\sophi\napari-organoid-segmentation\reports\segmentations\organoid_measurements_16_patches_segmentations\Condição 3 - 33_labels.tif
Condição 3 - 33.jpg,ConvPaint,8,741.0215032154341,1589.3971312299036,39808.0,915.3340905032675,0.21537359058856964,112.56677995396484,0.597064084777678,C:\Users\sophi\napari-organoid-segmentation\reports\segmentations\organoid_measurements_16_patches_segmentations\Condição 3 - 33_labels.tif
Condição 3 - 33.jpg,ConvPaint,9,790.2940449794108,1166.7286347798542,31570.0,848.8132752230961,0.2448565810918808,100.244915615817,0.5506303171244553,C:\Users\sophi\napari-organoid-segmentation\reports\segmentations\organoid_measurements_16_patches_segmentations\Condição 3 - 33_labels.tif
Condição 3 - 33.jpg,ConvPaint,10,858.8167676838455,748.9360613810742,28543.0,1096.471175493115,0.26803481578826904,95.31798928504492,0.298342443955956,C:\Users\sophi\napari-organoid-segmentation\reports\segmentations\organoid_measurements_16_patches_segmentations\Condição 3 - 33_labels.tif
Condição 3 - 33.jpg,ConvPaint,11,895.550173963967,336.7958248647904,29029.0,1403.9280656363571,0.270675390958786,96.126051026916,0.1850769046131223,C:\Users\sophi\napari-organoid-segmentation\reports\segmentations\organoid_measurements_16_patches_segmentations\Condição 3 - 33_labels.tif
Condição 3 - 33.jpg,ConvPaint,12,1012.6277357739754,1798.2300039793076,5026.0,641.344191771034,0.20115870237350464,39.997818540012055,0.15355006913864774,C:\Users\sophi\napari-organoid-segmentation\reports\segmentations\organoid_measurements_16_patches_segmentations\Condição 3 - 33_labels.tif
Condição 3 - 34.jpg,ConvPaint,1,46.46307385229541,277.28000249500997,16032.0,860.1381310103741,0.26971155405044556,71.43629396391258,0.27230848024801946,C:\Users\sophi\napari-organoid-segmentation\reports\segmentations\organoid_measurements_16_patches_segmentations\Condição 3 - 34_labels.tif
Condição 3 - 34.jpg,ConvPaint,2,20.072511030117017,688.8177632840974,5213.0,421.58073580374355,0.32407066226005554,40.73511306816394,0.36858365636104,C:\Users\sophi\napari-organoid-segmentation\reports\segmentations\organoid_measurements_16_patches_segmentations\Condição 3 - 34_labels.tif
Condição 3 - 34.jpg,ConvPaint,3,280.4333092295556,1587.3449250591639,30424.0,900.2041481883562,0.25904110074043274,98.4086377166946,0.47178503037318903,C:\Users\sophi\napari-organoid-segmentation\reports\segmentations\organoid_measurements_16_patches_segmentations\Condição 3 - 34_labels.tif
Condição 3 - 34.jpg,ConvPaint,4,323.44467597416127,1166.2890532749877,28794.0,937.4173516239528,0.2605465352535248,95.7361732198236,0.41176164305414803,C:\Users\sophi\napari-organoid-segmentation\reports\segmentations\organoid_measurements_16_patches_segmentations\Condição 3 - 34_labels.tif
Condição 3 - 34.jpg,ConvPaint,5,385.669255547602,744.2084108804581,27940.0,1722.9585489084066,0.2857222259044647,94.30576981274854,0.11827327080733192,C:\Users\sophi\napari-organoid-segmentation\reports\segmentations\organoid_measurements_16_patches_segmentations\Condição 3 - 34_labels.tif
Condição 3 - 34.jpg,ConvPaint,6,435.23254311982373,340.9278930172479,26322.0,1415.5016587651644,0.2882134020328522,91.5344351822293,0.16508514044714445,C:\Users\sophi\napari-organoid-segmentation\reports\segmentations\organoid_measurements_16_patches_segmentations\Condição 3 - 34_labels.tif
Condição 3 - 34.jpg,ConvPaint,7,479.3933140030701,20.85672863721644,5863.0,885.842712474619,0.34512415528297424,43.20012572546016,0.0938893915761241,C:\Users\sophi\napari-organoid-segmentation\reports\segmentations\organoid_measurements_16_patches_segmentations\Condição 3 - 34_labels.tif
Condição 3 - 34.jpg,ConvPaint,8,706.9350994909764,1644.5888477556687,25932.0,744.0731598529185,0.2633739113807678,90.8537944640622,0.588592330696879,C:\Users\sophi\napari-organoid-segmentation\reports\segmentations\organoid_measurements_16_patches_segmentations\Condição 3 - 34_labels.tif
Condição 3 - 34.jpg,ConvPaint,9,746.7740950394757,1238.5209667808729,26852.0,1556.0702012600882,0.2815275192260742,92.45137675452511,0.13935678883176103,C:\Users\sophi\napari-organoid-segmentation\reports\segmentations\organoid_measurements_16_patches_segmentations\Condição 3 - 34_labels.tif
Condição 3 - 34.jpg,ConvPaint,10,805.5894463024898,814.937049424006,26910.0,1244.4833688019348,0.2855941355228424,92.55116983164397,0.218346064019529,C:\Users\sophi\napari-organoid-segmentation\reports\segmentations\organoid_measurements_16_patches_segmentations\Condição 3 - 34_labels.tif
Condição 3 - 34.jpg,ConvPaint,11,855.1145164391463,397.4671793885791,26005.0,1786.7159082212875,0.29097241163253784,90.9815837969942,0.1023659953690274,C:\Users\sophi\napari-organoid-segmentation\reports\segmentations\organoid_measurements_16_patches_segmentations\Condição 3 - 34_labels.tif
Condição 3 - 34.jpg,ConvPaint,12,900.3290538882983,35.077357101970726,12229.0,884.1503243191939,0.29490333795547485,62.390797383440905,0.19658419022031434,C:\Users\sophi\napari-organoid-segmentation\reports\segmentations\organoid_measurements_16_patches_segmentations\Condição 3 - 34_labels.tif
Condição 3 - 34.jpg,ConvPaint,13,1035.5541333846597,1752.89231065345,10391.0,960.8183258569793,0.251240074634552,57.51137302600042,0.14144404024427717,C:\Users\sophi\napari-organoid-segmentation\reports\segmentations\organoid_measurements_16_patches_segmentations\Condição 3 - 34_labels.tif
Condição 3 - 35.jpg,ConvPaint,1,46.186902133922004,230.45486877606083,16308.0,1023.9787514439402,0.2705526649951935,72.04857822251081,0.19544685092897793,C:\Users\sophi\napari-organoid-segmentation\reports\segmentations\organoid_measurements_16_patches_segmentations\Condição 3 - 35_labels.tif
Condição 3 - 35.jpg,ConvPaint,2,31.019400884599918,614.4762766385203,9948.0,695.0548698896889,0.302053838968277,56.2720778695469,0.25876614713389207,C:\Users\sophi\napari-organoid-segmentation\reports\segmentations\organoid_measurements_16_patches_segmentations\Condição 3 - 35_labels.tif
Condição 3 - 35.jpg,ConvPaint,3,263.8893947884562,1876.001050714486,14276.0,572.3441917710343,0.24699373543262482,67.41062182742269,0.5476484256397829,C:\Users\sophi\napari-organoid-segmentation\reports\segmentations\organoid_measurements_16_patches_segmentations\Condição 3 - 35_labels.tif
Condição 3 - 35.jpg,ConvPaint,4,295.85364123301764,1507.4865737292043,28191.0,976.547293938864,0.26477953791618347,94.7284223525719,0.37147858600895267,C:\Users\sophi\napari-organoid-segmentation\reports\segmentations\organoid_measurements_16_patches_segmentations\Condição 3 - 35_labels.tif
Condição 3 - 35.jpg,ConvPaint,5,352.67443054689505,1081.9285478487327,27263.0,1100.9797974644666,0.275297075510025,93.15622591662184,0.2826342621454439,C:\Users\sophi\napari-organoid-segmentation\reports\segmentations\organoid_measurements_16_patches_segmentations\Condição 3 - 35_labels.tif
Condição 3 - 35.jpg,ConvPaint,6,400.5146852630802,665.0988118958011,27102.0,1635.1595590351833,0.28986474871635437,92.88075438621875,0.12737697469766235,C:\Users\sophi\napari-organoid-segmentation\reports\segmentations\organoid_measurements_16_patches_segmentations\Condição 3 - 35_labels.tif
Condição 3 - 35.jpg,ConvPaint,7,445.5891464061198,261.6351965462395,26406.0,1556.1290757631339,0.2877480685710907,91.68037333349585,0.1370317639007236,C:\Users\sophi\napari-organoid-segmentation\reports\segmentations\organoid_measurements_16_patches_segmentations\Condição 3 - 35_labels.tif
Condição 3 - 35.jpg,ConvPaint,8,726.60124508519,1556.179226736566,24416.0,1070.8498551495554,0.2771994471549988,88.15812033535784,0.2675637140491071,C:\Users\sophi\napari-organoid-segmentation\reports\segmentations\organoid_measurements_16_patches_segmentations\Condição 3 - 35_labels.tif
Condição 3 - 35.jpg,ConvPaint,9,771.5118122535047,1139.8354094263736,25609.0,1252.8864350760145,0.28933027386665344,90.28619980528971,0.20501189962225935,C:\Users\sophi\napari-organoid-segmentation\reports\segmentations\organoid_measurements_16_patches_segmentations\Condição 3 - 35_labels.tif
Condição 3 - 35.jpg,ConvPaint,10,819.3775518603885,735.8447069476457,24296.0,1762.9534982745236,0.3075343668460846,87.94121328888622,0.09823424891662129,C:\Users\sophi\napari-organoid-segmentation\reports\segmentations\organoid_measurements_16_patches_segmentations\Condição 3 - 35_labels.tif
Condição 3 - 35.jpg,ConvPaint,11,884.2703116038998,328.2628942840757,26155.0,1586.3067452927978,0.29117876291275024,91.24360291624309,0.13061415541290058,C:\Users\sophi\napari-organoid-segmentation\reports\segmentations\organoid_measurements_16_patches_segmentations\Condição 3 - 35_labels.tif
Condição 3 - 36.jpg,ConvPaint,1,143.2384468288537,1868.1253585466907,18826.0,630.072113832392,0.21092545986175537,77.4112518778507,0.5959192310966765,C:\Users\sophi\napari-organoid-segmentation\reports\segmentations\organoid_measurements_16_patches_segmentations\Condição 3 - 36_labels.tif
Condição 3 - 36.jpg,ConvPaint,2,190.66570131834882,1471.4474605575967,23135.0,762.5229073212244,0.2560196816921234,85.81432990393853,0.500004114033299,C:\Users\sophi\napari-organoid-segmentation\reports\segmentations\organoid_measurements_16_patches_segmentations\Condição 3 - 36_labels.tif
Condição 3 - 36.jpg,ConvPaint,3,250.03608860075636,1040.411777417612,18510.0,993.5300499961608,0.28563132882118225,76.75881703922987,0.2356428509309897,C:\Users\sophi\napari-organoid-segmentation\reports\segmentations\organoid_measurements_16_patches_segmentations\Condição 3 - 36_labels.tif
Condição 3 - 36.jpg,ConvPaint,4,289.501617614725,648.0298394949273,31837.0,1152.5128060534578,0.2610243260860443,100.6679285891656,0.30119688914264425,C:\Users\sophi\napari-organoid-segmentation\reports\segmentations\organoid_measurements_16_patches_segmentations\Condição 3 - 36_labels.tif
Condição 3 - 36.jpg,ConvPaint,5,332.81864859314027,260.60660739958337,34083.0,922.2691193458118,0.25461435317993164,104.1583210828695,0.5035381083936719,C:\Users\sophi\napari-organoid-segmentation\reports\segmentations\organoid_measurements_16_patches_segmentations\Condição 3 - 36_labels.tif
Condição 3 - 36.jpg,ConvPaint,6,566.085608804681,1884.7112008916133,14356.0,621.1787155501902,0.21321633458137512,67.5992361351406,0.46753075082285717,C:\Users\sophi\napari-organoid-segmentation\reports\segmentations\organoid_measurements_16_patches_segmentations\Condição 3 - 36_labels.tif
Condição 3 - 36.jpg,ConvPaint,7,619.6046621664249,1524.8372342438963,31702.0,815.8366158202091,0.23019270598888397,100.45426826072914,0.5985358104633041,C:\Users\sophi\napari-organoid-segmentation\reports\segmentations\organoid_measurements_16_patches_segmentations\Condição 3 - 36_labels.tif
Condição 3 - 36.jpg,ConvPaint,8,691.4837568907534,1107.492979232396,28843.0,976.6599923110718,0.25809288024902344,95.81759779497227,0.3799824149167815,C:\Users\sophi\napari-organoid-segmentation\reports\segmentations\organoid_measurements_16_patches_segmentations\Condição 3 - 36_labels.tif
Condição 3 - 36.jpg,ConvPaint,9,730.6134973471663,693.81636308337,29591.0,1195.0691552395617,0.266975075006485,97.05208829316632,0.26036549649258267,C:\Users\sophi\napari-organoid-segmentation\reports\segmentations\organoid_measurements_16_patches_segmentations\Condição 3 - 36_labels.tif
Condição 3 - 36.jpg,ConvPaint,10,777.4538131907078,300.1909656216774,31037.0,1434.8336572273788,0.27484074234962463,99.39509010754159,0.1894464577531156,C:\Users\sophi\napari-organoid-segmentation\reports\segmentations\organoid_measurements_16_patches_segmentations\Condição 3 - 36_labels.tif
Condição 3 - 36.jpg,ConvPaint,11,1014.6910297666935,1571.106234915527,24860.0,701.8416664540924,0.21948811411857605,88.95607776048266,0.6342094271121538,C:\Users\sophi\napari-organoid-segmentation\reports\segmentations\organoid_measurements_16_patches_segmentations\Condição 3 - 36_labels.tif
Condição 3 - 36.jpg,ConvPaint,12,1012.9728718428438,1797.1214218896164,5345.0,654.7878425849301,0.21425998210906982,41.247622254529546,0.15665936396775498,C:\Users\sophi\napari-organoid-segmentation\reports\segmentations\organoid_measurements_16_patches_segmentations\Condição 3 - 36_labels.tif
Condição 3 - 36.jpg,ConvPaint,13,1051.0507375248458,1176.8444397949577,9559.0,521.2792206135786,0.25437355041503906,55.16089377476452,0.4420602846859199,C:\Users\sophi\napari-organoid-segmentation\reports\segmentations\organoid_measurements_16_patches_segmentations\Condição 3 - 36_labels.tif
Condição 3 - 58.jpg,ConvPaint,1,49.399731823599524,113.498063170441,20136.0,1274.6904755831215,0.3141031265258789,80.05927721505365,0.15573046664803677,C:\Users\sophi\napari-organoid-segmentation\reports\segmentations\organoid_measurements_16_patches_segmentations\Condição 3 - 58_labels.tif
Condição 3 - 58.jpg,ConvPaint,2,22.56865396435157,536.380208973571,8135.0,754.6589462905454,0.3574793040752411,50.88664779787658,0.17950062768238895,C:\Users\sophi\napari-organoid-segmentation\reports\segmentations\organoid_measurements_16_patches_segmentations\Condição 3 - 58_labels.tif
Condição 3 - 58.jpg,ConvPaint,3,132.21833939831663,1841.4453179254979,35999.0,1540.9392129246505,0.28867456316947937,107.04596018874454,0.1905150490656196,C:\Users\sophi\napari-organoid-segmentation\reports\segmentations\organoid_measurements_16_patches_segmentations\Condição 3 - 58_labels.tif
Condição 3 - 58.jpg,ConvPaint,4,200.92178108863118,1455.1415178193515,47252.0,3188.786109481375,0.3154275119304657,122.64085266319897,0.0583954864007021,C:\Users\sophi\napari-organoid-segmentation\reports\segmentations\organoid_measurements_16_patches_segmentations\Condição 3 - 58_labels.tif
Condição 3 - 58.jpg,ConvPaint,5,279.78960084460147,1025.221301823202,49254.0,3553.6815998046304,0.33293893933296204,125.21196082681729,0.04901108792156248,C:\Users\sophi\napari-organoid-segmentation\reports\segmentations\organoid_measurements_16_patches_segmentations\Condição 3 - 58_labels.tif
Condição 3 - 58.jpg,ConvPaint,6,356.04838254144124,601.1102783028091,46029.0,3331.2318523363247,0.3386300206184387,121.04332179494126,0.052123273495084506,C:\Users\sophi\napari-organoid-segmentation\reports\segmentations\organoid_measurements_16_patches_segmentations\Condição 3 - 58_labels.tif
Condição 3 - 58.jpg,ConvPaint,7,426.2208106473079,182.01191509508405,38019.0,1623.9108216936543,0.3123674690723419,110.00828860963858,0.18116996553900208,C:\Users\sophi\napari-organoid-segmentation\reports\segmentations\organoid_measurements_16_patches_segmentations\Condição 3 - 58_labels.tif
Condição 3 - 58.jpg,ConvPaint,8,558.40720888026,1870.2658169079475,23693.0,911.3452377915606,0.27772945165634155,86.84305460629855,0.3584792822855973,C:\Users\sophi\napari-organoid-segmentation\reports\segmentations\organoid_measurements_16_patches_segmentations\Condição 3 - 58_labels.tif
Condição 3 - 58.jpg,ConvPaint,9,624.1584158415842,1516.988305917206,51308.0,4095.232898356851,0.32645660638809204,127.79610181972662,0.03844481180741698,C:\Users\sophi\napari-organoid-segmentation\reports\segmentations\organoid_measurements_16_patches_segmentations\Condição 3 - 58_labels.tif
Condição 3 - 58.jpg,ConvPaint,10,693.8037034682939,1086.8370516324499,47199.0,4907.528496361356,0.35079535841941833,122.57205357661564,0.02462731136521512,C:\Users\sophi\napari-organoid-segmentation\reports\segmentations\organoid_measurements_16_patches_segmentations\Condição 3 - 58_labels.tif
Condição 3 - 58.jpg,ConvPaint,11,776.2056069107496,665.6674605417188,49546.0,5166.1508627254425,0.3575449585914612,125.5825689371821,0.023328364563886456,C:\Users\sophi\napari-organoid-segmentation\reports\segmentations\organoid_measurements_16_patches_segmentations\Condição 3 - 58_labels.tif
Condição 3 - 58.jpg,ConvPaint,12,847.5909476541952,237.6271315856452,47148.0,2494.802307403552,0.32430148124694824,122.50581420403427,0.09519209058204608,C:\Users\sophi\napari-organoid-segmentation\reports\segmentations\organoid_measurements_16_patches_segmentations\Condição 3 - 58_labels.tif
Condição 3 - 58.jpg,ConvPaint,13,980.1249766136576,1902.64340505145,5345.0,491.7817459305203,0.27592068910598755,41.247622254529546,0.27772358623534144,C:\Users\sophi\napari-organoid-segmentation\reports\segmentations\organoid_measurements_16_patches_segmentations\Condição 3 - 58_labels.tif
Condição 3 - 58.jpg,ConvPaint,14,1008.5322513983413,1592.2555589232084,36293.0,1393.1747109368334,0.25099316239356995,107.48218782323104,0.23497495101885527,C:\Users\sophi\napari-organoid-segmentation\reports\segmentations\organoid_measurements_16_patches_segmentations\Condição 3 - 58_labels.tif
Condição 3 - 58.jpg,ConvPaint,15,1047.6262658227847,1155.0111392405063,15800.0,837.5107140124047,0.2880987823009491,70.91753098990328,0.2830650223002197,C:\Users\sophi\napari-organoid-segmentation\reports\segmentations\organoid_measurements_16_patches_segmentations\Condição 3 - 58_labels.tif
Condição 3 - 59.jpg,ConvPaint,1,88.21544308861772,249.7762695396222,34993.0,3725.870416622587,0.33777347207069397,105.53965059270088,0.0316763802806936,C:\Users\sophi\napari-organoid-segmentation\reports\segmentations\organoid_measurements_16_patches_segmentations\Condição 3 - 59_labels.tif
Condição 3 - 59.jpg,ConvPaint,2,62.97270780417352,673.355445988346,20079.0,3542.674457129694,0.36008062958717346,79.94588297519975,0.02010432293278472,C:\Users\sophi\napari-organoid-segmentation\reports\segmentations\organoid_measurements_16_patches_segmentations\Condição 3 - 59_labels.tif
Condição 3 - 59.jpg,ConvPaint,3,26.915237385036043,1115.024235645041,8046.0,633.1198410471445,0.3511792719364166,50.60752260518964,0.25224237360866586,C:\Users\sophi\napari-organoid-segmentation\reports\segmentations\organoid_measurements_16_patches_segmentations\Condição 3 - 59_labels.tif
Condição 3 - 59.jpg,ConvPaint,4,258.2953014671469,1594.5705593879088,49143.0,2165.8601358860715,0.31339848041534424,125.07079090151315,0.13164692316516427,C:\Users\sophi\napari-organoid-segmentation\reports\segmentations\organoid_measurements_16_patches_segmentations\Condição 3 - 59_labels.tif
Condição 3 - 59.jpg,ConvPaint,5,332.2894333217448,1174.1497985643878,48899.0,3245.9759723198586,0.32504287362098694,124.75990992502832,0.05832023164741047,C:\Users\sophi\napari-organoid-segmentation\reports\segmentations\organoid_measurements_16_patches_segmentations\Condição 3 - 59_labels.tif
Condição 3 - 59.jpg,ConvPaint,6,421.2516097679504,745.739351233143,41155.0,5537.001584426775,0.35425445437431335,114.45542086722632,0.01686876058721887,C:\Users\sophi\napari-organoid-segmentation\reports\segmentations\organoid_measurements_16_patches_segmentations\Condição 3 - 59_labels.tif
Condição 3 - 59.jpg,ConvPaint,7,476.8093330190903,316.27949563987744,42430.0,5052.153821318272,0.3463706374168396,116.21483756723252,0.0208895827754777,C:\Users\sophi\napari-organoid-segmentation\reports\segmentations\organoid_measurements_16_patches_segmentations\Condição 3 - 59_labels.tif
Condição 3 - 59.jpg,ConvPaint,8,675.3735236638627,1679.1697850284645,58845.0,2071.1555544218268,0.3077511489391327,136.86104358978548,0.17238282573430644,C:\Users\sophi\napari-organoid-segmentation\reports\segmentations\organoid_measurements_16_patches_segmentations\Condição 3 - 59_labels.tif
Condição 3 - 59.jpg,ConvPaint,9,750.5805626029287,1254.2201005919794,44934.0,6544.171244729725,0.35283732414245605,119.59488461377623,0.013184863395331151,C:\Users\sophi\napari-organoid-segmentation\reports\segmentations\organoid_measurements_16_patches_segmentations\Condição 3 - 59_labels.tif
Condição 3 - 59.jpg,ConvPaint,10,834.9222714747814,819.4842218761231,41735.0,5139.533546995239,0.35001739859580994,115.25911287130621,0.019854679070627886,C:\Users\sophi\napari-organoid-segmentation\reports\segmentations\organoid_measurements_16_patches_segmentations\Condição 3 - 59_labels.tif
Condição 3 - 59.jpg,ConvPaint,11,902.7110353923939,390.46032094965926,45490.0,4985.510206398126,0.3517259955406189,120.33252562171475,0.022998874398797404,C:\Users\sophi\napari-organoid-segmentation\reports\segmentations\organoid_measurements_16_patches_segmentations\Condição 3 - 59_labels.tif
Condição 3 - 59.jpg,ConvPaint,12,975.7839424926597,47.91429583881745,19754.0,1372.679328294828,0.3376626670360565,79.2962388242633,0.13174275052713205,C:\Users\sophi\napari-organoid-segmentation\reports\segmentations\organoid_measurements_16_patches_segmentations\Condição 3 - 59_labels.tif
Condição 3 - 59.jpg,ConvPaint,13,1030.7819688462234,1749.7396757833726,22084.0,961.7178207935912,0.23380906879901886,83.84244465950903,0.30004906318593066,C:\Users\sophi\napari-organoid-segmentation\reports\segmentations\organoid_measurements_16_patches_segmentations\Condição 3 - 59_labels.tif
Condição 3 - 59.jpg,ConvPaint,14,1062.7409715857011,1319.356186984418,5455.0,744.144227664784,0.38841214776039124,41.669898357598356,0.12379137430032494,C:\Users\sophi\napari-organoid-segmentation\reports\segmentations\organoid_measurements_16_patches_segmentations\Condição 3 - 59_labels.tif
Condição 3 - 60.jpg,ConvPaint,1,32.24818125129911,228.66046559966742,9622.0,2134.9829355260463,0.3885495364665985,55.34236826212295,0.026526893897037034,C:\Users\sophi\napari-organoid-segmentation\reports\segmentations\organoid_measurements_16_patches_segmentations\Condição 3 - 60_labels.tif
Condição 3 - 60.jpg,ConvPaint,2,191.1930035842294,1576.4179784946236,34875.0,2419.488598904567,0.33141016960144043,105.36155504100962,0.07486467099756909,C:\Users\sophi\napari-organoid-segmentation\reports\segmentations\organoid_measurements_16_patches_segmentations\Condição 3 - 60_labels.tif
Condição 3 - 60.jpg,ConvPaint,3,258.71381232579745,1148.1029420873335,32290.0,4350.489824393842,0.3593958020210266,101.38158720830228,0.02143885537889358,C:\Users\sophi\napari-organoid-segmentation\reports\segmentations\organoid_measurements_16_patches_segmentations\Condição 3 - 60_labels.tif
Condição 3 - 60.jpg,ConvPaint,4,320.27211716373444,726.5414118606328,31887.0,5458.3102422918755,0.3765697181224823,100.74694705420376,0.013449529517707693,C:\Users\sophi\napari-organoid-segmentation\reports\segmentations\organoid_measurements_16_patches_segmentations\Condição 3 - 60_labels.tif
Condição 3 - 60.jpg,ConvPaint,5,384.6521680399838,295.7766108334459,29612.0,4613.5497449174145,0.36217713356018066,97.08651991741392,0.017482647029509864,C:\Users\sophi\napari-organoid-segmentation\reports\segmentations\organoid_measurements_16_patches_segmentations\Condição 3 - 60_labels.tif
Condição 3 - 60.jpg,ConvPaint,6,616.374492601807,1640.7247937671862,30548.0,1132.0691552395617,0.3272947669029236,98.60897729488141,0.299534416985617,C:\Users\sophi\napari-organoid-segmentation\reports\segmentations\organoid_measurements_16_patches_segmentations\Condição 3 - 60_labels.tif
Condição 3 - 60.jpg,ConvPaint,7,679.530898021309,1213.6808050059192,29565.0,3878.0979054080562,0.3667268455028534,97.00944173132721,0.024703029069463076,C:\Users\sophi\napari-organoid-segmentation\reports\segmentations\organoid_measurements_16_patches_segmentations\Condição 3 - 60_labels.tif
Condição 3 - 60.jpg,ConvPaint,8,749.5529338714684,781.5688916485564,32210.0,3227.0653300949543,0.3535616993904114,101.25592048853193,0.03886736276155415,C:\Users\sophi\napari-organoid-segmentation\reports\segmentations\organoid_measurements_16_patches_segmentations\Condição 3 - 60_labels.tif
Condição 3 - 60.jpg,ConvPaint,9,806.4467225750756,361.2388542887094,32434.0,1754.5159441150372,0.3372209370136261,101.60739563872832,0.1324023635801027,C:\Users\sophi\napari-organoid-segmentation\reports\segmentations\organoid_measurements_16_patches_segmentations\Condição 3 - 60_labels.tif
Condição 3 - 60.jpg,ConvPaint,10,1025.6112701252237,1738.5344066785926,16770.0,1388.3401871576773,0.2633967995643616,73.06200648286475,0.10933296769648208,C:\Users\sophi\napari-organoid-segmentation\reports\segmentations\organoid_measurements_16_patches_segmentations\Condição 3 - 60_labels.tif
Condição 3 - 82.jpg,ConvPaint,1,54.34884771802982,332.47818446553197,19917.0,752.6822868876585,0.27331995964050293,79.62272290698529,0.4417844199131335,C:\Users\sophi\napari-organoid-segmentation\reports\segmentations\organoid_measurements_16_patches_segmentations\Condição 3 - 82_labels.tif
Condição 3 - 82.jpg,ConvPaint,2,31.512807288980575,706.9011517964586,11634.0,718.1259377015544,0.30913013219833374,60.854064908288755,0.28348996952860456,C:\Users\sophi\napari-organoid-segmentation\reports\segmentations\organoid_measurements_16_patches_segmentations\Condição 3 - 82_labels.tif
Condição 3 - 82.jpg,ConvPaint,3,255.14234913504987,1656.133606053314,37401.0,1067.6955262170047,0.25394123792648315,109.11053135770146,0.4122856625685261,C:\Users\sophi\napari-organoid-segmentation\reports\segmentations\organoid_measurements_16_patches_segmentations\Condição 3 - 82_labels.tif
Condição 3 - 82.jpg,ConvPaint,4,344.3477308857494,1234.1683613785656,33339.0,973.2691193458118,0.2826351523399353,103.01520904935056,0.4422792303648781,C:\Users\sophi\napari-organoid-segmentation\reports\segmentations\organoid_measurements_16_patches_segmentations\Condição 3 - 82_labels.tif
Condição 3 - 82.jpg,ConvPaint,5,401.4600645490063,828.6564294207576,29435.0,1190.5128060534576,0.2929980158805847,96.79592708280592,0.26097911942939717,C:\Users\sophi\napari-organoid-segmentation\reports\segmentations\organoid_measurements_16_patches_segmentations\Condição 3 - 82_labels.tif
Condição 3 - 82.jpg,ConvPaint,6,460.29458066531316,400.4350460721537,32015.0,1098.8376618407356,0.2970469295978546,100.94895247685366,0.3331933292319666,C:\Users\sophi\napari-organoid-segmentation\reports\segmentations\organoid_measurements_16_patches_segmentations\Condição 3 - 82_labels.tif
Condição 3 - 82.jpg,ConvPaint,7,547.117374005305,23.958885941644564,6032.0,438.0599205235723,0.31400376558303833,43.818320751263684,0.39500642235815375,C:\Users\sophi\napari-organoid-segmentation\reports\segmentations\organoid_measurements_16_patches_segmentations\Condição 3 - 82_labels.tif
Condição 3 - 82.jpg,ConvPaint,8,696.4445753215332,1711.1889405322806,31412.0,1011.2752160002218,0.2705498933792114,99.99375052874672,0.38598170940088483,C:\Users\sophi\napari-organoid-segmentation\reports\segmentations\organoid_measurements_16_patches_segmentations\Condição 3 - 82_labels.tif
Condição 3 - 82.jpg,ConvPaint,9,757.8815907804017,1290.9382806515005,30023.0,1301.0397179880388,0.3027096688747406,97.75795472950499,0.22288602581376865,C:\Users\sophi\napari-organoid-segmentation\reports\segmentations\organoid_measurements_16_patches_segmentations\Condição 3 - 82_labels.tif
Condição 3 - 82.jpg,ConvPaint,10,829.5501309515815,869.32049560137,29782.0,1088.6072144624359,0.28726068139076233,97.36480385809676,0.3158066763206165,C:\Users\sophi\napari-organoid-segmentation\reports\segmentations\organoid_measurements_16_patches_segmentations\Condição 3 - 82_labels.tif
Condição 3 - 82.jpg,ConvPaint,11,891.6967293837143,452.0732389986005,38586.0,2088.882430462658,0.31053265929222107,110.82556234140095,0.1111249631204831,C:\Users\sophi\napari-organoid-segmentation\reports\segmentations\organoid_measurements_16_patches_segmentations\Condição 3 - 82_labels.tif
Condição 3 - 82.jpg,ConvPaint,12,959.8249269717625,56.840360272638755,20540.0,1094.5056633785211,0.30294615030288696,80.85842604339427,0.21546378119954643,C:\Users\sophi\napari-organoid-segmentation\reports\segmentations\organoid_measurements_16_patches_segmentations\Condição 3 - 82_labels.tif
Condição 3 - 82.jpg,ConvPaint,13,1029.3474393530998,1794.2027628032345,14840.0,1288.9076836320746,0.2169933021068573,68.72931478610458,0.11225356427358175,C:\Users\sophi\napari-organoid-segmentation\reports\segmentations\organoid_measurements_16_patches_segmentations\Condição 3 - 82_labels.tif
Condição 3 - 83.jpg,ConvPaint,1,29.258106976187626,222.62426708148857,8357.0,647.8416664540925,0.3307238221168518,51.57630966672527,0.25022028421390285,C:\Users\sophi\napari-organoid-segmentation\reports\segmentations\organoid_measurements_16_patches_segmentations\Condição 3 - 83_labels.tif
Condição 3 - 83.jpg,ConvPaint,2,233.34620808254513,1535.0008598452278,29075.0,1127.7848839920998,0.2894594967365265,96.20218261969795,0.28726125186842555,C:\Users\sophi\napari-organoid-segmentation\reports\segmentations\organoid_measurements_16_patches_segmentations\Condição 3 - 83_labels.tif
Condição 3 - 83.jpg,ConvPaint,3,287.1015421646282,1094.899213524028,35729.0,1024.7899346259833,0.2834060788154602,106.64377114234406,0.4275245148496841,C:\Users\sophi\napari-organoid-segmentation\reports\segmentations\organoid_measurements_16_patches_segmentations\Condição 3 - 83_labels.tif
Condição 3 - 83.jpg,ConvPaint,4,342.1948625776979,691.9021568186924,26706.0,1220.3767670841366,0.313493937253952,92.19969533802329,0.2253361377957824,C:\Users\sophi\napari-organoid-segmentation\reports\segmentations\organoid_measurements_16_patches_segmentations\Condição 3 - 83_labels.tif
Condição 3 - 83.jpg,ConvPaint,5,411.19674439067313,253.54452265728114,45460.0,1645.3016946589141,0.28145018219947815,120.2928402936564,0.21103194678387902,C:\Users\sophi\napari-organoid-segmentation\reports\segmentations\organoid_measurements_16_patches_segmentations\Condição 3 - 83_labels.tif
Condição 3 - 83.jpg,ConvPaint,6,671.2841294738344,1586.1796092970199,35065.0,913.5706345359769,0.26688921451568604,105.64817158396363,0.5279580845951034,C:\Users\sophi\napari-organoid-segmentation\reports\segmentations\organoid_measurements_16_patches_segmentations\Condição 3 - 83_labels.tif
Condição 3 - 83.jpg,ConvPaint,7,723.1917275786054,1156.316742081448,34476.0,1332.56053326821,0.2983756959438324,104.75710780692815,0.24397922250872212,C:\Users\sophi\napari-organoid-segmentation\reports\segmentations\organoid_measurements_16_patches_segmentations\Condição 3 - 83_labels.tif
Condição 3 - 83.jpg,ConvPaint,8,770.4799609458719,748.6714928678589,41993.0,1155.9564568673536,0.26697129011154175,115.61482193263943,0.3949151689772607,C:\Users\sophi\napari-organoid-segmentation\reports\segmentations\organoid_measurements_16_patches_segmentations\Condição 3 - 83_labels.tif
Condição 3 - 83.jpg,ConvPaint,9,824.0934746235359,301.79667596207474,44825.0,1848.6631303726515,0.27978944778442383,119.44974109720128,0.16482178103078068,C:\Users\sophi\napari-organoid-segmentation\reports\segmentations\organoid_measurements_16_patches_segmentations\Condição 3 - 83_labels.tif
Condição 3 - 83.jpg,ConvPaint,10,1029.1714831621687,1675.411591433803,25122.0,1520.7716446627535,0.21751531958580017,89.4236040467459,0.13650107215721372,C:\Users\sophi\napari-organoid-segmentation\reports\segmentations\organoid_measurements_16_patches_segmentations\Condição 3 - 83_labels.tif
Condição 3 - 83.jpg,ConvPaint,11,1059.651288095639,1232.6879946118875,5939.0,449.0954544295049,0.3013269305229187,43.47921818576701,0.3700376128799587,C:\Users\sophi\napari-organoid-segmentation\reports\segmentations\organoid_measurements_16_patches_segmentations\Condição 3 - 83_labels.tif
Condição 3 - 84.jpg,ConvPaint,1,32.90567045714722,700.2497138059987,13103.0,583.2436867076458,0.28486067056655884,64.58184294882122,0.48403917500617116,C:\Users\sophi\napari-organoid-segmentation\reports\segmentations\organoid_measurements_16_patches_segmentations\Condição 3 - 84_labels.tif
Condição 3 - 84.jpg,ConvPaint,2,290.07212983370067,1588.4888465905296,29946.0,932.2335854398791,0.2751876413822174,97.63251431597875,0.43301126410919955,C:\Users\sophi\napari-organoid-segmentation\reports\segmentations\organoid_measurements_16_patches_segmentations\Condição 3 - 84_labels.tif
Condição 3 - 84.jpg,ConvPaint,3,347.9186955779409,1156.4196346252347,29285.0,847.2924599429248,0.28719794750213623,96.54897729594194,0.5126115756950624,C:\Users\sophi\napari-organoid-segmentation\reports\segmentations\organoid_measurements_16_patches_segmentations\Condição 3 - 84_labels.tif
Condição 3 - 84.jpg,ConvPaint,4,415.2748464373464,756.9341830466831,32560.0,1439.999133448223,0.31201377511024475,101.80456715758986,0.19731940569412312,C:\Users\sophi\napari-organoid-segmentation\reports\segmentations\organoid_measurements_16_patches_segmentations\Condição 3 - 84_labels.tif
Condição 3 - 84.jpg,ConvPaint,5,481.43868976799524,335.33648126115406,26896.0,1456.9036790187179,0.3176162838935852,92.52709170183203,0.1592340276054307,C:\Users\sophi\napari-organoid-segmentation\reports\segmentations\organoid_measurements_16_patches_segmentations\Condição 3 - 84_labels.tif
Condição 3 - 84.jpg,ConvPaint,6,718.3062931281203,1671.8008713072788,31447.0,1056.6955262170047,0.2830110192298889,100.04944273119,0.3539071584984675,C:\Users\sophi\napari-organoid-segmentation\reports\segmentations\organoid_measurements_16_patches_segmentations\Condição 3 - 84_labels.tif
Condição 3 - 84.jpg,ConvPaint,7,774.7046110852352,1236.3468405527092,32205.0,1008.3462838120872,0.3144100606441498,101.24806113970271,0.3980281273829261,C:\Users\sophi\napari-organoid-segmentation\reports\segmentations\organoid_measurements_16_patches_segmentations\Condição 3 - 84_labels.tif
Condição 3 - 84.jpg,ConvPaint,8,828.3136822835446,822.3514475557665,29498.0,1189.4183976444792,0.30898725986480713,96.89945831969061,0.2620192093114945,C:\Users\sophi\napari-organoid-segmentation\reports\segmentations\organoid_measurements_16_patches_segmentations\Condição 3 - 84_labels.tif
Condição 3 - 84.jpg,ConvPaint,9,919.8035044192898,412.12857807412,32245.0,1296.2945519839777,0.3092273473739624,101.31091885871103,0.24113755533478948,C:\Users\sophi\napari-organoid-segmentation\reports\segmentations\organoid_measurements_16_patches_segmentations\Condição 3 - 84_labels.tif
Condição 3 - 84.jpg,ConvPaint,10,1039.1255779739386,1764.0959436738126,9516.0,973.5756851698602,0.2512132227420807,55.0366866455908,0.12616092353140027,C:\Users\sophi\napari-organoid-segmentation\reports\segmentations\organoid_measurements_16_patches_segmentations\Condição 3 - 84_labels.tif
Condição 3 - 9.jpg,ConvPaint,1,230.46173688736027,319.7504811038775,24423.0,892.541197284454,0.27488282322883606,88.1707567749462,0.3852585903893379,C:\Users\sophi\napari-organoid-segmentation\reports\segmentations\organoid_measurements_16_patches_segmentations\Condição 3 - 9_labels.tif
Condição 3 - 9.jpg,ConvPaint,2,256.81829551545474,750.8338038234768,27985.0,796.8782463805518,0.25057655572891235,94.38168341820028,0.553797808110679,C:\Users\sophi\napari-organoid-segmentation\reports\segmentations\organoid_measurements_16_patches_segmentations\Condição 3 - 9_labels.tif
Condição 3 - 9.jpg,ConvPaint,3,317.62407246032376,1618.1356782592622,37869.0,1124.2285348059959,0.2208615094423294,109.79106101998455,0.3765169157710361,C:\Users\sophi\napari-organoid-segmentation\reports\segmentations\organoid_measurements_16_patches_segmentations\Condição 3 - 9_labels.tif
Condição 3 - 9.jpg,ConvPaint,4,297.0173235166739,1197.9866464558972,27708.0,793.2152954766494,0.23630467057228088,93.91341930938556,0.5533920080290764,C:\Users\sophi\napari-organoid-segmentation\reports\segmentations\organoid_measurements_16_patches_segmentations\Condição 3 - 9_labels.tif
Condição 3 - 9.jpg,ConvPaint,5,650.6259138454617,287.11929666704157,26673.0,950.7249634685274,0.27444660663604736,92.14271319089887,0.37082750067271447,C:\Users\sophi\napari-organoid-segmentation\reports\segmentations\organoid_measurements_16_patches_segmentations\Condição 3 - 9_labels.tif
Condição 3 - 9.jpg,ConvPaint,6,693.8896398187167,718.7590442871909,25154.0,946.9320702497141,0.27658161520957947,89.4805390968733,0.352516354307195,C:\Users\sophi\napari-organoid-segmentation\reports\segmentations\organoid_measurements_16_patches_segmentations\Condição 3 - 9_labels.tif
Condição 3 - 9.jpg,ConvPaint,7,715.1521242216442,1146.4631512571923,25374.0,754.9726547895302,0.2620786726474762,89.8709911597035,0.5594178968021284,C:\Users\sophi\napari-organoid-segmentation\reports\segmentations\organoid_measurements_16_patches_segmentations\Condição 3 - 9_labels.tif
Condição 3 - 9.jpg,ConvPaint,8,750.3649151614669,1605.7473453749317,36540.0,900.9198769408944,0.20837470889091492,107.84731448281738,0.5657259095703924,C:\Users\sophi\napari-organoid-segmentation\reports\segmentations\organoid_measurements_16_patches_segmentations\Condição 3 - 9_labels.tif
Condição 3 - 9.jpg,ConvPaint,9,1011.7614021862044,1798.6245759517528,5306.0,567.8822509939085,0.21234486997127533,41.09686430971581,0.20675714157030198,C:\Users\sophi\napari-organoid-segmentation\reports\segmentations\organoid_measurements_16_patches_segmentations\Condição 3 - 9_labels.tif
Condição 4 - 13.jpg,ConvPaint,1,57.81470076315437,220.65251930200384,22407.0,996.8549057834387,0.2770017087459564,84.45335765805997,0.28335421492962465,C:\Users\sophi\napari-organoid-segmentation\reports\segmentations\organoid_measurements_16_patches_segmentations\Condição 4 - 13_labels.tif
Condição 4 - 13.jpg,ConvPaint,2,32.91024978466839,652.0299741602067,11610.0,579.4152595828997,0.2818736433982849,60.79126399898105,0.4345724859550114,C:\Users\sophi\napari-organoid-segmentation\reports\segmentations\organoid_measurements_16_patches_segmentations\Condição 4 - 13_labels.tif
Condição 4 - 13.jpg,ConvPaint,3,291.48496739917897,1514.9434919101666,33128.0,996.6244584051393,0.2554682791233063,102.68870390406444,0.4191234876334539,C:\Users\sophi\napari-organoid-segmentation\reports\segmentations\organoid_measurements_16_patches_segmentations\Condição 4 - 13_labels.tif
Condição 4 - 13.jpg,ConvPaint,4,327.90597267004455,1110.981913096883,32565.0,976.9737008100567,0.2578161060810089,101.81238354726376,0.42874118143764905,C:\Users\sophi\napari-organoid-segmentation\reports\segmentations\organoid_measurements_16_patches_segmentations\Condição 4 - 13_labels.tif
Condição 4 - 13.jpg,ConvPaint,5,401.06802897051216,699.7051215726849,30928.0,986.4173516239528,0.2749333083629608,99.2204019337368,0.39942964509043166,C:\Users\sophi\napari-organoid-segmentation\reports\segmentations\organoid_measurements_16_patches_segmentations\Condição 4 - 13_labels.tif
Condição 4 - 13.jpg,ConvPaint,6,459.43666077926497,269.4665801289554,46993.0,1064.6599923110718,0.24689720571041107,122.3042782630063,0.5209801374510382,C:\Users\sophi\napari-organoid-segmentation\reports\segmentations\organoid_measurements_16_patches_segmentations\Condição 4 - 13_labels.tif
Condição 4 - 13.jpg,ConvPaint,7,688.5747789311803,1893.248109701397,7803.0,449.0660171779821,0.27357202768325806,49.837456214097834,0.4862404540889381,C:\Users\sophi\napari-organoid-segmentation\reports\segmentations\organoid_measurements_16_patches_segmentations\Condição 4 - 13_labels.tif
Condição 4 - 13.jpg,ConvPaint,8,725.2927322785021,1582.3431850598733,30147.0,883.8132752230961,0.25677892565727234,97.95962504411058,0.4849901562126673,C:\Users\sophi\napari-organoid-segmentation\reports\segmentations\organoid_measurements_16_patches_segmentations\Condição 4 - 13_labels.tif
Condição 4 - 13.jpg,ConvPaint,9,771.7977148496811,1183.0902672335258,26344.0,872.097546470558,0.27163994312286377,91.57267955905725,0.4352727230880196,C:\Users\sophi\napari-organoid-segmentation\reports\segmentations\organoid_measurements_16_patches_segmentations\Condição 4 - 13_labels.tif
Condição 4 - 13.jpg,ConvPaint,10,835.1013331106843,758.9451448609835,35931.0,915.8549057834388,0.25827422738075256,106.9448106289865,0.5383017803464869,C:\Users\sophi\napari-organoid-segmentation\reports\segmentations\organoid_measurements_16_patches_segmentations\Condição 4 - 13_labels.tif
Condição 4 - 13.jpg,ConvPaint,11,885.9104017581947,344.11594435957227,37311.0,883.677236253775,0.2503989338874817,108.97917307175446,0.6004259001946263,C:\Users\sophi\napari-organoid-segmentation\reports\segmentations\organoid_measurements_16_patches_segmentations\Condição 4 - 13_labels.tif
Condição 4 - 14.jpg,ConvPaint,1,36.831444545179814,287.96222423692956,13236.0,838.5939751330898,0.28973478078842163,64.9087794795793,0.23651742750135363,C:\Users\sophi\napari-organoid-segmentation\reports\segmentations\organoid_measurements_16_patches_segmentations\Condição 4 - 14_labels.tif
Condição 4 - 14.jpg,ConvPaint,2,219.001321003963,1890.591369440775,9084.0,513.2436867076458,0.25688737630844116,53.77292075100212,0.4333509547518736,C:\Users\sophi\napari-organoid-segmentation\reports\segmentations\organoid_measurements_16_patches_segmentations\Condição 4 - 14_labels.tif
Condição 4 - 14.jpg,ConvPaint,3,250.40598788095878,1581.2036058625115,33501.0,816.1086937588514,0.24360023438930511,103.2651901515858,0.6320793851080986,C:\Users\sophi\napari-organoid-segmentation\reports\segmentations\organoid_measurements_16_patches_segmentations\Condição 4 - 14_labels.tif
Condição 4 - 14.jpg,ConvPaint,4,304.2952676776905,1192.2861319203362,32838.0,829.7716446627535,0.24684195220470428,102.23825136661581,0.5993346446233915,C:\Users\sophi\napari-organoid-segmentation\reports\segmentations\organoid_measurements_16_patches_segmentations\Condição 4 - 14_labels.tif
Condição 4 - 14.jpg,ConvPaint,5,370.78077817392654,771.2093938924198,32255.0,1301.259018078045,0.2667531371116638,101.32662719570887,0.23937533860427868,C:\Users\sophi\napari-organoid-segmentation\reports\segmentations\organoid_measurements_16_patches_segmentations\Condição 4 - 14_labels.tif
Condição 4 - 14.jpg,ConvPaint,6,423.1003500902576,335.2472238936601,36562.0,1075.5655839020935,0.2637180685997009,107.87977594828307,0.39716046821989126,C:\Users\sophi\napari-organoid-segmentation\reports\segmentations\organoid_measurements_16_patches_segmentations\Condição 4 - 14_labels.tif
Condição 4 - 14.jpg,ConvPaint,7,481.5421881902518,18.511853924311588,6791.0,486.4030662740799,0.27959728240966797,46.49346660633215,0.36070402321854306,C:\Users\sophi\napari-organoid-segmentation\reports\segmentations\organoid_measurements_16_patches_segmentations\Condição 4 - 14_labels.tif
Condição 4 - 14.jpg,ConvPaint,8,682.0965473948525,1634.8370998116761,31860.0,950.3818177180199,0.2441912591457367,100.70428478379444,0.4432608730506715,C:\Users\sophi\napari-organoid-segmentation\reports\segmentations\organoid_measurements_16_patches_segmentations\Condição 4 - 14_labels.tif
Condição 4 - 14.jpg,ConvPaint,9,723.5574799348259,1244.1438657896324,33142.0,863.7300141024109,0.24483053386211395,102.71039990138871,0.5582549136458538,C:\Users\sophi\napari-organoid-segmentation\reports\segmentations\organoid_measurements_16_patches_segmentations\Condição 4 - 14_labels.tif
Condição 4 - 14.jpg,ConvPaint,10,794.8670874874639,834.1208483275323,33902.0,1031.4528855298854,0.2606629729270935,103.88138313193019,0.4004390231335403,C:\Users\sophi\napari-organoid-segmentation\reports\segmentations\organoid_measurements_16_patches_segmentations\Condição 4 - 14_labels.tif
Condição 4 - 14.jpg,ConvPaint,11,853.0706591715605,407.7471343780423,31843.0,1094.0092347159894,0.2771005928516388,100.6774140795762,0.33433501667627036,C:\Users\sophi\napari-organoid-segmentation\reports\segmentations\organoid_measurements_16_patches_segmentations\Condição 4 - 14_labels.tif
Condição 4 - 14.jpg,ConvPaint,12,914.7850788091068,38.07138353765324,14275.0,622.0782104868019,0.26319757103919983,67.40826080884754,0.463549377030306,C:\Users\sophi\napari-organoid-segmentation\reports\segmentations\organoid_measurements_16_patches_segmentations\Condição 4 - 14_labels.tif
Condição 4 - 14.jpg,ConvPaint,13,1040.6100892925285,1736.0557887506677,13103.0,1008.475180106472,0.23023587465286255,64.58184294882122,0.16190124065978556,C:\Users\sophi\napari-organoid-segmentation\reports\segmentations\organoid_measurements_16_patches_segmentations\Condição 4 - 14_labels.tif
Condição 4 - 15.jpg,ConvPaint,1,39.396478601722144,247.90271173371033,15562.0,731.4274528917194,0.2581416368484497,70.38137856558474,0.3655381936326512,C:\Users\sophi\napari-organoid-segmentation\reports\segmentations\organoid_measurements_16_patches_segmentations\Condição 4 - 15_labels.tif
Condição 4 - 15.jpg,ConvPaint,2,21.539686975964226,652.2308552263835,7156.0,467.9533188057741,0.2974840998649597,47.72657064498984,0.4106531253834285,C:\Users\sophi\napari-organoid-segmentation\reports\segmentations\organoid_measurements_16_patches_segmentations\Condição 4 - 15_labels.tif
Condição 4 - 15.jpg,ConvPaint,3,229.87391180248324,1566.2354074496932,28028.0,825.1919548795365,0.25786373019218445,94.45416608048205,0.5172398801609166,C:\Users\sophi\napari-organoid-segmentation\reports\segmentations\organoid_measurements_16_patches_segmentations\Condição 4 - 15_labels.tif
Condição 4 - 15.jpg,ConvPaint,4,288.62819919639594,1129.9349324242055,41065.0,1081.3940110268397,0.24540291726589203,114.330203691489,0.44127951899997603,C:\Users\sophi\napari-organoid-segmentation\reports\segmentations\organoid_measurements_16_patches_segmentations\Condição 4 - 15_labels.tif
Condição 4 - 15.jpg,ConvPaint,5,360.69847778813295,706.8211867039453,32190.0,954.0681092190353,0.2684786021709442,101.22447943188556,0.44439798600877467,C:\Users\sophi\napari-organoid-segmentation\reports\segmentations\organoid_measurements_16_patches_segmentations\Condição 4 - 15_labels.tif
Condição 4 - 15.jpg,ConvPaint,6,427.71565567297205,301.4873077357,26591.0,886.6894295625948,0.2714925706386566,92.00096838356203,0.4250122734317764,C:\Users\sophi\napari-organoid-segmentation\reports\segmentations\organoid_measurements_16_patches_segmentations\Condição 4 - 15_labels.tif
Condição 4 - 15.jpg,ConvPaint,7,652.3822666806327,1618.3218812192313,38188.0,1029.1625176280136,0.23595371842384338,110.25251894440598,0.45307370364806393,C:\Users\sophi\napari-organoid-segmentation\reports\segmentations\organoid_measurements_16_patches_segmentations\Condição 4 - 15_labels.tif
Condição 4 - 15.jpg,ConvPaint,8,710.7888393100071,1192.4008543287805,36754.0,1045.8315651863259,0.252497136592865,108.16266248941473,0.42227073479759,C:\Users\sophi\napari-organoid-segmentation\reports\segmentations\organoid_measurements_16_patches_segmentations\Condição 4 - 15_labels.tif
Condição 4 - 15.jpg,ConvPaint,9,793.7456280349078,765.8971102584128,29449.0,949.5828278447966,0.2736917734146118,96.81894359177058,0.4104069545375815,C:\Users\sophi\napari-organoid-segmentation\reports\segmentations\organoid_measurements_16_patches_segmentations\Condição 4 - 15_labels.tif
Condição 4 - 15.jpg,ConvPaint,10,864.6860563924295,357.14569331788334,25890.0,1136.2468247692254,0.2820565104484558,90.7801903131864,0.2519976839227634,C:\Users\sophi\napari-organoid-segmentation\reports\segmentations\organoid_measurements_16_patches_segmentations\Condição 4 - 15_labels.tif
Condição 4 - 15.jpg,ConvPaint,11,1027.8154048449906,1708.079755221767,19773.0,1454.8488091290287,0.2288581281900406,79.33436443000028,0.11739421729647541,C:\Users\sophi\napari-organoid-segmentation\reports\segmentations\organoid_measurements_16_patches_segmentations\Condição 4 - 15_labels.tif
Condição 4 - 16.jpg,ConvPaint,1,39.86279556055975,177.18497667685378,12434.0,722.5523445727472,0.2865697145462036,62.91156590651081,0.2992830339798495,C:\Users\sophi\napari-organoid-segmentation\reports\segmentations\organoid_measurements_16_patches_segmentations\Condição 4 - 16_labels.tif
Condição 4 - 16.jpg,ConvPaint,2,127.42984953233021,1867.5058063350052,22131.0,716.4629867976521,0.2043677717447281,83.93161556370443,0.5417805175852517,C:\Users\sophi\napari-organoid-segmentation\reports\segmentations\organoid_measurements_16_patches_segmentations\Condição 4 - 16_labels.tif
Condição 4 - 16.jpg,ConvPaint,3,210.68293090949646,1489.7306641387386,35866.0,924.677236253775,0.225515678524971,106.8480340383848,0.5271236182547104,C:\Users\sophi\napari-organoid-segmentation\reports\segmentations\organoid_measurements_16_patches_segmentations\Condição 4 - 16_labels.tif
Condição 4 - 16.jpg,ConvPaint,4,272.4142152087798,1063.1349438275213,30798.0,1322.9980874276962,0.27021926641464233,99.0116552466849,0.2211128314496778,C:\Users\sophi\napari-organoid-segmentation\reports\segmentations\organoid_measurements_16_patches_segmentations\Condição 4 - 16_labels.tif
Condição 4 - 16.jpg,ConvPaint,5,351.55433276043686,656.6025946665188,36074.0,1461.122979108724,0.25373390316963196,107.15741147580071,0.2123394181796214,C:\Users\sophi\napari-organoid-segmentation\reports\segmentations\organoid_measurements_16_patches_segmentations\Condição 4 - 16_labels.tif
Condição 4 - 16.jpg,ConvPaint,6,423.6350033825461,239.23546500059692,25129.0,963.7310601229374,0.27614420652389526,89.43606168605858,0.3399956480911144,C:\Users\sophi\napari-organoid-segmentation\reports\segmentations\organoid_measurements_16_patches_segmentations\Condição 4 - 16_labels.tif
Condição 4 - 16.jpg,ConvPaint,7,628.5132819440066,1558.8241682666132,34897.0,1424.9930367938127,0.23963014781475067,105.3947821201588,0.21595957947252642,C:\Users\sophi\napari-organoid-segmentation\reports\segmentations\organoid_measurements_16_patches_segmentations\Condição 4 - 16_labels.tif
Condição 4 - 16.jpg,ConvPaint,8,711.3446129910541,1137.6064142003465,28281.0,907.1269837220808,0.2520313262939453,94.87951249434086,0.43188533172035776,C:\Users\sophi\napari-organoid-segmentation\reports\segmentations\organoid_measurements_16_patches_segmentations\Condição 4 - 16_labels.tif
Condição 4 - 16.jpg,ConvPaint,9,761.257836608738,723.9060960424449,36942.0,1136.4528855298854,0.24305826425552368,108.43894049372483,0.35944082023591317,C:\Users\sophi\napari-organoid-segmentation\reports\segmentations\organoid_measurements_16_patches_segmentations\Condição 4 - 16_labels.tif
Condição 4 - 16.jpg,ConvPaint,10,834.3673653143915,312.8638137161723,39982.0,880.280266634105,0.22581741213798523,112.81252532143903,0.6483842341830365,C:\Users\sophi\napari-organoid-segmentation\reports\segmentations\organoid_measurements_16_patches_segmentations\Condição 4 - 16_labels.tif
Condição 4 - 16.jpg,ConvPaint,11,1010.6631401238042,1656.9220596510972,35540.0,2082.5249993622774,0.21788273751735687,106.36133392813349,0.10297856612807904,C:\Users\sophi\napari-organoid-segmentation\reports\segmentations\organoid_measurements_16_patches_segmentations\Condição 4 - 16_labels.tif
Condição 4 - 16.jpg,ConvPaint,12,1053.589003968638,1214.9635078888782,10331.0,620.6639969244288,0.23652096092700958,57.34509075905924,0.33700715221024663,C:\Users\sophi\napari-organoid-segmentation\reports\segmentations\organoid_measurements_16_patches_segmentations\Condição 4 - 16_labels.tif
Condição 4 - 40.jpg,ConvPaint,1,269.08584285219797,1549.881193918577,37557.0,925.9198769408944,0.23422543704509735,109.3378452110916,0.5504957159567441,C:\Users\sophi\napari-organoid-segmentation\reports\segmentations\organoid_measurements_16_patches_segmentations\Condição 4 - 40_labels.tif
Condição 4 - 40.jpg,ConvPaint,2,310.10920749423906,1125.2339110977523,29943.0,1042.3168465605643,0.258689284324646,97.62762376500437,0.34634239834719666,C:\Users\sophi\napari-organoid-segmentation\reports\segmentations\organoid_measurements_16_patches_segmentations\Condição 4 - 40_labels.tif
Condição 4 - 40.jpg,ConvPaint,3,353.5085373979677,683.2384641012827,24012.0,671.303607231218,0.259579062461853,87.42572268528971,0.6695765525488231,C:\Users\sophi\napari-organoid-segmentation\reports\segmentations\organoid_measurements_16_patches_segmentations\Condição 4 - 40_labels.tif
Condição 4 - 40.jpg,ConvPaint,4,378.8616540434889,247.67209259711703,32744.0,872.6711395993652,0.2463861107826233,102.09181609317194,0.5403067194901853,C:\Users\sophi\napari-organoid-segmentation\reports\segmentations\organoid_measurements_16_patches_segmentations\Condição 4 - 40_labels.tif
Condição 4 - 40.jpg,ConvPaint,5,699.0451533003079,1589.4830633284241,29876.0,817.1858582251266,0.23940758407115936,97.51833755569734,0.5621997265931516,C:\Users\sophi\napari-organoid-segmentation\reports\segmentations\organoid_measurements_16_patches_segmentations\Condição 4 - 40_labels.tif
Condição 4 - 40.jpg,ConvPaint,6,741.1740917675813,1140.228641262082,27003.0,802.8721497261419,0.25409552454948425,92.71095866520257,0.5264160159060625,C:\Users\sophi\napari-organoid-segmentation\reports\segmentations\organoid_measurements_16_patches_segmentations\Condição 4 - 40_labels.tif
Condição 4 - 40.jpg,ConvPaint,7,774.9654506972112,725.5614106075698,32128.0,954.3401871576773,0.25945067405700684,101.12695003466102,0.4432891795592409,C:\Users\sophi\napari-organoid-segmentation\reports\segmentations\organoid_measurements_16_patches_segmentations\Condição 4 - 40_labels.tif
Condição 4 - 40.jpg,ConvPaint,8,803.5493501931858,290.13364945556725,34164.0,1046.3879143724298,0.25159209966659546,104.28201643420128,0.39209666398339127,C:\Users\sophi\napari-organoid-segmentation\reports\segmentations\organoid_measurements_16_patches_segmentations\Condição 4 - 40_labels.tif
Condição 4 - 40.jpg,ConvPaint,9,1011.915112295394,1798.726874762086,5254.0,593.6812408671319,0.20940610766410828,40.894989204175566,0.18732393831447178,C:\Users\sophi\napari-organoid-segmentation\reports\segmentations\organoid_measurements_16_patches_segmentations\Condição 4 - 40_labels.tif
Condição 4 - 40.jpg,ConvPaint,10,1049.754859967051,1621.554200988468,9105.0,461.6812408671319,0.2648947536945343,53.83503983191073,0.5367911623129792,C:\Users\sophi\napari-organoid-segmentation\reports\segmentations\organoid_measurements_16_patches_segmentations\Condição 4 - 40_labels.tif
Condição 4 - 62.jpg,ConvPaint,1,271.64331769233365,1622.5844782770146,29623.0,2719.104868614244,0.31639936566352844,97.10455065764133,0.05034855230649735,C:\Users\sophi\napari-organoid-segmentation\reports\segmentations\organoid_measurements_16_patches_segmentations\Condição 4 - 62_labels.tif
Condição 4 - 62.jpg,ConvPaint,2,312.9203676527381,1186.117015524832,25894.0,2579.020561473032,0.325449138879776,90.7872028032755,0.048921458754763655,C:\Users\sophi\napari-organoid-segmentation\reports\segmentations\organoid_measurements_16_patches_segmentations\Condição 4 - 62_labels.tif
Condição 4 - 62.jpg,ConvPaint,3,324.69176201373,762.674272638117,30590.0,2935.4185771132284,0.3250535726547241,98.67674203358234,0.04461175045696333,C:\Users\sophi\napari-organoid-segmentation\reports\segmentations\organoid_measurements_16_patches_segmentations\Condição 4 - 62_labels.tif
Condição 4 - 62.jpg,ConvPaint,4,364.48301481981804,346.50872104573085,25169.0,2887.54851942814,0.3433205485343933,89.50721493466226,0.03793300462430138,C:\Users\sophi\napari-organoid-segmentation\reports\segmentations\organoid_measurements_16_patches_segmentations\Condição 4 - 62_labels.tif
Condição 4 - 62.jpg,ConvPaint,5,706.9485718356008,1647.2866657169313,28078.0,2064.3565645486033,0.29761379957199097,94.53837836703396,0.08279547621693094,C:\Users\sophi\napari-organoid-segmentation\reports\segmentations\organoid_measurements_16_patches_segmentations\Condição 4 - 62_labels.tif
Condição 4 - 62.jpg,ConvPaint,6,727.8195727588096,1208.4418842431987,27385.0,2934.857177293241,0.33423811197280884,93.36442702198256,0.039952932941875095,C:\Users\sophi\napari-organoid-segmentation\reports\segmentations\organoid_measurements_16_patches_segmentations\Condição 4 - 62_labels.tif
Condição 4 - 62.jpg,ConvPaint,7,767.6827621633522,794.4092243340427,27254.0,2661.205373677632,0.3321247100830078,93.14084838594198,0.0483596703912593,C:\Users\sophi\napari-organoid-segmentation\reports\segmentations\organoid_measurements_16_patches_segmentations\Condição 4 - 62_labels.tif
Condição 4 - 62.jpg,ConvPaint,8,787.1596764059063,365.5364043355325,25464.0,2931.8155467328984,0.3364158868789673,90.03023348733494,0.037227442601136196,C:\Users\sophi\napari-organoid-segmentation\reports\segmentations\organoid_measurements_16_patches_segmentations\Condição 4 - 62_labels.tif
Condição 4 - 62.jpg,ConvPaint,9,1059.592530966907,1682.181179515622,5409.0,745.5939751330899,0.3611939549446106,41.493832967901675,0.12227060622997632,C:\Users\sophi\napari-organoid-segmentation\reports\segmentations\organoid_measurements_16_patches_segmentations\Condição 4 - 62_labels.tif
Condição 4 - 63.jpg,ConvPaint,1,31.058778184621314,95.56349971092696,10378.0,1085.239682094289,0.32854533195495605,57.47538602580568,0.1107317591482451,C:\Users\sophi\napari-organoid-segmentation\reports\segmentations\organoid_measurements_16_patches_segmentations\Condição 4 - 63_labels.tif
Condição 4 - 63.jpg,ConvPaint,2,218.46257446257445,1868.0708106708107,19305.0,1436.5249993622774,0.2806384563446045,78.3898740449178,0.11755829899304751,C:\Users\sophi\napari-organoid-segmentation\reports\segmentations\organoid_measurements_16_patches_segmentations\Condição 4 - 63_labels.tif
Condição 4 - 63.jpg,ConvPaint,3,255.73874223602485,1446.1526915113873,30912.0,2631.8967158125306,0.30617427825927734,99.19473373981775,0.05607887394240261,C:\Users\sophi\napari-organoid-segmentation\reports\segmentations\organoid_measurements_16_patches_segmentations\Condição 4 - 63_labels.tif
Condição 4 - 63.jpg,ConvPaint,4,296.91750405186383,1029.6129659643436,30850.0,2403.0378054157354,0.30453214049339294,99.09520668917312,0.06713420118910138,C:\Users\sophi\napari-organoid-segmentation\reports\segmentations\organoid_measurements_16_patches_segmentations\Condição 4 - 63_labels.tif
Condição 4 - 63.jpg,ConvPaint,5,335.8000857165121,592.0567287462012,25666.0,2804.0987719598343,0.3293619751930237,90.38662256547244,0.041018657244070396,C:\Users\sophi\napari-organoid-segmentation\reports\segmentations\organoid_measurements_16_patches_segmentations\Condição 4 - 63_labels.tif
Condição 4 - 63.jpg,ConvPaint,6,371.98727944193683,144.09695228858135,26807.0,2526.2043276571058,0.3234212398529053,92.37387682093286,0.05278628871070708,C:\Users\sophi\napari-organoid-segmentation\reports\segmentations\organoid_measurements_16_patches_segmentations\Condição 4 - 63_labels.tif
Condição 4 - 63.jpg,ConvPaint,7,644.4620372872197,1878.8294379897325,14804.0,949.6477990022522,0.2856385409832001,68.64589976877598,0.2062831755711343,C:\Users\sophi\napari-organoid-segmentation\reports\segmentations\organoid_measurements_16_patches_segmentations\Condição 4 - 63_labels.tif
Condição 4 - 63.jpg,ConvPaint,8,682.6005968570565,1499.1945451798126,26472.0,2626.712949628457,0.320178359746933,91.79487625710547,0.0482138028701395,C:\Users\sophi\napari-organoid-segmentation\reports\segmentations\organoid_measurements_16_patches_segmentations\Condição 4 - 63_labels.tif
Condição 4 - 63.jpg,ConvPaint,9,728.2614546263345,1068.6770833333333,26976.0,2407.8367952889585,0.32570958137512207,92.66459674381548,0.058470030894818836,C:\Users\sophi\napari-organoid-segmentation\reports\segmentations\organoid_measurements_16_patches_segmentations\Condição 4 - 63_labels.tif
Condição 4 - 63.jpg,ConvPaint,10,758.8480897403213,627.5131296208617,27457.0,2492.707898994574,0.32838869094848633,93.48708223572035,0.055529040331278486,C:\Users\sophi\napari-organoid-segmentation\reports\segmentations\organoid_measurements_16_patches_segmentations\Condição 4 - 63_labels.tif
Condição 4 - 63.jpg,ConvPaint,11,806.1690317195325,197.7882455607831,26356.0,2537.613490585595,0.3141462802886963,91.59353339761486,0.05143259228085256,C:\Users\sophi\napari-organoid-segmentation\reports\segmentations\organoid_measurements_16_patches_segmentations\Condição 4 - 63_labels.tif
Condição 4 - 63.jpg,ConvPaint,12,1054.355772113943,1537.876011994003,6670.0,708.3452377915606,0.32388749718666077,46.07740162862793,0.1670497157432893,C:\Users\sophi\napari-organoid-segmentation\reports\segmentations\organoid_measurements_16_patches_segmentations\Condição 4 - 63_labels.tif
Condição 4 - 64.jpg,ConvPaint,1,22.629436325678498,294.3686064718163,7664.0,1054.3879143724298,0.3793473243713379,49.391567779455755,0.086629243421475,C:\Users\sophi\napari-organoid-segmentation\reports\segmentations\organoid_measurements_16_patches_segmentations\Condição 4 - 64_labels.tif
Condição 4 - 64.jpg,ConvPaint,2,239.02226136605216,1615.8487563397819,32927.0,1715.8813844421313,0.28447040915489197,102.3767044906881,0.14053597222668376,C:\Users\sophi\napari-organoid-segmentation\reports\segmentations\organoid_measurements_16_patches_segmentations\Condição 4 - 64_labels.tif
Condição 4 - 64.jpg,ConvPaint,3,277.6515146929758,1189.9670732076386,33043.0,1872.0540033379116,0.30032879114151,102.55687967743069,0.11848205794670315,C:\Users\sophi\napari-organoid-segmentation\reports\segmentations\organoid_measurements_16_patches_segmentations\Condição 4 - 64_labels.tif
Condição 4 - 64.jpg,ConvPaint,4,309.5514687100894,755.8088761174968,31320.0,2301.055049358438,0.30913880467414856,99.84721145468373,0.07433230498055607,C:\Users\sophi\napari-organoid-segmentation\reports\segmentations\organoid_measurements_16_patches_segmentations\Condição 4 - 64_labels.tif
Condição 4 - 64.jpg,ConvPaint,5,348.1827953724228,319.46032854583547,32933.0,2275.795164728616,0.31755760312080383,102.38603167273736,0.07990515852576136,C:\Users\sophi\napari-organoid-segmentation\reports\segmentations\organoid_measurements_16_patches_segmentations\Condição 4 - 64_labels.tif
Condição 4 - 64.jpg,ConvPaint,6,649.1640041648074,1671.569388665774,33615.0,1680.9118677141805,0.2789388597011566,103.44074063959579,0.14950409649492694,C:\Users\sophi\napari-organoid-segmentation\reports\segmentations\organoid_measurements_16_patches_segmentations\Condição 4 - 64_labels.tif
Condição 4 - 64.jpg,ConvPaint,7,698.9658508065588,1226.57896834888,37629.0,2305.0560953789645,0.3095034956932068,109.44260005687849,0.08899580658458404,C:\Users\sophi\napari-organoid-segmentation\reports\segmentations\organoid_measurements_16_patches_segmentations\Condição 4 - 64_labels.tif
Condição 4 - 64.jpg,ConvPaint,8,711.6697292910555,797.5607790852704,34502.0,1763.9534982745233,0.30222246050834656,104.79660153417737,0.1393413041322707,C:\Users\sophi\napari-organoid-segmentation\reports\segmentations\organoid_measurements_16_patches_segmentations\Condição 4 - 64_labels.tif
Condição 4 - 64.jpg,ConvPaint,9,751.9253978500659,347.10884391927925,35629.0,2254.097725939307,0.3124443292617798,106.49442677831681,0.08811868660962766,C:\Users\sophi\napari-organoid-segmentation\reports\segmentations\organoid_measurements_16_patches_segmentations\Condição 4 - 64_labels.tif
Condição 4 - 64.jpg,ConvPaint,10,1029.0071362085014,1724.6727981915694,22561.0,1342.7310601229374,0.2284153550863266,84.74307843235636,0.15724981357203283,C:\Users\sophi\napari-organoid-segmentation\reports\segmentations\organoid_measurements_16_patches_segmentations\Condição 4 - 64_labels.tif
Condição 4 - 64.jpg,ConvPaint,11,1044.0629027061855,1271.9231636597938,12416.0,724.723917448001,0.30516159534454346,62.86601265276767,0.2970615067372451,C:\Users\sophi\napari-organoid-segmentation\reports\segmentations\organoid_measurements_16_patches_segmentations\Condição 4 - 64_labels.tif
Condição 4 - 64.jpg,ConvPaint,12,1061.0163742690058,842.624895572264,5985.0,698.866053071732,0.3591213524341583,43.64727561727063,0.1539877338959245,C:\Users\sophi\napari-organoid-segmentation\reports\segmentations\organoid_measurements_16_patches_segmentations\Condição 4 - 64_labels.tif
Condição 4 - 87.jpg,ConvPaint,1,23.02906900615425,678.3983239491947,7637.0,497.9949493661166,0.2842559516429901,49.30448864744071,0.3869748835606474,C:\Users\sophi\napari-organoid-segmentation\reports\segmentations\organoid_measurements_16_patches_segmentations\Condição 4 - 87_labels.tif
Condição 4 - 87.jpg,ConvPaint,2,348.8672346640701,241.77475657254138,41080.0,1486.8275605729689,0.2549554407596588,114.35108274271006,0.23351731763339392,C:\Users\sophi\napari-organoid-segmentation\reports\segmentations\organoid_measurements_16_patches_segmentations\Condição 4 - 87_labels.tif
Condição 4 - 87.jpg,ConvPaint,3,351.16764587727226,679.5542834187004,39828.0,1246.2640687119285,0.24289003014564514,112.5950538297665,0.32223908414122826,C:\Users\sophi\napari-organoid-segmentation\reports\segmentations\organoid_measurements_16_patches_segmentations\Condição 4 - 87_labels.tif
Condição 4 - 87.jpg,ConvPaint,4,358.61262572361824,1525.991300410724,30921.0,1288.347329832614,0.2567751705646515,99.2091729160615,0.23409787496674003,C:\Users\sophi\napari-organoid-segmentation\reports\segmentations\organoid_measurements_16_patches_segmentations\Condição 4 - 87_labels.tif
Condição 4 - 87.jpg,ConvPaint,5,366.4219399141631,1095.243982832618,29125.0,1214.8559518039654,0.2592189908027649,96.28486607511537,0.2479854650304805,C:\Users\sophi\napari-organoid-segmentation\reports\segmentations\organoid_measurements_16_patches_segmentations\Condição 4 - 87_labels.tif
Condição 4 - 87.jpg,ConvPaint,6,361.68489488394704,1892.7589014461053,8229.0,482.5096679918781,0.261771023273468,51.179801224764574,0.4441655662233154,C:\Users\sophi\napari-organoid-segmentation\reports\segmentations\organoid_measurements_16_patches_segmentations\Condição 4 - 87_labels.tif
Condição 4 - 87.jpg,ConvPaint,7,774.8018737105557,255.52210234382926,29567.0,1944.651983084358,0.28743451833724976,97.01272290166966,0.09825017750357047,C:\Users\sophi\napari-organoid-segmentation\reports\segmentations\organoid_measurements_16_patches_segmentations\Condição 4 - 87_labels.tif
Condição 4 - 87.jpg,ConvPaint,8,793.1716926753832,1522.095423871784,28452.0,1172.5889244992065,0.26103973388671875,95.16592290153662,0.260034569901064,C:\Users\sophi\napari-organoid-segmentation\reports\segmentations\organoid_measurements_16_patches_segmentations\Condição 4 - 87_labels.tif
Condição 4 - 87.jpg,ConvPaint,9,797.1693550836902,661.1240924693946,32919.0,1517.4244942988892,0.26179996132850647,102.36426692593565,0.17965624473160813,C:\Users\sophi\napari-organoid-segmentation\reports\segmentations\organoid_measurements_16_patches_segmentations\Condição 4 - 87_labels.tif
Condição 4 - 87.jpg,ConvPaint,10,807.9808461442319,1092.5933008373954,32004.0,1249.891485709898,0.26249366998672485,100.93160851500404,0.25743613494984113,C:\Users\sophi\napari-organoid-segmentation\reports\segmentations\organoid_measurements_16_patches_segmentations\Condição 4 - 87_labels.tif
Condição 4 - 87.jpg,ConvPaint,11,819.0496269867012,1888.6432046707753,9249.0,614.4507934888322,0.25793272256851196,54.25908345442153,0.3078438094843202,C:\Users\sophi\napari-organoid-segmentation\reports\segmentations\organoid_measurements_16_patches_segmentations\Condição 4 - 87_labels.tif
Condição 4 - 88.jpg,ConvPaint,1,21.77244706512999,1643.370276065398,7462.0,575.0071426749364,0.29481399059295654,48.736314701703144,0.28360809960331057,C:\Users\sophi\napari-organoid-segmentation\reports\segmentations\organoid_measurements_16_patches_segmentations\Condição 4 - 88_labels.tif
Condição 4 - 88.jpg,ConvPaint,2,344.4467369037167,354.34317383669884,27336.0,2397.931203697937,0.29215845465660095,93.28086110623177,0.059740849190631794,C:\Users\sophi\napari-organoid-segmentation\reports\segmentations\organoid_measurements_16_patches_segmentations\Condição 4 - 88_labels.tif
Condição 4 - 88.jpg,ConvPaint,3,348.94240781300493,777.7853577968475,27851.0,1163.950360212944,0.2783450782299042,94.15544933834023,0.25833410151086234,C:\Users\sophi\napari-organoid-segmentation\reports\segmentations\organoid_measurements_16_patches_segmentations\Condição 4 - 88_labels.tif
Condição 4 - 88.jpg,ConvPaint,4,353.35986242476355,1199.4826483233019,29075.0,995.9970414071697,0.26836463809013367,96.20218261969795,0.3683099831559025,C:\Users\sophi\napari-organoid-segmentation\reports\segmentations\organoid_measurements_16_patches_segmentations\Condição 4 - 88_labels.tif
Condição 4 - 88.jpg,ConvPaint,5,368.640374964492,1626.942208755484,31683.0,1061.4173516239528,0.2464478760957718,100.42416105679469,0.3533977623595654,C:\Users\sophi\napari-organoid-segmentation\reports\segmentations\organoid_measurements_16_patches_segmentations\Condição 4 - 88_labels.tif
Condição 4 - 88.jpg,ConvPaint,6,354.4579098753595,18.44985618408437,5215.0,459.75840533340727,0.30585381388664246,40.74292645906119,0.3100307859150263,C:\Users\sophi\napari-organoid-segmentation\reports\segmentations\organoid_measurements_16_patches_segmentations\Condição 4 - 88_labels.tif
Condição 4 - 88.jpg,ConvPaint,7,771.2244595508876,776.4532362511679,31039.0,1325.4600282048218,0.27149996161460876,99.39829252687733,0.22201602072844778,C:\Users\sophi\napari-organoid-segmentation\reports\segmentations\organoid_measurements_16_patches_segmentations\Condição 4 - 88_labels.tif
Condição 4 - 88.jpg,ConvPaint,8,776.7310616533039,347.5390171412773,28936.0,1395.543289325507,0.26270973682403564,95.97194833186501,0.1867074873304014,C:\Users\sophi\napari-organoid-segmentation\reports\segmentations\organoid_measurements_16_patches_segmentations\Condição 4 - 88_labels.tif
Condição 4 - 88.jpg,ConvPaint,9,784.2230254446551,1200.366352932756,27943.0,930.4528855298854,0.2747505009174347,94.3108326208271,0.40559642710929783,C:\Users\sophi\napari-organoid-segmentation\reports\segmentations\organoid_measurements_16_patches_segmentations\Condição 4 - 88_labels.tif
Condição 4 - 88.jpg,ConvPaint,10,784.1948778833107,1609.3016282225237,29480.0,1029.3696244092002,0.242457777261734,96.86988925717912,0.3496186939665546,C:\Users\sophi\napari-organoid-segmentation\reports\segmentations\organoid_measurements_16_patches_segmentations\Condição 4 - 88_labels.tif
Condição 5 - 17.jpg,ConvPaint,1,23.64147559882157,602.2121173306008,7807.0,490.58073580374355,0.25703930854797363,49.85022849934445,0.40763649888219455,C:\Users\sophi\napari-organoid-segmentation\reports\segmentations\organoid_measurements_16_patches_segmentations\Condição 5 - 17_labels.tif
Condição 5 - 17.jpg,ConvPaint,2,20.09105431309904,1028.3716235840836,6886.0,463.0243866176395,0.25954169034957886,46.81753812687701,0.40361672319410924,C:\Users\sophi\napari-organoid-segmentation\reports\segmentations\organoid_measurements_16_patches_segmentations\Condição 5 - 17_labels.tif
Condição 5 - 17.jpg,ConvPaint,3,285.66488222698075,1881.2344753747323,13076.0,596.3858223313767,0.21671976149082184,64.51527006639007,0.46198742529718223,C:\Users\sophi\napari-organoid-segmentation\reports\segmentations\organoid_measurements_16_patches_segmentations\Condição 5 - 17_labels.tif
Condição 5 - 17.jpg,ConvPaint,4,325.52578041038714,1490.9996500962236,40011.0,981.967604155647,0.20986942946910858,112.85343085657453,0.5214287212957779,C:\Users\sophi\napari-organoid-segmentation\reports\segmentations\organoid_measurements_16_patches_segmentations\Condição 5 - 17_labels.tif
Condição 5 - 17.jpg,ConvPaint,5,366.54297249558414,1067.6115569013373,39630.0,875.3868683519033,0.20149928331375122,112.31482889388927,0.6498810618180156,C:\Users\sophi\napari-organoid-segmentation\reports\segmentations\organoid_measurements_16_patches_segmentations\Condição 5 - 17_labels.tif
Condição 5 - 17.jpg,ConvPaint,6,362.3873964435509,630.7468543103747,28849.0,866.1269837220809,0.25814563035964966,95.82756339653105,0.48325626130807514,C:\Users\sophi\napari-organoid-segmentation\reports\segmentations\organoid_measurements_16_patches_segmentations\Condição 5 - 17_labels.tif
Condição 5 - 17.jpg,ConvPaint,7,379.24672759293634,220.35629968108907,42018.0,914.9198769408944,0.19995127618312836,115.64923172105605,0.6307817431667722,C:\Users\sophi\napari-organoid-segmentation\reports\segmentations\organoid_measurements_16_patches_segmentations\Condição 5 - 17_labels.tif
Condição 5 - 17.jpg,ConvPaint,8,729.8603308766685,1874.1740452507345,19403.0,686.2142494561228,0.19717489182949066,78.58859154879981,0.5177967062806501,C:\Users\sophi\napari-organoid-segmentation\reports\segmentations\organoid_measurements_16_patches_segmentations\Condição 5 - 17_labels.tif
Condição 5 - 17.jpg,ConvPaint,9,758.4046370219087,1513.5906516895654,43088.0,968.256926036992,0.18207590281963348,117.11249453362,0.5775438660071991,C:\Users\sophi\napari-organoid-segmentation\reports\segmentations\organoid_measurements_16_patches_segmentations\Condição 5 - 17_labels.tif
Condição 5 - 17.jpg,ConvPaint,10,780.4423505460948,1108.8174365181985,36349.0,905.6061684419096,0.2161996066570282,107.5650782219518,0.5569594633245539,C:\Users\sophi\napari-organoid-segmentation\reports\segmentations\organoid_measurements_16_patches_segmentations\Condição 5 - 17_labels.tif
Condição 5 - 17.jpg,ConvPaint,11,799.7683252396329,665.3882179451323,39331.0,905.2630226914018,0.21661058068275452,111.89033083110743,0.6031082793626767,C:\Users\sophi\napari-organoid-segmentation\reports\segmentations\organoid_measurements_16_patches_segmentations\Condição 5 - 17_labels.tif
Condição 5 - 17.jpg,ConvPaint,12,838.7263543100213,251.9224634054798,31972.0,812.3218971944477,0.2462337166070938,100.8811363985763,0.6088682775249527,C:\Users\sophi\napari-organoid-segmentation\reports\segmentations\organoid_measurements_16_patches_segmentations\Condição 5 - 17_labels.tif
Condição 5 - 18.jpg,ConvPaint,1,153.26220243192327,1866.6895872580922,23356.0,728.5990257669732,0.2010304480791092,86.22323179809845,0.5528803542219681,C:\Users\sophi\napari-organoid-segmentation\reports\segmentations\organoid_measurements_16_patches_segmentations\Condição 5 - 18_labels.tif
Condição 5 - 18.jpg,ConvPaint,2,187.61814622861846,1517.3738683631025,44957.0,930.1208870676711,0.2075512707233429,119.62548872696269,0.6530228720190216,C:\Users\sophi\napari-organoid-segmentation\reports\segmentations\organoid_measurements_16_patches_segmentations\Condição 5 - 18_labels.tif
Condição 5 - 18.jpg,ConvPaint,3,205.75371549893842,1098.054046459348,32028.0,1339.0691552395617,0.25589948892593384,100.96944604529853,0.22445726721173093,C:\Users\sophi\napari-organoid-segmentation\reports\segmentations\organoid_measurements_16_patches_segmentations\Condição 5 - 18_labels.tif
Condição 5 - 18.jpg,ConvPaint,4,248.63866077068857,642.3310457704014,34826.0,937.2985565973348,0.23347149789333344,105.2875115872566,0.49814705051909663,C:\Users\sophi\napari-organoid-segmentation\reports\segmentations\organoid_measurements_16_patches_segmentations\Condição 5 - 18_labels.tif
Condição 5 - 18.jpg,ConvPaint,5,261.6798266566573,231.90599194704157,29306.0,1301.6021638285526,0.28390172123908997,96.58358827721287,0.21737514537897226,C:\Users\sophi\napari-organoid-segmentation\reports\segmentations\organoid_measurements_16_patches_segmentations\Condição 5 - 18_labels.tif
Condição 5 - 18.jpg,ConvPaint,6,615.6626372952077,1525.8806835613916,32594.0,938.2630226914018,0.2511206865310669,101.85770677898886,0.4652627928728877,C:\Users\sophi\napari-organoid-segmentation\reports\segmentations\organoid_measurements_16_patches_segmentations\Condição 5 - 18_labels.tif
Condição 5 - 18.jpg,ConvPaint,7,635.3931844825748,1115.6422253010765,37532.0,898.1147904132612,0.23201441764831543,109.30144851853535,0.5847199000056915,C:\Users\sophi\napari-organoid-segmentation\reports\segmentations\organoid_measurements_16_patches_segmentations\Condição 5 - 18_labels.tif
Condição 5 - 18.jpg,ConvPaint,8,651.0572492436584,686.1662141545781,38673.0,1272.1046891454944,0.2554875612258911,110.95043140243186,0.3003115393909204,C:\Users\sophi\napari-organoid-segmentation\reports\segmentations\organoid_measurements_16_patches_segmentations\Condição 5 - 18_labels.tif
Condição 5 - 18.jpg,ConvPaint,9,664.677635281225,253.0964369279981,33763.0,1052.1219330881977,0.2602010667324066,103.66820480370694,0.3832822826617878,C:\Users\sophi\napari-organoid-segmentation\reports\segmentations\organoid_measurements_16_patches_segmentations\Condição 5 - 18_labels.tif
Condição 5 - 18.jpg,ConvPaint,10,1029.579636115976,1598.786631640397,20556.0,663.1431816442575,0.23280145227909088,80.88991297061706,0.5873998831449585,C:\Users\sophi\napari-organoid-segmentation\reports\segmentations\organoid_measurements_16_patches_segmentations\Condição 5 - 18_labels.tif
Condição 5 - 18.jpg,ConvPaint,11,1040.6939270763817,1159.621367469514,16483.0,661.9777054234137,0.2340167611837387,72.43412078549322,0.47267147736735854,C:\Users\sophi\napari-organoid-segmentation\reports\segmentations\organoid_measurements_16_patches_segmentations\Condição 5 - 18_labels.tif
Condição 5 - 18.jpg,ConvPaint,12,1045.0433671707756,720.2401077273669,14481.0,612.79393923934,0.24704067409038544,67.89289699097743,0.4845956316865731,C:\Users\sophi\napari-organoid-segmentation\reports\segmentations\organoid_measurements_16_patches_segmentations\Condição 5 - 18_labels.tif
Condição 5 - 18.jpg,ConvPaint,13,1052.678924259056,301.7140504939627,10932.0,586.6579002700189,0.25906461477279663,58.98952174548629,0.39915322268856385,C:\Users\sophi\napari-organoid-segmentation\reports\segmentations\organoid_measurements_16_patches_segmentations\Condição 5 - 18_labels.tif
Condição 5 - 19.jpg,ConvPaint,1,21.92642771394272,253.51637797976335,5831.0,515.9777054234136,0.31694427132606506,43.082072214990816,0.27522699709720116,C:\Users\sophi\napari-organoid-segmentation\reports\segmentations\organoid_measurements_16_patches_segmentations\Condição 5 - 19_labels.tif
Condição 5 - 19.jpg,ConvPaint,2,239.0888208269525,1900.1094946401224,6530.0,482.5746391493337,0.23245054483413696,45.59126623356883,0.3523660484080635,C:\Users\sophi\napari-organoid-segmentation\reports\segmentations\organoid_measurements_16_patches_segmentations\Condição 5 - 19_labels.tif
Condição 5 - 19.jpg,ConvPaint,3,303.33649098055025,1133.0008733917834,29769.0,1165.1869042456533,0.25922664999961853,97.34355141356444,0.2755389000453831,C:\Users\sophi\napari-organoid-segmentation\reports\segmentations\organoid_measurements_16_patches_segmentations\Condição 5 - 19_labels.tif
Condição 5 - 19.jpg,ConvPaint,4,285.8066063513267,1572.744975408343,32938.0,817.1797615707167,0.22623087465763092,102.39380367542607,0.6198289899088564,C:\Users\sophi\napari-organoid-segmentation\reports\segmentations\organoid_measurements_16_patches_segmentations\Condição 5 - 19_labels.tif
Condição 5 - 19.jpg,ConvPaint,5,339.85812934171355,703.9911098246774,24184.0,819.1147904132612,0.269239604473114,87.73828290700014,0.4529481210597485,C:\Users\sophi\napari-organoid-segmentation\reports\segmentations\organoid_measurements_16_patches_segmentations\Condição 5 - 19_labels.tif
Condição 5 - 19.jpg,ConvPaint,6,399.1789185335285,276.3421141506248,26649.0,1264.6671349860085,0.2780333161354065,92.10124948615973,0.20938150423811416,C:\Users\sophi\napari-organoid-segmentation\reports\segmentations\organoid_measurements_16_patches_segmentations\Condição 5 - 19_labels.tif
Condição 5 - 19.jpg,ConvPaint,7,719.2579461705789,1611.27278335119,30801.0,849.3574311003804,0.2520948350429535,99.01647743859068,0.5365296153332987,C:\Users\sophi\napari-organoid-segmentation\reports\segmentations\organoid_measurements_16_patches_segmentations\Condição 5 - 19_labels.tif
Condição 5 - 19.jpg,ConvPaint,8,759.4963808563506,1209.0269725233175,27769.0,763.7300141024109,0.24195411801338196,94.01673909170475,0.5982605799504456,C:\Users\sophi\napari-organoid-segmentation\reports\segmentations\organoid_measurements_16_patches_segmentations\Condição 5 - 19_labels.tif
Condição 5 - 19.jpg,ConvPaint,9,776.4923559388475,740.3508101398145,30612.0,868.3462838120871,0.2600857615470886,98.71221928342105,0.5101708832062976,C:\Users\sophi\napari-organoid-segmentation\reports\segmentations\organoid_measurements_16_patches_segmentations\Condição 5 - 19_labels.tif
Condição 5 - 19.jpg,ConvPaint,10,825.9488576581994,355.13388696828497,26612.0,983.4112549695429,0.274993896484375,92.03728967719029,0.34579366286768826,C:\Users\sophi\napari-organoid-segmentation\reports\segmentations\organoid_measurements_16_patches_segmentations\Condição 5 - 19_labels.tif
Condição 5 - 19.jpg,ConvPaint,11,1053.1145302849714,1641.7096110087766,9229.0,527.9238815542511,0.26242855191230774,54.200386895207714,0.4161231649512566,C:\Users\sophi\napari-organoid-segmentation\reports\segmentations\organoid_measurements_16_patches_segmentations\Condição 5 - 19_labels.tif
Condição 5 - 20.jpg,ConvPaint,1,26.044559707650595,202.3301897913474,8483.0,658.4335495461291,0.3096310496330261,51.96366773522724,0.24588692044888422,C:\Users\sophi\napari-organoid-segmentation\reports\segmentations\organoid_measurements_16_patches_segmentations\Condição 5 - 20_labels.tif
Condição 5 - 20.jpg,ConvPaint,2,31.590551181102363,597.1056737066746,13589.0,699.4335495461293,0.2727887034416199,65.76863267053324,0.34906350270863434,C:\Users\sophi\napari-organoid-segmentation\reports\segmentations\organoid_measurements_16_patches_segmentations\Condição 5 - 20_labels.tif
Condição 5 - 20.jpg,ConvPaint,3,19.320900220333648,1024.2661315706641,6354.0,424.9888527117067,0.27603670954704285,44.972669665162265,0.4420811495298197,C:\Users\sophi\napari-organoid-segmentation\reports\segmentations\organoid_measurements_16_patches_segmentations\Condição 5 - 20_labels.tif
Condição 5 - 20.jpg,ConvPaint,4,279.9008750994431,1863.0537258021745,18855.0,1108.0081886954629,0.21716423332691193,77.4708519637894,0.19299695663409622,C:\Users\sophi\napari-organoid-segmentation\reports\segmentations\organoid_measurements_16_patches_segmentations\Condição 5 - 20_labels.tif
Condição 5 - 20.jpg,ConvPaint,5,314.46211947814146,1473.1578654808227,30583.0,1334.7493500861672,0.23118625581264496,98.66545114252948,0.2157200501688942,C:\Users\sophi\napari-organoid-segmentation\reports\segmentations\organoid_measurements_16_patches_segmentations\Condição 5 - 20_labels.tif
Condição 5 - 20.jpg,ConvPaint,6,342.87887352124653,1048.399794912838,39983.0,973.097546470558,0.22867387533187866,112.81393610404037,0.530606402292161,C:\Users\sophi\napari-organoid-segmentation\reports\segmentations\organoid_measurements_16_patches_segmentations\Condição 5 - 20_labels.tif
Condição 5 - 20.jpg,ConvPaint,7,397.149274849664,650.228982431317,33924.0,1100.4234482783625,0.25115031003952026,103.91508350041833,0.3520442430033712,C:\Users\sophi\napari-organoid-segmentation\reports\segmentations\organoid_measurements_16_patches_segmentations\Condição 5 - 20_labels.tif
Condição 5 - 20.jpg,ConvPaint,8,410.80445156229575,254.7480389593411,30596.0,1672.8986283848344,0.27731552720069885,98.68641891202284,0.13738371820415668,C:\Users\sophi\napari-organoid-segmentation\reports\segmentations\organoid_measurements_16_patches_segmentations\Condição 5 - 20_labels.tif
Condição 5 - 20.jpg,ConvPaint,9,702.7548772232137,1882.933288202351,16249.0,635.7523086789973,0.2127428650856018,71.91812942923652,0.5051968230268784,C:\Users\sophi\napari-organoid-segmentation\reports\segmentations\organoid_measurements_16_patches_segmentations\Condição 5 - 20_labels.tif
Condição 5 - 20.jpg,ConvPaint,10,739.3501164467118,1507.6138405234558,36068.0,1018.819371877506,0.22859425842761993,107.14849963894484,0.43665409450768705,C:\Users\sophi\napari-organoid-segmentation\reports\segmentations\organoid_measurements_16_patches_segmentations\Condição 5 - 20_labels.tif
Condição 5 - 20.jpg,ConvPaint,11,789.3840247891203,1083.210638664142,29045.0,764.8010819142764,0.2515110373497009,96.15253841791282,0.6239995228039922,C:\Users\sophi\napari-organoid-segmentation\reports\segmentations\organoid_measurements_16_patches_segmentations\Condição 5 - 20_labels.tif
Condição 5 - 20.jpg,ConvPaint,12,818.8768625539618,656.5115234646985,28724.0,903.3046532517446,0.26162847876548767,95.61973212022299,0.44237063176679714,C:\Users\sophi\napari-organoid-segmentation\reports\segmentations\organoid_measurements_16_patches_segmentations\Condição 5 - 20_labels.tif
Condição 5 - 20.jpg,ConvPaint,13,844.0377463949026,288.01054514289973,26837.0,1607.3422791987302,0.28402653336524963,92.42555066384182,0.1305350360083136,C:\Users\sophi\napari-organoid-segmentation\reports\segmentations\organoid_measurements_16_patches_segmentations\Condição 5 - 20_labels.tif
Condição 5 - 20.jpg,ConvPaint,14,1011.6512448903753,1798.1178000743218,5382.0,554.1898628384834,0.21638578176498413,41.390141428136744,0.22020967832651614,C:\Users\sophi\napari-organoid-segmentation\reports\segmentations\organoid_measurements_16_patches_segmentations\Condição 5 - 20_labels.tif
Condição 5 - 41.jpg,ConvPaint,1,30.710711350561592,1315.768605606794,10951.0,520.7939392393399,0.26046258211135864,59.040761881929434,0.5073781960795329,C:\Users\sophi\napari-organoid-segmentation\reports\segmentations\organoid_measurements_16_patches_segmentations\Condição 5 - 41_labels.tif
Condição 5 - 41.jpg,ConvPaint,2,52.07327829342085,1747.7503717758063,19501.0,785.19090885901,0.21261855959892273,78.78680784541345,0.39748086032608687,C:\Users\sophi\napari-organoid-segmentation\reports\segmentations\organoid_measurements_16_patches_segmentations\Condição 5 - 41_labels.tif
Condição 5 - 41.jpg,ConvPaint,3,204.7095841879545,31.63490583628566,10726.0,529.5512985522207,0.28414592146873474,58.43108624017989,0.4806529166161156,C:\Users\sophi\napari-organoid-segmentation\reports\segmentations\organoid_measurements_16_patches_segmentations\Condição 5 - 41_labels.tif
Condição 5 - 41.jpg,ConvPaint,4,255.03300808879538,417.1308353585549,27569.0,1022.9087296526012,0.27441975474357605,93.6775600248049,0.33109841938461765,C:\Users\sophi\napari-organoid-segmentation\reports\segmentations\organoid_measurements_16_patches_segmentations\Condição 5 - 41_labels.tif
Condição 5 - 41.jpg,ConvPaint,5,325.0612891975015,841.8802752148134,31539.0,947.0386719675123,0.25992321968078613,100.19568603662822,0.44189832554341274,C:\Users\sophi\napari-organoid-segmentation\reports\segmentations\organoid_measurements_16_patches_segmentations\Condição 5 - 41_labels.tif
Condição 5 - 41.jpg,ConvPaint,6,406.04339913755587,1264.9149819994461,25277.0,767.392965006313,0.2556089758872986,89.69904677903594,0.5393861185345478,C:\Users\sophi\napari-organoid-segmentation\reports\segmentations\organoid_measurements_16_patches_segmentations\Condição 5 - 41_labels.tif
Condição 5 - 41.jpg,ConvPaint,7,450.4935458216077,1684.1595191484155,32692.0,1082.103643124968,0.2306171953678131,102.01071904030715,0.35084366241172693,C:\Users\sophi\napari-organoid-segmentation\reports\segmentations\organoid_measurements_16_patches_segmentations\Condição 5 - 41_labels.tif
Condição 5 - 41.jpg,ConvPaint,8,682.6438631790744,352.3320260546329,29323.0,938.4762261269984,0.2700924873352051,96.61159760902049,0.41838076883085445,C:\Users\sophi\napari-organoid-segmentation\reports\segmentations\organoid_measurements_16_patches_segmentations\Condição 5 - 41_labels.tif
Condição 5 - 41.jpg,ConvPaint,9,765.8609346564571,771.8448992205473,29123.0,850.6183617507293,0.2560088336467743,96.28156010021097,0.5057972544647986,C:\Users\sophi\napari-organoid-segmentation\reports\segmentations\organoid_measurements_16_patches_segmentations\Condição 5 - 41_labels.tif
Condição 5 - 41.jpg,ConvPaint,10,818.7276519666269,1192.2213945172825,23492.0,815.0559159102154,0.26995357871055603,86.47390268878588,0.44438055619041983,C:\Users\sophi\napari-organoid-segmentation\reports\segmentations\organoid_measurements_16_patches_segmentations\Condição 5 - 41_labels.tif
Condição 5 - 41.jpg,ConvPaint,11,889.8424371040168,1617.4772713292734,32514.0,904.3635277547904,0.23640617728233337,101.73262819459532,0.49956751128542454,C:\Users\sophi\napari-organoid-segmentation\reports\segmentations\organoid_measurements_16_patches_segmentations\Condição 5 - 41_labels.tif
Condição 5 - 41.jpg,ConvPaint,12,1012.27228303362,1798.9640344018765,5116.0,570.675144212722,0.20474712550640106,40.35434769286047,0.1974069712603524,C:\Users\sophi\napari-organoid-segmentation\reports\segmentations\organoid_measurements_16_patches_segmentations\Condição 5 - 41_labels.tif
Condição 5 - 41.jpg,ConvPaint,13,1046.0442043974565,281.9066881176741,13053.0,586.3441917710342,0.25913748145103455,64.45850560133255,0.47710607570508246,C:\Users\sophi\napari-organoid-segmentation\reports\segmentations\organoid_measurements_16_patches_segmentations\Condição 5 - 41_labels.tif
Condição 5 - 42.jpg,ConvPaint,1,23.444259140474664,1297.9141757536884,7795.0,465.0243866176395,0.2774941325187683,49.81190181876866,0.45297530531373,C:\Users\sophi\napari-organoid-segmentation\reports\segmentations\organoid_measurements_16_patches_segmentations\Condição 5 - 42_labels.tif
Condição 5 - 42.jpg,ConvPaint,2,55.95598250124025,1703.936589545844,22173.0,726.883297014435,0.21652920544147491,84.01122012179796,0.527357275893808,C:\Users\sophi\napari-organoid-segmentation\reports\segmentations\organoid_measurements_16_patches_segmentations\Condição 5 - 42_labels.tif
Condição 5 - 42.jpg,ConvPaint,3,125.67990020609611,27.631087970495717,9219.0,508.6873375215418,0.28842100501060486,54.17101476554013,0.4477048764390304,C:\Users\sophi\napari-organoid-segmentation\reports\segmentations\organoid_measurements_16_patches_segmentations\Condição 5 - 42_labels.tif
Condição 5 - 42.jpg,ConvPaint,4,227.35043522785458,375.54866018091826,29295.0,877.7188668141177,0.25766921043395996,96.56546026273652,0.47785099966178135,C:\Users\sophi\napari-organoid-segmentation\reports\segmentations\organoid_measurements_16_patches_segmentations\Condição 5 - 42_labels.tif
Condição 5 - 42.jpg,ConvPaint,5,296.67339025877845,801.5236560076675,22954.0,933.239682094289,0.2751345932483673,85.47798036607283,0.3311935323849137,C:\Users\sophi\napari-organoid-segmentation\reports\segmentations\organoid_measurements_16_patches_segmentations\Condição 5 - 42_labels.tif
Condição 5 - 42.jpg,ConvPaint,6,383.32780257455204,1205.2897017918365,30918.0,1434.0641046056783,0.2523558437824249,99.20436009082685,0.18892269240434903,C:\Users\sophi\napari-organoid-segmentation\reports\segmentations\organoid_measurements_16_patches_segmentations\Condição 5 - 42_labels.tif
Condição 5 - 42.jpg,ConvPaint,7,451.5937637934296,1625.504193202598,31718.0,923.1919548795365,0.2502918541431427,100.47961469859183,0.46766151951562374,C:\Users\sophi\napari-organoid-segmentation\reports\segmentations\organoid_measurements_16_patches_segmentations\Condição 5 - 42_labels.tif
Condição 5 - 42.jpg,ConvPaint,8,639.0680535397516,293.0135462022254,18603.0,729.6650429449553,0.2979848384857178,76.95140552762541,0.4390821370210005,C:\Users\sophi\napari-organoid-segmentation\reports\segmentations\organoid_measurements_16_patches_segmentations\Condição 5 - 42_labels.tif
Condição 5 - 42.jpg,ConvPaint,9,710.0,705.2472714350982,19699.0,1059.3645737753168,0.3034120500087738,79.18577175183995,0.220578486777208,C:\Users\sophi\napari-organoid-segmentation\reports\segmentations\organoid_measurements_16_patches_segmentations\Condição 5 - 42_labels.tif
Condição 5 - 42.jpg,ConvPaint,10,784.3161000721976,1136.4354145085852,31857.0,1099.920922961421,0.26882031559944153,100.69954341583193,0.3308962251556398,C:\Users\sophi\napari-organoid-segmentation\reports\segmentations\organoid_measurements_16_patches_segmentations\Condição 5 - 42_labels.tif
Condição 5 - 42.jpg,ConvPaint,11,882.6798487595972,1547.8209421659785,25919.0,1115.7016228714147,0.2649061381816864,90.83101860046308,0.26165677008728966,C:\Users\sophi\napari-organoid-segmentation\reports\segmentations\organoid_measurements_16_patches_segmentations\Condição 5 - 42_labels.tif
Condição 5 - 42.jpg,ConvPaint,12,948.5767854099199,1899.4927560934038,5867.0,451.8883476483184,0.2907148003578186,43.21485973875537,0.36104693841663005,C:\Users\sophi\napari-organoid-segmentation\reports\segmentations\organoid_measurements_16_patches_segmentations\Condição 5 - 42_labels.tif
Condição 5 - 42.jpg,ConvPaint,13,1011.2746559633027,1800.0810397553516,5232.0,659.0660171779821,0.21205027401447296,40.809279882320794,0.1513630119715457,C:\Users\sophi\napari-organoid-segmentation\reports\segmentations\organoid_measurements_16_patches_segmentations\Condição 5 - 42_labels.tif
Condição 5 - 42.jpg,ConvPaint,14,1039.4813968908863,243.12745892580858,13573.0,575.042676580869,0.2703874409198761,65.72990251911675,0.515805013824494,C:\Users\sophi\napari-organoid-segmentation\reports\segmentations\organoid_measurements_16_patches_segmentations\Condição 5 - 42_labels.tif
Condição 5 - 43.jpg,ConvPaint,1,104.4403125534706,44.34426510009696,17533.0,981.7361107568208,0.2653588652610779,74.70560376879637,0.2286001785852366,C:\Users\sophi\napari-organoid-segmentation\reports\segmentations\organoid_measurements_16_patches_segmentations\Condição 5 - 43_labels.tif
Condição 5 - 43.jpg,ConvPaint,2,61.62250296091591,1750.4762337149625,25330.0,764.2619766708754,0.23230502009391785,89.79303657319657,0.544954881700285,C:\Users\sophi\napari-organoid-segmentation\reports\segmentations\organoid_measurements_16_patches_segmentations\Condição 5 - 43_labels.tif
Condição 5 - 43.jpg,ConvPaint,3,185.36532863765407,394.2717504581881,27827.0,1079.062012564625,0.2594284117221832,94.1148723785797,0.3003194392296663,C:\Users\sophi\napari-organoid-segmentation\reports\segmentations\organoid_measurements_16_patches_segmentations\Condição 5 - 43_labels.tif
Condição 5 - 43.jpg,ConvPaint,4,291.259893468702,813.7001036713974,27973.0,1526.9341622907673,0.2848728895187378,94.36144576159893,0.15076769176652946,C:\Users\sophi\napari-organoid-segmentation\reports\segmentations\organoid_measurements_16_patches_segmentations\Condição 5 - 43_labels.tif
Condição 5 - 43.jpg,ConvPaint,5,376.2322086094932,1243.9507933319944,29874.0,1072.6366517139588,0.26927998661994934,97.51507339819092,0.3262856511033341,C:\Users\sophi\napari-organoid-segmentation\reports\segmentations\organoid_measurements_16_patches_segmentations\Condição 5 - 43_labels.tif
Condição 5 - 43.jpg,ConvPaint,6,449.2385257016066,1632.67543246908,24337.0,777.8010819142764,0.26629847288131714,88.01538331482125,0.5055217203386274,C:\Users\sophi\napari-organoid-segmentation\reports\segmentations\organoid_measurements_16_patches_segmentations\Condição 5 - 43_labels.tif
Condição 5 - 43.jpg,ConvPaint,7,618.4851018378697,303.61493131008064,27151.0,1451.0935418572012,0.2893059253692627,92.96467995844498,0.16203352319127365,C:\Users\sophi\napari-organoid-segmentation\reports\segmentations\organoid_measurements_16_patches_segmentations\Condição 5 - 43_labels.tif
Condição 5 - 43.jpg,ConvPaint,8,723.8941648038233,723.8105295613967,25946.0,1284.3006486383879,0.28207680583000183,90.87831593358578,0.19767278177939793,C:\Users\sophi\napari-organoid-segmentation\reports\segmentations\organoid_measurements_16_patches_segmentations\Condição 5 - 43_labels.tif
Condição 5 - 43.jpg,ConvPaint,9,805.8016996133927,1153.7574221314464,27418.0,1249.0752518939717,0.27547940611839294,93.42066398494057,0.22083526600972048,C:\Users\sophi\napari-organoid-segmentation\reports\segmentations\organoid_measurements_16_patches_segmentations\Condição 5 - 43_labels.tif
Condição 5 - 43.jpg,ConvPaint,10,900.9647216376507,1538.97524392577,26135.0,1312.9564568673536,0.27692651748657227,91.20871052379465,0.1905161172101725,C:\Users\sophi\napari-organoid-segmentation\reports\segmentations\organoid_measurements_16_patches_segmentations\Condição 5 - 43_labels.tif
Condição 5 - 43.jpg,ConvPaint,11,1000.128179918889,1861.0905124738847,16274.0,1010.8061325481598,0.2242947369813919,71.97343320805955,0.20015591986997083,C:\Users\sophi\napari-organoid-segmentation\reports\segmentations\organoid_measurements_16_patches_segmentations\Condição 5 - 43_labels.tif
Condição 5 - 43.jpg,ConvPaint,12,1009.6674138646741,209.6653798256538,24090.0,1448.986940139403,0.27058565616607666,87.56760335973297,0.14418421646969795,C:\Users\sophi\napari-organoid-segmentation\reports\segmentations\organoid_measurements_16_patches_segmentations\Condição 5 - 43_labels.tif
Condição 5 - 43.jpg,ConvPaint,13,1054.3571730850613,619.6023416560869,7089.0,654.7888886054566,0.3365960419178009,47.502618697887506,0.2077744963428853,C:\Users\sophi\napari-organoid-segmentation\reports\segmentations\organoid_measurements_16_patches_segmentations\Condição 5 - 43_labels.tif
Condição 5 - 44.jpg,ConvPaint,1,44.61967797365239,1667.7945650098645,15713.0,565.6873375215418,0.23651231825351715,70.72201384014672,0.6170438946374093,C:\Users\sophi\napari-organoid-segmentation\reports\segmentations\organoid_measurements_16_patches_segmentations\Condição 5 - 44_labels.tif
Condição 5 - 44.jpg,ConvPaint,2,136.39295911854614,307.53280257986495,29769.0,761.4873734152916,0.2504173815250397,97.34355141356444,0.6451321674248721,C:\Users\sophi\napari-organoid-segmentation\reports\segmentations\organoid_measurements_16_patches_segmentations\Condição 5 - 44_labels.tif
Condição 5 - 44.jpg,ConvPaint,3,249.43245320855615,760.0572860962567,29920.0,928.2630226914018,0.2509300708770752,97.5901213987308,0.43634434490861074,C:\Users\sophi\napari-organoid-segmentation\reports\segmentations\organoid_measurements_16_patches_segmentations\Condição 5 - 44_labels.tif
Condição 5 - 44.jpg,ConvPaint,4,343.5941400063351,1168.5598036110232,31570.0,889.1564209736036,0.2515077292919159,100.244915615817,0.5017970545911578,C:\Users\sophi\napari-organoid-segmentation\reports\segmentations\organoid_measurements_16_patches_segmentations\Condição 5 - 44_labels.tif
Condição 5 - 44.jpg,ConvPaint,5,432.73026090529345,1568.2781962610422,29206.0,913.2041481883563,0.24942217767238617,96.41866279867084,0.44009475601693915,C:\Users\sophi\napari-organoid-segmentation\reports\segmentations\organoid_measurements_16_patches_segmentations\Condição 5 - 44_labels.tif
Condição 5 - 44.jpg,ConvPaint,6,536.3455270457698,1888.2873613037448,11536.0,533.4446968344225,0.24782472848892212,60.59721814585394,0.5094321004837331,C:\Users\sophi\napari-organoid-segmentation\reports\segmentations\organoid_measurements_16_patches_segmentations\Condição 5 - 44_labels.tif
Condição 5 - 44.jpg,ConvPaint,7,585.1470621889124,217.7516162251845,34958.0,1024.0681092190353,0.24692398309707642,105.48685700698904,0.41888880936160894,C:\Users\sophi\napari-organoid-segmentation\reports\segmentations\organoid_measurements_16_patches_segmentations\Condição 5 - 44_labels.tif
Condição 5 - 44.jpg,ConvPaint,8,661.6764378478664,646.2202844774273,32340.0,992.7310601229376,0.25432369112968445,101.4600498678361,0.4123696170003297,C:\Users\sophi\napari-organoid-segmentation\reports\segmentations\organoid_measurements_16_patches_segmentations\Condição 5 - 44_labels.tif
Condição 5 - 44.jpg,ConvPaint,9,764.4895763065755,1064.283736468472,31131.0,1188.1869042456533,0.2576712965965271,99.54549244836548,0.27709801365667486,C:\Users\sophi\napari-organoid-segmentation\reports\segmentations\organoid_measurements_16_patches_segmentations\Condição 5 - 44_labels.tif
Condição 5 - 44.jpg,ConvPaint,10,852.3598774885146,1465.7224987238387,31344.0,807.6589462905454,0.24319781363010406,99.88545976539696,0.6038210744286124,C:\Users\sophi\napari-organoid-segmentation\reports\segmentations\organoid_measurements_16_patches_segmentations\Condição 5 - 44_labels.tif
Condição 5 - 44.jpg,ConvPaint,11,967.2302240300761,1829.6631844935441,32451.0,1161.3868683519033,0.20613232254981995,101.6340204682969,0.3023320062547194,C:\Users\sophi\napari-organoid-segmentation\reports\segmentations\organoid_measurements_16_patches_segmentations\Condição 5 - 44_labels.tif
Condição 5 - 44.jpg,ConvPaint,12,995.2854833219877,114.13560812343998,35256.0,801.0254326381661,0.20927214622497559,105.93551504238663,0.6904787082619949,C:\Users\sophi\napari-organoid-segmentation\reports\segmentations\organoid_measurements_16_patches_segmentations\Condição 5 - 44_labels.tif
Condição 5 - 44.jpg,ConvPaint,13,1043.6843754777558,558.7689955664272,13082.0,665.19090885901,0.258661687374115,64.53006997560401,0.3715278707602398,C:\Users\sophi\napari-organoid-segmentation\reports\segmentations\organoid_measurements_16_patches_segmentations\Condição 5 - 44_labels.tif
Condição 5 - 65.jpg,ConvPaint,1,294.093763284144,1843.9330782777677,32934.0,1006.1381310103742,0.19617240130901337,102.38758612047147,0.40882658432600255,C:\Users\sophi\napari-organoid-segmentation\reports\segmentations\organoid_measurements_16_patches_segmentations\Condição 5 - 65_labels.tif
Condição 5 - 65.jpg,ConvPaint,2,296.54157121038565,1426.296439480718,41904.0,1080.6011178080262,0.23070557415485382,115.49223987197392,0.4509563640329707,C:\Users\sophi\napari-organoid-segmentation\reports\segmentations\organoid_measurements_16_patches_segmentations\Condição 5 - 65_labels.tif
Condição 5 - 65.jpg,ConvPaint,3,307.4225663202437,993.6371625863152,43011.0,1187.0924958366747,0.25387632846832275,117.00780535780945,0.3835484965755434,C:\Users\sophi\napari-organoid-segmentation\reports\segmentations\organoid_measurements_16_patches_segmentations\Condição 5 - 65_labels.tif
Condição 5 - 65.jpg,ConvPaint,4,328.47789421974784,559.4964794498117,36642.0,1593.993036793813,0.27895504236221313,107.99773539082409,0.18122420139846943,C:\Users\sophi\napari-organoid-segmentation\reports\segmentations\organoid_measurements_16_patches_segmentations\Condição 5 - 65_labels.tif
Condição 5 - 65.jpg,ConvPaint,5,347.48310466225774,144.55068601322674,30393.0,2580.8306986345483,0.30072829127311707,98.3584890631406,0.05734088640315979,C:\Users\sophi\napari-organoid-segmentation\reports\segmentations\organoid_measurements_16_patches_segmentations\Condição 5 - 65_labels.tif
Condição 5 - 65.jpg,ConvPaint,6,690.0074919281527,1849.3751293062912,31901.0,976.4985207035847,0.19600604474544525,100.76906112070861,0.4204080096860937,C:\Users\sophi\napari-organoid-segmentation\reports\segmentations\organoid_measurements_16_patches_segmentations\Condição 5 - 65_labels.tif
Condição 5 - 65.jpg,ConvPaint,7,717.4326618522741,1454.0627982600618,47358.0,1480.9097756731276,0.24913115799427032,122.77833518130126,0.27136011665778836,C:\Users\sophi\napari-organoid-segmentation\reports\segmentations\organoid_measurements_16_patches_segmentations\Condição 5 - 65_labels.tif
Condição 5 - 65.jpg,ConvPaint,8,728.010841403597,1011.5392026160231,39755.0,1328.7848839920998,0.2531140446662903,112.49181981476075,0.2829386413689425,C:\Users\sophi\napari-organoid-segmentation\reports\segmentations\organoid_measurements_16_patches_segmentations\Condição 5 - 65_labels.tif
Condição 5 - 65.jpg,ConvPaint,9,738.8606622727756,585.7585574572128,37628.0,1265.199097554473,0.26067855954170227,109.44114581510775,0.2953950765056385,C:\Users\sophi\napari-organoid-segmentation\reports\segmentations\organoid_measurements_16_patches_segmentations\Condição 5 - 65_labels.tif
Condição 5 - 65.jpg,ConvPaint,10,751.8291482972334,157.8374864225928,31302.0,2302.580915272493,0.2936655282974243,99.81851560369456,0.07419115798631994,C:\Users\sophi\napari-organoid-segmentation\reports\segmentations\organoid_measurements_16_patches_segmentations\Condição 5 - 65_labels.tif
Condição 5 - 65.jpg,ConvPaint,11,1057.6620418848167,1463.4680628272251,7640.0,799.0904037956216,0.2999763786792755,49.314171699869,0.1503527555786337,C:\Users\sophi\napari-organoid-segmentation\reports\segmentations\organoid_measurements_16_patches_segmentations\Condição 5 - 65_labels.tif
Condição 5 - 66.jpg,ConvPaint,1,42.89564206145183,256.09480964622355,16338.0,1330.749350086167,0.29812371730804443,72.11481762072738,0.11593544418076512,C:\Users\sophi\napari-organoid-segmentation\reports\segmentations\organoid_measurements_16_patches_segmentations\Condição 5 - 66_labels.tif
Condição 5 - 66.jpg,ConvPaint,2,36.73991895303262,713.7439713014018,15053.0,1104.4406922210655,0.29428333044052124,69.22079685126863,0.15507726273230155,C:\Users\sophi\napari-organoid-segmentation\reports\segmentations\organoid_measurements_16_patches_segmentations\Condição 5 - 66_labels.tif
Condição 5 - 66.jpg,ConvPaint,3,35.7485222998388,1126.905734244262,13027.0,686.1259377015543,0.2747933864593506,64.39427682112938,0.34773355660628646,C:\Users\sophi\napari-organoid-segmentation\reports\segmentations\organoid_measurements_16_patches_segmentations\Condição 5 - 66_labels.tif
Condição 5 - 66.jpg,ConvPaint,4,32.606831549854725,1573.9141804266176,14111.0,647.1787155501902,0.25747567415237427,67.0199284089402,0.42336914578582796,C:\Users\sophi\napari-organoid-segmentation\reports\segmentations\organoid_measurements_16_patches_segmentations\Condição 5 - 66_labels.tif
Condição 5 - 66.jpg,ConvPaint,5,393.4968648485306,1588.4488932537583,39711.0,1104.216341497176,0.24969078600406647,112.42955078734644,0.40927229564766804,C:\Users\sophi\napari-organoid-segmentation\reports\segmentations\organoid_measurements_16_patches_segmentations\Condição 5 - 66_labels.tif
Condição 5 - 66.jpg,ConvPaint,6,403.62050562570494,1151.173392753982,36351.0,1753.2722574073914,0.27276915311813354,107.56803741198858,0.14860297530049327,C:\Users\sophi\napari-organoid-segmentation\reports\segmentations\organoid_measurements_16_patches_segmentations\Condição 5 - 66_labels.tif
Condição 5 - 66.jpg,ConvPaint,7,418.4780978959753,715.6002353005554,36549.0,2743.8561312727147,0.2949974834918976,107.86059535405582,0.0610046149738022,C:\Users\sophi\napari-organoid-segmentation\reports\segmentations\organoid_measurements_16_patches_segmentations\Condição 5 - 66_labels.tif
Condição 5 - 66.jpg,ConvPaint,8,423.8344089987092,274.9757514290983,32538.0,3057.7028483606905,0.30841514468193054,101.77016791107393,0.04373308993279552,C:\Users\sophi\napari-organoid-segmentation\reports\segmentations\organoid_measurements_16_patches_segmentations\Condição 5 - 66_labels.tif
Condição 5 - 66.jpg,ConvPaint,9,818.5777115169586,1612.0295306631497,34879.0,1096.6011178080262,0.25750747323036194,105.36759710748099,0.3644823651042924,C:\Users\sophi\napari-organoid-segmentation\reports\segmentations\organoid_measurements_16_patches_segmentations\Condição 5 - 66_labels.tif
Condição 5 - 66.jpg,ConvPaint,10,843.900910183754,1169.8072871944587,34938.0,1864.2661607529812,0.2731449604034424,105.45667737743912,0.1263258041278295,C:\Users\sophi\napari-organoid-segmentation\reports\segmentations\organoid_measurements_16_patches_segmentations\Condição 5 - 66_labels.tif
Condição 5 - 66.jpg,ConvPaint,11,845.5674896981474,743.229220409394,29849.0,1917.296644025031,0.28126171231269836,97.47426220649207,0.10203778577484166,C:\Users\sophi\napari-organoid-segmentation\reports\segmentations\organoid_measurements_16_patches_segmentations\Condição 5 - 66_labels.tif
Condição 5 - 66.jpg,ConvPaint,12,857.3569466805569,302.8990750386716,31677.0,2727.0571413994912,0.30608800053596497,100.41465164329325,0.05352607922552305,C:\Users\sophi\napari-organoid-segmentation\reports\segmentations\organoid_measurements_16_patches_segmentations\Condição 5 - 66_labels.tif
Condição 5 - 67.jpg,ConvPaint,1,249.8695791559804,1578.5334868267662,34312.0,1304.7503961066936,0.274761825799942,104.50764955130427,0.25328007289199483,C:\Users\sophi\napari-organoid-segmentation\reports\segmentations\organoid_measurements_16_patches_segmentations\Condição 5 - 67_labels.tif
Condição 5 - 67.jpg,ConvPaint,2,258.5500879800983,1156.116315757539,32962.0,1698.2783540618013,0.2855421006679535,102.43110107965309,0.14361694051085605,C:\Users\sophi\napari-organoid-segmentation\reports\segmentations\organoid_measurements_16_patches_segmentations\Condição 5 - 67_labels.tif
Condição 5 - 67.jpg,ConvPaint,3,274.1329567557486,293.1864858383736,37531.0,1676.5382386916235,0.28044623136520386,109.29999239873646,0.1677927042922164,C:\Users\sophi\napari-organoid-segmentation\reports\segmentations\organoid_measurements_16_patches_segmentations\Condição 5 - 67_labels.tif
Condição 5 - 67.jpg,ConvPaint,4,282.5043715688268,718.8963023208528,34427.0,1886.8052659963823,0.27953118085861206,104.682636820293,0.12152199320438949,C:\Users\sophi\napari-organoid-segmentation\reports\segmentations\organoid_measurements_16_patches_segmentations\Condição 5 - 67_labels.tif
Condição 5 - 67.jpg,ConvPaint,5,678.4294830887045,1587.8025178395312,34474.0,1427.3717164502532,0.2870284616947174,104.75406921117671,0.2126313847428522,C:\Users\sophi\napari-organoid-segmentation\reports\segmentations\organoid_measurements_16_patches_segmentations\Condição 5 - 67_labels.tif
Condição 5 - 67.jpg,ConvPaint,6,698.5065815572144,1162.1357784269176,27729.0,2659.7434329005064,0.31533363461494446,93.94900123998302,0.049256617064387505,C:\Users\sophi\napari-organoid-segmentation\reports\segmentations\organoid_measurements_16_patches_segmentations\Condição 5 - 67_labels.tif
Condição 5 - 67.jpg,ConvPaint,7,718.238547008547,299.00849002849003,35100.0,1842.0895372438442,0.27800336480140686,105.70088459918892,0.1299856795028745,C:\Users\sophi\napari-organoid-segmentation\reports\segmentations\organoid_measurements_16_patches_segmentations\Condição 5 - 67_labels.tif
Condição 5 - 67.jpg,ConvPaint,8,722.4409869694606,733.9462309670336,34611.0,2083.7413408594534,0.28854092955589294,104.96200965448013,0.10016970509225281,C:\Users\sophi\napari-organoid-segmentation\reports\segmentations\organoid_measurements_16_patches_segmentations\Condição 5 - 67_labels.tif
Condição 5 - 67.jpg,ConvPaint,9,1039.3695590729226,1597.236574335783,14152.0,964.5117600329312,0.2984897792339325,67.11722215104709,0.1911668699890561,C:\Users\sophi\napari-organoid-segmentation\reports\segmentations\organoid_measurements_16_patches_segmentations\Condição 5 - 67_labels.tif
Condição 5 - 67.jpg,ConvPaint,10,1051.9095637782243,1153.5776096465304,8459.0,690.723917448001,0.3145432770252228,51.890108182857794,0.22280241818064647,C:\Users\sophi\napari-organoid-segmentation\reports\segmentations\organoid_measurements_16_patches_segmentations\Condição 5 - 67_labels.tif
Condição 5 - 68.jpg,ConvPaint,1,261.0273631840796,1694.1170272234333,35778.0,1510.4255403194156,0.29069381952285767,106.71687358559406,0.19707307016851186,C:\Users\sophi\napari-organoid-segmentation\reports\segmentations\organoid_measurements_16_patches_segmentations\Condição 5 - 68_labels.tif
Condição 5 - 68.jpg,ConvPaint,2,274.96709307191105,1257.613156793592,33458.0,1560.1828996322965,0.28453338146209717,103.19889617596338,0.17272643673554583,C:\Users\sophi\napari-organoid-segmentation\reports\segmentations\organoid_measurements_16_patches_segmentations\Condição 5 - 68_labels.tif
Condição 5 - 68.jpg,ConvPaint,3,295.1237977144006,834.2329501658903,29839.0,2599.0804819966042,0.2996988594532013,97.45793294462042,0.05550788408619729,C:\Users\sophi\napari-organoid-segmentation\reports\segmentations\organoid_measurements_16_patches_segmentations\Condição 5 - 68_labels.tif
Condição 5 - 68.jpg,ConvPaint,4,294.4516139082752,408.08499501495515,32096.0,2550.6012972767758,0.29692184925079346,101.0765754611569,0.06199770636792805,C:\Users\sophi\napari-organoid-segmentation\reports\segmentations\organoid_measurements_16_patches_segmentations\Condição 5 - 68_labels.tif
Condição 5 - 68.jpg,ConvPaint,5,308.017749757517,33.88816682832202,10310.0,1341.7970773009197,0.3252672851085663,57.28677793832432,0.07196061166352372,C:\Users\sophi\napari-organoid-segmentation\reports\segmentations\organoid_measurements_16_patches_segmentations\Condição 5 - 68_labels.tif
Condição 5 - 68.jpg,ConvPaint,6,672.087488080643,397.7927394087999,29364.0,3051.2186130069786,0.3095874786376953,96.67911614149578,0.039634960475505576,C:\Users\sophi\napari-organoid-segmentation\reports\segmentations\organoid_measurements_16_patches_segmentations\Condição 5 - 68_labels.tif
Condição 5 - 68.jpg,ConvPaint,7,681.867695473251,832.7745198902606,29160.0,3158.567855411896,0.3259931802749634,96.34270227224964,0.03672966447913772,C:\Users\sophi\napari-organoid-segmentation\reports\segmentations\organoid_measurements_16_patches_segmentations\Condição 5 - 68_labels.tif
Condição 5 - 68.jpg,ConvPaint,8,673.7187563503353,1692.6117659012396,29526.0,1174.2701653663385,0.316090852022171,96.94543671293974,0.2690781453504264,C:\Users\sophi\napari-organoid-segmentation\reports\segmentations\organoid_measurements_16_patches_segmentations\Condição 5 - 68_labels.tif
Condição 5 - 68.jpg,ConvPaint,9,691.5821082264623,1254.4915154832656,25576.0,3619.155733890576,0.3515520393848419,90.22800922682839,0.024537366202640406,C:\Users\sophi\napari-organoid-segmentation\reports\segmentations\organoid_measurements_16_patches_segmentations\Condição 5 - 68_labels.tif
Condição 5 - 68.jpg,ConvPaint,10,684.463442498096,26.45963442498096,7878.0,1082.77269068328,0.34042179584503174,50.076394472404886,0.08444058886052778,C:\Users\sophi\napari-organoid-segmentation\reports\segmentations\organoid_measurements_16_patches_segmentations\Condição 5 - 68_labels.tif
Condição 5 - 68.jpg,ConvPaint,11,1039.060740144811,1742.1827232502012,9944.0,1548.6194077712557,0.29900380969047546,56.260763487635096,0.052105262037986766,C:\Users\sophi\napari-organoid-segmentation\reports\segmentations\organoid_measurements_16_patches_segmentations\Condição 5 - 68_labels.tif
Condição 5 - 68.jpg,ConvPaint,12,1049.2730012242207,860.4012618890667,10619.0,925.842712474619,0.33027997612953186,58.13890849840297,0.15567506647896162,C:\Users\sophi\napari-organoid-segmentation\reports\segmentations\organoid_measurements_16_patches_segmentations\Condição 5 - 68_labels.tif
Condição 5 - 68.jpg,ConvPaint,13,1044.9404394757132,37.363338473400155,5188.0,723.8954903232549,0.32841402292251587,40.63731892634535,0.12441080186154317,C:\Users\sophi\napari-organoid-segmentation\reports\segmentations\organoid_measurements_16_patches_segmentations\Condição 5 - 68_labels.tif
Condição 5 - 68.jpg,ConvPaint,14,1052.2064533053515,415.92064533053514,7624.0,1312.8387078612623,0.35256004333496094,49.262506759859676,0.05558658652908171,C:\Users\sophi\napari-organoid-segmentation\reports\segmentations\organoid_measurements_16_patches_segmentations\Condição 5 - 68_labels.tif
Condição 5 - 68.jpg,ConvPaint,15,1052.2971151572476,1258.4324899503429,8458.0,803.4640328181786,0.3633705675601959,51.8870409383933,0.16464352824400785,C:\Users\sophi\napari-organoid-segmentation\reports\segmentations\organoid_measurements_16_patches_segmentations\Condição 5 - 68_labels.tif
Condição 5 - 91.jpg,ConvPaint,1,184.4011064431596,1610.0866436504305,24041.0,1022.3818177180199,0.2708366811275482,87.47850006569907,0.2890254978245431,C:\Users\sophi\napari-organoid-segmentation\reports\segmentations\organoid_measurements_16_patches_segmentations\Condição 5 - 91_labels.tif
Condição 5 - 91.jpg,ConvPaint,2,226.66025189980297,1176.1384745285675,28424.0,1307.1524163602471,0.2786678373813629,95.11908433583697,0.20904635448194592,C:\Users\sophi\napari-organoid-segmentation\reports\segmentations\organoid_measurements_16_patches_segmentations\Condição 5 - 91_labels.tif
Condição 5 - 91.jpg,ConvPaint,3,232.26666430041882,715.3746006956769,28174.0,1871.4438302826452,0.28635621070861816,94.69985603654378,0.10108920495373361,C:\Users\sophi\napari-organoid-segmentation\reports\segmentations\organoid_measurements_16_patches_segmentations\Condição 5 - 91_labels.tif
Condição 5 - 91.jpg,ConvPaint,4,296.2442454792203,307.8794811237619,28369.0,3023.3952365161153,0.31649237871170044,95.02701279714078,0.03899994929037199,C:\Users\sophi\napari-organoid-segmentation\reports\segmentations\organoid_measurements_16_patches_segmentations\Condição 5 - 91_labels.tif
Condição 5 - 91.jpg,ConvPaint,5,595.2114859046835,1653.281943768485,26711.0,1180.607214462436,0.2597244083881378,92.2083259248059,0.24081811120510388,C:\Users\sophi\napari-organoid-segmentation\reports\segmentations\organoid_measurements_16_patches_segmentations\Condição 5 - 91_labels.tif
Condição 5 - 91.jpg,ConvPaint,6,637.9024641538593,1203.5628917317765,23294.0,1679.6204537917824,0.30868712067604065,86.10871319886984,0.10376039725453197,C:\Users\sophi\napari-organoid-segmentation\reports\segmentations\organoid_measurements_16_patches_segmentations\Condição 5 - 91_labels.tif
Condição 5 - 91.jpg,ConvPaint,7,665.7221384179087,781.8641163337959,33146.0,1472.4194436650057,0.2756098806858063,102.71659791605214,0.19212235543574374,C:\Users\sophi\napari-organoid-segmentation\reports\segmentations\organoid_measurements_16_patches_segmentations\Condição 5 - 91_labels.tif
Condição 5 - 91.jpg,ConvPaint,8,718.8487903885815,346.27027203980754,30547.0,2109.56367132979,0.29986169934272766,98.60736328112752,0.08625676240750242,C:\Users\sophi\napari-organoid-segmentation\reports\segmentations\organoid_measurements_16_patches_segmentations\Condição 5 - 91_labels.tif
Condição 5 - 91.jpg,ConvPaint,9,1015.0034760625691,1736.8934534154948,18987.0,1492.1280297426074,0.26322120428085327,77.74155779871943,0.1071652637122272,C:\Users\sophi\napari-organoid-segmentation\reports\segmentations\organoid_measurements_16_patches_segmentations\Condição 5 - 91_labels.tif
Condição 5 - 91.jpg,ConvPaint,10,1032.3721582733813,1261.931726618705,13900.0,1385.8792924010781,0.2969098687171936,66.51697090182844,0.09094395834042934,C:\Users\sophi\napari-organoid-segmentation\reports\segmentations\organoid_measurements_16_patches_segmentations\Condição 5 - 91_labels.tif
Condição 5 - 91.jpg,ConvPaint,11,1045.8968400668955,806.8394507525746,11361.0,1321.8559518039654,0.3168918192386627,60.13583471553418,0.0817067925229095,C:\Users\sophi\napari-organoid-segmentation\reports\segmentations\organoid_measurements_16_patches_segmentations\Condição 5 - 91_labels.tif
Condição 5 - 92.jpg,ConvPaint,1,75.27717480677521,278.1183604670284,24324.0,1885.432682994352,0.30812060832977295,87.99187275842311,0.08598501999766345,C:\Users\sophi\napari-organoid-segmentation\reports\segmentations\organoid_measurements_16_patches_segmentations\Condição 5 - 92_labels.tif
Condição 5 - 92.jpg,ConvPaint,2,43.33049132947977,726.7013005780346,13840.0,1270.7371567773473,0.31410321593284607,66.373253836042,0.10770466049729985,C:\Users\sophi\napari-organoid-segmentation\reports\segmentations\organoid_measurements_16_patches_segmentations\Condição 5 - 92_labels.tif
Condição 5 - 92.jpg,ConvPaint,3,321.10216157055885,1623.7183459880978,29238.0,968.5828278447966,0.26582223176956177,96.47146962828788,0.3916372528879765,C:\Users\sophi\napari-organoid-segmentation\reports\segmentations\organoid_measurements_16_patches_segmentations\Condição 5 - 92_labels.tif
Condição 5 - 92.jpg,ConvPaint,4,344.15725320671817,1162.8074906101622,28222.0,1633.271211386865,0.2782549262046814,94.78049170519712,0.13294776395336802,C:\Users\sophi\napari-organoid-segmentation\reports\segmentations\organoid_measurements_16_patches_segmentations\Condição 5 - 92_labels.tif
Condição 5 - 92.jpg,ConvPaint,5,424.2387492694331,756.4656268264173,27376.0,2787.6124445650685,0.30820298194885254,93.34908378858066,0.044270565230348585,C:\Users\sophi\napari-organoid-segmentation\reports\segmentations\organoid_measurements_16_patches_segmentations\Condição 5 - 92_labels.tif
Condição 5 - 92.jpg,ConvPaint,6,491.9387527411226,330.6067018043319,25993.0,2995.786109481375,0.3240777552127838,90.96058966154118,0.03639524651316509,C:\Users\sophi\napari-organoid-segmentation\reports\segmentations\organoid_measurements_16_patches_segmentations\Condição 5 - 92_labels.tif
Condição 5 - 92.jpg,ConvPaint,7,731.1625544267054,1667.617385164555,25493.0,979.547293938864,0.2780821919441223,90.08148493715774,0.3338719945474092,C:\Users\sophi\napari-organoid-segmentation\reports\segmentations\organoid_measurements_16_patches_segmentations\Condição 5 - 92_labels.tif
Condição 5 - 92.jpg,ConvPaint,8,775.416674309823,1244.4259683879054,32709.0,1749.5027047856909,0.2863302528858185,102.03723862975521,0.13429130504363102,C:\Users\sophi\napari-organoid-segmentation\reports\segmentations\organoid_measurements_16_patches_segmentations\Condição 5 - 92_labels.tif
Condição 5 - 92.jpg,ConvPaint,9,843.9996025963704,812.7999403894555,30196.0,2093.4387796487617,0.29612430930137634,98.03920299148572,0.08658422038078446,C:\Users\sophi\napari-organoid-segmentation\reports\segmentations\organoid_measurements_16_patches_segmentations\Condição 5 - 92_labels.tif
Condição 5 - 92.jpg,ConvPaint,10,923.505116852954,375.83470024677024,27556.0,1949.8418459228415,0.3099173307418823,93.65547086892754,0.09108089024227722,C:\Users\sophi\napari-organoid-segmentation\reports\segmentations\organoid_measurements_16_patches_segmentations\Condição 5 - 92_labels.tif
Controle - 45.jpg,ConvPaint,1,304.07706528809615,1542.5582868294018,29209.0,849.3279938488577,0.25071483850479126,96.42361466747833,0.5088334756719778,C:\Users\sophi\napari-organoid-segmentation\reports\segmentations\organoid_measurements_16_patches_segmentations\Controle - 45_labels.tif
Controle - 45.jpg,ConvPaint,2,308.1279367791542,1891.5689876121317,9364.0,523.1370849898476,0.24888433516025543,54.59536403601515,0.4299720770735728,C:\Users\sophi\napari-organoid-segmentation\reports\segmentations\organoid_measurements_16_patches_segmentations\Controle - 45_labels.tif
Controle - 45.jpg,ConvPaint,3,330.77152317880797,255.9521022639766,25972.0,1259.4833688019348,0.27935394644737244,90.92383826019122,0.20574551836498517,C:\Users\sophi\napari-organoid-segmentation\reports\segmentations\organoid_measurements_16_patches_segmentations\Controle - 45_labels.tif
Controle - 45.jpg,ConvPaint,4,311.76613088404133,1106.494068120934,26130.0,739.1086937588514,0.26136258244514465,91.19998533981489,0.6010805184965757,C:\Users\sophi\napari-organoid-segmentation\reports\segmentations\organoid_measurements_16_patches_segmentations\Controle - 45_labels.tif
Controle - 45.jpg,ConvPaint,5,347.0037386215865,679.7217815344603,30760.0,972.6538956566619,0.2628069519996643,98.95055380852297,0.4085822860695911,C:\Users\sophi\napari-organoid-segmentation\reports\segmentations\organoid_measurements_16_patches_segmentations\Controle - 45_labels.tif
Controle - 45.jpg,ConvPaint,6,750.6694953355063,1112.8183938406205,35588.0,851.3218971944476,0.24953323602676392,106.4331350168205,0.6170577873233576,C:\Users\sophi\napari-organoid-segmentation\reports\segmentations\organoid_measurements_16_patches_segmentations\Controle - 45_labels.tif
Controle - 45.jpg,ConvPaint,7,764.8497952773571,675.5164338998261,35658.0,863.7777413171634,0.25085216760635376,106.53775819652678,0.600568884480575,C:\Users\sophi\napari-organoid-segmentation\reports\segmentations\organoid_measurements_16_patches_segmentations\Controle - 45_labels.tif
Controle - 45.jpg,ConvPaint,8,754.0783482142857,1891.9239955357143,8960.0,497.8528137423857,0.24259978532791138,53.404649424996364,0.4542719714377708,C:\Users\sophi\napari-organoid-segmentation\reports\segmentations\organoid_measurements_16_patches_segmentations\Controle - 45_labels.tif
Controle - 45.jpg,ConvPaint,9,742.3743287491814,1541.116743069199,22905.0,791.422402257836,0.2621349096298218,85.38669652258322,0.4595401708448673,C:\Users\sophi\napari-organoid-segmentation\reports\segmentations\organoid_measurements_16_patches_segmentations\Controle - 45_labels.tif
Controle - 45.jpg,ConvPaint,10,776.875510271813,273.4631774584315,30131.0,1102.2701653663385,0.2600664794445038,97.93362640382412,0.3116357723119335,C:\Users\sophi\napari-organoid-segmentation\reports\segmentations\organoid_measurements_16_patches_segmentations\Controle - 45_labels.tif
Controle - 46.jpg,ConvPaint,1,24.237660485021397,261.5564907275321,7010.0,459.0365799264593,0.3024340569972992,47.237191937586346,0.4180548744730489,C:\Users\sophi\napari-organoid-segmentation\reports\segmentations\organoid_measurements_16_patches_segmentations\Controle - 46_labels.tif
Controle - 46.jpg,ConvPaint,2,18.306506269061334,697.7763470010166,5902.0,458.09545442950497,0.31027570366859436,43.34356870698043,0.35342486793714006,C:\Users\sophi\napari-organoid-segmentation\reports\segmentations\organoid_measurements_16_patches_segmentations\Controle - 46_labels.tif
Controle - 46.jpg,ConvPaint,3,350.52500806711845,1548.634218923667,27891.0,1536.7037149124676,0.27809056639671326,94.22303877264895,0.14842042381309656,C:\Users\sophi\napari-organoid-segmentation\reports\segmentations\organoid_measurements_16_patches_segmentations\Controle - 46_labels.tif
Controle - 46.jpg,ConvPaint,4,363.4716954921164,1114.487115371258,28794.0,1770.8225099390856,0.2854817509651184,95.7361732198236,0.1153883057189348,C:\Users\sophi\napari-organoid-segmentation\reports\segmentations\organoid_measurements_16_patches_segmentations\Controle - 46_labels.tif
Controle - 46.jpg,ConvPaint,5,367.36891626037124,687.7314173295698,23382.0,1253.5249993622774,0.28170037269592285,86.27121048617201,0.18699307394175044,C:\Users\sophi\napari-organoid-segmentation\reports\segmentations\organoid_measurements_16_patches_segmentations\Controle - 46_labels.tif
Controle - 46.jpg,ConvPaint,6,398.330141694725,264.80229377104376,28512.0,1062.4650788387053,0.2730747163295746,95.2662137112221,0.3174009463496484,C:\Users\sophi\napari-organoid-segmentation\reports\segmentations\organoid_measurements_16_patches_segmentations\Controle - 46_labels.tif
Controle - 46.jpg,ConvPaint,7,779.1314316087881,1560.8657689581858,28220.0,1406.3595231414333,0.28084906935691833,94.77713325537216,0.1792974680618944,C:\Users\sophi\napari-organoid-segmentation\reports\segmentations\organoid_measurements_16_patches_segmentations\Controle - 46_labels.tif
Controle - 46.jpg,ConvPaint,8,788.3745528010438,1136.2172650364073,23759.0,1420.6498910433052,0.2846035063266754,86.96392692283786,0.1479326022307537,C:\Users\sophi\napari-organoid-segmentation\reports\segmentations\organoid_measurements_16_patches_segmentations\Controle - 46_labels.tif
Controle - 46.jpg,ConvPaint,9,811.8315015566975,282.05439063730825,26659.0,1118.140223051427,0.27455055713653564,92.11852829791451,0.2679545754772046,C:\Users\sophi\napari-organoid-segmentation\reports\segmentations\organoid_measurements_16_patches_segmentations\Controle - 46_labels.tif
Controle - 46.jpg,ConvPaint,10,811.6021119823477,709.622128531463,25379.0,1208.3300858899106,0.2864948511123657,89.87984535733483,0.21843045566954003,C:\Users\sophi\napari-organoid-segmentation\reports\segmentations\organoid_measurements_16_patches_segmentations\Controle - 46_labels.tif
Controle - 47.jpg,ConvPaint,1,20.866876861096515,287.0162900683132,5709.0,419.095454429505,0.3116208016872406,42.62899412633684,0.40845480194620964,C:\Users\sophi\napari-organoid-segmentation\reports\segmentations\organoid_measurements_16_patches_segmentations\Controle - 47_labels.tif
Controle - 47.jpg,ConvPaint,2,375.65017326592056,714.4172016133614,35206.0,1122.5067093990478,0.2606517970561981,105.86036960537467,0.3511144132317278,C:\Users\sophi\napari-organoid-segmentation\reports\segmentations\organoid_measurements_16_patches_segmentations\Controle - 47_labels.tif
Controle - 47.jpg,ConvPaint,3,360.9496374038847,1564.098101381145,27441.0,770.8366158202091,0.2573857307434082,93.45983943261083,0.5803435014626559,C:\Users\sophi\napari-organoid-segmentation\reports\segmentations\organoid_measurements_16_patches_segmentations\Controle - 47_labels.tif
Controle - 47.jpg,ConvPaint,4,383.34952120383036,290.57098343213255,26316.0,958.2102448427661,0.2741326689720154,91.52400212410204,0.36017048610251157,C:\Users\sophi\napari-organoid-segmentation\reports\segmentations\organoid_measurements_16_patches_segmentations\Controle - 47_labels.tif
Controle - 47.jpg,ConvPaint,5,374.9214562239428,1124.0874032162,26864.0,962.5950211536164,0.2711203396320343,92.47203243381944,0.36432864680868404,C:\Users\sophi\napari-organoid-segmentation\reports\segmentations\organoid_measurements_16_patches_segmentations\Controle - 47_labels.tif
Controle - 47.jpg,ConvPaint,6,786.7557946365002,1553.633573293252,25282.0,706.58787847868,0.25440746545791626,89.70791794762933,0.6363395629543029,C:\Users\sophi\napari-organoid-segmentation\reports\segmentations\organoid_measurements_16_patches_segmentations\Controle - 47_labels.tif
Controle - 47.jpg,ConvPaint,7,806.4281808355058,1133.4449354613087,31454.0,958.216341497176,0.2572591006755829,100.0605774519863,0.4304855719427772,C:\Users\sophi\napari-organoid-segmentation\reports\segmentations\organoid_measurements_16_patches_segmentations\Controle - 47_labels.tif
Controle - 47.jpg,ConvPaint,8,825.002791145332,719.4042027590632,31170.0,1006.8315651863257,0.27390795946121216,99.60782676250274,0.38639635504783976,C:\Users\sophi\napari-organoid-segmentation\reports\segmentations\organoid_measurements_16_patches_segmentations\Controle - 47_labels.tif
Controle - 47.jpg,ConvPaint,9,818.2118704801616,314.7328816209525,15349.0,1160.6671349860083,0.31375718116760254,69.89805750544862,0.14317743423646628,C:\Users\sophi\napari-organoid-segmentation\reports\segmentations\organoid_measurements_16_patches_segmentations\Controle - 47_labels.tif
Controle - 48.jpg,ConvPaint,1,360.76017598467615,1060.1588950077817,33412.0,1295.3534264870236,0.26777487993240356,103.12792985982418,0.2502279282782445,C:\Users\sophi\napari-organoid-segmentation\reports\segmentations\organoid_measurements_16_patches_segmentations\Controle - 48_labels.tif
Controle - 48.jpg,ConvPaint,2,357.5246601665362,1882.728417906199,14051.0,852.3513344459706,0.25826674699783325,66.87729219076115,0.24304114746816752,C:\Users\sophi\napari-organoid-segmentation\reports\segmentations\organoid_measurements_16_patches_segmentations\Controle - 48_labels.tif
Controle - 48.jpg,ConvPaint,3,352.55427755224775,1494.8747556758383,26604.0,829.0620125646253,0.2640925347805023,92.02345468430083,0.48638790917590985,C:\Users\sophi\napari-organoid-segmentation\reports\segmentations\organoid_measurements_16_patches_segmentations\Controle - 48_labels.tif
Controle - 48.jpg,ConvPaint,4,358.16713365923454,641.3546560152618,33548.0,1186.4772721475247,0.26785165071487427,103.33760236087254,0.2994729850801901,C:\Users\sophi\napari-organoid-segmentation\reports\segmentations\organoid_measurements_16_patches_segmentations\Controle - 48_labels.tif
Controle - 48.jpg,ConvPaint,5,376.54526609121183,216.2069598314416,29426.0,1410.9097756731276,0.27347004413604736,96.78112786511751,0.18575589692486666,C:\Users\sophi\napari-organoid-segmentation\reports\segmentations\organoid_measurements_16_patches_segmentations\Controle - 48_labels.tif
Controle - 48.jpg,ConvPaint,6,795.8782850428453,219.623362852148,34893.0,1482.2773080412749,0.26965272426605225,105.38874161223774,0.1995672414431167,C:\Users\sophi\napari-organoid-segmentation\reports\segmentations\organoid_measurements_16_patches_segmentations\Controle - 48_labels.tif
Controle - 48.jpg,ConvPaint,7,796.8416825012955,1077.5559682155813,34734.0,1319.4844148224613,0.2739519476890564,105.14835037558976,0.25070103920389547,C:\Users\sophi\napari-organoid-segmentation\reports\segmentations\organoid_measurements_16_patches_segmentations\Controle - 48_labels.tif
Controle - 48.jpg,ConvPaint,8,797.1073944180838,654.2139636320769,33931.0,1186.4833688019348,0.2697506844997406,103.92580405319076,0.3028887990247111,C:\Users\sophi\napari-organoid-segmentation\reports\segmentations\organoid_measurements_16_patches_segmentations\Controle - 48_labels.tif
Controle - 48.jpg,ConvPaint,9,793.9487228364468,1888.2239801753717,10492.0,591.8711037056153,0.27080538868904114,57.790200949990925,0.37636902254839766,C:\Users\sophi\napari-organoid-segmentation\reports\segmentations\organoid_measurements_16_patches_segmentations\Controle - 48_labels.tif
Controle - 48.jpg,ConvPaint,10,794.0650965476887,1499.6520382289839,20508.0,1204.5605332682103,0.3027268350124359,80.79541537647529,0.1776134758849134,C:\Users\sophi\napari-organoid-segmentation\reports\segmentations\organoid_measurements_16_patches_segmentations\Controle - 48_labels.tif
Controle - 93.jpg,ConvPaint,1,64.27616206810838,158.08366890380313,20115.0,1090.842712474619,0.28140702843666077,80.01751908542872,0.21242500233693093,C:\Users\sophi\napari-organoid-segmentation\reports\segmentations\organoid_measurements_16_patches_segmentations\Controle - 93_labels.tif
Controle - 93.jpg,ConvPaint,2,21.63903414334051,587.1187326976315,6502.0,508.7289680818843,0.3387114703655243,45.493415786979625,0.3157067687455874,C:\Users\sophi\napari-organoid-segmentation\reports\segmentations\organoid_measurements_16_patches_segmentations\Controle - 93_labels.tif
Controle - 93.jpg,ConvPaint,3,94.24017688850225,1881.552414093084,13794.0,534.1309883354378,0.22165250778198242,66.26285965772387,0.6075814918408188,C:\Users\sophi\napari-organoid-segmentation\reports\segmentations\organoid_measurements_16_patches_segmentations\Controle - 93_labels.tif
Controle - 93.jpg,ConvPaint,4,203.01469458022072,1481.5674936210767,32529.0,1038.2874093090413,0.26178476214408875,101.75609214033588,0.37917998170714895,C:\Users\sophi\napari-organoid-segmentation\reports\segmentations\organoid_measurements_16_patches_segmentations\Controle - 93_labels.tif
Controle - 93.jpg,ConvPaint,5,296.92723004694835,1069.0682255928734,33228.0,1072.2935059634515,0.2755625545978546,102.84357489952883,0.36315055663415713,C:\Users\sophi\napari-organoid-segmentation\reports\segmentations\organoid_measurements_16_patches_segmentations\Controle - 93_labels.tif
Controle - 93.jpg,ConvPaint,6,362.83578616146053,646.7709200563768,30509.0,1091.3229432149742,0.2729063928127289,98.5460111703222,0.3219076263492296,C:\Users\sophi\napari-organoid-segmentation\reports\segmentations\organoid_measurements_16_patches_segmentations\Controle - 93_labels.tif
Controle - 93.jpg,ConvPaint,7,459.50957718272554,231.90839497399787,30959.0,2281.5992052357224,0.29300180077552795,99.2701151725129,0.07473397362547926,C:\Users\sophi\napari-organoid-segmentation\reports\segmentations\organoid_measurements_16_patches_segmentations\Controle - 93_labels.tif
Controle - 93.jpg,ConvPaint,8,618.7966496326086,1569.0327174866197,33071.0,872.700576850888,0.2679639458656311,102.60032283567212,0.5456657124737914,C:\Users\sophi\napari-organoid-segmentation\reports\segmentations\organoid_measurements_16_patches_segmentations\Controle - 93_labels.tif
Controle - 93.jpg,ConvPaint,9,714.110364319443,1151.1205666425396,29013.0,1535.4488809165287,0.2939370572566986,96.0995563353459,0.1546435381671454,C:\Users\sophi\napari-organoid-segmentation\reports\segmentations\organoid_measurements_16_patches_segmentations\Controle - 93_labels.tif
Controle - 93.jpg,ConvPaint,10,794.639987562189,721.2611940298508,32160.0,1354.294551983978,0.27314823865890503,101.17729952746667,0.22034319440987554,C:\Users\sophi\napari-organoid-segmentation\reports\segmentations\organoid_measurements_16_patches_segmentations\Controle - 93_labels.tif
Controle - 93.jpg,ConvPaint,11,875.0413598067519,300.0534378129971,33946.0,1457.5788232314399,0.26899656653404236,103.94877294319042,0.20078643603501764,C:\Users\sophi\napari-organoid-segmentation\reports\segmentations\organoid_measurements_16_patches_segmentations\Controle - 93_labels.tif
Controle - 93.jpg,ConvPaint,12,1014.0801362246316,1679.8037948290241,28776.0,1330.0081886954629,0.21702182292938232,95.70624475354134,0.20442389509759326,C:\Users\sophi\napari-organoid-segmentation\reports\segmentations\organoid_measurements_16_patches_segmentations\Controle - 93_labels.tif
Controle - 93.jpg,ConvPaint,13,1059.0761215629523,1233.9272069464544,6910.0,517.5868324581534,0.31072670221328735,46.89905450571465,0.32413167456319353,C:\Users\sophi\napari-organoid-segmentation\reports\segmentations\organoid_measurements_16_patches_segmentations\Controle - 93_labels.tif
Controle - 94.jpg,ConvPaint,1,32.45152304789289,152.64075837900978,11129.0,688.8477631085024,0.3123322129249573,59.51865861508815,0.294726713637441,C:\Users\sophi\napari-organoid-segmentation\reports\segmentations\organoid_measurements_16_patches_segmentations\Controle - 94_labels.tif
Controle - 94.jpg,ConvPaint,2,150.45389158086007,1884.1049364021806,13208.0,593.4568901432422,0.2562529146671295,64.84008772908552,0.4712686728419834,C:\Users\sophi\napari-organoid-segmentation\reports\segmentations\organoid_measurements_16_patches_segmentations\Controle - 94_labels.tif
Controle - 94.jpg,ConvPaint,3,225.91773942566132,1509.2336256896308,28276.0,785.6650429449553,0.2660706043243408,94.87112491023211,0.5756426668132354,C:\Users\sophi\napari-organoid-segmentation\reports\segmentations\organoid_measurements_16_patches_segmentations\Controle - 94_labels.tif
Controle - 94.jpg,ConvPaint,4,288.8001209352325,1083.486226820747,29768.0,1214.0041840821061,0.28747254610061646,97.34191641794958,0.2538160925517937,C:\Users\sophi\napari-organoid-segmentation\reports\segmentations\organoid_measurements_16_patches_segmentations\Controle - 94_labels.tif
Controle - 94.jpg,ConvPaint,5,370.91820258948974,650.6482102056359,26260.0,1194.16966030295,0.2995257079601288,91.4265695035439,0.23140488333668305,C:\Users\sophi\napari-organoid-segmentation\reports\segmentations\organoid_measurements_16_patches_segmentations\Controle - 94_labels.tif
Controle - 94.jpg,ConvPaint,6,448.281858358596,243.94890244347857,27379.0,1305.0874452027915,0.30740678310394287,93.35419847990772,0.20199853612261287,C:\Users\sophi\napari-organoid-segmentation\reports\segmentations\organoid_measurements_16_patches_segmentations\Controle - 94_labels.tif
Controle - 94.jpg,ConvPaint,7,648.1915540416804,1579.3640259312162,27303.0,739.9665581351203,0.2546585202217102,93.22453980833608,0.6266081619839202,C:\Users\sophi\napari-organoid-segmentation\reports\segmentations\organoid_measurements_16_patches_segmentations\Controle - 94_labels.tif
Controle - 94.jpg,ConvPaint,8,726.1389040721508,1146.9084107679694,29272.0,1460.8214639185592,0.2933856248855591,96.52754523125469,0.17237249895093007,C:\Users\sophi\napari-organoid-segmentation\reports\segmentations\organoid_measurements_16_patches_segmentations\Controle - 94_labels.tif
Controle - 94.jpg,ConvPaint,9,799.7201496210257,719.0169964235325,30477.0,1659.1301217836603,0.2863110601902008,98.49431659351411,0.1391301274286686,C:\Users\sophi\napari-organoid-segmentation\reports\segmentations\organoid_measurements_16_patches_segmentations\Controle - 94_labels.tif
Controle - 94.jpg,ConvPaint,10,857.547649751757,297.6869559610549,31018.0,1223.5605332682103,0.28606367111206055,99.36466197622181,0.26035908433080024,C:\Users\sophi\napari-organoid-segmentation\reports\segmentations\organoid_measurements_16_patches_segmentations\Controle - 94_labels.tif
Controle - 94.jpg,ConvPaint,11,1019.4920661321979,1665.7911247130835,30061.0,1678.3168465605643,0.2049235850572586,97.81980110678477,0.13411130228288037,C:\Users\sophi\napari-organoid-segmentation\reports\segmentations\organoid_measurements_16_patches_segmentations\Controle - 94_labels.tif
Controle - 94.jpg,ConvPaint,12,1058.2450845119006,1227.315971024491,5798.0,521.6223663640861,0.3152121603488922,42.95998975900272,0.2677784756878663,C:\Users\sophi\napari-organoid-segmentation\reports\segmentations\organoid_measurements_16_patches_segmentations\Controle - 94_labels.tif
Controle - 95.jpg,ConvPaint,1,57.029063980570925,259.26193414818647,25117.0,735.4629867976521,0.23688150942325592,89.41470467030727,0.5835203243019922,C:\Users\sophi\napari-organoid-segmentation\reports\segmentations\organoid_measurements_16_patches_segmentations\Controle - 95_labels.tif
Controle - 95.jpg,ConvPaint,2,28.253407899335897,698.4012583012933,8583.0,786.6944801964783,0.3299773931503296,52.26905158040918,0.17427567383213877,C:\Users\sophi\napari-organoid-segmentation\reports\segmentations\organoid_measurements_16_patches_segmentations\Controle - 95_labels.tif
Controle - 95.jpg,ConvPaint,3,280.6284558327714,1610.6238605429435,40041.0,910.5767311903869,0.2224235087633133,112.89573133066264,0.6068504563132743,C:\Users\sophi\napari-organoid-segmentation\reports\segmentations\organoid_measurements_16_patches_segmentations\Controle - 95_labels.tif
Controle - 95.jpg,ConvPaint,4,344.2864734598035,1178.138293270716,32366.0,948.3696244092002,0.26678457856178284,101.5008264805,0.4522136038839878,C:\Users\sophi\napari-organoid-segmentation\reports\segmentations\organoid_measurements_16_patches_segmentations\Controle - 95_labels.tif
Controle - 95.jpg,ConvPaint,5,415.84819375417254,767.8247904458126,26962.0,1189.589970519733,0.2825586199760437,92.64054809470508,0.23942383364663009,C:\Users\sophi\napari-organoid-segmentation\reports\segmentations\organoid_measurements_16_patches_segmentations\Controle - 95_labels.tif
Controle - 95.jpg,ConvPaint,6,473.19495299356754,326.30650049480454,32336.0,1320.3361825443205,0.2804774045944214,101.4537750881605,0.23309186163125847,C:\Users\sophi\napari-organoid-segmentation\reports\segmentations\organoid_measurements_16_patches_segmentations\Controle - 95_labels.tif
Controle - 95.jpg,ConvPaint,7,707.6374772938726,1672.2305834920917,45142.0,1157.3584771209069,0.23139148950576782,119.87136806639307,0.4235014157005895,C:\Users\sophi\napari-organoid-segmentation\reports\segmentations\organoid_measurements_16_patches_segmentations\Controle - 95_labels.tif
Controle - 95.jpg,ConvPaint,8,778.633276931754,1254.43209249859,35460.0,999.3462838120872,0.2736155688762665,106.24155761319211,0.44618667020789027,C:\Users\sophi\napari-organoid-segmentation\reports\segmentations\organoid_measurements_16_patches_segmentations\Controle - 95_labels.tif
Controle - 95.jpg,ConvPaint,9,810.597499711283,791.7523097355353,34636.0,938.1330803764909,0.260388046503067,104.99991056120845,0.49454827846451915,C:\Users\sophi\napari-organoid-segmentation\reports\segmentations\organoid_measurements_16_patches_segmentations\Controle - 95_labels.tif
Controle - 95.jpg,ConvPaint,10,892.4355801169935,378.6467268291249,34019.0,1128.186904245653,0.2607415020465851,104.06048249977691,0.3358685186454323,C:\Users\sophi\napari-organoid-segmentation\reports\segmentations\organoid_measurements_16_patches_segmentations\Controle - 95_labels.tif
Controle - 95.jpg,ConvPaint,11,965.9906284454245,30.97036934950386,7256.0,888.1381310103741,0.32437631487846375,48.05888611016266,0.1155968781299169,C:\Users\sophi\napari-organoid-segmentation\reports\segmentations\organoid_measurements_16_patches_segmentations\Controle - 95_labels.tif
Controle - 95.jpg,ConvPaint,12,1040.425801938643,1744.5321275107424,10007.0,1059.2914139223983,0.2496323436498642,56.438701535747555,0.11206831948825782,C:\Users\sophi\napari-organoid-segmentation\reports\segmentations\organoid_measurements_16_patches_segmentations\Controle - 95_labels.tif
Controle 21.jpg,ConvPaint,1,188.80107051659792,1550.1993714397956,40728.0,908.3696244092002,0.21980583667755127,113.86011173582006,0.620265665692938,C:\Users\sophi\napari-organoid-segmentation\reports\segmentations\organoid_measurements_16_patches_segmentations\Controle 21_labels.tif
Controle 21.jpg,ConvPaint,2,236.6975540770739,1116.0843055957316,31113.0,868.677236253775,0.2593676745891571,99.51670959610892,0.5181253856082919,C:\Users\sophi\napari-organoid-segmentation\reports\segmentations\organoid_measurements_16_patches_segmentations\Controle 21_labels.tif
Controle 21.jpg,ConvPaint,3,301.4583211179517,711.641975308642,30699.0,1086.471175493115,0.2747977674007416,98.85239094708935,0.32681175958960895,C:\Users\sophi\napari-organoid-segmentation\reports\segmentations\organoid_measurements_16_patches_segmentations\Controle 21_labels.tif
Controle 21.jpg,ConvPaint,4,376.4263640753259,268.3421609776028,26923.0,950.9970414071697,0.26746082305908203,92.57352248740564,0.37408903919528547,C:\Users\sophi\napari-organoid-segmentation\reports\segmentations\organoid_measurements_16_patches_segmentations\Controle 21_labels.tif
Controle 21.jpg,ConvPaint,5,605.3257445765413,1611.1964701556562,32636.0,1290.6021638285529,0.2487504482269287,101.92331159010774,0.24621925372472542,C:\Users\sophi\napari-organoid-segmentation\reports\segmentations\organoid_measurements_16_patches_segmentations\Controle 21_labels.tif
Controle 21.jpg,ConvPaint,6,674.5544779565881,1196.6514263384133,28149.0,1022.8792924010781,0.264891117811203,94.6578310874886,0.3380835669480437,C:\Users\sophi\napari-organoid-segmentation\reports\segmentations\organoid_measurements_16_patches_segmentations\Controle 21_labels.tif
Controle 21.jpg,ConvPaint,7,727.7392205772782,775.5772457805565,30869.0,988.9381669041239,0.27194973826408386,99.12571753388438,0.39663784348989206,C:\Users\sophi\napari-organoid-segmentation\reports\segmentations\organoid_measurements_16_patches_segmentations\Controle 21_labels.tif
Controle 21.jpg,ConvPaint,8,780.2376520699011,339.2876272719316,34277.0,906.4995667241114,0.2557682693004608,104.4543343702012,0.5241764036157988,C:\Users\sophi\napari-organoid-segmentation\reports\segmentations\organoid_measurements_16_patches_segmentations\Controle 21_labels.tif
Controle 21.jpg,ConvPaint,9,844.9803386748495,27.442777588362315,8799.0,481.4446968344225,0.2747892439365387,52.92266705799297,0.4770351349348687,C:\Users\sophi\napari-organoid-segmentation\reports\segmentations\organoid_measurements_16_patches_segmentations\Controle 21_labels.tif
Controle 21.jpg,ConvPaint,10,1019.9527375539678,1706.879952622932,26173.0,1115.002092041053,0.19388310611248016,91.27499466495932,0.2645525821022917,C:\Users\sophi\napari-organoid-segmentation\reports\segmentations\organoid_measurements_16_patches_segmentations\Controle 21_labels.tif
Controle 21.jpg,ConvPaint,11,1048.8283146483832,1257.0567960715277,10793.0,714.9604614807105,0.28887462615966797,58.613297139656396,0.2653309980195182,C:\Users\sophi\napari-organoid-segmentation\reports\segmentations\organoid_measurements_16_patches_segmentations\Controle 21_labels.tif
Controle 22.jpg,ConvPaint,1,43.07344405493937,214.52146428366186,17401.0,725.3980156401965,0.25838926434516907,74.42385591652814,0.4155577102507775,C:\Users\sophi\napari-organoid-segmentation\reports\segmentations\organoid_measurements_16_patches_segmentations\Controle 22_labels.tif
Controle 22.jpg,ConvPaint,2,247.1286938867584,1891.4821791112113,8866.0,484.5807358037435,0.2660421133041382,53.12377481792392,0.4744662232450337,C:\Users\sophi\napari-organoid-segmentation\reports\segmentations\organoid_measurements_16_patches_segmentations\Controle 22_labels.tif
Controle 22.jpg,ConvPaint,3,296.22899100836935,1517.9018387729068,32141.0,1115.2579720575186,0.25782084465026855,101.14740753886487,0.32472713147833165,C:\Users\sophi\napari-organoid-segmentation\reports\segmentations\organoid_measurements_16_patches_segmentations\Controle 22_labels.tif
Controle 22.jpg,ConvPaint,4,332.09137566670023,1091.004696253061,29811.0,1235.4417382415922,0.2689787745475769,97.41219644903293,0.24543803744037512,C:\Users\sophi\napari-organoid-segmentation\reports\segmentations\organoid_measurements_16_patches_segmentations\Controle 22_labels.tif
Controle 22.jpg,ConvPaint,5,373.718670337514,668.0530233506679,29421.0,1319.430590953299,0.2762312591075897,96.77290509958512,0.2123705032135829,C:\Users\sophi\napari-organoid-segmentation\reports\segmentations\organoid_measurements_16_patches_segmentations\Controle 22_labels.tif
Controle 22.jpg,ConvPaint,6,405.2234757091621,248.4329312031301,30670.0,1740.4377336282353,0.2811613976955414,98.80568915430355,0.12723501902527531,C:\Users\sophi\napari-organoid-segmentation\reports\segmentations\organoid_measurements_16_patches_segmentations\Controle 22_labels.tif
Controle 22.jpg,ConvPaint,7,719.2684647528084,1558.8030335920116,36854.0,961.8904396893714,0.2506992518901825,108.30970660756783,0.5005451745883008,C:\Users\sophi\napari-organoid-segmentation\reports\segmentations\organoid_measurements_16_patches_segmentations\Controle 22_labels.tif
Controle 22.jpg,ConvPaint,8,760.9062347444034,1130.6809749633865,28678.0,1784.8174593052022,0.2911399304866791,95.54313641480873,0.11312826151164379,C:\Users\sophi\napari-organoid-segmentation\reports\segmentations\organoid_measurements_16_patches_segmentations\Controle 22_labels.tif
Controle 22.jpg,ConvPaint,9,818.3484864282487,719.9300038230285,28773.0,1636.36666581637,0.28542348742485046,95.70125576587911,0.13503108639547975,C:\Users\sophi\napari-organoid-segmentation\reports\segmentations\organoid_measurements_16_patches_segmentations\Controle 22_labels.tif
Controle 22.jpg,ConvPaint,10,850.0492857849767,306.0418962161449,30313.0,1160.305699272271,0.2637149691581726,98.22895489563781,0.28293972861428546,C:\Users\sophi\napari-organoid-segmentation\reports\segmentations\organoid_measurements_16_patches_segmentations\Controle 22_labels.tif
Controle 23.jpg,ConvPaint,1,262.6462019344185,1876.8528544468036,16956.0,707.8355697996826,0.20483605563640594,73.46606311850633,0.425273681045119,C:\Users\sophi\napari-organoid-segmentation\reports\segmentations\organoid_measurements_16_patches_segmentations\Controle 23_labels.tif
Controle 23.jpg,ConvPaint,2,273.39285714285717,1536.6831320103538,32452.0,778.0376259469857,0.2140016108751297,101.63558641753573,0.673674535081003,C:\Users\sophi\napari-organoid-segmentation\reports\segmentations\organoid_measurements_16_patches_segmentations\Controle 23_labels.tif
Controle 23.jpg,ConvPaint,3,303.8286540667232,1090.4074702039595,40106.0,864.1147904132612,0.20901376008987427,112.98732802968264,0.6749573579577651,C:\Users\sophi\napari-organoid-segmentation\reports\segmentations\organoid_measurements_16_patches_segmentations\Controle 23_labels.tif
Controle 23.jpg,ConvPaint,4,320.4315591488406,674.4019145471899,35622.0,1180.4650788387053,0.23466521501541138,106.48396482869612,0.3212342733998847,C:\Users\sophi\napari-organoid-segmentation\reports\segmentations\organoid_measurements_16_patches_segmentations\Controle 23_labels.tif
Controle 23.jpg,ConvPaint,5,338.3160933175168,233.34796362198497,25290.0,727.8244225113892,0.250457227230072,89.72210999295584,0.599936720089179,C:\Users\sophi\napari-organoid-segmentation\reports\segmentations\organoid_measurements_16_patches_segmentations\Controle 23_labels.tif
Controle 23.jpg,ConvPaint,6,701.2308222852325,1885.6102383324392,13049.0,636.9716087690036,0.2326308786869049,64.44862841684285,0.40415405870433135,C:\Users\sophi\napari-organoid-segmentation\reports\segmentations\organoid_measurements_16_patches_segmentations\Controle 23_labels.tif
Controle 23.jpg,ConvPaint,7,718.7573469860002,1531.8144452157815,34572.0,1020.0264786586927,0.2358151227235794,104.90285689696927,0.4175528737574097,C:\Users\sophi\napari-organoid-segmentation\reports\segmentations\organoid_measurements_16_patches_segmentations\Controle 23_labels.tif
Controle 23.jpg,ConvPaint,8,729.3313453730925,1116.0311353772925,35715.0,850.6711395993652,0.2357136756181717,106.62287552422362,0.6202076527007255,C:\Users\sophi\napari-organoid-segmentation\reports\segmentations\organoid_measurements_16_patches_segmentations\Controle 23_labels.tif
Controle 23.jpg,ConvPaint,9,762.1088399720475,693.4058641975308,34344.0,979.9087296526011,0.24898968636989594,104.5563710688933,0.4494583842068513,C:\Users\sophi\napari-organoid-segmentation\reports\segmentations\organoid_measurements_16_patches_segmentations\Controle 23_labels.tif
Controle 23.jpg,ConvPaint,10,788.4859533116575,262.40697037226465,27373.0,738.4163056034262,0.24477706849575043,93.34396881699911,0.6308552260382154,C:\Users\sophi\napari-organoid-segmentation\reports\segmentations\organoid_measurements_16_patches_segmentations\Controle 23_labels.tif
Controle 23.jpg,ConvPaint,11,1012.1969399764614,1826.0109846998823,5098.0,624.5807358037434,0.20483236014842987,40.283294301297715,0.16422244932122454,C:\Users\sophi\napari-organoid-segmentation\reports\segmentations\organoid_measurements_16_patches_segmentations\Controle 23_labels.tif
Controle 24.jpg,ConvPaint,1,64.30662020905923,219.79102275056363,24395.0,805.6528496361356,0.23485352098941803,88.12020014419834,0.4722965697652599,C:\Users\sophi\napari-organoid-segmentation\reports\segmentations\organoid_measurements_16_patches_segmentations\Controle 24_labels.tif
Controle 24.jpg,ConvPaint,2,37.55928984310487,629.4734929810074,12110.0,542.0071426749364,0.2508191168308258,62.08649387496209,0.5180169703720565,C:\Users\sophi\napari-organoid-segmentation\reports\segmentations\organoid_measurements_16_patches_segmentations\Controle 24_labels.tif
Controle 24.jpg,ConvPaint,3,311.7258234875095,1545.7298518827836,40711.0,875.9137802864846,0.19965988397598267,113.83634646468721,0.6668051055307846,C:\Users\sophi\napari-organoid-segmentation\reports\segmentations\organoid_measurements_16_patches_segmentations\Controle 24_labels.tif
Controle 24.jpg,ConvPaint,4,366.51832198916514,1132.7013751909988,35995.0,1263.1280297426074,0.22885291278362274,107.04001286054456,0.28350276361672166,C:\Users\sophi\napari-organoid-segmentation\reports\segmentations\organoid_measurements_16_patches_segmentations\Controle 24_labels.tif
Controle 24.jpg,ConvPaint,5,425.48538709292615,695.6966877410632,25149.0,715.4102089490162,0.2517535388469696,89.47164538353005,0.6174763358620419,C:\Users\sophi\napari-organoid-segmentation\reports\segmentations\organoid_measurements_16_patches_segmentations\Controle 24_labels.tif
Controle 24.jpg,ConvPaint,6,496.1725728749898,276.64685229035683,24494.0,893.3757210636102,0.26603877544403076,88.29882418348372,0.3856570600923768,C:\Users\sophi\napari-organoid-segmentation\reports\segmentations\organoid_measurements_16_patches_segmentations\Controle 24_labels.tif
Controle 24.jpg,ConvPaint,7,733.220412982591,1610.8619638640232,36418.0,847.2447327281723,0.22151748836040497,107.66712327837728,0.6375411192363136,C:\Users\sophi\napari-organoid-segmentation\reports\segmentations\organoid_measurements_16_patches_segmentations\Controle 24_labels.tif
Controle 24.jpg,ConvPaint,8,804.5947975714327,1192.5244151584036,34753.0,906.7483040656405,0.24085988104343414,105.17710527745702,0.5311640338549767,C:\Users\sophi\napari-organoid-segmentation\reports\segmentations\organoid_measurements_16_patches_segmentations\Controle 24_labels.tif
Controle 24.jpg,ConvPaint,9,870.610233340648,765.8753931680199,27342.0,726.8599564173221,0.24317456781864166,93.29109768910003,0.6503372879311334,C:\Users\sophi\napari-organoid-segmentation\reports\segmentations\organoid_measurements_16_patches_segmentations\Controle 24_labels.tif
Controle 24.jpg,ConvPaint,10,919.2974507322365,346.08222744530826,27655.0,887.0853531617383,0.25278058648109436,93.82355728926893,0.44162404333660993,C:\Users\sophi\napari-organoid-segmentation\reports\segmentations\organoid_measurements_16_patches_segmentations\Controle 24_labels.tif
Controle 24.jpg,ConvPaint,11,1012.2017167381974,1825.5799843932891,5126.0,625.3025612106916,0.20654258131980896,40.393767793783624,0.16474340987167158,C:\Users\sophi\napari-organoid-segmentation\reports\segmentations\organoid_measurements_16_patches_segmentations\Controle 24_labels.tif
Controle 69.jpg,ConvPaint,1,61.18012958963283,166.78927940310228,25465.0,1220.2579720575186,0.3066475987434387,90.03200126438504,0.21490683948627828,C:\Users\sophi\napari-organoid-segmentation\reports\segmentations\organoid_measurements_16_patches_segmentations\Controle 69_labels.tif
Controle 69.jpg,ConvPaint,2,27.9973714953271,595.6121495327103,10272.0,944.9848480983499,0.35291942954063416,57.181108339030104,0.14454903096970018,C:\Users\sophi\napari-organoid-segmentation\reports\segmentations\organoid_measurements_16_patches_segmentations\Controle 69_labels.tif
Controle 69.jpg,ConvPaint,3,193.5533816595116,1880.8386937856287,14209.0,899.422402257836,0.29249703884124756,67.25225031763236,0.2207221801994502,C:\Users\sophi\napari-organoid-segmentation\reports\segmentations\organoid_measurements_16_patches_segmentations\Controle 69_labels.tif
Controle 69.jpg,ConvPaint,4,250.57835655828356,1515.461595885866,36168.0,2707.908909121351,0.321121484041214,107.29693361646147,0.061982095642688445,C:\Users\sophi\napari-organoid-segmentation\reports\segmentations\organoid_measurements_16_patches_segmentations\Controle 69_labels.tif
Controle 69.jpg,ConvPaint,5,322.0565490575157,1088.5171834855385,39311.0,2251.3443712397834,0.31273141503334045,111.86187883175839,0.09746307152521481,C:\Users\sophi\napari-organoid-segmentation\reports\segmentations\organoid_measurements_16_patches_segmentations\Controle 69_labels.tif
Controle 69.jpg,ConvPaint,6,382.48949395902645,661.258536158291,34266.0,1888.876333808248,0.31978845596313477,104.43757254922086,0.1206885929401257,C:\Users\sophi\napari-organoid-segmentation\reports\segmentations\organoid_measurements_16_patches_segmentations\Controle 69_labels.tif
Controle 69.jpg,ConvPaint,7,446.1871867509261,220.21859034890196,41301.0,2210.0550493584383,0.30569884181022644,114.65826010051234,0.10625863880033272,C:\Users\sophi\napari-organoid-segmentation\reports\segmentations\organoid_measurements_16_patches_segmentations\Controle 69_labels.tif
Controle 69.jpg,ConvPaint,8,683.2904036079237,1567.0583433236284,35034.0,2538.0743853421945,0.3091660141944885,105.60146093952926,0.06834250564970076,C:\Users\sophi\napari-organoid-segmentation\reports\segmentations\organoid_measurements_16_patches_segmentations\Controle 69_labels.tif
Controle 69.jpg,ConvPaint,9,756.3005065909874,1137.7460679521523,37703.0,2361.2276682542188,0.3187846839427948,109.55016037773501,0.08497869257400843,C:\Users\sophi\napari-organoid-segmentation\reports\segmentations\organoid_measurements_16_patches_segmentations\Controle 69_labels.tif
Controle 69.jpg,ConvPaint,10,801.4317104329311,708.2260326472675,35225.0,2177.3920984545357,0.32455870509147644,105.88893115346866,0.09336574794502728,C:\Users\sophi\napari-organoid-segmentation\reports\segmentations\organoid_measurements_16_patches_segmentations\Controle 69_labels.tif
Controle 69.jpg,ConvPaint,11,872.8051842150782,282.75541772714917,40469.0,2294.937300352347,0.3177594840526581,113.4975012234711,0.09655853935161882,C:\Users\sophi\napari-organoid-segmentation\reports\segmentations\organoid_measurements_16_patches_segmentations\Controle 69_labels.tif
Controle 69.jpg,ConvPaint,12,1044.3769380665933,1631.0632889943236,11803.0,1202.1046891454944,0.3280375897884369,61.294466199056515,0.10264024704227638,C:\Users\sophi\napari-organoid-segmentation\reports\segmentations\organoid_measurements_16_patches_segmentations\Controle 69_labels.tif
Controle 70.jpg,ConvPaint,1,51.86739255521622,156.46235559686627,22593.0,1559.57272657703,0.3120076656341553,84.80315594687725,0.11672731687973262,C:\Users\sophi\napari-organoid-segmentation\reports\segmentations\organoid_measurements_16_patches_segmentations\Controle 70_labels.tif
Controle 70.jpg,ConvPaint,2,35.928226927164225,583.3301724842639,12233.0,1268.914826307011,0.3360210359096527,62.401000293956116,0.09547241232476933,C:\Users\sophi\napari-organoid-segmentation\reports\segmentations\organoid_measurements_16_patches_segmentations\Controle 70_labels.tif
Controle 70.jpg,ConvPaint,3,110.56921302230198,1895.6766213791336,7802.0,1167.5483399593904,0.34688541293144226,49.83426263130553,0.07192271424948805,C:\Users\sophi\napari-organoid-segmentation\reports\segmentations\organoid_measurements_16_patches_segmentations\Controle 70_labels.tif
Controle 70.jpg,ConvPaint,4,232.17685681585448,1505.9199144629843,33202.0,3091.2591975467944,0.3174964487552643,102.80333088511392,0.043661963893835996,C:\Users\sophi\napari-organoid-segmentation\reports\segmentations\organoid_measurements_16_patches_segmentations\Controle 70_labels.tif
Controle 70.jpg,ConvPaint,5,294.2645585661698,1095.9946593446382,33142.0,3070.2764414894978,0.3291891813278198,102.71039990138871,0.04418080416809801,C:\Users\sophi\napari-organoid-segmentation\reports\segmentations\organoid_measurements_16_patches_segmentations\Controle 70_labels.tif
Controle 70.jpg,ConvPaint,6,362.9919330381513,664.5380299630011,32974.0,2277.522040769447,0.3211614191532135,102.44974468989328,0.07988335943356493,C:\Users\sophi\napari-organoid-segmentation\reports\segmentations\organoid_measurements_16_patches_segmentations\Controle 70_labels.tif
Controle 70.jpg,ConvPaint,7,446.22264539085955,232.77084954964974,35972.0,1742.1778489984129,0.3153919279575348,107.0058093086694,0.14893249791216667,C:\Users\sophi\napari-organoid-segmentation\reports\segmentations\organoid_measurements_16_patches_segmentations\Controle 70_labels.tif
Controle 70.jpg,ConvPaint,8,648.2478881987578,1575.4880124223603,32200.0,3029.9282451051067,0.3178398609161377,101.24020118074667,0.044075885727798816,C:\Users\sophi\napari-organoid-segmentation\reports\segmentations\organoid_measurements_16_patches_segmentations\Controle 70_labels.tif
Controle 70.jpg,ConvPaint,9,713.8089629255707,1161.5816086151776,35658.0,2895.891665178647,0.32199370861053467,106.53775819652678,0.05343209748017917,C:\Users\sophi\napari-organoid-segmentation\reports\segmentations\organoid_measurements_16_patches_segmentations\Controle 70_labels.tif
Controle 70.jpg,ConvPaint,10,790.3797011717751,734.9597298265363,39086.0,2193.452018978108,0.3105289340019226,111.54129374980211,0.10208802784379886,C:\Users\sophi\napari-organoid-segmentation\reports\segmentations\organoid_measurements_16_patches_segmentations\Controle 70_labels.tif
Controle 70.jpg,ConvPaint,11,862.2186334079522,299.4447553565718,37524.0,1720.5798692519663,0.30109015107154846,109.2897990169282,0.1592829595912713,C:\Users\sophi\napari-organoid-segmentation\reports\segmentations\organoid_measurements_16_patches_segmentations\Controle 70_labels.tif
Controle 70.jpg,ConvPaint,12,1024.6455553375197,1643.7363127943486,20384.0,1882.8458505361987,0.2956390380859375,80.5507834845223,0.07225530581883012,C:\Users\sophi\napari-organoid-segmentation\reports\segmentations\organoid_measurements_16_patches_segmentations\Controle 70_labels.tif
Controle 70.jpg,ConvPaint,13,1056.5516847515705,1224.9216162193034,7004.0,971.6183617507293,0.36885255575180054,47.21697197863571,0.09323190845770425,C:\Users\sophi\napari-organoid-segmentation\reports\segmentations\organoid_measurements_16_patches_segmentations\Controle 70_labels.tif
Controle 71.jpg,ConvPaint,1,63.80585833481271,270.9090005325759,28165.0,1569.2001435749994,0.3014754354953766,94.68472920363908,0.1437351349976087,C:\Users\sophi\napari-organoid-segmentation\reports\segmentations\organoid_measurements_16_patches_segmentations\Controle 71_labels.tif
Controle 71.jpg,ConvPaint,2,47.28569808967745,700.3191995918598,17641.0,1232.5361466505706,0.30844011902809143,74.93533680559695,0.14592635497273637,C:\Users\sophi\napari-organoid-segmentation\reports\segmentations\organoid_measurements_16_patches_segmentations\Controle 71_labels.tif
Controle 71.jpg,ConvPaint,3,264.8368953552789,1620.7444382890633,34297.0,2608.647978471002,0.30423834919929504,104.48480351919828,0.06333372649862584,C:\Users\sophi\napari-organoid-segmentation\reports\segmentations\organoid_measurements_16_patches_segmentations\Controle 71_labels.tif
Controle 71.jpg,ConvPaint,4,325.98757566103853,1207.9993918155753,34529.0,2614.624637873889,0.3209158182144165,104.83759850378159,0.06347097450844777,C:\Users\sophi\napari-organoid-segmentation\reports\segmentations\organoid_measurements_16_patches_segmentations\Controle 71_labels.tif
Controle 71.jpg,ConvPaint,5,390.5893576054612,775.8253106949063,34278.0,2174.5819612930195,0.31574758887290955,104.45585803873317,0.09109064477889417,C:\Users\sophi\napari-organoid-segmentation\reports\segmentations\organoid_measurements_16_patches_segmentations\Controle 71_labels.tif
Controle 71.jpg,ConvPaint,6,469.7258309617882,344.1852844472688,36193.0,1672.1717523440034,0.3076501190662384,107.33401003712633,0.16265697130499376,C:\Users\sophi\napari-organoid-segmentation\reports\segmentations\organoid_measurements_16_patches_segmentations\Controle 71_labels.tif
Controle 71.jpg,ConvPaint,7,682.8435388839189,1684.1956689391368,32417.0,2601.1149698820104,0.30350634455680847,101.58076383065813,0.060209301369270635,C:\Users\sophi\napari-organoid-segmentation\reports\segmentations\organoid_measurements_16_patches_segmentations\Controle 71_labels.tif
Controle 71.jpg,ConvPaint,8,745.0918159272527,1269.2052631578947,36290.0,2701.7667734976194,0.3105888068675995,107.47774546207118,0.062474259822099434,C:\Users\sophi\napari-organoid-segmentation\reports\segmentations\organoid_measurements_16_patches_segmentations\Controle 71_labels.tif
Controle 71.jpg,ConvPaint,9,818.1649763524621,842.9726851968942,39539.0,1885.0245660863889,0.3011925220489502,112.18580386938848,0.13983037307409957,C:\Users\sophi\napari-organoid-segmentation\reports\segmentations\organoid_measurements_16_patches_segmentations\Controle 71_labels.tif
Controle 71.jpg,ConvPaint,10,887.3549408783783,407.50411739864865,37888.0,1396.241774135342,0.2951281666755676,109.81860028124316,0.24422509640057796,C:\Users\sophi\napari-organoid-segmentation\reports\segmentations\organoid_measurements_16_patches_segmentations\Controle 71_labels.tif
Controle 71.jpg,ConvPaint,11,959.8056694726239,36.01733937693359,13899.0,699.6406563273158,0.28629931807518005,66.51457816199773,0.35681519610294304,C:\Users\sophi\napari-organoid-segmentation\reports\segmentations\organoid_measurements_16_patches_segmentations\Controle 71_labels.tif
Controle 71.jpg,ConvPaint,12,1033.3884910818904,1751.912316104674,15362.0,1481.927019615831,0.24955876171588898,69.92765169484382,0.08790305963948036,C:\Users\sophi\napari-organoid-segmentation\reports\segmentations\organoid_measurements_16_patches_segmentations\Controle 71_labels.tif
Controle 72.jpg,ConvPaint,1,36.01252978707049,175.17403336151895,13009.0,1183.4528855298854,0.31155869364738464,64.349773188139,0.11672176118871716,C:\Users\sophi\napari-organoid-segmentation\reports\segmentations\organoid_measurements_16_patches_segmentations\Controle 72_labels.tif
Controle 72.jpg,ConvPaint,2,168.2378180608681,1896.5840678529853,6013.0,906.1919548795365,0.34111255407333374,43.74925537221329,0.09201543073194758,C:\Users\sophi\napari-organoid-segmentation\reports\segmentations\organoid_measurements_16_patches_segmentations\Controle 72_labels.tif
Controle 72.jpg,ConvPaint,3,239.56840401021233,1533.3999003673953,32118.0,2693.9322497184635,0.3020511567592621,101.11121067641803,0.0556141135254282,C:\Users\sophi\napari-organoid-segmentation\reports\segmentations\organoid_measurements_16_patches_segmentations\Controle 72_labels.tif
Controle 72.jpg,ConvPaint,4,312.26638950166864,1104.3109904406358,35358.0,2656.5596667164327,0.3140815496444702,106.08864668609206,0.0629590847779685,C:\Users\sophi\napari-organoid-segmentation\reports\segmentations\organoid_measurements_16_patches_segmentations\Controle 72_labels.tif
Controle 72.jpg,ConvPaint,5,365.1979298292781,678.4649549670654,37195.0,2841.5373721398464,0.31760239601135254,108.80963292193432,0.05788788500835191,C:\Users\sophi\napari-organoid-segmentation\reports\segmentations\organoid_measurements_16_patches_segmentations\Controle 72_labels.tif
Controle 72.jpg,ConvPaint,6,433.9927118903216,251.4423067121961,39242.0,3108.6673144547576,0.31903523206710815,111.76366383411164,0.05102846491274057,C:\Users\sophi\napari-organoid-segmentation\reports\segmentations\organoid_measurements_16_patches_segmentations\Controle 72_labels.tif
Controle 72.jpg,ConvPaint,7,657.1782233636244,1594.1397339654945,30372.0,2261.7718241315024,0.31714507937431335,98.32450286258299,0.07460804775307234,C:\Users\sophi\napari-organoid-segmentation\reports\segmentations\organoid_measurements_16_patches_segmentations\Controle 72_labels.tif
Controle 72.jpg,ConvPaint,8,730.2927919924189,1163.3418621179815,33768.0,2157.759630822683,0.31630247831344604,103.67588068906983,0.0911400108157056,C:\Users\sophi\napari-organoid-segmentation\reports\segmentations\organoid_measurements_16_patches_segmentations\Controle 72_labels.tif
Controle 72.jpg,ConvPaint,9,788.9624885365205,736.1974085140372,33803.0,2528.13935649965,0.32712095975875854,103.72959598239393,0.06646042136197067,C:\Users\sophi\napari-organoid-segmentation\reports\segmentations\organoid_measurements_16_patches_segmentations\Controle 72_labels.tif
Controle 72.jpg,ConvPaint,10,850.9144498624053,313.2760826534061,41426.0,1892.101730552664,0.30330032110214233,114.8316391289862,0.1454098742969971,C:\Users\sophi\napari-organoid-segmentation\reports\segmentations\organoid_measurements_16_patches_segmentations\Controle 72_labels.tif
Controle 72.jpg,ConvPaint,11,1027.7577071290943,1686.2312941554271,24912.0,1775.5128060534578,0.2579665780067444,89.04906447914314,0.09930493721618565,C:\Users\sophi\napari-organoid-segmentation\reports\segmentations\organoid_measurements_16_patches_segmentations\Controle 72_labels.tif
Controle 72.jpg,ConvPaint,12,1054.373186079363,1242.8067291639913,7787.0,725.4518395093589,0.3405429422855377,49.78633430684748,0.18593573555644977,C:\Users\sophi\napari-organoid-segmentation\reports\segmentations\organoid_measurements_16_patches_segmentations\Controle 72_labels.tif
Controle- 96.jpg,ConvPaint,1,45.520546392336904,299.447883013093,17643.0,857.3807716974934,0.2793595790863037,74.9395844793699,0.3016024181493085,C:\Users\sophi\napari-organoid-segmentation\reports\segmentations\organoid_measurements_16_patches_segmentations\Controle- 96_labels.tif
Controle- 96.jpg,ConvPaint,2,186.5644093032808,1633.4176721260974,38954.0,1144.4650788387053,0.2504349648952484,111.3527876005059,0.37372902928596613,C:\Users\sophi\napari-organoid-segmentation\reports\segmentations\organoid_measurements_16_patches_segmentations\Controle- 96_labels.tif
Controle- 96.jpg,ConvPaint,3,254.0543157334752,1211.325468812342,37595.0,1220.6549416771886,0.26299649477005005,109.39314499126355,0.3170692503935944,C:\Users\sophi\napari-organoid-segmentation\reports\segmentations\organoid_measurements_16_patches_segmentations\Controle- 96_labels.tif
Controle- 96.jpg,ConvPaint,4,340.69755643865733,782.5121332544179,35481.0,1602.7859300126263,0.2794218063354492,106.27301196299594,0.1735620107482403,C:\Users\sophi\napari-organoid-segmentation\reports\segmentations\organoid_measurements_16_patches_segmentations\Controle- 96_labels.tif
Controle- 96.jpg,ConvPaint,5,418.01950578604277,372.7874829450705,39578.0,1530.8569978244918,0.2705381214618683,112.24111846993537,0.21222398278613158,C:\Users\sophi\napari-organoid-segmentation\reports\segmentations\organoid_measurements_16_patches_segmentations\Controle- 96_labels.tif
Controle- 96.jpg,ConvPaint,6,605.1529020970155,1707.8298298552122,39437.0,993.9198769408943,0.2538597583770752,112.04100580336716,0.501661742799675,C:\Users\sophi\napari-organoid-segmentation\reports\segmentations\organoid_measurements_16_patches_segmentations\Controle- 96_labels.tif
Controle- 96.jpg,ConvPaint,7,685.7190303230423,1285.863848990149,36342.0,1343.589970519733,0.2870430648326874,107.55472041566247,0.2529794135387855,C:\Users\sophi\napari-organoid-segmentation\reports\segmentations\organoid_measurements_16_patches_segmentations\Controle- 96_labels.tif
Controle- 96.jpg,ConvPaint,8,785.0976830135039,855.1528073916134,35175.0,1002.3107499061546,0.2670329213142395,105.81375263412048,0.4399863402355472,C:\Users\sophi\napari-organoid-segmentation\reports\segmentations\organoid_measurements_16_patches_segmentations\Controle- 96_labels.tif
Controle- 96.jpg,ConvPaint,9,848.0720354727638,436.2056528524363,40369.0,1144.4356415871823,0.26550397276878357,113.35718678298896,0.38732462223049097,C:\Users\sophi\napari-organoid-segmentation\reports\segmentations\organoid_measurements_16_patches_segmentations\Controle- 96_labels.tif
Controle- 96.jpg,ConvPaint,10,923.0836264509321,42.356489623637,11372.0,947.1747109368334,0.3100263476371765,60.16494017018606,0.1592892717889929,C:\Users\sophi\napari-organoid-segmentation\reports\segmentations\organoid_measurements_16_patches_segmentations\Controle- 96_labels.tif
Controle- 96.jpg,ConvPaint,11,1005.2634730538922,1772.5922891059986,28557.0,763.3685783886735,0.2044559121131897,95.34136258597582,0.6158201373764466,C:\Users\sophi\napari-organoid-segmentation\reports\segmentations\organoid_measurements_16_patches_segmentations\Controle- 96_labels.tif
Controle- 96.jpg,ConvPaint,12,1040.7260663507109,1356.6945282205945,11605.0,809.0670631985085,0.27496498823165894,60.77817230850967,0.22278500974815035,C:\Users\sophi\napari-organoid-segmentation\reports\segmentations\organoid_measurements_16_patches_segmentations\Controle- 96_labels.tif
