image_name,segmentation_method,object_id,centroid_y_px,centroid_x_px,area_px,perimeter_px,mean_intensity,equivalent_radius_px,circularity,segmentation_file
Condição 5 - 17.jpg,ConvPaint,1,10.446451070978581,166.95002099958,2381.0,423.86500705120545,0.2602185904979706,27.529908082004297,0.1665383015914753,C:\Users\sophi\napari-organoid-segmentation\reports\organoid_measurements_aspirina_5_segmentations\Condição 5 - 17_labels.tif
Condição 5 - 17.jpg,ConvPaint,2,21.232845026985352,597.8120277563609,6485.0,510.56349186104046,0.2111140489578247,45.433903771323486,0.31262257089379747,C:\Users\sophi\napari-organoid-segmentation\reports\organoid_measurements_aspirina_5_segmentations\Condição 5 - 17_labels.tif
Condição 5 - 17.jpg,ConvPaint,3,17.339619284824764,1026.2453300124532,5621.0,643.747258045114,0.21523907780647278,42.29917103489249,0.17044829638234824,C:\Users\sophi\napari-organoid-segmentation\reports\organoid_measurements_aspirina_5_segmentations\Condição 5 - 17_labels.tif
Condição 5 - 17.jpg,ConvPaint,4,0.6666666666666666,1420.3333333333333,3.0,3.414213562373095,0.43790850043296814,0.9772050238058398,3.2340725067158833,C:\Users\sophi\napari-organoid-segmentation\reports\organoid_measurements_aspirina_5_segmentations\Condição 5 - 17_labels.tif
Condição 5 - 17.jpg,ConvPaint,5,1.0833333333333333,1441.1666666666667,12.0,9.621320343559642,0.4189542233943939,1.9544100476116797,1.6290025362204212,C:\Users\sophi\napari-organoid-segmentation\reports\organoid_measurements_aspirina_5_segmentations\Condição 5 - 17_labels.tif
Condição 5 - 17.jpg,ConvPaint,6,1.4,1465.5,10.0,10.035533905932738,0.3650980293750763,1.7841241161527712,1.2477537933826945,C:\Users\sophi\napari-organoid-segmentation\reports\organoid_measurements_aspirina_5_segmentations\Condição 5 - 17_labels.tif
Condição 5 - 17.jpg,ConvPaint,7,1.0769230769230769,1481.7692307692307,13.0,10.621320343559642,0.3698340952396393,2.0342144725641096,1.4480921565836788,C:\Users\sophi\napari-organoid-segmentation\reports\organoid_measurements_aspirina_5_segmentations\Condição 5 - 17_labels.tif
Condição 5 - 17.jpg,ConvPaint,8,2.0,1446.3333333333333,3.0,1.2071067811865475,0.40522876381874084,0.9772050238058398,25.872580053727066,C:\Users\sophi\napari-organoid-segmentation\reports\organoid_measurements_aspirina_5_segmentations\Condição 5 - 17_labels.tif
Condição 5 - 17.jpg,ConvPaint,9,1.0,1490.5,2.0,0.0,0.3176470696926117,0.7978845608028654,,C:\Users\sophi\napari-organoid-segmentation\reports\organoid_measurements_aspirina_5_segmentations\Condição 5 - 17_labels.tif
Condição 5 - 17.jpg,ConvPaint,10,2.0,1508.6,5.0,3.2071067811865475,0.4180392324924469,1.2615662610100802,6.108759510826579,C:\Users\sophi\napari-organoid-segmentation\reports\organoid_measurements_aspirina_5_segmentations\Condição 5 - 17_labels.tif
Condição 5 - 17.jpg,ConvPaint,11,2.0,1522.75,4.0,4.621320343559642,0.44117647409439087,1.1283791670955126,2.3536273758173025,C:\Users\sophi\napari-organoid-segmentation\reports\organoid_measurements_aspirina_5_segmentations\Condição 5 - 17_labels.tif
Condição 5 - 17.jpg,ConvPaint,12,2.5,230.5,4.0,4.0,0.38235294818878174,1.1283791670955126,3.141592653589793,C:\Users\sophi\napari-organoid-segmentation\reports\organoid_measurements_aspirina_5_segmentations\Condição 5 - 17_labels.tif
Condição 5 - 17.jpg,ConvPaint,13,2.0,235.0,1.0,0.0,0.47843137383461,0.5641895835477563,,C:\Users\sophi\napari-organoid-segmentation\reports\organoid_measurements_aspirina_5_segmentations\Condição 5 - 17_labels.tif
Condição 5 - 17.jpg,ConvPaint,14,2.5,695.0,2.0,0.0,0.44509804248809814,0.7978845608028654,,C:\Users\sophi\napari-organoid-segmentation\reports\organoid_measurements_aspirina_5_segmentations\Condição 5 - 17_labels.tif
Condição 5 - 17.jpg,ConvPaint,15,2.5,1452.0,2.0,0.0,0.41960784792900085,0.7978845608028654,,C:\Users\sophi\napari-organoid-segmentation\reports\organoid_measurements_aspirina_5_segmentations\Condição 5 - 17_labels.tif
Condição 5 - 17.jpg,ConvPaint,16,2.0,1454.0,1.0,0.0,0.4117647111415863,0.5641895835477563,,C:\Users\sophi\napari-organoid-segmentation\reports\organoid_measurements_aspirina_5_segmentations\Condição 5 - 17_labels.tif
Condição 5 - 17.jpg,ConvPaint,17,2.7142857142857144,1472.142857142857,7.0,6.621320343559643,0.4464986026287079,1.4927053303604616,2.00640547569207,C:\Users\sophi\napari-organoid-segmentation\reports\organoid_measurements_aspirina_5_segmentations\Condição 5 - 17_labels.tif
Condição 5 - 17.jpg,ConvPaint,18,2.0,1498.0,1.0,0.0,0.3176470696926117,0.5641895835477563,,C:\Users\sophi\napari-organoid-segmentation\reports\organoid_measurements_aspirina_5_segmentations\Condição 5 - 17_labels.tif
Condição 5 - 17.jpg,ConvPaint,19,2.5,1501.5,8.0,8.0,0.35784316062927246,1.5957691216057308,1.5707963267948966,C:\Users\sophi\napari-organoid-segmentation\reports\organoid_measurements_aspirina_5_segmentations\Condição 5 - 17_labels.tif
Condição 5 - 17.jpg,ConvPaint,20,3.0,1420.0,1.0,0.0,0.501960813999176,0.5641895835477563,,C:\Users\sophi\napari-organoid-segmentation\reports\organoid_measurements_aspirina_5_segmentations\Condição 5 - 17_labels.tif
Condição 5 - 17.jpg,ConvPaint,21,3.0,1456.0,1.0,0.0,0.4588235318660736,0.5641895835477563,,C:\Users\sophi\napari-organoid-segmentation\reports\organoid_measurements_aspirina_5_segmentations\Condição 5 - 17_labels.tif
Condição 5 - 17.jpg,ConvPaint,22,3.0,1483.0,1.0,0.0,0.4117647111415863,0.5641895835477563,,C:\Users\sophi\napari-organoid-segmentation\reports\organoid_measurements_aspirina_5_segmentations\Condição 5 - 17_labels.tif
Condição 5 - 17.jpg,ConvPaint,23,3.0,1486.0,1.0,0.0,0.4000000059604645,0.5641895835477563,,C:\Users\sophi\napari-organoid-segmentation\reports\organoid_measurements_aspirina_5_segmentations\Condição 5 - 17_labels.tif
Condição 5 - 17.jpg,ConvPaint,24,3.0,1505.0,1.0,0.0,0.40392157435417175,0.5641895835477563,,C:\Users\sophi\napari-organoid-segmentation\reports\organoid_measurements_aspirina_5_segmentations\Condição 5 - 17_labels.tif
Condição 5 - 17.jpg,ConvPaint,25,6.0,234.5,4.0,4.414213562373095,0.5666667222976685,1.1283791670955126,2.5796641830326625,C:\Users\sophi\napari-organoid-segmentation\reports\organoid_measurements_aspirina_5_segmentations\Condição 5 - 17_labels.tif
Condição 5 - 17.jpg,ConvPaint,26,6.0,1117.0,1.0,0.0,0.364705890417099,0.5641895835477563,,C:\Users\sophi\napari-organoid-segmentation\reports\organoid_measurements_aspirina_5_segmentations\Condição 5 - 17_labels.tif
Condição 5 - 17.jpg,ConvPaint,27,8.5,1117.5,2.0,0.0,0.4372549057006836,0.7978845608028654,,C:\Users\sophi\napari-organoid-segmentation\reports\organoid_measurements_aspirina_5_segmentations\Condição 5 - 17_labels.tif
Condição 5 - 17.jpg,ConvPaint,28,11.0,942.0,1.0,0.0,0.6000000238418579,0.5641895835477563,,C:\Users\sophi\napari-organoid-segmentation\reports\organoid_measurements_aspirina_5_segmentations\Condição 5 - 17_labels.tif
Condição 5 - 17.jpg,ConvPaint,29,12.0,944.5,2.0,0.0,0.5098039507865906,0.7978845608028654,,C:\Users\sophi\napari-organoid-segmentation\reports\organoid_measurements_aspirina_5_segmentations\Condição 5 - 17_labels.tif
Condição 5 - 17.jpg,ConvPaint,30,14.333333333333334,116.0,6.0,4.207106781186548,0.48496732115745544,1.381976597885342,4.25984742557301,C:\Users\sophi\napari-organoid-segmentation\reports\organoid_measurements_aspirina_5_segmentations\Condição 5 - 17_labels.tif
Condição 5 - 17.jpg,ConvPaint,31,13.0,948.0,1.0,0.0,0.3764705955982208,0.5641895835477563,,C:\Users\sophi\napari-organoid-segmentation\reports\organoid_measurements_aspirina_5_segmentations\Condição 5 - 17_labels.tif
Condição 5 - 17.jpg,ConvPaint,32,14.0,215.0,1.0,0.0,0.35686275362968445,0.5641895835477563,,C:\Users\sophi\napari-organoid-segmentation\reports\organoid_measurements_aspirina_5_segmentations\Condição 5 - 17_labels.tif
Condição 5 - 17.jpg,ConvPaint,33,14.0,689.0,1.0,0.0,0.4941176474094391,0.5641895835477563,,C:\Users\sophi\napari-organoid-segmentation\reports\organoid_measurements_aspirina_5_segmentations\Condição 5 - 17_labels.tif
Condição 5 - 17.jpg,ConvPaint,34,14.5,944.5,4.0,4.0,0.5862745046615601,1.1283791670955126,3.141592653589793,C:\Users\sophi\napari-organoid-segmentation\reports\organoid_measurements_aspirina_5_segmentations\Condição 5 - 17_labels.tif
Condição 5 - 17.jpg,ConvPaint,35,16.0,210.0,1.0,0.0,0.4156862795352936,0.5641895835477563,,C:\Users\sophi\napari-organoid-segmentation\reports\organoid_measurements_aspirina_5_segmentations\Condição 5 - 17_labels.tif
Condição 5 - 17.jpg,ConvPaint,36,16.666666666666668,948.3333333333334,3.0,3.414213562373095,0.5137255191802979,0.9772050238058398,3.2340725067158833,C:\Users\sophi\napari-organoid-segmentation\reports\organoid_measurements_aspirina_5_segmentations\Condição 5 - 17_labels.tif
Condição 5 - 17.jpg,ConvPaint,37,17.0,518.0,1.0,0.0,0.658823549747467,0.5641895835477563,,C:\Users\sophi\napari-organoid-segmentation\reports\organoid_measurements_aspirina_5_segmentations\Condição 5 - 17_labels.tif
Condição 5 - 17.jpg,ConvPaint,38,19.0,121.0,1.0,0.0,0.5607843399047852,0.5641895835477563,,C:\Users\sophi\napari-organoid-segmentation\reports\organoid_measurements_aspirina_5_segmentations\Condição 5 - 17_labels.tif
Condição 5 - 17.jpg,ConvPaint,39,19.0,520.0,1.0,0.0,0.6941176652908325,0.5641895835477563,,C:\Users\sophi\napari-organoid-segmentation\reports\organoid_measurements_aspirina_5_segmentations\Condição 5 - 17_labels.tif
Condição 5 - 17.jpg,ConvPaint,40,19.0,1106.0,3.0,1.0,0.4562091827392578,0.9772050238058398,37.69911184307752,C:\Users\sophi\napari-organoid-segmentation\reports\organoid_measurements_aspirina_5_segmentations\Condição 5 - 17_labels.tif
Condição 5 - 17.jpg,ConvPaint,41,23.27777777777778,133.88888888888889,18.0,12.82842712474619,0.5204792618751526,2.393653682408596,1.3744708899359803,C:\Users\sophi\napari-organoid-segmentation\reports\organoid_measurements_aspirina_5_segmentations\Condição 5 - 17_labels.tif
Condição 5 - 17.jpg,ConvPaint,42,21.0,130.0,1.0,0.0,0.4313725531101227,0.5641895835477563,,C:\Users\sophi\napari-organoid-segmentation\reports\organoid_measurements_aspirina_5_segmentations\Condição 5 - 17_labels.tif
Condição 5 - 17.jpg,ConvPaint,43,21.833333333333332,1101.0,6.0,6.621320343559642,0.4568627178668976,1.381976597885342,1.719776122021775,C:\Users\sophi\napari-organoid-segmentation\reports\organoid_measurements_aspirina_5_segmentations\Condição 5 - 17_labels.tif
Condição 5 - 17.jpg,ConvPaint,44,22.0,210.5,2.0,0.0,0.5470588207244873,0.7978845608028654,,C:\Users\sophi\napari-organoid-segmentation\reports\organoid_measurements_aspirina_5_segmentations\Condição 5 - 17_labels.tif
Condição 5 - 17.jpg,ConvPaint,45,23.0,205.0,1.0,0.0,0.40784314274787903,0.5641895835477563,,C:\Users\sophi\napari-organoid-segmentation\reports\organoid_measurements_aspirina_5_segmentations\Condição 5 - 17_labels.tif
Condição 5 - 17.jpg,ConvPaint,46,23.0,668.0,1.0,0.0,0.37254902720451355,0.5641895835477563,,C:\Users\sophi\napari-organoid-segmentation\reports\organoid_measurements_aspirina_5_segmentations\Condição 5 - 17_labels.tif
Condição 5 - 17.jpg,ConvPaint,47,23.0,671.0,1.0,0.0,0.4000000059604645,0.5641895835477563,,C:\Users\sophi\napari-organoid-segmentation\reports\organoid_measurements_aspirina_5_segmentations\Condição 5 - 17_labels.tif
Condição 5 - 17.jpg,ConvPaint,48,25.2,137.8,5.0,4.207106781186548,0.45411768555641174,1.2615662610100802,3.5498728546441756,C:\Users\sophi\napari-organoid-segmentation\reports\organoid_measurements_aspirina_5_segmentations\Condição 5 - 17_labels.tif
Condição 5 - 17.jpg,ConvPaint,49,26.625,140.625,8.0,7.0,0.46176469326019287,1.5957691216057308,2.0516523452014974,C:\Users\sophi\napari-organoid-segmentation\reports\organoid_measurements_aspirina_5_segmentations\Condição 5 - 17_labels.tif
Condição 5 - 17.jpg,ConvPaint,50,25.0,183.0,1.0,0.0,0.3960784375667572,0.5641895835477563,,C:\Users\sophi\napari-organoid-segmentation\reports\organoid_measurements_aspirina_5_segmentations\Condição 5 - 17_labels.tif
Condição 5 - 17.jpg,ConvPaint,51,26.0,149.0,1.0,0.0,0.48235294222831726,0.5641895835477563,,C:\Users\sophi\napari-organoid-segmentation\reports\organoid_measurements_aspirina_5_segmentations\Condição 5 - 17_labels.tif
Condição 5 - 17.jpg,ConvPaint,52,26.5,669.0,2.0,0.0,0.48235297203063965,0.7978845608028654,,C:\Users\sophi\napari-organoid-segmentation\reports\organoid_measurements_aspirina_5_segmentations\Condição 5 - 17_labels.tif
Condição 5 - 17.jpg,ConvPaint,53,26.5,956.0,2.0,0.0,0.47058823704719543,0.7978845608028654,,C:\Users\sophi\napari-organoid-segmentation\reports\organoid_measurements_aspirina_5_segmentations\Condição 5 - 17_labels.tif
Condição 5 - 17.jpg,ConvPaint,54,27.0,156.0,1.0,0.0,0.4000000059604645,0.5641895835477563,,C:\Users\sophi\napari-organoid-segmentation\reports\organoid_measurements_aspirina_5_segmentations\Condição 5 - 17_labels.tif
Condição 5 - 17.jpg,ConvPaint,55,27.0,170.0,1.0,0.0,0.4745098054409027,0.5641895835477563,,C:\Users\sophi\napari-organoid-segmentation\reports\organoid_measurements_aspirina_5_segmentations\Condição 5 - 17_labels.tif
Condição 5 - 17.jpg,ConvPaint,56,30.5,532.0,2.0,0.0,0.572549045085907,0.7978845608028654,,C:\Users\sophi\napari-organoid-segmentation\reports\organoid_measurements_aspirina_5_segmentations\Condição 5 - 17_labels.tif
Condição 5 - 17.jpg,ConvPaint,57,31.0,963.5,4.0,2.8284271247461903,0.4372549057006836,1.1283791670955126,6.2831853071795845,C:\Users\sophi\napari-organoid-segmentation\reports\organoid_measurements_aspirina_5_segmentations\Condição 5 - 17_labels.tif
Condição 5 - 17.jpg,ConvPaint,58,31.0,142.0,1.0,0.0,0.5529412031173706,0.5641895835477563,,C:\Users\sophi\napari-organoid-segmentation\reports\organoid_measurements_aspirina_5_segmentations\Condição 5 - 17_labels.tif
Condição 5 - 17.jpg,ConvPaint,59,31.0,650.0,1.0,0.0,0.4627451002597809,0.5641895835477563,,C:\Users\sophi\napari-organoid-segmentation\reports\organoid_measurements_aspirina_5_segmentations\Condição 5 - 17_labels.tif
Condição 5 - 17.jpg,ConvPaint,60,31.0,1078.0,1.0,0.0,0.37254902720451355,0.5641895835477563,,C:\Users\sophi\napari-organoid-segmentation\reports\organoid_measurements_aspirina_5_segmentations\Condição 5 - 17_labels.tif
Condição 5 - 17.jpg,ConvPaint,61,32.0,117.0,1.0,0.0,0.5529412031173706,0.5641895835477563,,C:\Users\sophi\napari-organoid-segmentation\reports\organoid_measurements_aspirina_5_segmentations\Condição 5 - 17_labels.tif
Condição 5 - 17.jpg,ConvPaint,62,33.0,129.0,3.0,1.0,0.5738562345504761,0.9772050238058398,37.69911184307752,C:\Users\sophi\napari-organoid-segmentation\reports\organoid_measurements_aspirina_5_segmentations\Condição 5 - 17_labels.tif
Condição 5 - 17.jpg,ConvPaint,63,32.0,1088.5,2.0,0.0,0.5254902243614197,0.7978845608028654,,C:\Users\sophi\napari-organoid-segmentation\reports\organoid_measurements_aspirina_5_segmentations\Condição 5 - 17_labels.tif
Condição 5 - 17.jpg,ConvPaint,64,32.0,1091.0,1.0,0.0,0.5568627715110779,0.5641895835477563,,C:\Users\sophi\napari-organoid-segmentation\reports\organoid_measurements_aspirina_5_segmentations\Condição 5 - 17_labels.tif
Condição 5 - 17.jpg,ConvPaint,65,34.2,1082.6,5.0,5.207106781186548,0.4564705789089203,1.2615662610100802,2.3173247538676778,C:\Users\sophi\napari-organoid-segmentation\reports\organoid_measurements_aspirina_5_segmentations\Condição 5 - 17_labels.tif
Condição 5 - 17.jpg,ConvPaint,66,34.5,116.5,2.0,0.0,0.5176470875740051,0.7978845608028654,,C:\Users\sophi\napari-organoid-segmentation\reports\organoid_measurements_aspirina_5_segmentations\Condição 5 - 17_labels.tif
Condição 5 - 17.jpg,ConvPaint,67,34.75,967.75,4.0,3.2071067811865475,0.5362745523452759,1.1283791670955126,4.887007608661263,C:\Users\sophi\napari-organoid-segmentation\reports\organoid_measurements_aspirina_5_segmentations\Condição 5 - 17_labels.tif
Condição 5 - 17.jpg,ConvPaint,68,36.0,1072.0,1.0,0.0,0.47843137383461,0.5641895835477563,,C:\Users\sophi\napari-organoid-segmentation\reports\organoid_measurements_aspirina_5_segmentations\Condição 5 - 17_labels.tif
Condição 5 - 17.jpg,ConvPaint,69,38.666666666666664,122.33333333333333,3.0,3.414213562373095,0.5228758454322815,0.9772050238058398,3.2340725067158833,C:\Users\sophi\napari-organoid-segmentation\reports\organoid_measurements_aspirina_5_segmentations\Condição 5 - 17_labels.tif
Condição 5 - 17.jpg,ConvPaint,70,38.5,996.0,2.0,0.0,0.3921568691730499,0.7978845608028654,,C:\Users\sophi\napari-organoid-segmentation\reports\organoid_measurements_aspirina_5_segmentations\Condição 5 - 17_labels.tif
Condição 5 - 17.jpg,ConvPaint,71,38.5,1059.0,2.0,0.0,0.4019607901573181,0.7978845608028654,,C:\Users\sophi\napari-organoid-segmentation\reports\organoid_measurements_aspirina_5_segmentations\Condição 5 - 17_labels.tif
Condição 5 - 17.jpg,ConvPaint,72,38.666666666666664,1064.3333333333333,3.0,3.414213562373095,0.4248366057872772,0.9772050238058398,3.2340725067158833,C:\Users\sophi\napari-organoid-segmentation\reports\organoid_measurements_aspirina_5_segmentations\Condição 5 - 17_labels.tif
Condição 5 - 17.jpg,ConvPaint,73,40.5,544.5,4.0,4.0,0.6676470637321472,1.1283791670955126,3.141592653589793,C:\Users\sophi\napari-organoid-segmentation\reports\organoid_measurements_aspirina_5_segmentations\Condição 5 - 17_labels.tif
Condição 5 - 17.jpg,ConvPaint,74,44.35294117647059,1057.5882352941176,17.0,14.035533905932738,0.4588235318660736,2.326213245840639,1.084428468185178,C:\Users\sophi\napari-organoid-segmentation\reports\organoid_measurements_aspirina_5_segmentations\Condição 5 - 17_labels.tif
Condição 5 - 17.jpg,ConvPaint,75,41.0,1059.0,1.0,0.0,0.49803921580314636,0.5641895835477563,,C:\Users\sophi\napari-organoid-segmentation\reports\organoid_measurements_aspirina_5_segmentations\Condição 5 - 17_labels.tif
Condição 5 - 17.jpg,ConvPaint,76,42.0,120.0,1.0,0.0,0.501960813999176,0.5641895835477563,,C:\Users\sophi\napari-organoid-segmentation\reports\organoid_measurements_aspirina_5_segmentations\Condição 5 - 17_labels.tif
Condição 5 - 17.jpg,ConvPaint,77,46.0,1015.0,1.0,0.0,0.6000000238418579,0.5641895835477563,,C:\Users\sophi\napari-organoid-segmentation\reports\organoid_measurements_aspirina_5_segmentations\Condição 5 - 17_labels.tif
Condição 5 - 17.jpg,ConvPaint,78,47.0,626.5,2.0,0.0,0.5039215683937073,0.7978845608028654,,C:\Users\sophi\napari-organoid-segmentation\reports\organoid_measurements_aspirina_5_segmentations\Condição 5 - 17_labels.tif
Condição 5 - 17.jpg,ConvPaint,79,47.5,632.0,2.0,0.0,0.5333333611488342,0.7978845608028654,,C:\Users\sophi\napari-organoid-segmentation\reports\organoid_measurements_aspirina_5_segmentations\Condição 5 - 17_labels.tif
Condição 5 - 17.jpg,ConvPaint,80,49.0,635.0,1.0,0.0,0.5333333611488342,0.5641895835477563,,C:\Users\sophi\napari-organoid-segmentation\reports\organoid_measurements_aspirina_5_segmentations\Condição 5 - 17_labels.tif
Condição 5 - 17.jpg,ConvPaint,81,53.0,615.0,1.0,0.0,0.4000000059604645,0.5641895835477563,,C:\Users\sophi\napari-organoid-segmentation\reports\organoid_measurements_aspirina_5_segmentations\Condição 5 - 17_labels.tif
Condição 5 - 17.jpg,ConvPaint,82,57.0,596.0,1.0,0.0,0.4156862795352936,0.5641895835477563,,C:\Users\sophi\napari-organoid-segmentation\reports\organoid_measurements_aspirina_5_segmentations\Condição 5 - 17_labels.tif
Condição 5 - 17.jpg,ConvPaint,83,195.3846153846154,1917.3846153846155,13.0,10.621320343559642,0.37375566363334656,2.0342144725641096,1.4480921565836788,C:\Users\sophi\napari-organoid-segmentation\reports\organoid_measurements_aspirina_5_segmentations\Condição 5 - 17_labels.tif
Condição 5 - 17.jpg,ConvPaint,84,198.0,1912.0,3.0,1.0,0.4614379107952118,0.9772050238058398,37.69911184307752,C:\Users\sophi\napari-organoid-segmentation\reports\organoid_measurements_aspirina_5_segmentations\Condição 5 - 17_labels.tif
Condição 5 - 17.jpg,ConvPaint,85,201.0,1891.75,4.0,4.621320343559642,0.4637255072593689,1.1283791670955126,2.3536273758173025,C:\Users\sophi\napari-organoid-segmentation\reports\organoid_measurements_aspirina_5_segmentations\Condição 5 - 17_labels.tif
Condição 5 - 17.jpg,ConvPaint,86,286.5206460061109,1883.2591881274552,11455.0,751.1381310103741,0.18861769139766693,60.3841017672311,0.2551322382857273,C:\Users\sophi\napari-organoid-segmentation\reports\organoid_measurements_aspirina_5_segmentations\Condição 5 - 17_labels.tif
Condição 5 - 17.jpg,ConvPaint,87,201.75,1917.5,4.0,2.2071067811865475,0.25,1.1283791670955126,10.31865673213065,C:\Users\sophi\napari-organoid-segmentation\reports\organoid_measurements_aspirina_5_segmentations\Condição 5 - 17_labels.tif
Condição 5 - 17.jpg,ConvPaint,88,206.0,1902.5,2.0,0.0,0.22745098173618317,0.7978845608028654,,C:\Users\sophi\napari-organoid-segmentation\reports\organoid_measurements_aspirina_5_segmentations\Condição 5 - 17_labels.tif
Condição 5 - 17.jpg,ConvPaint,89,326.2331932180438,1489.4273140181115,35447.0,1550.2123368838193,0.18154828250408173,106.22208120516576,0.18535613784867963,C:\Users\sophi\napari-organoid-segmentation\reports\organoid_measurements_aspirina_5_segmentations\Condição 5 - 17_labels.tif
Condição 5 - 17.jpg,ConvPaint,90,208.0,1498.0,3.0,1.0,0.4483660161495209,0.9772050238058398,37.69911184307752,C:\Users\sophi\napari-organoid-segmentation\reports\organoid_measurements_aspirina_5_segmentations\Condição 5 - 17_labels.tif
Condição 5 - 17.jpg,ConvPaint,91,208.66666666666666,1504.3333333333333,3.0,3.414213562373095,0.4130719006061554,0.9772050238058398,3.2340725067158833,C:\Users\sophi\napari-organoid-segmentation\reports\organoid_measurements_aspirina_5_segmentations\Condição 5 - 17_labels.tif
Condição 5 - 17.jpg,ConvPaint,92,210.66666666666666,1870.111111111111,9.0,10.035533905932738,0.441830039024353,1.692568750643269,1.122978414044425,C:\Users\sophi\napari-organoid-segmentation\reports\organoid_measurements_aspirina_5_segmentations\Condição 5 - 17_labels.tif
Condição 5 - 17.jpg,ConvPaint,93,209.0,1520.0,1.0,0.0,0.4156862795352936,0.5641895835477563,,C:\Users\sophi\napari-organoid-segmentation\reports\organoid_measurements_aspirina_5_segmentations\Condição 5 - 17_labels.tif
Condição 5 - 17.jpg,ConvPaint,94,212.0,1479.0,1.0,0.0,0.5058823823928833,0.5641895835477563,,C:\Users\sophi\napari-organoid-segmentation\reports\organoid_measurements_aspirina_5_segmentations\Condição 5 - 17_labels.tif
Condição 5 - 17.jpg,ConvPaint,95,212.5,1501.0,2.0,0.0,0.35686275362968445,0.7978845608028654,,C:\Users\sophi\napari-organoid-segmentation\reports\organoid_measurements_aspirina_5_segmentations\Condição 5 - 17_labels.tif
Condição 5 - 17.jpg,ConvPaint,96,212.0,1533.0,1.0,0.0,0.4588235318660736,0.5641895835477563,,C:\Users\sophi\napari-organoid-segmentation\reports\organoid_measurements_aspirina_5_segmentations\Condição 5 - 17_labels.tif
Condição 5 - 17.jpg,ConvPaint,97,213.0,1477.0,1.0,0.0,0.43921568989753723,0.5641895835477563,,C:\Users\sophi\napari-organoid-segmentation\reports\organoid_measurements_aspirina_5_segmentations\Condição 5 - 17_labels.tif
Condição 5 - 17.jpg,ConvPaint,98,215.0,1870.0,1.0,0.0,0.34117648005485535,0.5641895835477563,,C:\Users\sophi\napari-organoid-segmentation\reports\organoid_measurements_aspirina_5_segmentations\Condição 5 - 17_labels.tif
Condição 5 - 17.jpg,ConvPaint,99,216.0,1480.0,1.0,0.0,0.364705890417099,0.5641895835477563,,C:\Users\sophi\napari-organoid-segmentation\reports\organoid_measurements_aspirina_5_segmentations\Condição 5 - 17_labels.tif
Condição 5 - 17.jpg,ConvPaint,100,217.0,1537.0,1.0,0.0,0.27450981736183167,0.5641895835477563,,C:\Users\sophi\napari-organoid-segmentation\reports\organoid_measurements_aspirina_5_segmentations\Condição 5 - 17_labels.tif
Condição 5 - 17.jpg,ConvPaint,101,217.0,1549.0,1.0,0.0,0.43921568989753723,0.5641895835477563,,C:\Users\sophi\napari-organoid-segmentation\reports\organoid_measurements_aspirina_5_segmentations\Condição 5 - 17_labels.tif
Condição 5 - 17.jpg,ConvPaint,102,218.0,1868.0,1.0,0.0,0.2823529541492462,0.5641895835477563,,C:\Users\sophi\napari-organoid-segmentation\reports\organoid_measurements_aspirina_5_segmentations\Condição 5 - 17_labels.tif
Condição 5 - 17.jpg,ConvPaint,103,221.0,1546.5,2.0,0.0,0.30392158031463623,0.7978845608028654,,C:\Users\sophi\napari-organoid-segmentation\reports\organoid_measurements_aspirina_5_segmentations\Condição 5 - 17_labels.tif
Condição 5 - 17.jpg,ConvPaint,104,225.0,1854.0,1.0,0.0,0.5176470875740051,0.5641895835477563,,C:\Users\sophi\napari-organoid-segmentation\reports\organoid_measurements_aspirina_5_segmentations\Condição 5 - 17_labels.tif
Condição 5 - 17.jpg,ConvPaint,105,228.0,1457.0,1.0,0.0,0.4156862795352936,0.5641895835477563,,C:\Users\sophi\napari-organoid-segmentation\reports\organoid_measurements_aspirina_5_segmentations\Condição 5 - 17_labels.tif
Condição 5 - 17.jpg,ConvPaint,106,228.5,1558.0,6.0,6.0,0.3091503381729126,1.381976597885342,2.0943951023931953,C:\Users\sophi\napari-organoid-segmentation\reports\organoid_measurements_aspirina_5_segmentations\Condição 5 - 17_labels.tif
Condição 5 - 17.jpg,ConvPaint,107,236.66666666666666,1562.6666666666667,3.0,3.414213562373095,0.32549020648002625,0.9772050238058398,3.2340725067158833,C:\Users\sophi\napari-organoid-segmentation\reports\organoid_measurements_aspirina_5_segmentations\Condição 5 - 17_labels.tif
Condição 5 - 17.jpg,ConvPaint,108,237.0,1449.0,1.0,0.0,0.3176470696926117,0.5641895835477563,,C:\Users\sophi\napari-organoid-segmentation\reports\organoid_measurements_aspirina_5_segmentations\Condição 5 - 17_labels.tif
Condição 5 - 17.jpg,ConvPaint,109,239.5,1565.5,2.0,0.0,0.34705883264541626,0.7978845608028654,,C:\Users\sophi\napari-organoid-segmentation\reports\organoid_measurements_aspirina_5_segmentations\Condição 5 - 17_labels.tif
Condição 5 - 17.jpg,ConvPaint,110,247.0,1837.0,1.0,0.0,0.5176470875740051,0.5641895835477563,,C:\Users\sophi\napari-organoid-segmentation\reports\organoid_measurements_aspirina_5_segmentations\Condição 5 - 17_labels.tif
Condição 5 - 17.jpg,ConvPaint,111,249.16666666666666,238.0,6.0,5.207106781186548,0.5346405506134033,1.381976597885342,2.7807897046412133,C:\Users\sophi\napari-organoid-segmentation\reports\organoid_measurements_aspirina_5_segmentations\Condição 5 - 17_labels.tif
Condição 5 - 17.jpg,ConvPaint,112,250.0,1839.0,1.0,0.0,0.3960784375667572,0.5641895835477563,,C:\Users\sophi\napari-organoid-segmentation\reports\organoid_measurements_aspirina_5_segmentations\Condição 5 - 17_labels.tif
Condição 5 - 17.jpg,ConvPaint,113,251.0,240.0,1.0,0.0,0.5372549295425415,0.5641895835477563,,C:\Users\sophi\napari-organoid-segmentation\reports\organoid_measurements_aspirina_5_segmentations\Condição 5 - 17_labels.tif
Condição 5 - 17.jpg,ConvPaint,114,252.0,1052.0,1.0,0.0,0.4470588266849518,0.5641895835477563,,C:\Users\sophi\napari-organoid-segmentation\reports\organoid_measurements_aspirina_5_segmentations\Condição 5 - 17_labels.tif
Condição 5 - 17.jpg,ConvPaint,115,252.5,1060.0,2.0,0.0,0.46078431606292725,0.7978845608028654,,C:\Users\sophi\napari-organoid-segmentation\reports\organoid_measurements_aspirina_5_segmentations\Condição 5 - 17_labels.tif
Condição 5 - 17.jpg,ConvPaint,116,252.33333333333334,1062.3333333333333,3.0,3.414213562373095,0.45359477400779724,0.9772050238058398,3.2340725067158833,C:\Users\sophi\napari-organoid-segmentation\reports\organoid_measurements_aspirina_5_segmentations\Condição 5 - 17_labels.tif
Condição 5 - 17.jpg,ConvPaint,117,252.0,1838.0,1.0,0.0,0.4000000059604645,0.5641895835477563,,C:\Users\sophi\napari-organoid-segmentation\reports\organoid_measurements_aspirina_5_segmentations\Condição 5 - 17_labels.tif
Condição 5 - 17.jpg,ConvPaint,118,253.0,1835.0,1.0,0.0,0.48627451062202454,0.5641895835477563,,C:\Users\sophi\napari-organoid-segmentation\reports\organoid_measurements_aspirina_5_segmentations\Condição 5 - 17_labels.tif
Condição 5 - 17.jpg,ConvPaint,119,254.33333333333334,1039.3333333333333,3.0,3.414213562373095,0.5215685963630676,0.9772050238058398,3.2340725067158833,C:\Users\sophi\napari-organoid-segmentation\reports\organoid_measurements_aspirina_5_segmentations\Condição 5 - 17_labels.tif
Condição 5 - 17.jpg,ConvPaint,120,368.4063567335648,1065.3445112484828,35427.0,1404.7442994522837,0.17290423810482025,106.19211052537355,0.22560550081130776,C:\Users\sophi\napari-organoid-segmentation\reports\organoid_measurements_aspirina_5_segmentations\Condição 5 - 17_labels.tif
Condição 5 - 17.jpg,ConvPaint,121,255.0,1046.0,1.0,0.0,0.4901960790157318,0.5641895835477563,,C:\Users\sophi\napari-organoid-segmentation\reports\organoid_measurements_aspirina_5_segmentations\Condição 5 - 17_labels.tif
Condição 5 - 17.jpg,ConvPaint,122,256.5,592.5,2.0,0.0,0.49215686321258545,0.7978845608028654,,C:\Users\sophi\napari-organoid-segmentation\reports\organoid_measurements_aspirina_5_segmentations\Condição 5 - 17_labels.tif
Condição 5 - 17.jpg,ConvPaint,123,256.0,1050.5,2.0,0.0,0.3294117748737335,0.7978845608028654,,C:\Users\sophi\napari-organoid-segmentation\reports\organoid_measurements_aspirina_5_segmentations\Condição 5 - 17_labels.tif
Condição 5 - 17.jpg,ConvPaint,124,256.9166666666667,1077.1666666666667,12.0,10.621320343559642,0.49673202633857727,1.9544100476116797,1.336700452231088,C:\Users\sophi\napari-organoid-segmentation\reports\organoid_measurements_aspirina_5_segmentations\Condição 5 - 17_labels.tif
Condição 5 - 17.jpg,ConvPaint,125,256.0,1580.0,1.0,0.0,0.3803921639919281,0.5641895835477563,,C:\Users\sophi\napari-organoid-segmentation\reports\organoid_measurements_aspirina_5_segmentations\Condição 5 - 17_labels.tif
Condição 5 - 17.jpg,ConvPaint,126,257.0,1092.0,1.0,0.0,0.4588235318660736,0.5641895835477563,,C:\Users\sophi\napari-organoid-segmentation\reports\organoid_measurements_aspirina_5_segmentations\Condição 5 - 17_labels.tif
Condição 5 - 17.jpg,ConvPaint,127,258.5,588.5,4.0,4.0,0.3803921639919281,1.1283791670955126,3.141592653589793,C:\Users\sophi\napari-organoid-segmentation\reports\organoid_measurements_aspirina_5_segmentations\Condição 5 - 17_labels.tif
Condição 5 - 17.jpg,ConvPaint,128,258.0,606.0,1.0,0.0,0.37254902720451355,0.5641895835477563,,C:\Users\sophi\napari-organoid-segmentation\reports\organoid_measurements_aspirina_5_segmentations\Condição 5 - 17_labels.tif
Condição 5 - 17.jpg,ConvPaint,129,258.0,608.0,1.0,0.0,0.3960784375667572,0.5641895835477563,,C:\Users\sophi\napari-organoid-segmentation\reports\organoid_measurements_aspirina_5_segmentations\Condição 5 - 17_labels.tif
Condição 5 - 17.jpg,ConvPaint,130,361.99451458072843,626.7930867583592,24793.0,1534.4488809165287,0.2292683869600296,88.83612445483381,0.1323226210580888,C:\Users\sophi\napari-organoid-segmentation\reports\organoid_measurements_aspirina_5_segmentations\Condição 5 - 17_labels.tif
Condição 5 - 17.jpg,ConvPaint,131,259.625,1037.75,8.0,8.414213562373096,0.387254923582077,1.5957691216057308,1.4199491418576702,C:\Users\sophi\napari-organoid-segmentation\reports\organoid_measurements_aspirina_5_segmentations\Condição 5 - 17_labels.tif
Condição 5 - 17.jpg,ConvPaint,132,258.5,1418.5,4.0,4.0,0.5460784435272217,1.1283791670955126,3.141592653589793,C:\Users\sophi\napari-organoid-segmentation\reports\organoid_measurements_aspirina_5_segmentations\Condição 5 - 17_labels.tif
Condição 5 - 17.jpg,ConvPaint,133,259.0,597.0,1.0,0.0,0.4431372582912445,0.5641895835477563,,C:\Users\sophi\napari-organoid-segmentation\reports\organoid_measurements_aspirina_5_segmentations\Condição 5 - 17_labels.tif
Condição 5 - 17.jpg,ConvPaint,134,259.0,599.0,1.0,0.0,0.3803921639919281,0.5641895835477563,,C:\Users\sophi\napari-organoid-segmentation\reports\organoid_measurements_aspirina_5_segmentations\Condição 5 - 17_labels.tif
Condição 5 - 17.jpg,ConvPaint,135,260.0,218.5,2.0,0.0,0.4686274528503418,0.7978845608028654,,C:\Users\sophi\napari-organoid-segmentation\reports\organoid_measurements_aspirina_5_segmentations\Condição 5 - 17_labels.tif
Condição 5 - 17.jpg,ConvPaint,136,380.11625358726843,218.60117401513176,38330.0,1400.986940139403,0.17624080181121826,110.45731273856293,0.24540336276106442,C:\Users\sophi\napari-organoid-segmentation\reports\organoid_measurements_aspirina_5_segmentations\Condição 5 - 17_labels.tif
Condição 5 - 17.jpg,ConvPaint,137,260.5,1094.5,4.0,4.0,0.34117648005485535,1.1283791670955126,3.141592653589793,C:\Users\sophi\napari-organoid-segmentation\reports\organoid_measurements_aspirina_5_segmentations\Condição 5 - 17_labels.tif
Condição 5 - 17.jpg,ConvPaint,138,260.0,1584.0,1.0,0.0,0.34117648005485535,0.5641895835477563,,C:\Users\sophi\napari-organoid-segmentation\reports\organoid_measurements_aspirina_5_segmentations\Condição 5 - 17_labels.tif
Condição 5 - 17.jpg,ConvPaint,139,261.0,236.0,1.0,0.0,0.37254902720451355,0.5641895835477563,,C:\Users\sophi\napari-organoid-segmentation\reports\organoid_measurements_aspirina_5_segmentations\Condição 5 - 17_labels.tif
Condição 5 - 17.jpg,ConvPaint,140,261.0,1116.0,1.0,0.0,0.5254902243614197,0.5641895835477563,,C:\Users\sophi\napari-organoid-segmentation\reports\organoid_measurements_aspirina_5_segmentations\Condição 5 - 17_labels.tif
Condição 5 - 17.jpg,ConvPaint,141,262.5,210.5,2.0,0.0,0.4745098054409027,0.7978845608028654,,C:\Users\sophi\napari-organoid-segmentation\reports\organoid_measurements_aspirina_5_segmentations\Condição 5 - 17_labels.tif
Condição 5 - 17.jpg,ConvPaint,142,262.0,238.0,1.0,0.0,0.3490196168422699,0.5641895835477563,,C:\Users\sophi\napari-organoid-segmentation\reports\organoid_measurements_aspirina_5_segmentations\Condição 5 - 17_labels.tif
Condição 5 - 17.jpg,ConvPaint,143,262.0,1092.0,1.0,0.0,0.30588236451148987,0.5641895835477563,,C:\Users\sophi\napari-organoid-segmentation\reports\organoid_measurements_aspirina_5_segmentations\Condição 5 - 17_labels.tif
Condição 5 - 17.jpg,ConvPaint,144,264.2,1830.8,5.0,4.0,0.4462745189666748,1.2615662610100802,3.9269908169872414,C:\Users\sophi\napari-organoid-segmentation\reports\organoid_measurements_aspirina_5_segmentations\Condição 5 - 17_labels.tif
Condição 5 - 17.jpg,ConvPaint,145,264.0,233.0,1.0,0.0,0.32156863808631897,0.5641895835477563,,C:\Users\sophi\napari-organoid-segmentation\reports\organoid_measurements_aspirina_5_segmentations\Condição 5 - 17_labels.tif
Condição 5 - 17.jpg,ConvPaint,146,264.8,246.2,5.0,4.0,0.501960813999176,1.2615662610100802,3.9269908169872414,C:\Users\sophi\napari-organoid-segmentation\reports\organoid_measurements_aspirina_5_segmentations\Condição 5 - 17_labels.tif
Condição 5 - 17.jpg,ConvPaint,147,265.0,210.0,1.0,0.0,0.364705890417099,0.5641895835477563,,C:\Users\sophi\napari-organoid-segmentation\reports\organoid_measurements_aspirina_5_segmentations\Condição 5 - 17_labels.tif
Condição 5 - 17.jpg,ConvPaint,148,266.0,243.0,1.0,0.0,0.32549020648002625,0.5641895835477563,,C:\Users\sophi\napari-organoid-segmentation\reports\organoid_measurements_aspirina_5_segmentations\Condição 5 - 17_labels.tif
Condição 5 - 17.jpg,ConvPaint,149,266.5,1594.0,2.0,0.0,0.3764705955982208,0.7978845608028654,,C:\Users\sophi\napari-organoid-segmentation\reports\organoid_measurements_aspirina_5_segmentations\Condição 5 - 17_labels.tif
Condição 5 - 17.jpg,ConvPaint,150,267.0,1599.0,1.0,0.0,0.4588235318660736,0.5641895835477563,,C:\Users\sophi\napari-organoid-segmentation\reports\organoid_measurements_aspirina_5_segmentations\Condição 5 - 17_labels.tif
Condição 5 - 17.jpg,ConvPaint,151,267.0,1830.0,1.0,0.0,0.5058823823928833,0.5641895835477563,,C:\Users\sophi\napari-organoid-segmentation\reports\organoid_measurements_aspirina_5_segmentations\Condição 5 - 17_labels.tif
Condição 5 - 17.jpg,ConvPaint,152,268.0,210.0,1.0,0.0,0.30588236451148987,0.5641895835477563,,C:\Users\sophi\napari-organoid-segmentation\reports\organoid_measurements_aspirina_5_segmentations\Condição 5 - 17_labels.tif
Condição 5 - 17.jpg,ConvPaint,153,268.5,630.5,4.0,4.0,0.5303921699523926,1.1283791670955126,3.141592653589793,C:\Users\sophi\napari-organoid-segmentation\reports\organoid_measurements_aspirina_5_segmentations\Condição 5 - 17_labels.tif
Condição 5 - 17.jpg,ConvPaint,154,268.0,1025.0,1.0,0.0,0.4313725531101227,0.5641895835477563,,C:\Users\sophi\napari-organoid-segmentation\reports\organoid_measurements_aspirina_5_segmentations\Condição 5 - 17_labels.tif
Condição 5 - 17.jpg,ConvPaint,155,269.2,1832.2,5.0,4.207106781186548,0.4376470446586609,1.2615662610100802,3.5498728546441756,C:\Users\sophi\napari-organoid-segmentation\reports\organoid_measurements_aspirina_5_segmentations\Condição 5 - 17_labels.tif
Condição 5 - 17.jpg,ConvPaint,156,271.0,1412.0,1.0,0.0,0.5607843399047852,0.5641895835477563,,C:\Users\sophi\napari-organoid-segmentation\reports\organoid_measurements_aspirina_5_segmentations\Condição 5 - 17_labels.tif
Condição 5 - 17.jpg,ConvPaint,157,272.6666666666667,274.3333333333333,3.0,3.414213562373095,0.4431372582912445,0.9772050238058398,3.2340725067158833,C:\Users\sophi\napari-organoid-segmentation\reports\organoid_measurements_aspirina_5_segmentations\Condição 5 - 17_labels.tif
Condição 5 - 17.jpg,ConvPaint,158,272.0,632.0,1.0,0.0,0.5843137502670288,0.5641895835477563,,C:\Users\sophi\napari-organoid-segmentation\reports\organoid_measurements_aspirina_5_segmentations\Condição 5 - 17_labels.tif
Condição 5 - 17.jpg,ConvPaint,159,274.0,1833.0,1.0,0.0,0.37254902720451355,0.5641895835477563,,C:\Users\sophi\napari-organoid-segmentation\reports\organoid_measurements_aspirina_5_segmentations\Condição 5 - 17_labels.tif
Condição 5 - 17.jpg,ConvPaint,160,276.2,188.6,5.0,5.207106781186548,0.45647063851356506,1.2615662610100802,2.3173247538676778,C:\Users\sophi\napari-organoid-segmentation\reports\organoid_measurements_aspirina_5_segmentations\Condição 5 - 17_labels.tif
Condição 5 - 17.jpg,ConvPaint,161,275.8,1408.6,5.0,5.207106781186548,0.4439215660095215,1.2615662610100802,2.3173247538676778,C:\Users\sophi\napari-organoid-segmentation\reports\organoid_measurements_aspirina_5_segmentations\Condição 5 - 17_labels.tif
Condição 5 - 17.jpg,ConvPaint,162,276.3333333333333,182.33333333333334,3.0,3.414213562373095,0.4901961088180542,0.9772050238058398,3.2340725067158833,C:\Users\sophi\napari-organoid-segmentation\reports\organoid_measurements_aspirina_5_segmentations\Condição 5 - 17_labels.tif
Condição 5 - 17.jpg,ConvPaint,163,276.0,1404.0,1.0,0.0,0.529411792755127,0.5641895835477563,,C:\Users\sophi\napari-organoid-segmentation\reports\organoid_measurements_aspirina_5_segmentations\Condição 5 - 17_labels.tif
Condição 5 - 17.jpg,ConvPaint,164,276.0,1406.0,1.0,0.0,0.4470588266849518,0.5641895835477563,,C:\Users\sophi\napari-organoid-segmentation\reports\organoid_measurements_aspirina_5_segmentations\Condição 5 - 17_labels.tif
Condição 5 - 17.jpg,ConvPaint,165,277.0,1131.0,1.0,0.0,0.5764706134796143,0.5641895835477563,,C:\Users\sophi\napari-organoid-segmentation\reports\organoid_measurements_aspirina_5_segmentations\Condição 5 - 17_labels.tif
Condição 5 - 17.jpg,ConvPaint,166,284.2,1006.6,5.0,5.207106781186548,0.48941177129745483,1.2615662610100802,2.3173247538676778,C:\Users\sophi\napari-organoid-segmentation\reports\organoid_measurements_aspirina_5_segmentations\Condição 5 - 17_labels.tif
Condição 5 - 17.jpg,ConvPaint,167,285.77777777777777,173.44444444444446,9.0,8.414213562373096,0.3921568691730499,1.692568750643269,1.597442784589879,C:\Users\sophi\napari-organoid-segmentation\reports\organoid_measurements_aspirina_5_segmentations\Condição 5 - 17_labels.tif
Condição 5 - 17.jpg,ConvPaint,168,284.5,1828.0,2.0,0.0,0.45490196347236633,0.7978845608028654,,C:\Users\sophi\napari-organoid-segmentation\reports\organoid_measurements_aspirina_5_segmentations\Condição 5 - 17_labels.tif
Condição 5 - 17.jpg,ConvPaint,169,287.5,176.0,2.0,0.0,0.29411765933036804,0.7978845608028654,,C:\Users\sophi\napari-organoid-segmentation\reports\organoid_measurements_aspirina_5_segmentations\Condição 5 - 17_labels.tif
Condição 5 - 17.jpg,ConvPaint,170,288.75,161.625,8.0,8.449747468305832,0.3588235378265381,1.5957691216057308,1.4080315675497725,C:\Users\sophi\napari-organoid-segmentation\reports\organoid_measurements_aspirina_5_segmentations\Condição 5 - 17_labels.tif
Condição 5 - 17.jpg,ConvPaint,171,288.0,999.0,1.0,0.0,0.5254902243614197,0.5641895835477563,,C:\Users\sophi\napari-organoid-segmentation\reports\organoid_measurements_aspirina_5_segmentations\Condição 5 - 17_labels.tif
Condição 5 - 17.jpg,ConvPaint,172,288.0,1001.0,1.0,0.0,0.4745098054409027,0.5641895835477563,,C:\Users\sophi\napari-organoid-segmentation\reports\organoid_measurements_aspirina_5_segmentations\Condição 5 - 17_labels.tif
Condição 5 - 17.jpg,ConvPaint,173,289.0,646.5,2.0,0.0,0.5156862735748291,0.7978845608028654,,C:\Users\sophi\napari-organoid-segmentation\reports\organoid_measurements_aspirina_5_segmentations\Condição 5 - 17_labels.tif
Condição 5 - 17.jpg,ConvPaint,174,291.8888888888889,997.7777777777778,9.0,8.82842712474619,0.4888888895511627,1.692568750643269,1.4510611029558727,C:\Users\sophi\napari-organoid-segmentation\reports\organoid_measurements_aspirina_5_segmentations\Condição 5 - 17_labels.tif
Condição 5 - 17.jpg,ConvPaint,175,291.0,295.0,1.0,0.0,0.48627451062202454,0.5641895835477563,,C:\Users\sophi\napari-organoid-segmentation\reports\organoid_measurements_aspirina_5_segmentations\Condição 5 - 17_labels.tif
Condição 5 - 17.jpg,ConvPaint,176,291.6666666666667,1395.0,3.0,1.2071067811865475,0.45098039507865906,0.9772050238058398,25.872580053727066,C:\Users\sophi\napari-organoid-segmentation\reports\organoid_measurements_aspirina_5_segmentations\Condição 5 - 17_labels.tif
Condição 5 - 17.jpg,ConvPaint,177,292.5,650.5,4.0,4.0,0.4950980544090271,1.1283791670955126,3.141592653589793,C:\Users\sophi\napari-organoid-segmentation\reports\organoid_measurements_aspirina_5_segmentations\Condição 5 - 17_labels.tif
Condição 5 - 17.jpg,ConvPaint,178,292.5,1140.5,2.0,0.0,0.4882352948188782,0.7978845608028654,,C:\Users\sophi\napari-organoid-segmentation\reports\organoid_measurements_aspirina_5_segmentations\Condição 5 - 17_labels.tif
Condição 5 - 17.jpg,ConvPaint,179,294.0,1831.25,8.0,6.0,0.4215686321258545,1.5957691216057308,2.792526803190927,C:\Users\sophi\napari-organoid-segmentation\reports\organoid_measurements_aspirina_5_segmentations\Condição 5 - 17_labels.tif
Condição 5 - 17.jpg,ConvPaint,180,293.0,153.0,1.0,0.0,0.4274509847164154,0.5641895835477563,,C:\Users\sophi\napari-organoid-segmentation\reports\organoid_measurements_aspirina_5_segmentations\Condição 5 - 17_labels.tif
Condição 5 - 17.jpg,ConvPaint,181,293.0,155.0,1.0,0.0,0.40392157435417175,0.5641895835477563,,C:\Users\sophi\napari-organoid-segmentation\reports\organoid_measurements_aspirina_5_segmentations\Condição 5 - 17_labels.tif
Condição 5 - 17.jpg,ConvPaint,182,295.0,655.0,3.0,1.4142135623730951,0.4718954265117645,0.9772050238058398,18.849555921538755,C:\Users\sophi\napari-organoid-segmentation\reports\organoid_measurements_aspirina_5_segmentations\Condição 5 - 17_labels.tif
Condição 5 - 17.jpg,ConvPaint,183,297.42857142857144,1390.2857142857142,7.0,6.0,0.5109243988990784,1.4927053303604616,2.443460952792061,C:\Users\sophi\napari-organoid-segmentation\reports\organoid_measurements_aspirina_5_segmentations\Condição 5 - 17_labels.tif
Condição 5 - 17.jpg,ConvPaint,184,298.34615384615387,143.46153846153845,26.0,19.863961030678926,0.4339366555213928,2.876813695875796,0.8280403550475215,C:\Users\sophi\napari-organoid-segmentation\reports\organoid_measurements_aspirina_5_segmentations\Condição 5 - 17_labels.tif
Condição 5 - 17.jpg,ConvPaint,185,296.3333333333333,658.6666666666666,3.0,3.414213562373095,0.4457516670227051,0.9772050238058398,3.2340725067158833,C:\Users\sophi\napari-organoid-segmentation\reports\organoid_measurements_aspirina_5_segmentations\Condição 5 - 17_labels.tif
Condição 5 - 17.jpg,ConvPaint,186,296.8888888888889,993.6666666666666,9.0,6.82842712474619,0.4592592418193817,1.692568750643269,2.4255543800369126,C:\Users\sophi\napari-organoid-segmentation\reports\organoid_measurements_aspirina_5_segmentations\Condição 5 - 17_labels.tif
Condição 5 - 17.jpg,ConvPaint,187,298.0,1393.0,3.0,1.0,0.41699346899986267,0.9772050238058398,37.69911184307752,C:\Users\sophi\napari-organoid-segmentation\reports\organoid_measurements_aspirina_5_segmentations\Condição 5 - 17_labels.tif
Condição 5 - 17.jpg,ConvPaint,188,301.27272727272725,988.0,33.0,20.863961030678926,0.49423646926879883,3.2410224072142872,0.9526432138903934,C:\Users\sophi\napari-organoid-segmentation\reports\organoid_measurements_aspirina_5_segmentations\Condição 5 - 17_labels.tif
Condição 5 - 17.jpg,ConvPaint,189,299.0,1388.0,1.0,0.0,0.501960813999176,0.5641895835477563,,C:\Users\sophi\napari-organoid-segmentation\reports\organoid_measurements_aspirina_5_segmentations\Condição 5 - 17_labels.tif
Condição 5 - 17.jpg,ConvPaint,190,299.0,1832.0,1.0,0.0,0.45490196347236633,0.5641895835477563,,C:\Users\sophi\napari-organoid-segmentation\reports\organoid_measurements_aspirina_5_segmentations\Condição 5 - 17_labels.tif
Condição 5 - 17.jpg,ConvPaint,191,300.0,1598.0,1.0,0.0,0.33725491166114807,0.5641895835477563,,C:\Users\sophi\napari-organoid-segmentation\reports\organoid_measurements_aspirina_5_segmentations\Condição 5 - 17_labels.tif
Condição 5 - 17.jpg,ConvPaint,192,300.5,1609.0,2.0,0.0,0.4490196108818054,0.7978845608028654,,C:\Users\sophi\napari-organoid-segmentation\reports\organoid_measurements_aspirina_5_segmentations\Condição 5 - 17_labels.tif
Condição 5 - 17.jpg,ConvPaint,193,302.5,1833.0,2.0,0.0,0.3764705955982208,0.7978845608028654,,C:\Users\sophi\napari-organoid-segmentation\reports\organoid_measurements_aspirina_5_segmentations\Condição 5 - 17_labels.tif
Condição 5 - 17.jpg,ConvPaint,194,303.0,1394.0,1.0,0.0,0.34117648005485535,0.5641895835477563,,C:\Users\sophi\napari-organoid-segmentation\reports\organoid_measurements_aspirina_5_segmentations\Condição 5 - 17_labels.tif
Condição 5 - 17.jpg,ConvPaint,195,304.0,668.0,1.0,0.0,0.3960784375667572,0.5641895835477563,,C:\Users\sophi\napari-organoid-segmentation\reports\organoid_measurements_aspirina_5_segmentations\Condição 5 - 17_labels.tif
Condição 5 - 17.jpg,ConvPaint,196,306.3333333333333,668.6666666666666,3.0,3.414213562373095,0.34117648005485535,0.9772050238058398,3.2340725067158833,C:\Users\sophi\napari-organoid-segmentation\reports\organoid_measurements_aspirina_5_segmentations\Condição 5 - 17_labels.tif
Condição 5 - 17.jpg,ConvPaint,197,308.7,980.25,20.0,15.828427124746192,0.5107843279838562,2.5231325220201604,1.0031464431191954,C:\Users\sophi\napari-organoid-segmentation\reports\organoid_measurements_aspirina_5_segmentations\Condição 5 - 17_labels.tif
Condição 5 - 17.jpg,ConvPaint,198,306.0,986.0,1.0,0.0,0.4941176474094391,0.5641895835477563,,C:\Users\sophi\napari-organoid-segmentation\reports\organoid_measurements_aspirina_5_segmentations\Condição 5 - 17_labels.tif
Condição 5 - 17.jpg,ConvPaint,199,307.0,1605.0,1.0,0.0,0.5215686559677124,0.5641895835477563,,C:\Users\sophi\napari-organoid-segmentation\reports\organoid_measurements_aspirina_5_segmentations\Condição 5 - 17_labels.tif
Condição 5 - 17.jpg,ConvPaint,200,308.0,1159.0,1.0,0.0,0.4000000059604645,0.5641895835477563,,C:\Users\sophi\napari-organoid-segmentation\reports\organoid_measurements_aspirina_5_segmentations\Condição 5 - 17_labels.tif
Condição 5 - 17.jpg,ConvPaint,201,312.0,1160.5,2.0,0.0,0.4490196108818054,0.7978845608028654,,C:\Users\sophi\napari-organoid-segmentation\reports\organoid_measurements_aspirina_5_segmentations\Condição 5 - 17_labels.tif
Condição 5 - 17.jpg,ConvPaint,202,312.0,1836.0,1.0,0.0,0.47058823704719543,0.5641895835477563,,C:\Users\sophi\napari-organoid-segmentation\reports\organoid_measurements_aspirina_5_segmentations\Condição 5 - 17_labels.tif
Condição 5 - 17.jpg,ConvPaint,203,313.0,311.0,1.0,0.0,0.3450980484485626,0.5641895835477563,,C:\Users\sophi\napari-organoid-segmentation\reports\organoid_measurements_aspirina_5_segmentations\Condição 5 - 17_labels.tif
Condição 5 - 17.jpg,ConvPaint,204,313.0,687.0,1.0,0.0,0.5098039507865906,0.5641895835477563,,C:\Users\sophi\napari-organoid-segmentation\reports\organoid_measurements_aspirina_5_segmentations\Condição 5 - 17_labels.tif
Condição 5 - 17.jpg,ConvPaint,205,314.0,544.0,1.0,0.0,0.6784313917160034,0.5641895835477563,,C:\Users\sophi\napari-organoid-segmentation\reports\organoid_measurements_aspirina_5_segmentations\Condição 5 - 17_labels.tif
Condição 5 - 17.jpg,ConvPaint,206,314.0,976.5,2.0,0.0,0.4686274528503418,0.7978845608028654,,C:\Users\sophi\napari-organoid-segmentation\reports\organoid_measurements_aspirina_5_segmentations\Condição 5 - 17_labels.tif
Condição 5 - 17.jpg,ConvPaint,207,317.3333333333333,690.3333333333334,6.0,6.621320343559642,0.44901958107948303,1.381976597885342,1.719776122021775,C:\Users\sophi\napari-organoid-segmentation\reports\organoid_measurements_aspirina_5_segmentations\Condição 5 - 17_labels.tif
Condição 5 - 17.jpg,ConvPaint,208,317.0,1162.0,1.0,0.0,0.4470588266849518,0.5641895835477563,,C:\Users\sophi\napari-organoid-segmentation\reports\organoid_measurements_aspirina_5_segmentations\Condição 5 - 17_labels.tif
Condição 5 - 17.jpg,ConvPaint,209,320.5,706.5,4.0,4.0,0.501960813999176,1.1283791670955126,3.141592653589793,C:\Users\sophi\napari-organoid-segmentation\reports\organoid_measurements_aspirina_5_segmentations\Condição 5 - 17_labels.tif
Condição 5 - 17.jpg,ConvPaint,210,321.0,704.0,1.0,0.0,0.4901960790157318,0.5641895835477563,,C:\Users\sophi\napari-organoid-segmentation\reports\organoid_measurements_aspirina_5_segmentations\Condição 5 - 17_labels.tif
Condição 5 - 17.jpg,ConvPaint,211,321.0,1394.0,1.0,0.0,0.48235294222831726,0.5641895835477563,,C:\Users\sophi\napari-organoid-segmentation\reports\organoid_measurements_aspirina_5_segmentations\Condição 5 - 17_labels.tif
Condição 5 - 17.jpg,ConvPaint,212,323.0,707.0,1.0,0.0,0.34117648005485535,0.5641895835477563,,C:\Users\sophi\napari-organoid-segmentation\reports\organoid_measurements_aspirina_5_segmentations\Condição 5 - 17_labels.tif
Condição 5 - 17.jpg,ConvPaint,213,325.5,545.8333333333334,12.0,9.621320343559642,0.5009804368019104,1.9544100476116797,1.6290025362204212,C:\Users\sophi\napari-organoid-segmentation\reports\organoid_measurements_aspirina_5_segmentations\Condição 5 - 17_labels.tif
Condição 5 - 17.jpg,ConvPaint,214,325.0,317.0,1.0,0.0,0.35686275362968445,0.5641895835477563,,C:\Users\sophi\napari-organoid-segmentation\reports\organoid_measurements_aspirina_5_segmentations\Condição 5 - 17_labels.tif
Condição 5 - 17.jpg,ConvPaint,215,325.0,1587.0,1.0,0.0,0.4156862795352936,0.5641895835477563,,C:\Users\sophi\napari-organoid-segmentation\reports\organoid_measurements_aspirina_5_segmentations\Condição 5 - 17_labels.tif
Condição 5 - 17.jpg,ConvPaint,216,327.25,716.5,8.0,7.414213562373095,0.4946078360080719,1.5957691216057308,1.8288145488861385,C:\Users\sophi\napari-organoid-segmentation\reports\organoid_measurements_aspirina_5_segmentations\Condição 5 - 17_labels.tif
Condição 5 - 17.jpg,ConvPaint,217,329.0,1848.0,1.0,0.0,0.364705890417099,0.5641895835477563,,C:\Users\sophi\napari-organoid-segmentation\reports\organoid_measurements_aspirina_5_segmentations\Condição 5 - 17_labels.tif
Condição 5 - 17.jpg,ConvPaint,218,330.0,117.5,2.0,0.0,0.5215686559677124,0.7978845608028654,,C:\Users\sophi\napari-organoid-segmentation\reports\organoid_measurements_aspirina_5_segmentations\Condição 5 - 17_labels.tif
Condição 5 - 17.jpg,ConvPaint,219,330.0,550.0,1.0,0.0,0.2705882489681244,0.5641895835477563,,C:\Users\sophi\napari-organoid-segmentation\reports\organoid_measurements_aspirina_5_segmentations\Condição 5 - 17_labels.tif
Condição 5 - 17.jpg,ConvPaint,220,330.0,1844.0,1.0,0.0,0.529411792755127,0.5641895835477563,,C:\Users\sophi\napari-organoid-segmentation\reports\organoid_measurements_aspirina_5_segmentations\Condição 5 - 17_labels.tif
Condição 5 - 17.jpg,ConvPaint,221,332.0,1848.0,1.0,0.0,0.43921568989753723,0.5641895835477563,,C:\Users\sophi\napari-organoid-segmentation\reports\organoid_measurements_aspirina_5_segmentations\Condição 5 - 17_labels.tif
Condição 5 - 17.jpg,ConvPaint,222,333.0,1844.0,1.0,0.0,0.529411792755127,0.5641895835477563,,C:\Users\sophi\napari-organoid-segmentation\reports\organoid_measurements_aspirina_5_segmentations\Condição 5 - 17_labels.tif
Condição 5 - 17.jpg,ConvPaint,223,336.5,726.0,2.0,0.0,0.47843137383461,0.7978845608028654,,C:\Users\sophi\napari-organoid-segmentation\reports\organoid_measurements_aspirina_5_segmentations\Condição 5 - 17_labels.tif
Condição 5 - 17.jpg,ConvPaint,224,337.9,963.5,10.0,9.449747468305834,0.5239216089248657,1.7841241161527712,1.407244171415276,C:\Users\sophi\napari-organoid-segmentation\reports\organoid_measurements_aspirina_5_segmentations\Condição 5 - 17_labels.tif
Condição 5 - 17.jpg,ConvPaint,225,340.0,1856.0,1.0,0.0,0.5058823823928833,0.5641895835477563,,C:\Users\sophi\napari-organoid-segmentation\reports\organoid_measurements_aspirina_5_segmentations\Condição 5 - 17_labels.tif
Condição 5 - 17.jpg,ConvPaint,226,345.0,962.0,1.0,0.0,0.5058823823928833,0.5641895835477563,,C:\Users\sophi\napari-organoid-segmentation\reports\organoid_measurements_aspirina_5_segmentations\Condição 5 - 17_labels.tif
Condição 5 - 17.jpg,ConvPaint,227,345.0,1863.5,2.0,0.0,0.4882352948188782,0.7978845608028654,,C:\Users\sophi\napari-organoid-segmentation\reports\organoid_measurements_aspirina_5_segmentations\Condição 5 - 17_labels.tif
Condição 5 - 17.jpg,ConvPaint,228,360.5,725.0,2.0,0.0,0.3450980484485626,0.7978845608028654,,C:\Users\sophi\napari-organoid-segmentation\reports\organoid_measurements_aspirina_5_segmentations\Condição 5 - 17_labels.tif
Condição 5 - 17.jpg,ConvPaint,229,360.5,728.0,2.0,0.0,0.3803921639919281,0.7978845608028654,,C:\Users\sophi\napari-organoid-segmentation\reports\organoid_measurements_aspirina_5_segmentations\Condição 5 - 17_labels.tif
Condição 5 - 17.jpg,ConvPaint,230,363.0,548.0,1.0,0.0,0.6274510025978088,0.5641895835477563,,C:\Users\sophi\napari-organoid-segmentation\reports\organoid_measurements_aspirina_5_segmentations\Condição 5 - 17_labels.tif
Condição 5 - 17.jpg,ConvPaint,231,364.375,1880.875,8.0,7.207106781186548,0.4382352828979492,1.5957691216057308,1.9354320909169331,C:\Users\sophi\napari-organoid-segmentation\reports\organoid_measurements_aspirina_5_segmentations\Condição 5 - 17_labels.tif
Condição 5 - 17.jpg,ConvPaint,232,367.0,1880.0,1.0,0.0,0.4901960790157318,0.5641895835477563,,C:\Users\sophi\napari-organoid-segmentation\reports\organoid_measurements_aspirina_5_segmentations\Condição 5 - 17_labels.tif
Condição 5 - 17.jpg,ConvPaint,233,368.5,1572.5,2.0,0.0,0.47647058963775635,0.7978845608028654,,C:\Users\sophi\napari-organoid-segmentation\reports\organoid_measurements_aspirina_5_segmentations\Condição 5 - 17_labels.tif
Condição 5 - 17.jpg,ConvPaint,234,368.0,1856.0,1.0,0.0,0.5568627715110779,0.5641895835477563,,C:\Users\sophi\napari-organoid-segmentation\reports\organoid_measurements_aspirina_5_segmentations\Condição 5 - 17_labels.tif
Condição 5 - 17.jpg,ConvPaint,235,368.0,1878.0,1.0,0.0,0.49803921580314636,0.5641895835477563,,C:\Users\sophi\napari-organoid-segmentation\reports\organoid_measurements_aspirina_5_segmentations\Condição 5 - 17_labels.tif
Condição 5 - 17.jpg,ConvPaint,236,370.0,1875.0,1.0,0.0,0.501960813999176,0.5641895835477563,,C:\Users\sophi\napari-organoid-segmentation\reports\organoid_measurements_aspirina_5_segmentations\Condição 5 - 17_labels.tif
Condição 5 - 17.jpg,ConvPaint,237,370.0,1881.0,1.0,0.0,0.5176470875740051,0.5641895835477563,,C:\Users\sophi\napari-organoid-segmentation\reports\organoid_measurements_aspirina_5_segmentations\Condição 5 - 17_labels.tif
Condição 5 - 17.jpg,ConvPaint,238,370.5,1886.0,2.0,0.0,0.47058823704719543,0.7978845608028654,,C:\Users\sophi\napari-organoid-segmentation\reports\organoid_measurements_aspirina_5_segmentations\Condição 5 - 17_labels.tif
Condição 5 - 17.jpg,ConvPaint,239,370.0,1899.0,1.0,0.0,0.43921568989753723,0.5641895835477563,,C:\Users\sophi\napari-organoid-segmentation\reports\organoid_measurements_aspirina_5_segmentations\Condição 5 - 17_labels.tif
Condição 5 - 17.jpg,ConvPaint,240,371.0,1896.0,1.0,0.0,0.47843137383461,0.5641895835477563,,C:\Users\sophi\napari-organoid-segmentation\reports\organoid_measurements_aspirina_5_segmentations\Condição 5 - 17_labels.tif
Condição 5 - 17.jpg,ConvPaint,241,375.0,1568.5,2.0,0.0,0.5058823823928833,0.7978845608028654,,C:\Users\sophi\napari-organoid-segmentation\reports\organoid_measurements_aspirina_5_segmentations\Condição 5 - 17_labels.tif
Condição 5 - 17.jpg,ConvPaint,242,375.0,1895.0,1.0,0.0,0.529411792755127,0.5641895835477563,,C:\Users\sophi\napari-organoid-segmentation\reports\organoid_measurements_aspirina_5_segmentations\Condição 5 - 17_labels.tif
Condição 5 - 17.jpg,ConvPaint,243,378.3333333333333,106.66666666666667,3.0,3.414213562373095,0.5359477400779724,0.9772050238058398,3.2340725067158833,C:\Users\sophi\napari-organoid-segmentation\reports\organoid_measurements_aspirina_5_segmentations\Condição 5 - 17_labels.tif
Condição 5 - 17.jpg,ConvPaint,244,379.0,727.0,1.0,0.0,0.3764705955982208,0.5641895835477563,,C:\Users\sophi\napari-organoid-segmentation\reports\organoid_measurements_aspirina_5_segmentations\Condição 5 - 17_labels.tif
Condição 5 - 17.jpg,ConvPaint,245,380.0,1569.0,1.0,0.0,0.5333333611488342,0.5641895835477563,,C:\Users\sophi\napari-organoid-segmentation\reports\organoid_measurements_aspirina_5_segmentations\Condição 5 - 17_labels.tif
Condição 5 - 17.jpg,ConvPaint,246,381.0,1909.0,1.0,0.0,0.4588235318660736,0.5641895835477563,,C:\Users\sophi\napari-organoid-segmentation\reports\organoid_measurements_aspirina_5_segmentations\Condição 5 - 17_labels.tif
Condição 5 - 17.jpg,ConvPaint,247,385.1666666666667,550.3333333333334,6.0,6.035533905932737,0.5549020171165466,1.381976597885342,2.0698064042981654,C:\Users\sophi\napari-organoid-segmentation\reports\organoid_measurements_aspirina_5_segmentations\Condição 5 - 17_labels.tif
Condição 5 - 17.jpg,ConvPaint,248,385.875,726.625,8.0,8.414213562373096,0.3651960790157318,1.5957691216057308,1.4199491418576702,C:\Users\sophi\napari-organoid-segmentation\reports\organoid_measurements_aspirina_5_segmentations\Condição 5 - 17_labels.tif
Condição 5 - 17.jpg,ConvPaint,249,387.0,330.0,1.0,0.0,0.3803921639919281,0.5641895835477563,,C:\Users\sophi\napari-organoid-segmentation\reports\organoid_measurements_aspirina_5_segmentations\Condição 5 - 17_labels.tif
Condição 5 - 17.jpg,ConvPaint,250,387.0,555.0,1.0,0.0,0.49803921580314636,0.5641895835477563,,C:\Users\sophi\napari-organoid-segmentation\reports\organoid_measurements_aspirina_5_segmentations\Condição 5 - 17_labels.tif
Condição 5 - 17.jpg,ConvPaint,251,387.0,557.5,2.0,0.0,0.3549019694328308,0.7978845608028654,,C:\Users\sophi\napari-organoid-segmentation\reports\organoid_measurements_aspirina_5_segmentations\Condição 5 - 17_labels.tif
Condição 5 - 17.jpg,ConvPaint,252,388.3333333333333,552.3333333333334,3.0,3.414213562373095,0.5790849924087524,0.9772050238058398,3.2340725067158833,C:\Users\sophi\napari-organoid-segmentation\reports\organoid_measurements_aspirina_5_segmentations\Condição 5 - 17_labels.tif
Condição 5 - 17.jpg,ConvPaint,253,390.7142857142857,555.1428571428571,7.0,6.6568542494923815,0.4100840389728546,1.4927053303604616,1.9850424909151863,C:\Users\sophi\napari-organoid-segmentation\reports\organoid_measurements_aspirina_5_segmentations\Condição 5 - 17_labels.tif
Condição 5 - 17.jpg,ConvPaint,254,393.0,718.5,2.0,0.0,0.31568628549575806,0.7978845608028654,,C:\Users\sophi\napari-organoid-segmentation\reports\organoid_measurements_aspirina_5_segmentations\Condição 5 - 17_labels.tif
Condição 5 - 17.jpg,ConvPaint,255,396.0,552.0,3.0,1.0,0.5790850520133972,0.9772050238058398,37.69911184307752,C:\Users\sophi\napari-organoid-segmentation\reports\organoid_measurements_aspirina_5_segmentations\Condição 5 - 17_labels.tif
Condição 5 - 17.jpg,ConvPaint,256,397.0,556.0,1.0,0.0,0.5333333611488342,0.5641895835477563,,C:\Users\sophi\napari-organoid-segmentation\reports\organoid_measurements_aspirina_5_segmentations\Condição 5 - 17_labels.tif
Condição 5 - 17.jpg,ConvPaint,257,400.3333333333333,721.5555555555555,9.0,9.414213562373096,0.37472766637802124,1.692568750643269,1.2760987441597629,C:\Users\sophi\napari-organoid-segmentation\reports\organoid_measurements_aspirina_5_segmentations\Condição 5 - 17_labels.tif
Condição 5 - 17.jpg,ConvPaint,258,398.6666666666667,964.3333333333334,3.0,3.414213562373095,0.5738561749458313,0.9772050238058398,3.2340725067158833,C:\Users\sophi\napari-organoid-segmentation\reports\organoid_measurements_aspirina_5_segmentations\Condição 5 - 17_labels.tif
Condição 5 - 17.jpg,ConvPaint,259,400.0,718.0,1.0,0.0,0.33725491166114807,0.5641895835477563,,C:\Users\sophi\napari-organoid-segmentation\reports\organoid_measurements_aspirina_5_segmentations\Condição 5 - 17_labels.tif
Condição 5 - 17.jpg,ConvPaint,260,401.0,964.0,1.0,0.0,0.5764706134796143,0.5641895835477563,,C:\Users\sophi\napari-organoid-segmentation\reports\organoid_measurements_aspirina_5_segmentations\Condição 5 - 17_labels.tif
Condição 5 - 17.jpg,ConvPaint,261,402.5,1171.0,2.0,0.0,0.45490196347236633,0.7978845608028654,,C:\Users\sophi\napari-organoid-segmentation\reports\organoid_measurements_aspirina_5_segmentations\Condição 5 - 17_labels.tif
Condição 5 - 17.jpg,ConvPaint,262,405.3333333333333,712.6666666666666,3.0,3.414213562373095,0.34248366951942444,0.9772050238058398,3.2340725067158833,C:\Users\sophi\napari-organoid-segmentation\reports\organoid_measurements_aspirina_5_segmentations\Condição 5 - 17_labels.tif
Condição 5 - 17.jpg,ConvPaint,263,408.5,707.3333333333334,6.0,4.207106781186548,0.40784314274787903,1.381976597885342,4.25984742557301,C:\Users\sophi\napari-organoid-segmentation\reports\organoid_measurements_aspirina_5_segmentations\Condição 5 - 17_labels.tif
Condição 5 - 17.jpg,ConvPaint,264,408.0,561.0,1.0,0.0,0.6078431606292725,0.5641895835477563,,C:\Users\sophi\napari-organoid-segmentation\reports\organoid_measurements_aspirina_5_segmentations\Condição 5 - 17_labels.tif
Condição 5 - 17.jpg,ConvPaint,265,408.5,715.0,2.0,0.0,0.45098039507865906,0.7978845608028654,,C:\Users\sophi\napari-organoid-segmentation\reports\organoid_measurements_aspirina_5_segmentations\Condição 5 - 17_labels.tif
Condição 5 - 17.jpg,ConvPaint,266,408.0,1389.0,1.0,0.0,0.4431372582912445,0.5641895835477563,,C:\Users\sophi\napari-organoid-segmentation\reports\organoid_measurements_aspirina_5_segmentations\Condição 5 - 17_labels.tif
Condição 5 - 17.jpg,ConvPaint,267,410.0,329.0,1.0,0.0,0.4431372582912445,0.5641895835477563,,C:\Users\sophi\napari-organoid-segmentation\reports\organoid_measurements_aspirina_5_segmentations\Condição 5 - 17_labels.tif
Condição 5 - 17.jpg,ConvPaint,268,410.5,562.0,2.0,0.0,0.6039215922355652,0.7978845608028654,,C:\Users\sophi\napari-organoid-segmentation\reports\organoid_measurements_aspirina_5_segmentations\Condição 5 - 17_labels.tif
Condição 5 - 17.jpg,ConvPaint,269,410.5,1389.5,4.0,2.414213562373095,0.54313725233078,1.1283791670955126,8.624193351242356,C:\Users\sophi\napari-organoid-segmentation\reports\organoid_measurements_aspirina_5_segmentations\Condição 5 - 17_labels.tif
Condição 5 - 17.jpg,ConvPaint,270,414.5,1401.625,8.0,8.65685424949238,0.47205883264541626,1.5957691216057308,1.341465907380309,C:\Users\sophi\napari-organoid-segmentation\reports\organoid_measurements_aspirina_5_segmentations\Condição 5 - 17_labels.tif
Condição 5 - 17.jpg,ConvPaint,271,415.0,703.0,1.0,0.0,0.4627451002597809,0.5641895835477563,,C:\Users\sophi\napari-organoid-segmentation\reports\organoid_measurements_aspirina_5_segmentations\Condição 5 - 17_labels.tif
Condição 5 - 17.jpg,ConvPaint,272,416.0,974.0,1.0,0.0,0.29019609093666077,0.5641895835477563,,C:\Users\sophi\napari-organoid-segmentation\reports\organoid_measurements_aspirina_5_segmentations\Condição 5 - 17_labels.tif
Condição 5 - 17.jpg,ConvPaint,273,421.0,574.0,3.0,1.0,0.3320261538028717,0.9772050238058398,37.69911184307752,C:\Users\sophi\napari-organoid-segmentation\reports\organoid_measurements_aspirina_5_segmentations\Condição 5 - 17_labels.tif
Condição 5 - 17.jpg,ConvPaint,274,422.6666666666667,1418.3333333333333,3.0,3.414213562373095,0.37385621666908264,0.9772050238058398,3.2340725067158833,C:\Users\sophi\napari-organoid-segmentation\reports\organoid_measurements_aspirina_5_segmentations\Condição 5 - 17_labels.tif
Condição 5 - 17.jpg,ConvPaint,275,422.5,1429.5,6.0,6.414213562373095,0.33398690819740295,1.381976597885342,1.8326278532479736,C:\Users\sophi\napari-organoid-segmentation\reports\organoid_measurements_aspirina_5_segmentations\Condição 5 - 17_labels.tif
Condição 5 - 17.jpg,ConvPaint,276,423.0,1435.0,1.0,0.0,0.3450980484485626,0.5641895835477563,,C:\Users\sophi\napari-organoid-segmentation\reports\organoid_measurements_aspirina_5_segmentations\Condição 5 - 17_labels.tif
Condição 5 - 17.jpg,ConvPaint,277,423.0,1550.0,1.0,0.0,0.4941176474094391,0.5641895835477563,,C:\Users\sophi\napari-organoid-segmentation\reports\organoid_measurements_aspirina_5_segmentations\Condição 5 - 17_labels.tif
Condição 5 - 17.jpg,ConvPaint,278,426.2,568.4,5.0,5.207106781186548,0.6235294342041016,1.2615662610100802,2.3173247538676778,C:\Users\sophi\napari-organoid-segmentation\reports\organoid_measurements_aspirina_5_segmentations\Condição 5 - 17_labels.tif
Condição 5 - 17.jpg,ConvPaint,279,426.0,1443.5,4.0,4.414213562373095,0.3970588445663452,1.1283791670955126,2.5796641830326625,C:\Users\sophi\napari-organoid-segmentation\reports\organoid_measurements_aspirina_5_segmentations\Condição 5 - 17_labels.tif
Condição 5 - 17.jpg,ConvPaint,280,425.0,1462.0,1.0,0.0,0.38823530077934265,0.5641895835477563,,C:\Users\sophi\napari-organoid-segmentation\reports\organoid_measurements_aspirina_5_segmentations\Condição 5 - 17_labels.tif
Condição 5 - 17.jpg,ConvPaint,281,426.0,117.0,1.0,0.0,0.5803921818733215,0.5641895835477563,,C:\Users\sophi\napari-organoid-segmentation\reports\organoid_measurements_aspirina_5_segmentations\Condição 5 - 17_labels.tif
Condição 5 - 17.jpg,ConvPaint,282,427.1666666666667,1150.3333333333333,6.0,5.0,0.31437909603118896,1.381976597885342,3.015928947446201,C:\Users\sophi\napari-organoid-segmentation\reports\organoid_measurements_aspirina_5_segmentations\Condição 5 - 17_labels.tif
Condição 5 - 17.jpg,ConvPaint,283,426.0,1464.5,2.0,0.0,0.5215686559677124,0.7978845608028654,,C:\Users\sophi\napari-organoid-segmentation\reports\organoid_measurements_aspirina_5_segmentations\Condição 5 - 17_labels.tif
Condição 5 - 17.jpg,ConvPaint,284,427.0,1446.0,1.0,0.0,0.4470588266849518,0.5641895835477563,,C:\Users\sophi\napari-organoid-segmentation\reports\organoid_measurements_aspirina_5_segmentations\Condição 5 - 17_labels.tif
Condição 5 - 17.jpg,ConvPaint,285,428.2,1469.3,10.0,8.207106781186548,0.5113725066184998,1.7841241161527712,1.8656479534119152,C:\Users\sophi\napari-organoid-segmentation\reports\organoid_measurements_aspirina_5_segmentations\Condição 5 - 17_labels.tif
Condição 5 - 17.jpg,ConvPaint,286,428.6666666666667,318.1666666666667,6.0,6.414213562373095,0.5196078419685364,1.381976597885342,1.8326278532479736,C:\Users\sophi\napari-organoid-segmentation\reports\organoid_measurements_aspirina_5_segmentations\Condição 5 - 17_labels.tif
Condição 5 - 17.jpg,ConvPaint,287,430.2,686.4,5.0,5.207106781186548,0.4650980532169342,1.2615662610100802,2.3173247538676778,C:\Users\sophi\napari-organoid-segmentation\reports\organoid_measurements_aspirina_5_segmentations\Condição 5 - 17_labels.tif
Condição 5 - 17.jpg,ConvPaint,288,430.42857142857144,1535.857142857143,7.0,6.207106781186548,0.33725494146347046,1.4927053303604616,2.2831238497444226,C:\Users\sophi\napari-organoid-segmentation\reports\organoid_measurements_aspirina_5_segmentations\Condição 5 - 17_labels.tif
Condição 5 - 17.jpg,ConvPaint,289,430.6666666666667,1474.6666666666667,3.0,3.414213562373095,0.5516340136528015,0.9772050238058398,3.2340725067158833,C:\Users\sophi\napari-organoid-segmentation\reports\organoid_measurements_aspirina_5_segmentations\Condição 5 - 17_labels.tif
Condição 5 - 17.jpg,ConvPaint,290,435.0,574.0,1.0,0.0,0.5960784554481506,0.5641895835477563,,C:\Users\sophi\napari-organoid-segmentation\reports\organoid_measurements_aspirina_5_segmentations\Condição 5 - 17_labels.tif
Condição 5 - 17.jpg,ConvPaint,291,435.0,1504.0,1.0,0.0,0.47058823704719543,0.5641895835477563,,C:\Users\sophi\napari-organoid-segmentation\reports\organoid_measurements_aspirina_5_segmentations\Condição 5 - 17_labels.tif
Condição 5 - 17.jpg,ConvPaint,292,436.3333333333333,1520.3333333333333,3.0,3.414213562373095,0.5424836874008179,0.9772050238058398,3.2340725067158833,C:\Users\sophi\napari-organoid-segmentation\reports\organoid_measurements_aspirina_5_segmentations\Condição 5 - 17_labels.tif
Condição 5 - 17.jpg,ConvPaint,293,437.0,1507.0,1.0,0.0,0.5176470875740051,0.5641895835477563,,C:\Users\sophi\napari-organoid-segmentation\reports\organoid_measurements_aspirina_5_segmentations\Condição 5 - 17_labels.tif
Condição 5 - 17.jpg,ConvPaint,294,438.0,1503.0,1.0,0.0,0.6039215922355652,0.5641895835477563,,C:\Users\sophi\napari-organoid-segmentation\reports\organoid_measurements_aspirina_5_segmentations\Condição 5 - 17_labels.tif
Condição 5 - 17.jpg,ConvPaint,295,439.0,1501.0,1.0,0.0,0.5529412031173706,0.5641895835477563,,C:\Users\sophi\napari-organoid-segmentation\reports\organoid_measurements_aspirina_5_segmentations\Condição 5 - 17_labels.tif
Condição 5 - 17.jpg,ConvPaint,296,445.0,589.5,2.0,0.0,0.3235294222831726,0.7978845608028654,,C:\Users\sophi\napari-organoid-segmentation\reports\organoid_measurements_aspirina_5_segmentations\Condição 5 - 17_labels.tif
Condição 5 - 17.jpg,ConvPaint,297,446.5,298.5,4.0,4.0,0.5205882787704468,1.1283791670955126,3.141592653589793,C:\Users\sophi\napari-organoid-segmentation\reports\organoid_measurements_aspirina_5_segmentations\Condição 5 - 17_labels.tif
Condição 5 - 17.jpg,ConvPaint,298,447.0,580.25,4.0,4.621320343559642,0.6333333253860474,1.1283791670955126,2.3536273758173025,C:\Users\sophi\napari-organoid-segmentation\reports\organoid_measurements_aspirina_5_segmentations\Condição 5 - 17_labels.tif
Condição 5 - 17.jpg,ConvPaint,299,447.0,675.0,1.0,0.0,0.46666666865348816,0.5641895835477563,,C:\Users\sophi\napari-organoid-segmentation\reports\organoid_measurements_aspirina_5_segmentations\Condição 5 - 17_labels.tif
Condição 5 - 17.jpg,ConvPaint,300,448.5,119.0,2.0,0.0,0.4745098054409027,0.7978845608028654,,C:\Users\sophi\napari-organoid-segmentation\reports\organoid_measurements_aspirina_5_segmentations\Condição 5 - 17_labels.tif
Condição 5 - 17.jpg,ConvPaint,301,450.1666666666667,129.0,6.0,6.207106781186548,0.5352941751480103,1.381976597885342,1.9569632997809339,C:\Users\sophi\napari-organoid-segmentation\reports\organoid_measurements_aspirina_5_segmentations\Condição 5 - 17_labels.tif
Condição 5 - 17.jpg,ConvPaint,302,453.35714285714283,121.28571428571429,14.0,11.414213562373096,0.5002800822257996,2.111004122822376,1.3503486408337697,C:\Users\sophi\napari-organoid-segmentation\reports\organoid_measurements_aspirina_5_segmentations\Condição 5 - 17_labels.tif
Condição 5 - 17.jpg,ConvPaint,303,454.5,295.0,2.0,0.0,0.43921568989753723,0.7978845608028654,,C:\Users\sophi\napari-organoid-segmentation\reports\organoid_measurements_aspirina_5_segmentations\Condição 5 - 17_labels.tif
Condição 5 - 17.jpg,ConvPaint,304,454.0,665.0,1.0,0.0,0.41960784792900085,0.5641895835477563,,C:\Users\sophi\napari-organoid-segmentation\reports\organoid_measurements_aspirina_5_segmentations\Condição 5 - 17_labels.tif
Condição 5 - 17.jpg,ConvPaint,305,454.0,984.0,1.0,0.0,0.6509804129600525,0.5641895835477563,,C:\Users\sophi\napari-organoid-segmentation\reports\organoid_measurements_aspirina_5_segmentations\Condição 5 - 17_labels.tif
Condição 5 - 17.jpg,ConvPaint,306,455.0,127.0,1.0,0.0,0.49803921580314636,0.5641895835477563,,C:\Users\sophi\napari-organoid-segmentation\reports\organoid_measurements_aspirina_5_segmentations\Condição 5 - 17_labels.tif
Condição 5 - 17.jpg,ConvPaint,307,459.0,603.5,2.0,0.0,0.38235294818878174,0.7978845608028654,,C:\Users\sophi\napari-organoid-segmentation\reports\organoid_measurements_aspirina_5_segmentations\Condição 5 - 17_labels.tif
Condição 5 - 17.jpg,ConvPaint,308,459.0,606.0,1.0,0.0,0.3490196168422699,0.5641895835477563,,C:\Users\sophi\napari-organoid-segmentation\reports\organoid_measurements_aspirina_5_segmentations\Condição 5 - 17_labels.tif
Condição 5 - 17.jpg,ConvPaint,309,461.0,635.0,3.0,1.0,0.39084967970848083,0.9772050238058398,37.69911184307752,C:\Users\sophi\napari-organoid-segmentation\reports\organoid_measurements_aspirina_5_segmentations\Condição 5 - 17_labels.tif
Condição 5 - 17.jpg,ConvPaint,310,461.0,290.0,1.0,0.0,0.4117647111415863,0.5641895835477563,,C:\Users\sophi\napari-organoid-segmentation\reports\organoid_measurements_aspirina_5_segmentations\Condição 5 - 17_labels.tif
Condição 5 - 17.jpg,ConvPaint,311,461.0,594.5,2.0,0.0,0.47058823704719543,0.7978845608028654,,C:\Users\sophi\napari-organoid-segmentation\reports\organoid_measurements_aspirina_5_segmentations\Condição 5 - 17_labels.tif
Condição 5 - 17.jpg,ConvPaint,312,461.8333333333333,605.3333333333334,6.0,5.207106781186548,0.38692808151245117,1.381976597885342,2.7807897046412133,C:\Users\sophi\napari-organoid-segmentation\reports\organoid_measurements_aspirina_5_segmentations\Condição 5 - 17_labels.tif
Condição 5 - 17.jpg,ConvPaint,313,462.0,615.0,1.0,0.0,0.3137255012989044,0.5641895835477563,,C:\Users\sophi\napari-organoid-segmentation\reports\organoid_measurements_aspirina_5_segmentations\Condição 5 - 17_labels.tif
Condição 5 - 17.jpg,ConvPaint,314,462.5,640.5,4.0,4.0,0.39803922176361084,1.1283791670955126,3.141592653589793,C:\Users\sophi\napari-organoid-segmentation\reports\organoid_measurements_aspirina_5_segmentations\Condição 5 - 17_labels.tif
Condição 5 - 17.jpg,ConvPaint,315,466.0,607.0,1.0,0.0,0.4745098054409027,0.5641895835477563,,C:\Users\sophi\napari-organoid-segmentation\reports\organoid_measurements_aspirina_5_segmentations\Condição 5 - 17_labels.tif
Condição 5 - 17.jpg,ConvPaint,316,467.0,148.0,1.0,0.0,0.545098066329956,0.5641895835477563,,C:\Users\sophi\napari-organoid-segmentation\reports\organoid_measurements_aspirina_5_segmentations\Condição 5 - 17_labels.tif
Condição 5 - 17.jpg,ConvPaint,317,467.0,1095.0,1.0,0.0,0.41960784792900085,0.5641895835477563,,C:\Users\sophi\napari-organoid-segmentation\reports\organoid_measurements_aspirina_5_segmentations\Condição 5 - 17_labels.tif
Condição 5 - 17.jpg,ConvPaint,318,469.0,281.0,1.0,0.0,0.33725491166114807,0.5641895835477563,,C:\Users\sophi\napari-organoid-segmentation\reports\organoid_measurements_aspirina_5_segmentations\Condição 5 - 17_labels.tif
Condição 5 - 17.jpg,ConvPaint,319,474.0,156.0,3.0,1.0,0.5058823227882385,0.9772050238058398,37.69911184307752,C:\Users\sophi\napari-organoid-segmentation\reports\organoid_measurements_aspirina_5_segmentations\Condição 5 - 17_labels.tif
Condição 5 - 17.jpg,ConvPaint,320,475.0,1024.0,1.0,0.0,0.49803921580314636,0.5641895835477563,,C:\Users\sophi\napari-organoid-segmentation\reports\organoid_measurements_aspirina_5_segmentations\Condição 5 - 17_labels.tif
Condição 5 - 17.jpg,ConvPaint,321,478.0,1037.0,1.0,0.0,0.4470588266849518,0.5641895835477563,,C:\Users\sophi\napari-organoid-segmentation\reports\organoid_measurements_aspirina_5_segmentations\Condição 5 - 17_labels.tif
Condição 5 - 17.jpg,ConvPaint,322,478.0,1070.0,1.0,0.0,0.43529412150382996,0.5641895835477563,,C:\Users\sophi\napari-organoid-segmentation\reports\organoid_measurements_aspirina_5_segmentations\Condição 5 - 17_labels.tif
Condição 5 - 17.jpg,ConvPaint,323,489.0,180.0,1.0,0.0,0.4313725531101227,0.5641895835477563,,C:\Users\sophi\napari-organoid-segmentation\reports\organoid_measurements_aspirina_5_segmentations\Condição 5 - 17_labels.tif
Condição 5 - 17.jpg,ConvPaint,324,491.0,180.0,1.0,0.0,0.43529412150382996,0.5641895835477563,,C:\Users\sophi\napari-organoid-segmentation\reports\organoid_measurements_aspirina_5_segmentations\Condição 5 - 17_labels.tif
Condição 5 - 17.jpg,ConvPaint,325,491.0,182.0,1.0,0.0,0.47843137383461,0.5641895835477563,,C:\Users\sophi\napari-organoid-segmentation\reports\organoid_measurements_aspirina_5_segmentations\Condição 5 - 17_labels.tif
Condição 5 - 17.jpg,ConvPaint,326,493.5,244.5,2.0,0.0,0.39411765336990356,0.7978845608028654,,C:\Users\sophi\napari-organoid-segmentation\reports\organoid_measurements_aspirina_5_segmentations\Condição 5 - 17_labels.tif
Condição 5 - 17.jpg,ConvPaint,327,496.5,241.0,2.0,0.0,0.45098039507865906,0.7978845608028654,,C:\Users\sophi\napari-organoid-segmentation\reports\organoid_measurements_aspirina_5_segmentations\Condição 5 - 17_labels.tif
Condição 5 - 17.jpg,ConvPaint,328,497.0,232.0,1.0,0.0,0.4117647111415863,0.5641895835477563,,C:\Users\sophi\napari-organoid-segmentation\reports\organoid_measurements_aspirina_5_segmentations\Condição 5 - 17_labels.tif
Condição 5 - 17.jpg,ConvPaint,329,499.0,203.0,1.0,0.0,0.43921568989753723,0.5641895835477563,,C:\Users\sophi\napari-organoid-segmentation\reports\organoid_measurements_aspirina_5_segmentations\Condição 5 - 17_labels.tif
Condição 5 - 17.jpg,ConvPaint,330,499.0,228.0,1.0,0.0,0.4901960790157318,0.5641895835477563,,C:\Users\sophi\napari-organoid-segmentation\reports\organoid_measurements_aspirina_5_segmentations\Condição 5 - 17_labels.tif
Condição 5 - 17.jpg,ConvPaint,331,626.8571428571429,1880.142857142857,7.0,5.0,0.3535013794898987,1.4927053303604616,3.5185837720205684,C:\Users\sophi\napari-organoid-segmentation\reports\organoid_measurements_aspirina_5_segmentations\Condição 5 - 17_labels.tif
Condição 5 - 17.jpg,ConvPaint,332,626.5,1892.5,2.0,0.0,0.3686274588108063,0.7978845608028654,,C:\Users\sophi\napari-organoid-segmentation\reports\organoid_measurements_aspirina_5_segmentations\Condição 5 - 17_labels.tif
Condição 5 - 17.jpg,ConvPaint,333,626.0,1900.0,1.0,0.0,0.364705890417099,0.5641895835477563,,C:\Users\sophi\napari-organoid-segmentation\reports\organoid_measurements_aspirina_5_segmentations\Condição 5 - 17_labels.tif
Condição 5 - 17.jpg,ConvPaint,334,626.0,1919.0,1.0,0.0,0.40784314274787903,0.5641895835477563,,C:\Users\sophi\napari-organoid-segmentation\reports\organoid_measurements_aspirina_5_segmentations\Condição 5 - 17_labels.tif
Condição 5 - 17.jpg,ConvPaint,335,627.0,1878.0,1.0,0.0,0.35686275362968445,0.5641895835477563,,C:\Users\sophi\napari-organoid-segmentation\reports\organoid_measurements_aspirina_5_segmentations\Condição 5 - 17_labels.tif
Condição 5 - 17.jpg,ConvPaint,336,731.7179457851996,1875.9583666933547,17486.0,829.8538597629122,0.17299151420593262,74.60540643820502,0.31907817653411685,C:\Users\sophi\napari-organoid-segmentation\reports\organoid_measurements_aspirina_5_segmentations\Condição 5 - 17_labels.tif
Condição 5 - 17.jpg,ConvPaint,337,632.5,1866.0,2.0,0.0,0.40784314274787903,0.7978845608028654,,C:\Users\sophi\napari-organoid-segmentation\reports\organoid_measurements_aspirina_5_segmentations\Condição 5 - 17_labels.tif
Condição 5 - 17.jpg,ConvPaint,338,636.0,1861.0,1.0,0.0,0.4745098054409027,0.5641895835477563,,C:\Users\sophi\napari-organoid-segmentation\reports\organoid_measurements_aspirina_5_segmentations\Condição 5 - 17_labels.tif
Condição 5 - 17.jpg,ConvPaint,339,637.0,1486.0,1.0,0.0,0.4431372582912445,0.5641895835477563,,C:\Users\sophi\napari-organoid-segmentation\reports\organoid_measurements_aspirina_5_segmentations\Condição 5 - 17_labels.tif
Condição 5 - 17.jpg,ConvPaint,340,638.6666666666666,1516.3333333333333,3.0,3.414213562373095,0.40653595328330994,0.9772050238058398,3.2340725067158833,C:\Users\sophi\napari-organoid-segmentation\reports\organoid_measurements_aspirina_5_segmentations\Condição 5 - 17_labels.tif
Condição 5 - 17.jpg,ConvPaint,341,640.5,1512.75,4.0,2.621320343559643,0.2715686559677124,1.1283791670955126,7.315258195544552,C:\Users\sophi\napari-organoid-segmentation\reports\organoid_measurements_aspirina_5_segmentations\Condição 5 - 17_labels.tif
Condição 5 - 17.jpg,ConvPaint,342,759.8043223538601,1511.3734930347612,38405.0,1509.8803384216048,0.15291821956634521,110.56532539132004,0.21169596187425294,C:\Users\sophi\napari-organoid-segmentation\reports\organoid_measurements_aspirina_5_segmentations\Condição 5 - 17_labels.tif
Condição 5 - 17.jpg,ConvPaint,343,640.0,1503.0,1.0,0.0,0.30980393290519714,0.5641895835477563,,C:\Users\sophi\napari-organoid-segmentation\reports\organoid_measurements_aspirina_5_segmentations\Condição 5 - 17_labels.tif
Condição 5 - 17.jpg,ConvPaint,344,640.0,1531.0,1.0,0.0,0.47843137383461,0.5641895835477563,,C:\Users\sophi\napari-organoid-segmentation\reports\organoid_measurements_aspirina_5_segmentations\Condição 5 - 17_labels.tif
Condição 5 - 17.jpg,ConvPaint,345,640.5,1542.5,4.0,4.0,0.5186274647712708,1.1283791670955126,3.141592653589793,C:\Users\sophi\napari-organoid-segmentation\reports\organoid_measurements_aspirina_5_segmentations\Condição 5 - 17_labels.tif
Condição 5 - 17.jpg,ConvPaint,346,641.0,1515.0,1.0,0.0,0.32549020648002625,0.5641895835477563,,C:\Users\sophi\napari-organoid-segmentation\reports\organoid_measurements_aspirina_5_segmentations\Condição 5 - 17_labels.tif
Condição 5 - 17.jpg,ConvPaint,347,642.6,1538.8,5.0,4.414213562373095,0.34745100140571594,1.2615662610100802,3.224580228790828,C:\Users\sophi\napari-organoid-segmentation\reports\organoid_measurements_aspirina_5_segmentations\Condição 5 - 17_labels.tif
Condição 5 - 17.jpg,ConvPaint,348,641.5,1860.5,4.0,4.0,0.2970588207244873,1.1283791670955126,3.141592653589793,C:\Users\sophi\napari-organoid-segmentation\reports\organoid_measurements_aspirina_5_segmentations\Condição 5 - 17_labels.tif
Condição 5 - 17.jpg,ConvPaint,349,642.0,1501.0,1.0,0.0,0.2235294133424759,0.5641895835477563,,C:\Users\sophi\napari-organoid-segmentation\reports\organoid_measurements_aspirina_5_segmentations\Condição 5 - 17_labels.tif
Condição 5 - 17.jpg,ConvPaint,350,642.0,1528.5,2.0,0.0,0.3764705955982208,0.7978845608028654,,C:\Users\sophi\napari-organoid-segmentation\reports\organoid_measurements_aspirina_5_segmentations\Condição 5 - 17_labels.tif
Condição 5 - 17.jpg,ConvPaint,351,643.1428571428571,1855.7142857142858,7.0,5.82842712474619,0.41960787773132324,1.4927053303604616,2.589435887530523,C:\Users\sophi\napari-organoid-segmentation\reports\organoid_measurements_aspirina_5_segmentations\Condição 5 - 17_labels.tif
Condição 5 - 17.jpg,ConvPaint,352,645.1428571428571,1472.0,7.0,6.621320343559642,0.5030812621116638,1.4927053303604616,2.006405475692071,C:\Users\sophi\napari-organoid-segmentation\reports\organoid_measurements_aspirina_5_segmentations\Condição 5 - 17_labels.tif
Condição 5 - 17.jpg,ConvPaint,353,643.0,1536.0,1.0,0.0,0.30980393290519714,0.5641895835477563,,C:\Users\sophi\napari-organoid-segmentation\reports\organoid_measurements_aspirina_5_segmentations\Condição 5 - 17_labels.tif
Condição 5 - 17.jpg,ConvPaint,354,644.6666666666666,1548.3333333333333,3.0,3.414213562373095,0.43398693203926086,0.9772050238058398,3.2340725067158833,C:\Users\sophi\napari-organoid-segmentation\reports\organoid_measurements_aspirina_5_segmentations\Condição 5 - 17_labels.tif
Condição 5 - 17.jpg,ConvPaint,355,644.6666666666666,1553.8333333333333,6.0,5.0,0.44967320561408997,1.381976597885342,3.015928947446201,C:\Users\sophi\napari-organoid-segmentation\reports\organoid_measurements_aspirina_5_segmentations\Condição 5 - 17_labels.tif
Condição 5 - 17.jpg,ConvPaint,356,646.0,1852.0,1.0,0.0,0.4588235318660736,0.5641895835477563,,C:\Users\sophi\napari-organoid-segmentation\reports\organoid_measurements_aspirina_5_segmentations\Condição 5 - 17_labels.tif
Condição 5 - 17.jpg,ConvPaint,357,648.6666666666666,1846.3333333333333,3.0,3.414213562373095,0.40653595328330994,0.9772050238058398,3.2340725067158833,C:\Users\sophi\napari-organoid-segmentation\reports\organoid_measurements_aspirina_5_segmentations\Condição 5 - 17_labels.tif
Condição 5 - 17.jpg,ConvPaint,358,648.6666666666666,1850.6666666666667,3.0,3.414213562373095,0.35555556416511536,0.9772050238058398,3.2340725067158833,C:\Users\sophi\napari-organoid-segmentation\reports\organoid_measurements_aspirina_5_segmentations\Condição 5 - 17_labels.tif
Condição 5 - 17.jpg,ConvPaint,359,649.0,1469.0,1.0,0.0,0.4117647111415863,0.5641895835477563,,C:\Users\sophi\napari-organoid-segmentation\reports\organoid_measurements_aspirina_5_segmentations\Condição 5 - 17_labels.tif
Condição 5 - 17.jpg,ConvPaint,360,652.8333333333334,1843.0,12.0,9.828427124746192,0.38954249024391174,1.9544100476116797,1.5610724755126884,C:\Users\sophi\napari-organoid-segmentation\reports\organoid_measurements_aspirina_5_segmentations\Condição 5 - 17_labels.tif
Condição 5 - 17.jpg,ConvPaint,361,652.0,1840.0,1.0,0.0,0.5490196347236633,0.5641895835477563,,C:\Users\sophi\napari-organoid-segmentation\reports\organoid_measurements_aspirina_5_segmentations\Condição 5 - 17_labels.tif
Condição 5 - 17.jpg,ConvPaint,362,654.0,1470.0,1.0,0.0,0.22745098173618317,0.5641895835477563,,C:\Users\sophi\napari-organoid-segmentation\reports\organoid_measurements_aspirina_5_segmentations\Condição 5 - 17_labels.tif
Condição 5 - 17.jpg,ConvPaint,363,654.5,1564.5,2.0,0.0,0.3705882430076599,0.7978845608028654,,C:\Users\sophi\napari-organoid-segmentation\reports\organoid_measurements_aspirina_5_segmentations\Condição 5 - 17_labels.tif
Condição 5 - 17.jpg,ConvPaint,364,657.0,1560.0,1.0,0.0,0.2235294133424759,0.5641895835477563,,C:\Users\sophi\napari-organoid-segmentation\reports\organoid_measurements_aspirina_5_segmentations\Condição 5 - 17_labels.tif
Condição 5 - 17.jpg,ConvPaint,365,657.0,1562.0,1.0,0.0,0.24705882370471954,0.5641895835477563,,C:\Users\sophi\napari-organoid-segmentation\reports\organoid_measurements_aspirina_5_segmentations\Condição 5 - 17_labels.tif
Condição 5 - 17.jpg,ConvPaint,366,657.0,1838.5,2.0,0.0,0.40980392694473267,0.7978845608028654,,C:\Users\sophi\napari-organoid-segmentation\reports\organoid_measurements_aspirina_5_segmentations\Condição 5 - 17_labels.tif
Condição 5 - 17.jpg,ConvPaint,367,660.4,1574.2,5.0,5.207106781186548,0.37882354855537415,1.2615662610100802,2.3173247538676778,C:\Users\sophi\napari-organoid-segmentation\reports\organoid_measurements_aspirina_5_segmentations\Condição 5 - 17_labels.tif
Condição 5 - 17.jpg,ConvPaint,368,660.7142857142857,1837.142857142857,7.0,5.414213562373095,0.44929975271224976,1.4927053303604616,3.000800608478478,C:\Users\sophi\napari-organoid-segmentation\reports\organoid_measurements_aspirina_5_segmentations\Condição 5 - 17_labels.tif
Condição 5 - 17.jpg,ConvPaint,369,663.0,1575.0,1.0,0.0,0.29019609093666077,0.5641895835477563,,C:\Users\sophi\napari-organoid-segmentation\reports\organoid_measurements_aspirina_5_segmentations\Condição 5 - 17_labels.tif
Condição 5 - 17.jpg,ConvPaint,370,668.5,1828.25,4.0,2.621320343559643,0.522549033164978,1.1283791670955126,7.315258195544552,C:\Users\sophi\napari-organoid-segmentation\reports\organoid_measurements_aspirina_5_segmentations\Condição 5 - 17_labels.tif
Condição 5 - 17.jpg,ConvPaint,371,668.0,1077.0,1.0,0.0,0.41960784792900085,0.5641895835477563,,C:\Users\sophi\napari-organoid-segmentation\reports\organoid_measurements_aspirina_5_segmentations\Condição 5 - 17_labels.tif
Condição 5 - 17.jpg,ConvPaint,372,783.9152812998967,1108.278983125137,31941.0,1280.3534264870236,0.18556249141693115,100.83221744361501,0.2448491702776408,C:\Users\sophi\napari-organoid-segmentation\reports\organoid_measurements_aspirina_5_segmentations\Condição 5 - 17_labels.tif
Condição 5 - 17.jpg,ConvPaint,373,672.0,1099.0,1.0,0.0,0.3490196168422699,0.5641895835477563,,C:\Users\sophi\napari-organoid-segmentation\reports\organoid_measurements_aspirina_5_segmentations\Condição 5 - 17_labels.tif
Condição 5 - 17.jpg,ConvPaint,374,672.6666666666666,1586.3333333333333,3.0,3.414213562373095,0.3803921639919281,0.9772050238058398,3.2340725067158833,C:\Users\sophi\napari-organoid-segmentation\reports\organoid_measurements_aspirina_5_segmentations\Condição 5 - 17_labels.tif
Condição 5 - 17.jpg,ConvPaint,375,674.0,1110.0,1.0,0.0,0.41960784792900085,0.5641895835477563,,C:\Users\sophi\napari-organoid-segmentation\reports\organoid_measurements_aspirina_5_segmentations\Condição 5 - 17_labels.tif
Condição 5 - 17.jpg,ConvPaint,376,674.5,1438.5,2.0,0.0,0.5098039507865906,0.7978845608028654,,C:\Users\sophi\napari-organoid-segmentation\reports\organoid_measurements_aspirina_5_segmentations\Condição 5 - 17_labels.tif
Condição 5 - 17.jpg,ConvPaint,377,677.0,1047.75,4.0,3.414213562373095,0.45490196347236633,1.1283791670955126,4.312096675621178,C:\Users\sophi\napari-organoid-segmentation\reports\organoid_measurements_aspirina_5_segmentations\Condição 5 - 17_labels.tif
Condição 5 - 17.jpg,ConvPaint,378,676.0,1066.0,1.0,0.0,0.3529411852359772,0.5641895835477563,,C:\Users\sophi\napari-organoid-segmentation\reports\organoid_measurements_aspirina_5_segmentations\Condição 5 - 17_labels.tif
Condição 5 - 17.jpg,ConvPaint,379,676.3333333333334,1827.3333333333333,3.0,3.414213562373095,0.45490196347236633,0.9772050238058398,3.2340725067158833,C:\Users\sophi\napari-organoid-segmentation\reports\organoid_measurements_aspirina_5_segmentations\Condição 5 - 17_labels.tif
Condição 5 - 17.jpg,ConvPaint,380,678.5,1438.0,2.0,0.0,0.45490196347236633,0.7978845608028654,,C:\Users\sophi\napari-organoid-segmentation\reports\organoid_measurements_aspirina_5_segmentations\Condição 5 - 17_labels.tif
Condição 5 - 17.jpg,ConvPaint,381,680.0,1122.0,1.0,0.0,0.4274509847164154,0.5641895835477563,,C:\Users\sophi\napari-organoid-segmentation\reports\organoid_measurements_aspirina_5_segmentations\Condição 5 - 17_labels.tif
Condição 5 - 17.jpg,ConvPaint,382,681.0,1055.0,1.0,0.0,0.3764705955982208,0.5641895835477563,,C:\Users\sophi\napari-organoid-segmentation\reports\organoid_measurements_aspirina_5_segmentations\Condição 5 - 17_labels.tif
Condição 5 - 17.jpg,ConvPaint,383,682.5,1038.0,2.0,0.0,0.43921568989753723,0.7978845608028654,,C:\Users\sophi\napari-organoid-segmentation\reports\organoid_measurements_aspirina_5_segmentations\Condição 5 - 17_labels.tif
Condição 5 - 17.jpg,ConvPaint,384,682.0,1120.0,1.0,0.0,0.34117648005485535,0.5641895835477563,,C:\Users\sophi\napari-organoid-segmentation\reports\organoid_measurements_aspirina_5_segmentations\Condição 5 - 17_labels.tif
Condição 5 - 17.jpg,ConvPaint,385,687.75,1034.5,12.0,11.414213562373096,0.477450966835022,1.9544100476116797,1.1574416921432313,C:\Users\sophi\napari-organoid-segmentation\reports\organoid_measurements_aspirina_5_segmentations\Condição 5 - 17_labels.tif
Condição 5 - 17.jpg,ConvPaint,386,684.0,1052.0,1.0,0.0,0.3176470696926117,0.5641895835477563,,C:\Users\sophi\napari-organoid-segmentation\reports\organoid_measurements_aspirina_5_segmentations\Condição 5 - 17_labels.tif
Condição 5 - 17.jpg,ConvPaint,387,687.0,1042.0,1.0,0.0,0.3137255012989044,0.5641895835477563,,C:\Users\sophi\napari-organoid-segmentation\reports\organoid_measurements_aspirina_5_segmentations\Condição 5 - 17_labels.tif
Condição 5 - 17.jpg,ConvPaint,388,688.8,1134.6,5.0,5.207106781186548,0.3874509930610657,1.2615662610100802,2.3173247538676778,C:\Users\sophi\napari-organoid-segmentation\reports\organoid_measurements_aspirina_5_segmentations\Condição 5 - 17_labels.tif
Condição 5 - 17.jpg,ConvPaint,389,688.5,1139.0,2.0,0.0,0.42549020051956177,0.7978845608028654,,C:\Users\sophi\napari-organoid-segmentation\reports\organoid_measurements_aspirina_5_segmentations\Condição 5 - 17_labels.tif
Condição 5 - 17.jpg,ConvPaint,390,692.0,1040.5,2.0,0.0,0.3137255012989044,0.7978845608028654,,C:\Users\sophi\napari-organoid-segmentation\reports\organoid_measurements_aspirina_5_segmentations\Condição 5 - 17_labels.tif
Condição 5 - 17.jpg,ConvPaint,391,692.0,1141.0,1.0,0.0,0.30980393290519714,0.5641895835477563,,C:\Users\sophi\napari-organoid-segmentation\reports\organoid_measurements_aspirina_5_segmentations\Condição 5 - 17_labels.tif
Condição 5 - 17.jpg,ConvPaint,392,692.5,1144.0,2.0,0.0,0.4490196108818054,0.7978845608028654,,C:\Users\sophi\napari-organoid-segmentation\reports\organoid_measurements_aspirina_5_segmentations\Condição 5 - 17_labels.tif
Condição 5 - 17.jpg,ConvPaint,393,692.5,1147.0,2.0,0.0,0.5509804487228394,0.7978845608028654,,C:\Users\sophi\napari-organoid-segmentation\reports\organoid_measurements_aspirina_5_segmentations\Condição 5 - 17_labels.tif
Condição 5 - 17.jpg,ConvPaint,394,692.0,1606.0,1.0,0.0,0.47843137383461,0.5641895835477563,,C:\Users\sophi\napari-organoid-segmentation\reports\organoid_measurements_aspirina_5_segmentations\Condição 5 - 17_labels.tif
Condição 5 - 17.jpg,ConvPaint,395,693.3333333333334,1819.1666666666667,6.0,5.207106781186548,0.43202611804008484,1.381976597885342,2.7807897046412133,C:\Users\sophi\napari-organoid-segmentation\reports\organoid_measurements_aspirina_5_segmentations\Condição 5 - 17_labels.tif
Condição 5 - 17.jpg,ConvPaint,396,694.0,1031.0,5.0,5.656854249492381,0.4305882453918457,1.2615662610100802,1.9634954084936203,C:\Users\sophi\napari-organoid-segmentation\reports\organoid_measurements_aspirina_5_segmentations\Condição 5 - 17_labels.tif
Condição 5 - 17.jpg,ConvPaint,397,695.5714285714286,1606.0,7.0,7.414213562373096,0.4291316866874695,1.4927053303604616,1.6002127302753708,C:\Users\sophi\napari-organoid-segmentation\reports\organoid_measurements_aspirina_5_segmentations\Condição 5 - 17_labels.tif
Condição 5 - 17.jpg,ConvPaint,398,696.5,654.0,2.0,0.0,0.5117647051811218,0.7978845608028654,,C:\Users\sophi\napari-organoid-segmentation\reports\organoid_measurements_aspirina_5_segmentations\Condição 5 - 17_labels.tif
Condição 5 - 17.jpg,ConvPaint,399,697.6666666666666,704.6666666666666,9.0,8.207106781186548,0.4156862795352936,1.692568750643269,1.6790831580707237,C:\Users\sophi\napari-organoid-segmentation\reports\organoid_measurements_aspirina_5_segmentations\Condição 5 - 17_labels.tif
Condição 5 - 17.jpg,ConvPaint,400,801.0942944994875,663.7266256690582,35124.0,1504.0874452027913,0.19018815457820892,105.73701547858946,0.19510466794989537,C:\Users\sophi\napari-organoid-segmentation\reports\organoid_measurements_aspirina_5_segmentations\Condição 5 - 17_labels.tif
Condição 5 - 17.jpg,ConvPaint,401,697.0,652.0,1.0,0.0,0.5843137502670288,0.5641895835477563,,C:\Users\sophi\napari-organoid-segmentation\reports\organoid_measurements_aspirina_5_segmentations\Condição 5 - 17_labels.tif
Condição 5 - 17.jpg,ConvPaint,402,697.0,700.5,2.0,0.0,0.386274516582489,0.7978845608028654,,C:\Users\sophi\napari-organoid-segmentation\reports\organoid_measurements_aspirina_5_segmentations\Condição 5 - 17_labels.tif
Condição 5 - 17.jpg,ConvPaint,403,697.0,707.0,1.0,0.0,0.4274509847164154,0.5641895835477563,,C:\Users\sophi\napari-organoid-segmentation\reports\organoid_measurements_aspirina_5_segmentations\Condição 5 - 17_labels.tif
Condição 5 - 17.jpg,ConvPaint,404,698.0,694.5,2.0,0.0,0.4725490212440491,0.7978845608028654,,C:\Users\sophi\napari-organoid-segmentation\reports\organoid_measurements_aspirina_5_segmentations\Condição 5 - 17_labels.tif
Condição 5 - 17.jpg,ConvPaint,405,698.0,1027.0,1.0,0.0,0.4901960790157318,0.5641895835477563,,C:\Users\sophi\napari-organoid-segmentation\reports\organoid_measurements_aspirina_5_segmentations\Condição 5 - 17_labels.tif
Condição 5 - 17.jpg,ConvPaint,406,699.6,1030.4,5.0,3.6213203435596424,0.408627450466156,1.2615662610100802,4.791218528467976,C:\Users\sophi\napari-organoid-segmentation\reports\organoid_measurements_aspirina_5_segmentations\Condição 5 - 17_labels.tif
Condição 5 - 17.jpg,ConvPaint,407,698.0,1425.0,1.0,0.0,0.4745098054409027,0.5641895835477563,,C:\Users\sophi\napari-organoid-segmentation\reports\organoid_measurements_aspirina_5_segmentations\Condição 5 - 17_labels.tif
Condição 5 - 17.jpg,ConvPaint,408,699.5,659.0,2.0,0.0,0.4490196108818054,0.7978845608028654,,C:\Users\sophi\napari-organoid-segmentation\reports\organoid_measurements_aspirina_5_segmentations\Condição 5 - 17_labels.tif
Condição 5 - 17.jpg,ConvPaint,409,699.0,692.0,1.0,0.0,0.5215686559677124,0.5641895835477563,,C:\Users\sophi\napari-organoid-segmentation\reports\organoid_measurements_aspirina_5_segmentations\Condição 5 - 17_labels.tif
Condição 5 - 17.jpg,ConvPaint,410,699.0,708.0,1.0,0.0,0.3607843220233917,0.5641895835477563,,C:\Users\sophi\napari-organoid-segmentation\reports\organoid_measurements_aspirina_5_segmentations\Condição 5 - 17_labels.tif
Condição 5 - 17.jpg,ConvPaint,411,700.6666666666666,654.6666666666666,3.0,3.414213562373095,0.5032680034637451,0.9772050238058398,3.2340725067158833,C:\Users\sophi\napari-organoid-segmentation\reports\organoid_measurements_aspirina_5_segmentations\Condição 5 - 17_labels.tif
Condição 5 - 17.jpg,ConvPaint,412,700.5,686.0,2.0,0.0,0.4745098352432251,0.7978845608028654,,C:\Users\sophi\napari-organoid-segmentation\reports\organoid_measurements_aspirina_5_segmentations\Condição 5 - 17_labels.tif
Condição 5 - 17.jpg,ConvPaint,413,700.0,695.0,1.0,0.0,0.3450980484485626,0.5641895835477563,,C:\Users\sophi\napari-organoid-segmentation\reports\organoid_measurements_aspirina_5_segmentations\Condição 5 - 17_labels.tif
Condição 5 - 17.jpg,ConvPaint,414,700.3333333333334,698.3333333333334,3.0,3.414213562373095,0.3137255012989044,0.9772050238058398,3.2340725067158833,C:\Users\sophi\napari-organoid-segmentation\reports\organoid_measurements_aspirina_5_segmentations\Condição 5 - 17_labels.tif
Condição 5 - 17.jpg,ConvPaint,415,700.5,701.0,2.0,0.0,0.30588236451148987,0.7978845608028654,,C:\Users\sophi\napari-organoid-segmentation\reports\organoid_measurements_aspirina_5_segmentations\Condição 5 - 17_labels.tif
Condição 5 - 17.jpg,ConvPaint,416,700.0,737.0,1.0,0.0,0.6000000238418579,0.5641895835477563,,C:\Users\sophi\napari-organoid-segmentation\reports\organoid_measurements_aspirina_5_segmentations\Condição 5 - 17_labels.tif
Condição 5 - 17.jpg,ConvPaint,417,703.7142857142857,1423.642857142857,14.0,13.621320343559644,0.45322132110595703,2.111004122822376,0.9481989854308873,C:\Users\sophi\napari-organoid-segmentation\reports\organoid_measurements_aspirina_5_segmentations\Condição 5 - 17_labels.tif
Condição 5 - 17.jpg,ConvPaint,418,701.0,711.0,1.0,0.0,0.32156863808631897,0.5641895835477563,,C:\Users\sophi\napari-organoid-segmentation\reports\organoid_measurements_aspirina_5_segmentations\Condição 5 - 17_labels.tif
Condição 5 - 17.jpg,ConvPaint,419,702.0,730.0,1.0,0.0,0.3960784375667572,0.5641895835477563,,C:\Users\sophi\napari-organoid-segmentation\reports\organoid_measurements_aspirina_5_segmentations\Condição 5 - 17_labels.tif
Condição 5 - 17.jpg,ConvPaint,420,704.0,648.0,1.0,0.0,0.3333333432674408,0.5641895835477563,,C:\Users\sophi\napari-organoid-segmentation\reports\organoid_measurements_aspirina_5_segmentations\Condição 5 - 17_labels.tif
Condição 5 - 17.jpg,ConvPaint,421,704.0,650.5,2.0,0.0,0.3274509906768799,0.7978845608028654,,C:\Users\sophi\napari-organoid-segmentation\reports\organoid_measurements_aspirina_5_segmentations\Condição 5 - 17_labels.tif
Condição 5 - 17.jpg,ConvPaint,422,704.6,670.2,5.0,5.207106781186548,0.3427451252937317,1.2615662610100802,2.3173247538676778,C:\Users\sophi\napari-organoid-segmentation\reports\organoid_measurements_aspirina_5_segmentations\Condição 5 - 17_labels.tif
Condição 5 - 17.jpg,ConvPaint,423,704.5,680.0,2.0,0.0,0.34117648005485535,0.7978845608028654,,C:\Users\sophi\napari-organoid-segmentation\reports\organoid_measurements_aspirina_5_segmentations\Condição 5 - 17_labels.tif
Condição 5 - 17.jpg,ConvPaint,424,704.0,730.5,2.0,0.0,0.3235294222831726,0.7978845608028654,,C:\Users\sophi\napari-organoid-segmentation\reports\organoid_measurements_aspirina_5_segmentations\Condição 5 - 17_labels.tif
Condição 5 - 17.jpg,ConvPaint,425,704.5,737.0,2.0,0.0,0.386274516582489,0.7978845608028654,,C:\Users\sophi\napari-organoid-segmentation\reports\organoid_measurements_aspirina_5_segmentations\Condição 5 - 17_labels.tif
Condição 5 - 17.jpg,ConvPaint,426,705.0,642.5,2.0,0.0,0.45686274766921997,0.7978845608028654,,C:\Users\sophi\napari-organoid-segmentation\reports\organoid_measurements_aspirina_5_segmentations\Condição 5 - 17_labels.tif
Condição 5 - 17.jpg,ConvPaint,427,705.0,735.0,1.0,0.0,0.32549020648002625,0.5641895835477563,,C:\Users\sophi\napari-organoid-segmentation\reports\organoid_measurements_aspirina_5_segmentations\Condição 5 - 17_labels.tif
Condição 5 - 17.jpg,ConvPaint,428,705.0,743.0,1.0,0.0,0.5333333611488342,0.5641895835477563,,C:\Users\sophi\napari-organoid-segmentation\reports\organoid_measurements_aspirina_5_segmentations\Condição 5 - 17_labels.tif
Condição 5 - 17.jpg,ConvPaint,429,705.5,1021.5,2.0,0.0,0.4843137264251709,0.7978845608028654,,C:\Users\sophi\napari-organoid-segmentation\reports\organoid_measurements_aspirina_5_segmentations\Condição 5 - 17_labels.tif
Condição 5 - 17.jpg,ConvPaint,430,706.0,1026.0,1.0,0.0,0.43529412150382996,0.5641895835477563,,C:\Users\sophi\napari-organoid-segmentation\reports\organoid_measurements_aspirina_5_segmentations\Condição 5 - 17_labels.tif
Condição 5 - 17.jpg,ConvPaint,431,708.5,626.5,2.0,0.0,0.4000000059604645,0.7978845608028654,,C:\Users\sophi\napari-organoid-segmentation\reports\organoid_measurements_aspirina_5_segmentations\Condição 5 - 17_labels.tif
Condição 5 - 17.jpg,ConvPaint,432,710.0,624.0,1.0,0.0,0.46666666865348816,0.5641895835477563,,C:\Users\sophi\napari-organoid-segmentation\reports\organoid_measurements_aspirina_5_segmentations\Condição 5 - 17_labels.tif
Condição 5 - 17.jpg,ConvPaint,433,710.0,745.0,1.0,0.0,0.34117648005485535,0.5641895835477563,,C:\Users\sophi\napari-organoid-segmentation\reports\organoid_measurements_aspirina_5_segmentations\Condição 5 - 17_labels.tif
Condição 5 - 17.jpg,ConvPaint,434,712.0,1019.7777777777778,9.0,7.414213562373096,0.4440087080001831,1.692568750643269,2.0574163674969053,C:\Users\sophi\napari-organoid-segmentation\reports\organoid_measurements_aspirina_5_segmentations\Condição 5 - 17_labels.tif
Condição 5 - 17.jpg,ConvPaint,435,711.0,1614.0,1.0,0.0,0.5058823823928833,0.5641895835477563,,C:\Users\sophi\napari-organoid-segmentation\reports\organoid_measurements_aspirina_5_segmentations\Condição 5 - 17_labels.tif
Condição 5 - 17.jpg,ConvPaint,436,712.0,624.5,2.0,0.0,0.32549020648002625,0.7978845608028654,,C:\Users\sophi\napari-organoid-segmentation\reports\organoid_measurements_aspirina_5_segmentations\Condição 5 - 17_labels.tif
Condição 5 - 17.jpg,ConvPaint,437,712.0,629.0,1.0,0.0,0.2862745225429535,0.5641895835477563,,C:\Users\sophi\napari-organoid-segmentation\reports\organoid_measurements_aspirina_5_segmentations\Condição 5 - 17_labels.tif
Condição 5 - 17.jpg,ConvPaint,438,712.0,1418.0,1.0,0.0,0.5490196347236633,0.5641895835477563,,C:\Users\sophi\napari-organoid-segmentation\reports\organoid_measurements_aspirina_5_segmentations\Condição 5 - 17_labels.tif
Condição 5 - 17.jpg,ConvPaint,439,712.7142857142857,1815.142857142857,7.0,6.207106781186548,0.4268907606601715,1.4927053303604616,2.2831238497444226,C:\Users\sophi\napari-organoid-segmentation\reports\organoid_measurements_aspirina_5_segmentations\Condição 5 - 17_labels.tif
Condição 5 - 17.jpg,ConvPaint,440,713.0,1614.0,1.0,0.0,0.4627451002597809,0.5641895835477563,,C:\Users\sophi\napari-organoid-segmentation\reports\organoid_measurements_aspirina_5_segmentations\Condição 5 - 17_labels.tif
Condição 5 - 17.jpg,ConvPaint,441,714.0,606.0,1.0,0.0,0.48235294222831726,0.5641895835477563,,C:\Users\sophi\napari-organoid-segmentation\reports\organoid_measurements_aspirina_5_segmentations\Condição 5 - 17_labels.tif
Condição 5 - 17.jpg,ConvPaint,442,714.0,610.0,1.0,0.0,0.40392157435417175,0.5641895835477563,,C:\Users\sophi\napari-organoid-segmentation\reports\organoid_measurements_aspirina_5_segmentations\Condição 5 - 17_labels.tif
Condição 5 - 17.jpg,ConvPaint,443,714.0,1024.0,1.0,0.0,0.45098039507865906,0.5641895835477563,,C:\Users\sophi\napari-organoid-segmentation\reports\organoid_measurements_aspirina_5_segmentations\Condição 5 - 17_labels.tif
Condição 5 - 17.jpg,ConvPaint,444,715.0,1016.0,1.0,0.0,0.4431372582912445,0.5641895835477563,,C:\Users\sophi\napari-organoid-segmentation\reports\organoid_measurements_aspirina_5_segmentations\Condição 5 - 17_labels.tif
Condição 5 - 17.jpg,ConvPaint,445,717.8333333333334,220.33333333333334,6.0,5.0,0.5196078419685364,1.381976597885342,3.015928947446201,C:\Users\sophi\napari-organoid-segmentation\reports\organoid_measurements_aspirina_5_segmentations\Condição 5 - 17_labels.tif
Condição 5 - 17.jpg,ConvPaint,446,716.0,606.5,2.0,0.0,0.36274510622024536,0.7978845608028654,,C:\Users\sophi\napari-organoid-segmentation\reports\organoid_measurements_aspirina_5_segmentations\Condição 5 - 17_labels.tif
Condição 5 - 17.jpg,ConvPaint,447,716.0,755.0,1.0,0.0,0.46666666865348816,0.5641895835477563,,C:\Users\sophi\napari-organoid-segmentation\reports\organoid_measurements_aspirina_5_segmentations\Condição 5 - 17_labels.tif
Condição 5 - 17.jpg,ConvPaint,448,716.0,1416.0,1.0,0.0,0.501960813999176,0.5641895835477563,,C:\Users\sophi\napari-organoid-segmentation\reports\organoid_measurements_aspirina_5_segmentations\Condição 5 - 17_labels.tif
Condição 5 - 17.jpg,ConvPaint,449,717.0,603.0,1.0,0.0,0.3333333432674408,0.5641895835477563,,C:\Users\sophi\napari-organoid-segmentation\reports\organoid_measurements_aspirina_5_segmentations\Condição 5 - 17_labels.tif
Condição 5 - 17.jpg,ConvPaint,450,718.0,600.0,1.0,0.0,0.3490196168422699,0.5641895835477563,,C:\Users\sophi\napari-organoid-segmentation\reports\organoid_measurements_aspirina_5_segmentations\Condição 5 - 17_labels.tif
Condição 5 - 17.jpg,ConvPaint,451,719.0,1173.0,1.0,0.0,0.32549020648002625,0.5641895835477563,,C:\Users\sophi\napari-organoid-segmentation\reports\organoid_measurements_aspirina_5_segmentations\Condição 5 - 17_labels.tif
Condição 5 - 17.jpg,ConvPaint,452,720.0,1185.0,1.0,0.0,0.501960813999176,0.5641895835477563,,C:\Users\sophi\napari-organoid-segmentation\reports\organoid_measurements_aspirina_5_segmentations\Condição 5 - 17_labels.tif
Condição 5 - 17.jpg,ConvPaint,453,722.3333333333334,1188.3333333333333,3.0,3.414213562373095,0.5607843399047852,0.9772050238058398,3.2340725067158833,C:\Users\sophi\napari-organoid-segmentation\reports\organoid_measurements_aspirina_5_segmentations\Condição 5 - 17_labels.tif
Condição 5 - 17.jpg,ConvPaint,454,723.0,1185.0,1.0,0.0,0.5098039507865906,0.5641895835477563,,C:\Users\sophi\napari-organoid-segmentation\reports\organoid_measurements_aspirina_5_segmentations\Condição 5 - 17_labels.tif
Condição 5 - 17.jpg,ConvPaint,455,729.3333333333334,761.6666666666666,9.0,8.207106781186548,0.32331156730651855,1.692568750643269,1.6790831580707237,C:\Users\sophi\napari-organoid-segmentation\reports\organoid_measurements_aspirina_5_segmentations\Condição 5 - 17_labels.tif
Condição 5 - 17.jpg,ConvPaint,456,727.4,763.6,5.0,3.0,0.4831372797489166,1.2615662610100802,6.981317007977318,C:\Users\sophi\napari-organoid-segmentation\reports\organoid_measurements_aspirina_5_segmentations\Condição 5 - 17_labels.tif
Condição 5 - 17.jpg,ConvPaint,457,726.0,1179.0,1.0,0.0,0.3529411852359772,0.5641895835477563,,C:\Users\sophi\napari-organoid-segmentation\reports\organoid_measurements_aspirina_5_segmentations\Condição 5 - 17_labels.tif
Condição 5 - 17.jpg,ConvPaint,458,728.0,1183.0,3.0,1.0,0.37254902720451355,0.9772050238058398,37.69911184307752,C:\Users\sophi\napari-organoid-segmentation\reports\organoid_measurements_aspirina_5_segmentations\Condição 5 - 17_labels.tif
Condição 5 - 17.jpg,ConvPaint,459,734.6666666666666,574.3333333333334,3.0,3.414213562373095,0.49803921580314636,0.9772050238058398,3.2340725067158833,C:\Users\sophi\napari-organoid-segmentation\reports\organoid_measurements_aspirina_5_segmentations\Condição 5 - 17_labels.tif
Condição 5 - 17.jpg,ConvPaint,460,737.0,771.0,3.0,1.0,0.501960813999176,0.9772050238058398,37.69911184307752,C:\Users\sophi\napari-organoid-segmentation\reports\organoid_measurements_aspirina_5_segmentations\Condição 5 - 17_labels.tif
Condição 5 - 17.jpg,ConvPaint,461,739.1666666666666,1190.3333333333333,6.0,5.207106781186548,0.4032679796218872,1.381976597885342,2.7807897046412133,C:\Users\sophi\napari-organoid-segmentation\reports\organoid_measurements_aspirina_5_segmentations\Condição 5 - 17_labels.tif
Condição 5 - 17.jpg,ConvPaint,462,738.0,269.0,1.0,0.0,0.43529412150382996,0.5641895835477563,,C:\Users\sophi\napari-organoid-segmentation\reports\organoid_measurements_aspirina_5_segmentations\Condição 5 - 17_labels.tif
Condição 5 - 17.jpg,ConvPaint,463,738.0,1805.0,1.0,0.0,0.4156862795352936,0.5641895835477563,,C:\Users\sophi\napari-organoid-segmentation\reports\organoid_measurements_aspirina_5_segmentations\Condição 5 - 17_labels.tif
Condição 5 - 17.jpg,ConvPaint,464,839.7881621045148,250.37479559189478,28130.0,1673.7514421272203,0.2198837399482727,94.62587964373188,0.1261820758362673,C:\Users\sophi\napari-organoid-segmentation\reports\organoid_measurements_aspirina_5_segmentations\Condição 5 - 17_labels.tif
Condição 5 - 17.jpg,ConvPaint,465,740.5,774.0,2.0,0.0,0.5392156839370728,0.7978845608028654,,C:\Users\sophi\napari-organoid-segmentation\reports\organoid_measurements_aspirina_5_segmentations\Condição 5 - 17_labels.tif
Condição 5 - 17.jpg,ConvPaint,466,741.0,240.0,1.0,0.0,0.5921568870544434,0.5641895835477563,,C:\Users\sophi\napari-organoid-segmentation\reports\organoid_measurements_aspirina_5_segmentations\Condição 5 - 17_labels.tif
Condição 5 - 17.jpg,ConvPaint,467,741.0,270.0,1.0,0.0,0.3843137323856354,0.5641895835477563,,C:\Users\sophi\napari-organoid-segmentation\reports\organoid_measurements_aspirina_5_segmentations\Condição 5 - 17_labels.tif
Condição 5 - 17.jpg,ConvPaint,468,741.0,282.5,2.0,0.0,0.6509804129600525,0.7978845608028654,,C:\Users\sophi\napari-organoid-segmentation\reports\organoid_measurements_aspirina_5_segmentations\Condição 5 - 17_labels.tif
Condição 5 - 17.jpg,ConvPaint,469,742.0,252.0,1.0,0.0,0.4117647111415863,0.5641895835477563,,C:\Users\sophi\napari-organoid-segmentation\reports\organoid_measurements_aspirina_5_segmentations\Condição 5 - 17_labels.tif
Condição 5 - 17.jpg,ConvPaint,470,744.5,290.5,4.0,4.0,0.5480391979217529,1.1283791670955126,3.141592653589793,C:\Users\sophi\napari-organoid-segmentation\reports\organoid_measurements_aspirina_5_segmentations\Condição 5 - 17_labels.tif
Condição 5 - 17.jpg,ConvPaint,471,744.0,1622.0,1.0,0.0,0.48627451062202454,0.5641895835477563,,C:\Users\sophi\napari-organoid-segmentation\reports\organoid_measurements_aspirina_5_segmentations\Condição 5 - 17_labels.tif
Condição 5 - 17.jpg,ConvPaint,472,745.0,234.0,1.0,0.0,0.42352941632270813,0.5641895835477563,,C:\Users\sophi\napari-organoid-segmentation\reports\organoid_measurements_aspirina_5_segmentations\Condição 5 - 17_labels.tif
Condição 5 - 17.jpg,ConvPaint,473,745.0,288.0,1.0,0.0,0.5568627715110779,0.5641895835477563,,C:\Users\sophi\napari-organoid-segmentation\reports\organoid_measurements_aspirina_5_segmentations\Condição 5 - 17_labels.tif
Condição 5 - 17.jpg,ConvPaint,474,746.0,1019.0,1.0,0.0,0.3764705955982208,0.5641895835477563,,C:\Users\sophi\napari-organoid-segmentation\reports\organoid_measurements_aspirina_5_segmentations\Condição 5 - 17_labels.tif
Condição 5 - 17.jpg,ConvPaint,475,749.5,224.875,8.0,7.035533905932738,0.43431374430656433,1.5957691216057308,2.0309803908983444,C:\Users\sophi\napari-organoid-segmentation\reports\organoid_measurements_aspirina_5_segmentations\Condição 5 - 17_labels.tif
Condição 5 - 17.jpg,ConvPaint,476,747.0,1204.0,1.0,0.0,0.5960784554481506,0.5641895835477563,,C:\Users\sophi\napari-organoid-segmentation\reports\organoid_measurements_aspirina_5_segmentations\Condição 5 - 17_labels.tif
Condição 5 - 17.jpg,ConvPaint,477,748.0,775.0,1.0,0.0,0.4941176474094391,0.5641895835477563,,C:\Users\sophi\napari-organoid-segmentation\reports\organoid_measurements_aspirina_5_segmentations\Condição 5 - 17_labels.tif
Condição 5 - 17.jpg,ConvPaint,478,748.0,1016.0,1.0,0.0,0.545098066329956,0.5641895835477563,,C:\Users\sophi\napari-organoid-segmentation\reports\organoid_measurements_aspirina_5_segmentations\Condição 5 - 17_labels.tif
Condição 5 - 17.jpg,ConvPaint,479,748.0,1810.0,1.0,0.0,0.529411792755127,0.5641895835477563,,C:\Users\sophi\napari-organoid-segmentation\reports\organoid_measurements_aspirina_5_segmentations\Condição 5 - 17_labels.tif
Condição 5 - 17.jpg,ConvPaint,480,749.0,291.0,1.0,0.0,0.3137255012989044,0.5641895835477563,,C:\Users\sophi\napari-organoid-segmentation\reports\organoid_measurements_aspirina_5_segmentations\Condição 5 - 17_labels.tif
Condição 5 - 17.jpg,ConvPaint,481,750.0,294.0,1.0,0.0,0.32156863808631897,0.5641895835477563,,C:\Users\sophi\napari-organoid-segmentation\reports\organoid_measurements_aspirina_5_segmentations\Condição 5 - 17_labels.tif
Condição 5 - 17.jpg,ConvPaint,482,751.0,1407.0,1.0,0.0,0.5333333611488342,0.5641895835477563,,C:\Users\sophi\napari-organoid-segmentation\reports\organoid_measurements_aspirina_5_segmentations\Condição 5 - 17_labels.tif
Condição 5 - 17.jpg,ConvPaint,483,752.5,1204.0,2.0,0.0,0.3745098114013672,0.7978845608028654,,C:\Users\sophi\napari-organoid-segmentation\reports\organoid_measurements_aspirina_5_segmentations\Condição 5 - 17_labels.tif
Condição 5 - 17.jpg,ConvPaint,484,753.0,222.0,1.0,0.0,0.34117648005485535,0.5641895835477563,,C:\Users\sophi\napari-organoid-segmentation\reports\organoid_measurements_aspirina_5_segmentations\Condição 5 - 17_labels.tif
Condição 5 - 17.jpg,ConvPaint,485,753.0,1818.0,1.0,0.0,0.3176470696926117,0.5641895835477563,,C:\Users\sophi\napari-organoid-segmentation\reports\organoid_measurements_aspirina_5_segmentations\Condição 5 - 17_labels.tif
Condição 5 - 17.jpg,ConvPaint,486,754.0,303.0,1.0,0.0,0.3137255012989044,0.5641895835477563,,C:\Users\sophi\napari-organoid-segmentation\reports\organoid_measurements_aspirina_5_segmentations\Condição 5 - 17_labels.tif
Condição 5 - 17.jpg,ConvPaint,487,754.0,1408.0,1.0,0.0,0.4313725531101227,0.5641895835477563,,C:\Users\sophi\napari-organoid-segmentation\reports\organoid_measurements_aspirina_5_segmentations\Condição 5 - 17_labels.tif
Condição 5 - 17.jpg,ConvPaint,488,754.0,1815.0,1.0,0.0,0.43921568989753723,0.5641895835477563,,C:\Users\sophi\napari-organoid-segmentation\reports\organoid_measurements_aspirina_5_segmentations\Condição 5 - 17_labels.tif
Condição 5 - 17.jpg,ConvPaint,489,755.0,1013.0,1.0,0.0,0.5490196347236633,0.5641895835477563,,C:\Users\sophi\napari-organoid-segmentation\reports\organoid_measurements_aspirina_5_segmentations\Condição 5 - 17_labels.tif
Condição 5 - 17.jpg,ConvPaint,490,759.6666666666666,204.625,24.0,21.242640687119284,0.4658496677875519,2.763953195770684,0.668350226115544,C:\Users\sophi\napari-organoid-segmentation\reports\organoid_measurements_aspirina_5_segmentations\Condição 5 - 17_labels.tif
Condição 5 - 17.jpg,ConvPaint,491,756.0,314.0,1.0,0.0,0.4470588266849518,0.5641895835477563,,C:\Users\sophi\napari-organoid-segmentation\reports\organoid_measurements_aspirina_5_segmentations\Condição 5 - 17_labels.tif
Condição 5 - 17.jpg,ConvPaint,492,759.2142857142857,1814.4285714285713,14.0,14.207106781186548,0.48095235228538513,2.111004122822376,0.8716188429574223,C:\Users\sophi\napari-organoid-segmentation\reports\organoid_measurements_aspirina_5_segmentations\Condição 5 - 17_labels.tif
Condição 5 - 17.jpg,ConvPaint,493,759.6,1621.2,5.0,4.414213562373095,0.3905882239341736,1.2615662610100802,3.224580228790828,C:\Users\sophi\napari-organoid-segmentation\reports\organoid_measurements_aspirina_5_segmentations\Condição 5 - 17_labels.tif
Condição 5 - 17.jpg,ConvPaint,494,760.2,320.2,5.0,4.0,0.3341176509857178,1.2615662610100802,3.9269908169872414,C:\Users\sophi\napari-organoid-segmentation\reports\organoid_measurements_aspirina_5_segmentations\Condição 5 - 17_labels.tif
Condição 5 - 17.jpg,ConvPaint,495,759.0,1013.0,1.0,0.0,0.4941176474094391,0.5641895835477563,,C:\Users\sophi\napari-organoid-segmentation\reports\organoid_measurements_aspirina_5_segmentations\Condição 5 - 17_labels.tif
Condição 5 - 17.jpg,ConvPaint,496,760.5,323.0,2.0,0.0,0.36274510622024536,0.7978845608028654,,C:\Users\sophi\napari-organoid-segmentation\reports\organoid_measurements_aspirina_5_segmentations\Condição 5 - 17_labels.tif
Condição 5 - 17.jpg,ConvPaint,497,761.0,1022.0,1.0,0.0,0.29411765933036804,0.5641895835477563,,C:\Users\sophi\napari-organoid-segmentation\reports\organoid_measurements_aspirina_5_segmentations\Condição 5 - 17_labels.tif
Condição 5 - 17.jpg,ConvPaint,498,765.0,775.0,1.0,0.0,0.5568627715110779,0.5641895835477563,,C:\Users\sophi\napari-organoid-segmentation\reports\organoid_measurements_aspirina_5_segmentations\Condição 5 - 17_labels.tif
Condição 5 - 17.jpg,ConvPaint,499,767.0,1013.0,1.0,0.0,0.5254902243614197,0.5641895835477563,,C:\Users\sophi\napari-organoid-segmentation\reports\organoid_measurements_aspirina_5_segmentations\Condição 5 - 17_labels.tif
Condição 5 - 17.jpg,ConvPaint,500,768.5,1817.0,2.0,0.0,0.5509804487228394,0.7978845608028654,,C:\Users\sophi\napari-organoid-segmentation\reports\organoid_measurements_aspirina_5_segmentations\Condição 5 - 17_labels.tif
Condição 5 - 17.jpg,ConvPaint,501,770.2,770.4,5.0,5.207106781186548,0.3341176509857178,1.2615662610100802,2.3173247538676778,C:\Users\sophi\napari-organoid-segmentation\reports\organoid_measurements_aspirina_5_segmentations\Condição 5 - 17_labels.tif
Condição 5 - 17.jpg,ConvPaint,502,770.2,1820.4,5.0,5.207106781186548,0.4721568524837494,1.2615662610100802,2.3173247538676778,C:\Users\sophi\napari-organoid-segmentation\reports\organoid_measurements_aspirina_5_segmentations\Condição 5 - 17_labels.tif
Condição 5 - 17.jpg,ConvPaint,503,770.0,1013.0,1.0,0.0,0.43921568989753723,0.5641895835477563,,C:\Users\sophi\napari-organoid-segmentation\reports\organoid_measurements_aspirina_5_segmentations\Condição 5 - 17_labels.tif
Condição 5 - 17.jpg,ConvPaint,504,772.5,180.0,2.0,0.0,0.5352941751480103,0.7978845608028654,,C:\Users\sophi\napari-organoid-segmentation\reports\organoid_measurements_aspirina_5_segmentations\Condição 5 - 17_labels.tif
Condição 5 - 17.jpg,ConvPaint,505,773.0,182.0,1.0,0.0,0.4627451002597809,0.5641895835477563,,C:\Users\sophi\napari-organoid-segmentation\reports\organoid_measurements_aspirina_5_segmentations\Condição 5 - 17_labels.tif
Condição 5 - 17.jpg,ConvPaint,506,773.0,1400.0,1.0,0.0,0.529411792755127,0.5641895835477563,,C:\Users\sophi\napari-organoid-segmentation\reports\organoid_measurements_aspirina_5_segmentations\Condição 5 - 17_labels.tif
Condição 5 - 17.jpg,ConvPaint,507,773.0,1821.0,1.0,0.0,0.4627451002597809,0.5641895835477563,,C:\Users\sophi\napari-organoid-segmentation\reports\organoid_measurements_aspirina_5_segmentations\Condição 5 - 17_labels.tif
Condição 5 - 17.jpg,ConvPaint,508,777.8,1214.8,5.0,4.207106781186548,0.4439215660095215,1.2615662610100802,3.5498728546441756,C:\Users\sophi\napari-organoid-segmentation\reports\organoid_measurements_aspirina_5_segmentations\Condição 5 - 17_labels.tif
Condição 5 - 17.jpg,ConvPaint,509,777.0,558.0,1.0,0.0,0.5921568870544434,0.5641895835477563,,C:\Users\sophi\napari-organoid-segmentation\reports\organoid_measurements_aspirina_5_segmentations\Condição 5 - 17_labels.tif
Condição 5 - 17.jpg,ConvPaint,510,778.0,333.0,1.0,0.0,0.3607843220233917,0.5641895835477563,,C:\Users\sophi\napari-organoid-segmentation\reports\organoid_measurements_aspirina_5_segmentations\Condição 5 - 17_labels.tif
Condição 5 - 17.jpg,ConvPaint,511,778.0,335.0,1.0,0.0,0.3490196168422699,0.5641895835477563,,C:\Users\sophi\napari-organoid-segmentation\reports\organoid_measurements_aspirina_5_segmentations\Condição 5 - 17_labels.tif
Condição 5 - 17.jpg,ConvPaint,512,778.0,1404.0,1.0,0.0,0.4745098054409027,0.5641895835477563,,C:\Users\sophi\napari-organoid-segmentation\reports\organoid_measurements_aspirina_5_segmentations\Condição 5 - 17_labels.tif
Condição 5 - 17.jpg,ConvPaint,513,778.0,1615.0,1.0,0.0,0.4941176474094391,0.5641895835477563,,C:\Users\sophi\napari-organoid-segmentation\reports\organoid_measurements_aspirina_5_segmentations\Condição 5 - 17_labels.tif
Condição 5 - 17.jpg,ConvPaint,514,781.2222222222222,1402.2222222222222,9.0,9.414213562373096,0.513289749622345,1.692568750643269,1.2760987441597629,C:\Users\sophi\napari-organoid-segmentation\reports\organoid_measurements_aspirina_5_segmentations\Condição 5 - 17_labels.tif
Condição 5 - 17.jpg,ConvPaint,515,787.7142857142857,1614.5714285714287,7.0,7.207106781186548,0.42184877395629883,1.4927053303604616,1.6935030795523165,C:\Users\sophi\napari-organoid-segmentation\reports\organoid_measurements_aspirina_5_segmentations\Condição 5 - 17_labels.tif
Condição 5 - 17.jpg,ConvPaint,516,786.0,1825.0,1.0,0.0,0.5176470875740051,0.5641895835477563,,C:\Users\sophi\napari-organoid-segmentation\reports\organoid_measurements_aspirina_5_segmentations\Condição 5 - 17_labels.tif
Condição 5 - 17.jpg,ConvPaint,517,789.0,1831.0,1.0,0.0,0.5333333611488342,0.5641895835477563,,C:\Users\sophi\napari-organoid-segmentation\reports\organoid_measurements_aspirina_5_segmentations\Condição 5 - 17_labels.tif
Condição 5 - 17.jpg,ConvPaint,518,790.0,1837.0,1.0,0.0,0.3764705955982208,0.5641895835477563,,C:\Users\sophi\napari-organoid-segmentation\reports\organoid_measurements_aspirina_5_segmentations\Condição 5 - 17_labels.tif
Condição 5 - 17.jpg,ConvPaint,519,792.0,1613.5,2.0,0.0,0.4019607901573181,0.7978845608028654,,C:\Users\sophi\napari-organoid-segmentation\reports\organoid_measurements_aspirina_5_segmentations\Condição 5 - 17_labels.tif
Condição 5 - 17.jpg,ConvPaint,520,793.0,1838.0,1.0,0.0,0.5098039507865906,0.5641895835477563,,C:\Users\sophi\napari-organoid-segmentation\reports\organoid_measurements_aspirina_5_segmentations\Condição 5 - 17_labels.tif
Condição 5 - 17.jpg,ConvPaint,521,794.7142857142857,170.71428571428572,7.0,7.414213562373095,0.42128852009773254,1.4927053303604616,1.6002127302753713,C:\Users\sophi\napari-organoid-segmentation\reports\organoid_measurements_aspirina_5_segmentations\Condição 5 - 17_labels.tif
Condição 5 - 17.jpg,ConvPaint,522,794.5,1211.0,2.0,0.0,0.3843137323856354,0.7978845608028654,,C:\Users\sophi\napari-organoid-segmentation\reports\organoid_measurements_aspirina_5_segmentations\Condição 5 - 17_labels.tif
Condição 5 - 17.jpg,ConvPaint,523,795.0,1614.5,2.0,0.0,0.5274510383605957,0.7978845608028654,,C:\Users\sophi\napari-organoid-segmentation\reports\organoid_measurements_aspirina_5_segmentations\Condição 5 - 17_labels.tif
Condição 5 - 17.jpg,ConvPaint,524,798.0,770.0,1.0,0.0,0.4470588266849518,0.5641895835477563,,C:\Users\sophi\napari-organoid-segmentation\reports\organoid_measurements_aspirina_5_segmentations\Condição 5 - 17_labels.tif
Condição 5 - 17.jpg,ConvPaint,525,805.0625,347.5,16.0,15.449747468305834,0.46617650985717773,2.256758334191025,0.8423393250718896,C:\Users\sophi\napari-organoid-segmentation\reports\organoid_measurements_aspirina_5_segmentations\Condição 5 - 17_labels.tif
Condição 5 - 17.jpg,ConvPaint,526,801.8571428571429,770.8571428571429,7.0,6.621320343559642,0.5495798587799072,1.4927053303604616,2.006405475692071,C:\Users\sophi\napari-organoid-segmentation\reports\organoid_measurements_aspirina_5_segmentations\Condição 5 - 17_labels.tif
Condição 5 - 17.jpg,ConvPaint,527,801.0,1854.0,1.0,0.0,0.32156863808631897,0.5641895835477563,,C:\Users\sophi\napari-organoid-segmentation\reports\organoid_measurements_aspirina_5_segmentations\Condição 5 - 17_labels.tif
Condição 5 - 17.jpg,ConvPaint,528,804.0,1401.25,4.0,4.621320343559642,0.5362745523452759,1.1283791670955126,2.3536273758173025,C:\Users\sophi\napari-organoid-segmentation\reports\organoid_measurements_aspirina_5_segmentations\Condição 5 - 17_labels.tif
Condição 5 - 17.jpg,ConvPaint,529,804.0,555.0,1.0,0.0,0.4901960790157318,0.5641895835477563,,C:\Users\sophi\napari-organoid-segmentation\reports\organoid_measurements_aspirina_5_segmentations\Condição 5 - 17_labels.tif
Condição 5 - 17.jpg,ConvPaint,530,807.7857142857143,1018.1428571428571,14.0,12.071067811865476,0.46302518248558044,2.111004122822376,1.2073870691739297,C:\Users\sophi\napari-organoid-segmentation\reports\organoid_measurements_aspirina_5_segmentations\Condição 5 - 17_labels.tif
Condição 5 - 17.jpg,ConvPaint,531,805.0,1858.0,1.0,0.0,0.3490196168422699,0.5641895835477563,,C:\Users\sophi\napari-organoid-segmentation\reports\organoid_measurements_aspirina_5_segmentations\Condição 5 - 17_labels.tif
Condição 5 - 17.jpg,ConvPaint,532,806.0,1022.0,1.0,0.0,0.30980393290519714,0.5641895835477563,,C:\Users\sophi\napari-organoid-segmentation\reports\organoid_measurements_aspirina_5_segmentations\Condição 5 - 17_labels.tif
Condição 5 - 17.jpg,ConvPaint,533,807.0,1401.0,1.0,0.0,0.5607843399047852,0.5641895835477563,,C:\Users\sophi\napari-organoid-segmentation\reports\organoid_measurements_aspirina_5_segmentations\Condição 5 - 17_labels.tif
Condição 5 - 17.jpg,ConvPaint,534,808.3333333333334,1206.6666666666667,3.0,3.414213562373095,0.4156862795352936,0.9772050238058398,3.2340725067158833,C:\Users\sophi\napari-organoid-segmentation\reports\organoid_measurements_aspirina_5_segmentations\Condição 5 - 17_labels.tif
Condição 5 - 17.jpg,ConvPaint,535,808.0,1857.0,1.0,0.0,0.5254902243614197,0.5641895835477563,,C:\Users\sophi\napari-organoid-segmentation\reports\organoid_measurements_aspirina_5_segmentations\Condição 5 - 17_labels.tif
Condição 5 - 17.jpg,ConvPaint,536,809.5,761.0,2.0,0.0,0.3137255012989044,0.7978845608028654,,C:\Users\sophi\napari-organoid-segmentation\reports\organoid_measurements_aspirina_5_segmentations\Condição 5 - 17_labels.tif
Condição 5 - 17.jpg,ConvPaint,537,810.5,554.0,2.0,0.0,0.5921568870544434,0.7978845608028654,,C:\Users\sophi\napari-organoid-segmentation\reports\organoid_measurements_aspirina_5_segmentations\Condição 5 - 17_labels.tif
Condição 5 - 17.jpg,ConvPaint,538,811.0,552.0,1.0,0.0,0.6705882549285889,0.5641895835477563,,C:\Users\sophi\napari-organoid-segmentation\reports\organoid_measurements_aspirina_5_segmentations\Condição 5 - 17_labels.tif
Condição 5 - 17.jpg,ConvPaint,539,812.0,1611.0,1.0,0.0,0.4745098054409027,0.5641895835477563,,C:\Users\sophi\napari-organoid-segmentation\reports\organoid_measurements_aspirina_5_segmentations\Condição 5 - 17_labels.tif
Condição 5 - 17.jpg,ConvPaint,540,816.0,351.0,1.0,0.0,0.3490196168422699,0.5641895835477563,,C:\Users\sophi\napari-organoid-segmentation\reports\organoid_measurements_aspirina_5_segmentations\Condição 5 - 17_labels.tif
Condição 5 - 17.jpg,ConvPaint,541,826.5,558.5,4.0,4.0,0.5235294103622437,1.1283791670955126,3.141592653589793,C:\Users\sophi\napari-organoid-segmentation\reports\organoid_measurements_aspirina_5_segmentations\Condição 5 - 17_labels.tif
Condição 5 - 17.jpg,ConvPaint,542,829.5,762.5,6.0,6.414213562373095,0.6209149956703186,1.381976597885342,1.8326278532479736,C:\Users\sophi\napari-organoid-segmentation\reports\organoid_measurements_aspirina_5_segmentations\Condição 5 - 17_labels.tif
Condição 5 - 17.jpg,ConvPaint,543,829.5,562.0,2.0,0.0,0.3294117748737335,0.7978845608028654,,C:\Users\sophi\napari-organoid-segmentation\reports\organoid_measurements_aspirina_5_segmentations\Condição 5 - 17_labels.tif
Condição 5 - 17.jpg,ConvPaint,544,830.0,1597.0,1.0,0.0,0.4470588266849518,0.5641895835477563,,C:\Users\sophi\napari-organoid-segmentation\reports\organoid_measurements_aspirina_5_segmentations\Condição 5 - 17_labels.tif
Condição 5 - 17.jpg,ConvPaint,545,834.0,352.5,2.0,0.0,0.41960784792900085,0.7978845608028654,,C:\Users\sophi\napari-organoid-segmentation\reports\organoid_measurements_aspirina_5_segmentations\Condição 5 - 17_labels.tif
Condição 5 - 17.jpg,ConvPaint,546,839.9166666666666,352.5833333333333,12.0,12.207106781186548,0.5388888716697693,1.9544100476116797,1.011965304699804,C:\Users\sophi\napari-organoid-segmentation\reports\organoid_measurements_aspirina_5_segmentations\Condição 5 - 17_labels.tif
Condição 5 - 17.jpg,ConvPaint,547,837.0,1425.0,1.0,0.0,0.3529411852359772,0.5641895835477563,,C:\Users\sophi\napari-organoid-segmentation\reports\organoid_measurements_aspirina_5_segmentations\Condição 5 - 17_labels.tif
Condição 5 - 17.jpg,ConvPaint,548,838.0,350.0,1.0,0.0,0.37254902720451355,0.5641895835477563,,C:\Users\sophi\napari-organoid-segmentation\reports\organoid_measurements_aspirina_5_segmentations\Condição 5 - 17_labels.tif
Condição 5 - 17.jpg,ConvPaint,549,840.0,155.0,3.0,1.0,0.4915032684803009,0.9772050238058398,37.69911184307752,C:\Users\sophi\napari-organoid-segmentation\reports\organoid_measurements_aspirina_5_segmentations\Condição 5 - 17_labels.tif
Condição 5 - 17.jpg,ConvPaint,550,841.4285714285714,752.7142857142857,7.0,6.0,0.3764706254005432,1.4927053303604616,2.443460952792061,C:\Users\sophi\napari-organoid-segmentation\reports\organoid_measurements_aspirina_5_segmentations\Condição 5 - 17_labels.tif
Condição 5 - 17.jpg,ConvPaint,551,842.0,558.0,1.0,0.0,0.6000000238418579,0.5641895835477563,,C:\Users\sophi\napari-organoid-segmentation\reports\organoid_measurements_aspirina_5_segmentations\Condição 5 - 17_labels.tif
Condição 5 - 17.jpg,ConvPaint,552,844.2,153.5,10.0,8.414213562373096,0.4901961386203766,1.7841241161527712,1.7749364273220878,C:\Users\sophi\napari-organoid-segmentation\reports\organoid_measurements_aspirina_5_segmentations\Condição 5 - 17_labels.tif
Condição 5 - 17.jpg,ConvPaint,553,843.0,1028.0,1.0,0.0,0.545098066329956,0.5641895835477563,,C:\Users\sophi\napari-organoid-segmentation\reports\organoid_measurements_aspirina_5_segmentations\Condição 5 - 17_labels.tif
Condição 5 - 17.jpg,ConvPaint,554,844.0,1428.5,4.0,4.414213562373095,0.5049020051956177,1.1283791670955126,2.5796641830326625,C:\Users\sophi\napari-organoid-segmentation\reports\organoid_measurements_aspirina_5_segmentations\Condição 5 - 17_labels.tif
Condição 5 - 17.jpg,ConvPaint,555,843.0,1885.0,1.0,0.0,0.5254902243614197,0.5641895835477563,,C:\Users\sophi\napari-organoid-segmentation\reports\organoid_measurements_aspirina_5_segmentations\Condição 5 - 17_labels.tif
Condição 5 - 17.jpg,ConvPaint,556,845.0,565.0,1.0,0.0,0.5568627715110779,0.5641895835477563,,C:\Users\sophi\napari-organoid-segmentation\reports\organoid_measurements_aspirina_5_segmentations\Condição 5 - 17_labels.tif
Condição 5 - 17.jpg,ConvPaint,557,846.8333333333334,748.3333333333334,6.0,6.414213562373095,0.41241827607154846,1.381976597885342,1.8326278532479736,C:\Users\sophi\napari-organoid-segmentation\reports\organoid_measurements_aspirina_5_segmentations\Condição 5 - 17_labels.tif
Condição 5 - 17.jpg,ConvPaint,558,853.0,1441.0,1.0,0.0,0.40392157435417175,0.5641895835477563,,C:\Users\sophi\napari-organoid-segmentation\reports\organoid_measurements_aspirina_5_segmentations\Condição 5 - 17_labels.tif
Condição 5 - 17.jpg,ConvPaint,559,853.0,1905.0,1.0,0.0,0.529411792755127,0.5641895835477563,,C:\Users\sophi\napari-organoid-segmentation\reports\organoid_measurements_aspirina_5_segmentations\Condição 5 - 17_labels.tif
Condição 5 - 17.jpg,ConvPaint,560,854.0,1907.0,1.0,0.0,0.4627451002597809,0.5641895835477563,,C:\Users\sophi\napari-organoid-segmentation\reports\organoid_measurements_aspirina_5_segmentations\Condição 5 - 17_labels.tif
Condição 5 - 17.jpg,ConvPaint,561,857.4285714285714,1190.4285714285713,7.0,6.207106781186548,0.43417367339134216,1.4927053303604616,2.2831238497444226,C:\Users\sophi\napari-organoid-segmentation\reports\organoid_measurements_aspirina_5_segmentations\Condição 5 - 17_labels.tif
Condição 5 - 17.jpg,ConvPaint,562,856.0,1903.0,1.0,0.0,0.5529412031173706,0.5641895835477563,,C:\Users\sophi\napari-organoid-segmentation\reports\organoid_measurements_aspirina_5_segmentations\Condição 5 - 17_labels.tif
Condição 5 - 17.jpg,ConvPaint,563,859.0,1188.0,1.0,0.0,0.45098039507865906,0.5641895835477563,,C:\Users\sophi\napari-organoid-segmentation\reports\organoid_measurements_aspirina_5_segmentations\Condição 5 - 17_labels.tif
Condição 5 - 17.jpg,ConvPaint,564,859.0,1902.0,1.0,0.0,0.5411764979362488,0.5641895835477563,,C:\Users\sophi\napari-organoid-segmentation\reports\organoid_measurements_aspirina_5_segmentations\Condição 5 - 17_labels.tif
Condição 5 - 17.jpg,ConvPaint,565,864.1,343.5,10.0,9.82842712474619,0.3462745249271393,1.7841241161527712,1.3008937295939074,C:\Users\sophi\napari-organoid-segmentation\reports\organoid_measurements_aspirina_5_segmentations\Condição 5 - 17_labels.tif
Condição 5 - 17.jpg,ConvPaint,566,863.0,573.6666666666666,3.0,1.2071067811865475,0.5163398385047913,0.9772050238058398,25.872580053727066,C:\Users\sophi\napari-organoid-segmentation\reports\organoid_measurements_aspirina_5_segmentations\Condição 5 - 17_labels.tif
Condição 5 - 17.jpg,ConvPaint,567,863.0,148.5,2.0,0.0,0.5549019575119019,0.7978845608028654,,C:\Users\sophi\napari-organoid-segmentation\reports\organoid_measurements_aspirina_5_segmentations\Condição 5 - 17_labels.tif
Condição 5 - 17.jpg,ConvPaint,568,865.0,1554.0,1.0,0.0,0.3686274588108063,0.5641895835477563,,C:\Users\sophi\napari-organoid-segmentation\reports\organoid_measurements_aspirina_5_segmentations\Condição 5 - 17_labels.tif
Condição 5 - 17.jpg,ConvPaint,569,866.0,148.0,1.0,0.0,0.5843137502670288,0.5641895835477563,,C:\Users\sophi\napari-organoid-segmentation\reports\organoid_measurements_aspirina_5_segmentations\Condição 5 - 17_labels.tif
Condição 5 - 17.jpg,ConvPaint,570,866.0,151.0,1.0,0.0,0.501960813999176,0.5641895835477563,,C:\Users\sophi\napari-organoid-segmentation\reports\organoid_measurements_aspirina_5_segmentations\Condição 5 - 17_labels.tif
Condição 5 - 17.jpg,ConvPaint,571,866.0,153.0,1.0,0.0,0.34117648005485535,0.5641895835477563,,C:\Users\sophi\napari-organoid-segmentation\reports\organoid_measurements_aspirina_5_segmentations\Condição 5 - 17_labels.tif
Condição 5 - 17.jpg,ConvPaint,572,866.5,1549.0,2.0,0.0,0.386274516582489,0.7978845608028654,,C:\Users\sophi\napari-organoid-segmentation\reports\organoid_measurements_aspirina_5_segmentations\Condição 5 - 17_labels.tif
Condição 5 - 17.jpg,ConvPaint,573,868.0,153.0,1.0,0.0,0.37254902720451355,0.5641895835477563,,C:\Users\sophi\napari-organoid-segmentation\reports\organoid_measurements_aspirina_5_segmentations\Condição 5 - 17_labels.tif
Condição 5 - 17.jpg,ConvPaint,574,868.5,744.5,4.0,4.0,0.4588235318660736,1.1283791670955126,3.141592653589793,C:\Users\sophi\napari-organoid-segmentation\reports\organoid_measurements_aspirina_5_segmentations\Condição 5 - 17_labels.tif
Condição 5 - 17.jpg,ConvPaint,575,869.0,1472.0,1.0,0.0,0.5176470875740051,0.5641895835477563,,C:\Users\sophi\napari-organoid-segmentation\reports\organoid_measurements_aspirina_5_segmentations\Condição 5 - 17_labels.tif
Condição 5 - 17.jpg,ConvPaint,576,874.6666666666666,738.3333333333334,3.0,3.414213562373095,0.3960784375667572,0.9772050238058398,3.2340725067158833,C:\Users\sophi\napari-organoid-segmentation\reports\organoid_measurements_aspirina_5_segmentations\Condição 5 - 17_labels.tif
Condição 5 - 17.jpg,ConvPaint,577,874.0,1494.0,1.0,0.0,0.4588235318660736,0.5641895835477563,,C:\Users\sophi\napari-organoid-segmentation\reports\organoid_measurements_aspirina_5_segmentations\Condição 5 - 17_labels.tif
Condição 5 - 17.jpg,ConvPaint,578,876.0,1064.0,4.0,3.414213562373095,0.5754902362823486,1.1283791670955126,4.312096675621178,C:\Users\sophi\napari-organoid-segmentation\reports\organoid_measurements_aspirina_5_segmentations\Condição 5 - 17_labels.tif
Condição 5 - 17.jpg,ConvPaint,579,877.0,1506.0,1.0,0.0,0.4274509847164154,0.5641895835477563,,C:\Users\sophi\napari-organoid-segmentation\reports\organoid_measurements_aspirina_5_segmentations\Condição 5 - 17_labels.tif
Condição 5 - 17.jpg,ConvPaint,580,880.0,152.0,1.0,0.0,0.5529412031173706,0.5641895835477563,,C:\Users\sophi\napari-organoid-segmentation\reports\organoid_measurements_aspirina_5_segmentations\Condição 5 - 17_labels.tif
Condição 5 - 17.jpg,ConvPaint,581,881.0,333.0,1.0,0.0,0.41960784792900085,0.5641895835477563,,C:\Users\sophi\napari-organoid-segmentation\reports\organoid_measurements_aspirina_5_segmentations\Condição 5 - 17_labels.tif
Condição 5 - 17.jpg,ConvPaint,582,883.5,331.0,4.0,2.0,0.3813725709915161,1.1283791670955126,12.566370614359172,C:\Users\sophi\napari-organoid-segmentation\reports\organoid_measurements_aspirina_5_segmentations\Condição 5 - 17_labels.tif
Condição 5 - 17.jpg,ConvPaint,583,882.5,728.5,4.0,4.0,0.38333335518836975,1.1283791670955126,3.141592653589793,C:\Users\sophi\napari-organoid-segmentation\reports\organoid_measurements_aspirina_5_segmentations\Condição 5 - 17_labels.tif
Condição 5 - 17.jpg,ConvPaint,584,882.5,1150.5,4.0,4.0,0.30882352590560913,1.1283791670955126,3.141592653589793,C:\Users\sophi\napari-organoid-segmentation\reports\organoid_measurements_aspirina_5_segmentations\Condição 5 - 17_labels.tif
Condição 5 - 17.jpg,ConvPaint,585,885.6666666666666,585.8333333333334,6.0,6.414213562373095,0.5281046032905579,1.381976597885342,1.8326278532479736,C:\Users\sophi\napari-organoid-segmentation\reports\organoid_measurements_aspirina_5_segmentations\Condição 5 - 17_labels.tif
Condição 5 - 17.jpg,ConvPaint,586,885.0,1077.0,1.0,0.0,0.41960784792900085,0.5641895835477563,,C:\Users\sophi\napari-organoid-segmentation\reports\organoid_measurements_aspirina_5_segmentations\Condição 5 - 17_labels.tif
Condição 5 - 17.jpg,ConvPaint,587,885.0,1145.0,1.0,0.0,0.32549020648002625,0.5641895835477563,,C:\Users\sophi\napari-organoid-segmentation\reports\organoid_measurements_aspirina_5_segmentations\Condição 5 - 17_labels.tif
Condição 5 - 17.jpg,ConvPaint,588,889.0,589.0,1.0,0.0,0.5843137502670288,0.5641895835477563,,C:\Users\sophi\napari-organoid-segmentation\reports\organoid_measurements_aspirina_5_segmentations\Condição 5 - 17_labels.tif
Condição 5 - 17.jpg,ConvPaint,589,889.0,1143.0,1.0,0.0,0.41960784792900085,0.5641895835477563,,C:\Users\sophi\napari-organoid-segmentation\reports\organoid_measurements_aspirina_5_segmentations\Condição 5 - 17_labels.tif
Condição 5 - 17.jpg,ConvPaint,590,895.0,598.0,1.0,0.0,0.35686275362968445,0.5641895835477563,,C:\Users\sophi\napari-organoid-segmentation\reports\organoid_measurements_aspirina_5_segmentations\Condição 5 - 17_labels.tif
Condição 5 - 17.jpg,ConvPaint,591,897.3333333333334,314.6666666666667,3.0,3.414213562373095,0.3529411852359772,0.9772050238058398,3.2340725067158833,C:\Users\sophi\napari-organoid-segmentation\reports\organoid_measurements_aspirina_5_segmentations\Condição 5 - 17_labels.tif
Condição 5 - 17.jpg,ConvPaint,592,902.5,306.0,2.0,0.0,0.2980392277240753,0.7978845608028654,,C:\Users\sophi\napari-organoid-segmentation\reports\organoid_measurements_aspirina_5_segmentations\Condição 5 - 17_labels.tif
Condição 5 - 17.jpg,ConvPaint,593,903.0,698.0,1.0,0.0,0.5058823823928833,0.5641895835477563,,C:\Users\sophi\napari-organoid-segmentation\reports\organoid_measurements_aspirina_5_segmentations\Condição 5 - 17_labels.tif
Condição 5 - 17.jpg,ConvPaint,594,904.0,688.0,1.0,0.0,0.32156863808631897,0.5641895835477563,,C:\Users\sophi\napari-organoid-segmentation\reports\organoid_measurements_aspirina_5_segmentations\Condição 5 - 17_labels.tif
Condição 5 - 17.jpg,ConvPaint,595,905.0,659.0,1.0,0.0,0.2862745225429535,0.5641895835477563,,C:\Users\sophi\napari-organoid-segmentation\reports\organoid_measurements_aspirina_5_segmentations\Condição 5 - 17_labels.tif
Condição 5 - 17.jpg,ConvPaint,596,906.0,678.3333333333334,3.0,1.2071067811865475,0.3464052379131317,0.9772050238058398,25.872580053727066,C:\Users\sophi\napari-organoid-segmentation\reports\organoid_measurements_aspirina_5_segmentations\Condição 5 - 17_labels.tif
Condição 5 - 17.jpg,ConvPaint,597,906.5,691.0,2.0,0.0,0.47647058963775635,0.7978845608028654,,C:\Users\sophi\napari-organoid-segmentation\reports\organoid_measurements_aspirina_5_segmentations\Condição 5 - 17_labels.tif
Condição 5 - 17.jpg,ConvPaint,598,908.5,614.0,4.0,4.414213562373095,0.5803921818733215,1.1283791670955126,2.5796641830326625,C:\Users\sophi\napari-organoid-segmentation\reports\organoid_measurements_aspirina_5_segmentations\Condição 5 - 17_labels.tif
Condição 5 - 17.jpg,ConvPaint,599,909.0,657.0,1.0,0.0,0.4313725531101227,0.5641895835477563,,C:\Users\sophi\napari-organoid-segmentation\reports\organoid_measurements_aspirina_5_segmentations\Condição 5 - 17_labels.tif
Condição 5 - 17.jpg,ConvPaint,600,911.0,169.0,1.0,0.0,0.7176470756530762,0.5641895835477563,,C:\Users\sophi\napari-organoid-segmentation\reports\organoid_measurements_aspirina_5_segmentations\Condição 5 - 17_labels.tif
Condição 5 - 17.jpg,ConvPaint,601,911.0,648.0,1.0,0.0,0.5058823823928833,0.5641895835477563,,C:\Users\sophi\napari-organoid-segmentation\reports\organoid_measurements_aspirina_5_segmentations\Condição 5 - 17_labels.tif
Condição 5 - 17.jpg,ConvPaint,602,911.0,662.0,1.0,0.0,0.46666666865348816,0.5641895835477563,,C:\Users\sophi\napari-organoid-segmentation\reports\organoid_measurements_aspirina_5_segmentations\Condição 5 - 17_labels.tif
Condição 5 - 17.jpg,ConvPaint,603,913.0,183.0,1.0,0.0,0.47058823704719543,0.5641895835477563,,C:\Users\sophi\napari-organoid-segmentation\reports\organoid_measurements_aspirina_5_segmentations\Condição 5 - 17_labels.tif
Condição 5 - 17.jpg,ConvPaint,604,913.0,297.0,1.0,0.0,0.4431372582912445,0.5641895835477563,,C:\Users\sophi\napari-organoid-segmentation\reports\organoid_measurements_aspirina_5_segmentations\Condição 5 - 17_labels.tif
Condição 5 - 17.jpg,ConvPaint,605,915.0,180.5,2.0,0.0,0.5235294103622437,0.7978845608028654,,C:\Users\sophi\napari-organoid-segmentation\reports\organoid_measurements_aspirina_5_segmentations\Condição 5 - 17_labels.tif
Condição 5 - 17.jpg,ConvPaint,606,926.4,274.2,5.0,5.207106781186548,0.3529411852359772,1.2615662610100802,2.3173247538676778,C:\Users\sophi\napari-organoid-segmentation\reports\organoid_measurements_aspirina_5_segmentations\Condição 5 - 17_labels.tif
Condição 5 - 17.jpg,ConvPaint,607,926.5,278.0,2.0,0.0,0.4627451002597809,0.7978845608028654,,C:\Users\sophi\napari-organoid-segmentation\reports\organoid_measurements_aspirina_5_segmentations\Condição 5 - 17_labels.tif
Condição 5 - 17.jpg,ConvPaint,608,927.0,271.0,1.0,0.0,0.32156863808631897,0.5641895835477563,,C:\Users\sophi\napari-organoid-segmentation\reports\organoid_measurements_aspirina_5_segmentations\Condição 5 - 17_labels.tif
Condição 5 - 17.jpg,ConvPaint,609,939.0,204.5,2.0,0.0,0.6980392336845398,0.7978845608028654,,C:\Users\sophi\napari-organoid-segmentation\reports\organoid_measurements_aspirina_5_segmentations\Condição 5 - 17_labels.tif
Condição 5 - 17.jpg,ConvPaint,610,939.0,222.0,1.0,0.0,0.33725491166114807,0.5641895835477563,,C:\Users\sophi\napari-organoid-segmentation\reports\organoid_measurements_aspirina_5_segmentations\Condição 5 - 17_labels.tif
Condição 5 - 17.jpg,ConvPaint,611,941.0,224.0,1.0,0.0,0.3764705955982208,0.5641895835477563,,C:\Users\sophi\napari-organoid-segmentation\reports\organoid_measurements_aspirina_5_segmentations\Condição 5 - 17_labels.tif
Condição 5 - 17.jpg,ConvPaint,612,974.6666666666666,1730.6666666666667,3.0,3.414213562373095,0.5816993713378906,0.9772050238058398,3.2340725067158833,C:\Users\sophi\napari-organoid-segmentation\reports\organoid_measurements_aspirina_5_segmentations\Condição 5 - 17_labels.tif
Condição 5 - 17.jpg,ConvPaint,613,975.0,1707.0,1.0,0.0,0.48235294222831726,0.5641895835477563,,C:\Users\sophi\napari-organoid-segmentation\reports\organoid_measurements_aspirina_5_segmentations\Condição 5 - 17_labels.tif
Condição 5 - 17.jpg,ConvPaint,614,977.8,1705.2,5.0,4.207106781186548,0.5819608569145203,1.2615662610100802,3.5498728546441756,C:\Users\sophi\napari-organoid-segmentation\reports\organoid_measurements_aspirina_5_segmentations\Condição 5 - 17_labels.tif
Condição 5 - 17.jpg,ConvPaint,615,977.3571428571429,1713.642857142857,14.0,9.414213562373096,0.10616247355937958,2.111004122822376,1.985042490915187,C:\Users\sophi\napari-organoid-segmentation\reports\organoid_measurements_aspirina_5_segmentations\Condição 5 - 17_labels.tif
Condição 5 - 17.jpg,ConvPaint,616,980.0,1807.0,3.0,1.0,0.5790849924087524,0.9772050238058398,37.69911184307752,C:\Users\sophi\napari-organoid-segmentation\reports\organoid_measurements_aspirina_5_segmentations\Condição 5 - 17_labels.tif
Condição 5 - 17.jpg,ConvPaint,617,985.5,1752.0,10.0,8.0,0.19098040461540222,1.7841241161527712,1.9634954084936207,C:\Users\sophi\napari-organoid-segmentation\reports\organoid_measurements_aspirina_5_segmentations\Condição 5 - 17_labels.tif
Condição 5 - 17.jpg,ConvPaint,618,986.5,1755.0,10.0,8.0,0.23725490272045135,1.7841241161527712,1.9634954084936207,C:\Users\sophi\napari-organoid-segmentation\reports\organoid_measurements_aspirina_5_segmentations\Condição 5 - 17_labels.tif
Condição 5 - 17.jpg,ConvPaint,619,984.8333333333334,1845.8333333333333,6.0,5.414213562373095,0.4313725531101227,1.381976597885342,2.5721148072672673,C:\Users\sophi\napari-organoid-segmentation\reports\organoid_measurements_aspirina_5_segmentations\Condição 5 - 17_labels.tif
Condição 5 - 17.jpg,ConvPaint,620,984.0,1850.0,1.0,0.0,0.0,0.5641895835477563,,C:\Users\sophi\napari-organoid-segmentation\reports\organoid_measurements_aspirina_5_segmentations\Condição 5 - 17_labels.tif
Condição 5 - 17.jpg,ConvPaint,621,986.5,1838.5,4.0,4.0,0.0,1.1283791670955126,3.141592653589793,C:\Users\sophi\napari-organoid-segmentation\reports\organoid_measurements_aspirina_5_segmentations\Condição 5 - 17_labels.tif
Condição 5 - 17.jpg,ConvPaint,622,987.0,1827.0,1.0,0.0,0.0,0.5641895835477563,,C:\Users\sophi\napari-organoid-segmentation\reports\organoid_measurements_aspirina_5_segmentations\Condição 5 - 17_labels.tif
Condição 5 - 17.jpg,ConvPaint,623,987.0,1841.0,1.0,0.0,0.0,0.5641895835477563,,C:\Users\sophi\napari-organoid-segmentation\reports\organoid_measurements_aspirina_5_segmentations\Condição 5 - 17_labels.tif
Condição 5 - 17.jpg,ConvPaint,624,998.0,1706.5,6.0,6.0,0.4287581741809845,1.381976597885342,2.0943951023931953,C:\Users\sophi\napari-organoid-segmentation\reports\organoid_measurements_aspirina_5_segmentations\Condição 5 - 17_labels.tif
Condição 5 - 17.jpg,ConvPaint,625,998.0,1740.0,3.0,1.0,0.38823533058166504,0.9772050238058398,37.69911184307752,C:\Users\sophi\napari-organoid-segmentation\reports\organoid_measurements_aspirina_5_segmentations\Condição 5 - 17_labels.tif
Condição 5 - 17.jpg,ConvPaint,626,999.0,1742.5,2.0,0.0,0.0,0.7978845608028654,,C:\Users\sophi\napari-organoid-segmentation\reports\organoid_measurements_aspirina_5_segmentations\Condição 5 - 17_labels.tif
Condição 5 - 17.jpg,ConvPaint,627,1004.0,1798.5,6.0,6.0,0.0797385647892952,1.381976597885342,2.0943951023931953,C:\Users\sophi\napari-organoid-segmentation\reports\organoid_measurements_aspirina_5_segmentations\Condição 5 - 17_labels.tif
Condição 5 - 17.jpg,ConvPaint,628,1016.0,1727.0,1.0,0.0,0.29411765933036804,0.5641895835477563,,C:\Users\sophi\napari-organoid-segmentation\reports\organoid_measurements_aspirina_5_segmentations\Condição 5 - 17_labels.tif
Condição 5 - 17.jpg,ConvPaint,629,1036.0,1836.0,1.0,0.0,0.5607843399047852,0.5641895835477563,,C:\Users\sophi\napari-organoid-segmentation\reports\organoid_measurements_aspirina_5_segmentations\Condição 5 - 17_labels.tif
Condição 5 - 17.jpg,ConvPaint,630,1060.0,1881.0,1.0,0.0,0.4313725531101227,0.5641895835477563,,C:\Users\sophi\napari-organoid-segmentation\reports\organoid_measurements_aspirina_5_segmentations\Condição 5 - 17_labels.tif
Condição 5 - 17.jpg,ConvPaint,631,1060.5,1890.5,4.0,4.0,0.3637255132198334,1.1283791670955126,3.141592653589793,C:\Users\sophi\napari-organoid-segmentation\reports\organoid_measurements_aspirina_5_segmentations\Condição 5 - 17_labels.tif
Condição 5 - 17.jpg,ConvPaint,632,1061.235294117647,1915.4117647058824,17.0,16.0,0.33310267329216003,2.326213245840639,0.8344855486097889,C:\Users\sophi\napari-organoid-segmentation\reports\organoid_measurements_aspirina_5_segmentations\Condição 5 - 17_labels.tif
Condição 5 - 17.jpg,ConvPaint,633,1062.0,1874.0,1.0,0.0,0.4941176474094391,0.5641895835477563,,C:\Users\sophi\napari-organoid-segmentation\reports\organoid_measurements_aspirina_5_segmentations\Condição 5 - 17_labels.tif
Condição 5 - 17.jpg,ConvPaint,634,1074.1493212669684,1554.021116138763,663.0,205.70458146424488,0.29372134804725647,14.527197064122632,0.19689535175062878,C:\Users\sophi\napari-organoid-segmentation\reports\organoid_measurements_aspirina_5_segmentations\Condição 5 - 17_labels.tif
Condição 5 - 17.jpg,ConvPaint,635,1064.0,1872.0,1.0,0.0,0.43529412150382996,0.5641895835477563,,C:\Users\sophi\napari-organoid-segmentation\reports\organoid_measurements_aspirina_5_segmentations\Condição 5 - 17_labels.tif
Condição 5 - 17.jpg,ConvPaint,636,1065.3333333333333,1874.3333333333333,6.0,5.82842712474619,0.4130719006061554,1.381976597885342,2.2195164750261624,C:\Users\sophi\napari-organoid-segmentation\reports\organoid_measurements_aspirina_5_segmentations\Condição 5 - 17_labels.tif
Condição 5 - 17.jpg,ConvPaint,637,1072.8031161473089,1893.613314447592,706.0,165.97665940288704,0.2332722395658493,14.99088988838742,0.3220479406655869,C:\Users\sophi\napari-organoid-segmentation\reports\organoid_measurements_aspirina_5_segmentations\Condição 5 - 17_labels.tif
Condição 5 - 17.jpg,ConvPaint,638,1067.0,1875.0,1.0,0.0,0.37254902720451355,0.5641895835477563,,C:\Users\sophi\napari-organoid-segmentation\reports\organoid_measurements_aspirina_5_segmentations\Condição 5 - 17_labels.tif
Condição 5 - 17.jpg,ConvPaint,639,1068.6666666666667,1584.3333333333333,3.0,3.414213562373095,0.5124183297157288,0.9772050238058398,3.2340725067158833,C:\Users\sophi\napari-organoid-segmentation\reports\organoid_measurements_aspirina_5_segmentations\Condição 5 - 17_labels.tif
Condição 5 - 17.jpg,ConvPaint,640,1069.0,1869.8333333333333,6.0,5.414213562373095,0.3692810535430908,1.381976597885342,2.5721148072672673,C:\Users\sophi\napari-organoid-segmentation\reports\organoid_measurements_aspirina_5_segmentations\Condição 5 - 17_labels.tif
Condição 5 - 17.jpg,ConvPaint,641,1073.0,1522.5,2.0,0.0,0.5137255191802979,0.7978845608028654,,C:\Users\sophi\napari-organoid-segmentation\reports\organoid_measurements_aspirina_5_segmentations\Condição 5 - 17_labels.tif
Condição 5 - 17.jpg,ConvPaint,642,1076.6,1598.0,5.0,5.414213562373095,0.5623530149459839,1.2615662610100802,2.143429006056056,C:\Users\sophi\napari-organoid-segmentation\reports\organoid_measurements_aspirina_5_segmentations\Condição 5 - 17_labels.tif
Condição 5 - 17.jpg,ConvPaint,643,1079.0,1589.5,2.0,0.0,0.3549019694328308,0.7978845608028654,,C:\Users\sophi\napari-organoid-segmentation\reports\organoid_measurements_aspirina_5_segmentations\Condição 5 - 17_labels.tif
Condição 5 - 18.jpg,ConvPaint,1,155.05567620927937,1869.4393879565646,20260.0,783.3624817342637,0.16863617300987244,80.3054063814112,0.4148812135087554,C:\Users\sophi\napari-organoid-segmentation\reports\organoid_measurements_aspirina_5_segmentations\Condição 5 - 18_labels.tif
Condição 5 - 18.jpg,ConvPaint,2,50.0,1904.5,2.0,0.0,0.3078431487083435,0.7978845608028654,,C:\Users\sophi\napari-organoid-segmentation\reports\organoid_measurements_aspirina_5_segmentations\Condição 5 - 18_labels.tif
Condição 5 - 18.jpg,ConvPaint,3,52.0,1890.5,2.0,0.0,0.4117647111415863,0.7978845608028654,,C:\Users\sophi\napari-organoid-segmentation\reports\organoid_measurements_aspirina_5_segmentations\Condição 5 - 18_labels.tif
Condição 5 - 18.jpg,ConvPaint,4,54.25,1886.75,4.0,3.2071067811865475,0.3843137323856354,1.1283791670955126,4.887007608661263,C:\Users\sophi\napari-organoid-segmentation\reports\organoid_measurements_aspirina_5_segmentations\Condição 5 - 18_labels.tif
Condição 5 - 18.jpg,ConvPaint,5,56.0,1842.0,1.0,0.0,0.40784314274787903,0.5641895835477563,,C:\Users\sophi\napari-organoid-segmentation\reports\organoid_measurements_aspirina_5_segmentations\Condição 5 - 18_labels.tif
Condição 5 - 18.jpg,ConvPaint,6,60.0,1505.0,1.0,0.0,0.4117647111415863,0.5641895835477563,,C:\Users\sophi\napari-organoid-segmentation\reports\organoid_measurements_aspirina_5_segmentations\Condição 5 - 18_labels.tif
Condição 5 - 18.jpg,ConvPaint,7,60.0,1835.5,2.0,0.0,0.3529411852359772,0.7978845608028654,,C:\Users\sophi\napari-organoid-segmentation\reports\organoid_measurements_aspirina_5_segmentations\Condição 5 - 18_labels.tif
Condição 5 - 18.jpg,ConvPaint,8,60.0,1851.0,1.0,0.0,0.30980393290519714,0.5641895835477563,,C:\Users\sophi\napari-organoid-segmentation\reports\organoid_measurements_aspirina_5_segmentations\Condição 5 - 18_labels.tif
Condição 5 - 18.jpg,ConvPaint,9,61.0,1517.0,1.0,0.0,0.3843137323856354,0.5641895835477563,,C:\Users\sophi\napari-organoid-segmentation\reports\organoid_measurements_aspirina_5_segmentations\Condição 5 - 18_labels.tif
Condição 5 - 18.jpg,ConvPaint,10,64.0,1486.0,3.0,1.0,0.4575163424015045,0.9772050238058398,37.69911184307752,C:\Users\sophi\napari-organoid-segmentation\reports\organoid_measurements_aspirina_5_segmentations\Condição 5 - 18_labels.tif
Condição 5 - 18.jpg,ConvPaint,11,64.75,1491.0,4.0,4.621320343559642,0.386274516582489,1.1283791670955126,2.3536273758173025,C:\Users\sophi\napari-organoid-segmentation\reports\organoid_measurements_aspirina_5_segmentations\Condição 5 - 18_labels.tif
Condição 5 - 18.jpg,ConvPaint,12,188.4547720977084,1516.7399143792495,39710.0,1474.8925317304245,0.17711547017097473,112.42813518136076,0.2293976676630561,C:\Users\sophi\napari-organoid-segmentation\reports\organoid_measurements_aspirina_5_segmentations\Condição 5 - 18_labels.tif
Condição 5 - 18.jpg,ConvPaint,13,64.0,1523.0,1.0,0.0,0.3529411852359772,0.5641895835477563,,C:\Users\sophi\napari-organoid-segmentation\reports\organoid_measurements_aspirina_5_segmentations\Condição 5 - 18_labels.tif
Condição 5 - 18.jpg,ConvPaint,14,64.0,1530.0,1.0,0.0,0.4588235318660736,0.5641895835477563,,C:\Users\sophi\napari-organoid-segmentation\reports\organoid_measurements_aspirina_5_segmentations\Condição 5 - 18_labels.tif
Condição 5 - 18.jpg,ConvPaint,15,66.0,1483.0,1.0,0.0,0.46666666865348816,0.5641895835477563,,C:\Users\sophi\napari-organoid-segmentation\reports\organoid_measurements_aspirina_5_segmentations\Condição 5 - 18_labels.tif
Condição 5 - 18.jpg,ConvPaint,16,66.0,1487.0,1.0,0.0,0.3843137323856354,0.5641895835477563,,C:\Users\sophi\napari-organoid-segmentation\reports\organoid_measurements_aspirina_5_segmentations\Condição 5 - 18_labels.tif
Condição 5 - 18.jpg,ConvPaint,17,72.72727272727273,1474.4545454545455,11.0,11.449747468305832,0.4071301221847534,1.8712051592547776,1.0544129542556588,C:\Users\sophi\napari-organoid-segmentation\reports\organoid_measurements_aspirina_5_segmentations\Condição 5 - 18_labels.tif
Condição 5 - 18.jpg,ConvPaint,18,72.0,1479.0,1.0,0.0,0.3490196168422699,0.5641895835477563,,C:\Users\sophi\napari-organoid-segmentation\reports\organoid_measurements_aspirina_5_segmentations\Condição 5 - 18_labels.tif
Condição 5 - 18.jpg,ConvPaint,19,72.5,1537.0,2.0,0.0,0.30588236451148987,0.7978845608028654,,C:\Users\sophi\napari-organoid-segmentation\reports\organoid_measurements_aspirina_5_segmentations\Condição 5 - 18_labels.tif
Condição 5 - 18.jpg,ConvPaint,20,76.0,1470.0,1.0,0.0,0.47058823704719543,0.5641895835477563,,C:\Users\sophi\napari-organoid-segmentation\reports\organoid_measurements_aspirina_5_segmentations\Condição 5 - 18_labels.tif
Condição 5 - 18.jpg,ConvPaint,21,79.0,1814.0,1.0,0.0,0.34117648005485535,0.5641895835477563,,C:\Users\sophi\napari-organoid-segmentation\reports\organoid_measurements_aspirina_5_segmentations\Condição 5 - 18_labels.tif
Condição 5 - 18.jpg,ConvPaint,22,80.5,1555.0,2.0,0.0,0.3235294222831726,0.7978845608028654,,C:\Users\sophi\napari-organoid-segmentation\reports\organoid_measurements_aspirina_5_segmentations\Condição 5 - 18_labels.tif
Condição 5 - 18.jpg,ConvPaint,23,81.5,1462.5,2.0,0.0,0.44117647409439087,0.7978845608028654,,C:\Users\sophi\napari-organoid-segmentation\reports\organoid_measurements_aspirina_5_segmentations\Condição 5 - 18_labels.tif
Condição 5 - 18.jpg,ConvPaint,24,84.0,1458.0,1.0,0.0,0.43921568989753723,0.5641895835477563,,C:\Users\sophi\napari-organoid-segmentation\reports\organoid_measurements_aspirina_5_segmentations\Condição 5 - 18_labels.tif
Condição 5 - 18.jpg,ConvPaint,25,84.0,1814.0,1.0,0.0,0.3176470696926117,0.5641895835477563,,C:\Users\sophi\napari-organoid-segmentation\reports\organoid_measurements_aspirina_5_segmentations\Condição 5 - 18_labels.tif
Condição 5 - 18.jpg,ConvPaint,26,85.0,1812.0,1.0,0.0,0.3450980484485626,0.5641895835477563,,C:\Users\sophi\napari-organoid-segmentation\reports\organoid_measurements_aspirina_5_segmentations\Condição 5 - 18_labels.tif
Condição 5 - 18.jpg,ConvPaint,27,88.0,1570.0,1.0,0.0,0.4156862795352936,0.5641895835477563,,C:\Users\sophi\napari-organoid-segmentation\reports\organoid_measurements_aspirina_5_segmentations\Condição 5 - 18_labels.tif
Condição 5 - 18.jpg,ConvPaint,28,90.5,1571.0,2.0,0.0,0.386274516582489,0.7978845608028654,,C:\Users\sophi\napari-organoid-segmentation\reports\organoid_measurements_aspirina_5_segmentations\Condição 5 - 18_labels.tif
Condição 5 - 18.jpg,ConvPaint,29,97.0,1574.0,1.0,0.0,0.34117648005485535,0.5641895835477563,,C:\Users\sophi\napari-organoid-segmentation\reports\organoid_measurements_aspirina_5_segmentations\Condição 5 - 18_labels.tif
Condição 5 - 18.jpg,ConvPaint,30,100.66666666666667,1082.3333333333333,3.0,3.414213562373095,0.5071895718574524,0.9772050238058398,3.2340725067158833,C:\Users\sophi\napari-organoid-segmentation\reports\organoid_measurements_aspirina_5_segmentations\Condição 5 - 18_labels.tif
Condição 5 - 18.jpg,ConvPaint,31,100.25,1085.75,4.0,3.2071067811865475,0.4892156720161438,1.1283791670955126,4.887007608661263,C:\Users\sophi\napari-organoid-segmentation\reports\organoid_measurements_aspirina_5_segmentations\Condição 5 - 18_labels.tif
Condição 5 - 18.jpg,ConvPaint,32,102.0,1581.0,1.0,0.0,0.3450980484485626,0.5641895835477563,,C:\Users\sophi\napari-organoid-segmentation\reports\organoid_measurements_aspirina_5_segmentations\Condição 5 - 18_labels.tif
Condição 5 - 18.jpg,ConvPaint,33,104.0,1074.0,1.0,0.0,0.45098039507865906,0.5641895835477563,,C:\Users\sophi\napari-organoid-segmentation\reports\organoid_measurements_aspirina_5_segmentations\Condição 5 - 18_labels.tif
Condição 5 - 18.jpg,ConvPaint,34,105.0,1585.0,1.0,0.0,0.43529412150382996,0.5641895835477563,,C:\Users\sophi\napari-organoid-segmentation\reports\organoid_measurements_aspirina_5_segmentations\Condição 5 - 18_labels.tif
Condição 5 - 18.jpg,ConvPaint,35,209.48320079144628,1100.0938320459647,26281.0,1264.424494298889,0.21579208970069885,91.46311889934763,0.20656938167855737,C:\Users\sophi\napari-organoid-segmentation\reports\organoid_measurements_aspirina_5_segmentations\Condição 5 - 18_labels.tif
Condição 5 - 18.jpg,ConvPaint,36,107.0,1070.0,1.0,0.0,0.5058823823928833,0.5641895835477563,,C:\Users\sophi\napari-organoid-segmentation\reports\organoid_measurements_aspirina_5_segmentations\Condição 5 - 18_labels.tif
Condição 5 - 18.jpg,ConvPaint,37,107.0,1078.0,1.0,0.0,0.37254902720451355,0.5641895835477563,,C:\Users\sophi\napari-organoid-segmentation\reports\organoid_measurements_aspirina_5_segmentations\Condição 5 - 18_labels.tif
Condição 5 - 18.jpg,ConvPaint,38,107.0,1586.5,2.0,0.0,0.4274509847164154,0.7978845608028654,,C:\Users\sophi\napari-organoid-segmentation\reports\organoid_measurements_aspirina_5_segmentations\Condição 5 - 18_labels.tif
Condição 5 - 18.jpg,ConvPaint,39,117.2948717948718,1124.2179487179487,78.0,58.42031021678298,0.38607344031333923,4.982787485166879,0.28719491699287086,C:\Users\sophi\napari-organoid-segmentation\reports\organoid_measurements_aspirina_5_segmentations\Condição 5 - 18_labels.tif
Condição 5 - 18.jpg,ConvPaint,40,115.57142857142857,1045.142857142857,14.0,10.621320343559642,0.538095235824585,2.111004122822376,1.5594838609362693,C:\Users\sophi\napari-organoid-segmentation\reports\organoid_measurements_aspirina_5_segmentations\Condição 5 - 18_labels.tif
Condição 5 - 18.jpg,ConvPaint,41,113.5,1429.0,6.0,6.414213562373095,0.41960784792900085,1.381976597885342,1.8326278532479736,C:\Users\sophi\napari-organoid-segmentation\reports\organoid_measurements_aspirina_5_segmentations\Condição 5 - 18_labels.tif
Condição 5 - 18.jpg,ConvPaint,42,112.5,1435.0,2.0,0.0,0.40392157435417175,0.7978845608028654,,C:\Users\sophi\napari-organoid-segmentation\reports\organoid_measurements_aspirina_5_segmentations\Condição 5 - 18_labels.tif
Condição 5 - 18.jpg,ConvPaint,43,116.71428571428571,1065.0714285714287,14.0,13.828427124746192,0.47759103775024414,2.111004122822376,0.9200095363701503,C:\Users\sophi\napari-organoid-segmentation\reports\organoid_measurements_aspirina_5_segmentations\Condição 5 - 18_labels.tif
Condição 5 - 18.jpg,ConvPaint,44,116.5,1076.0,2.0,0.0,0.33137255907058716,0.7978845608028654,,C:\Users\sophi\napari-organoid-segmentation\reports\organoid_measurements_aspirina_5_segmentations\Condição 5 - 18_labels.tif
Condição 5 - 18.jpg,ConvPaint,45,116.5,1133.0,2.0,0.0,0.4176470637321472,0.7978845608028654,,C:\Users\sophi\napari-organoid-segmentation\reports\organoid_measurements_aspirina_5_segmentations\Condição 5 - 18_labels.tif
Condição 5 - 18.jpg,ConvPaint,46,116.33333333333333,1600.0,3.0,1.2071067811865475,0.4588235318660736,0.9772050238058398,25.872580053727066,C:\Users\sophi\napari-organoid-segmentation\reports\organoid_measurements_aspirina_5_segmentations\Condição 5 - 18_labels.tif
Condição 5 - 18.jpg,ConvPaint,47,116.71428571428571,1796.857142857143,7.0,6.207106781186548,0.3775910437107086,1.4927053303604616,2.2831238497444226,C:\Users\sophi\napari-organoid-segmentation\reports\organoid_measurements_aspirina_5_segmentations\Condição 5 - 18_labels.tif
Condição 5 - 18.jpg,ConvPaint,48,117.0,1430.0,1.0,0.0,0.3764705955982208,0.5641895835477563,,C:\Users\sophi\napari-organoid-segmentation\reports\organoid_measurements_aspirina_5_segmentations\Condição 5 - 18_labels.tif
Condição 5 - 18.jpg,ConvPaint,49,118.66666666666667,1426.3333333333333,3.0,3.414213562373095,0.40522876381874084,0.9772050238058398,3.2340725067158833,C:\Users\sophi\napari-organoid-segmentation\reports\organoid_measurements_aspirina_5_segmentations\Condição 5 - 18_labels.tif
Condição 5 - 18.jpg,ConvPaint,50,118.0,1432.0,1.0,0.0,0.32549020648002625,0.5641895835477563,,C:\Users\sophi\napari-organoid-segmentation\reports\organoid_measurements_aspirina_5_segmentations\Condição 5 - 18_labels.tif
Condição 5 - 18.jpg,ConvPaint,51,120.6,1070.7,10.0,9.621320343559642,0.3086274564266205,1.7841241161527712,1.3575021135170178,C:\Users\sophi\napari-organoid-segmentation\reports\organoid_measurements_aspirina_5_segmentations\Condição 5 - 18_labels.tif
Condição 5 - 18.jpg,ConvPaint,52,119.5,1133.0,2.0,0.0,0.31960785388946533,0.7978845608028654,,C:\Users\sophi\napari-organoid-segmentation\reports\organoid_measurements_aspirina_5_segmentations\Condição 5 - 18_labels.tif
Condição 5 - 18.jpg,ConvPaint,53,119.0,1422.5,2.0,0.0,0.4901961088180542,0.7978845608028654,,C:\Users\sophi\napari-organoid-segmentation\reports\organoid_measurements_aspirina_5_segmentations\Condição 5 - 18_labels.tif
Condição 5 - 18.jpg,ConvPaint,54,121.33333333333333,1020.6666666666666,3.0,3.414213562373095,0.5503268241882324,0.9772050238058398,3.2340725067158833,C:\Users\sophi\napari-organoid-segmentation\reports\organoid_measurements_aspirina_5_segmentations\Condição 5 - 18_labels.tif
Condição 5 - 18.jpg,ConvPaint,55,122.0,1060.5,2.0,0.0,0.3607843220233917,0.7978845608028654,,C:\Users\sophi\napari-organoid-segmentation\reports\organoid_measurements_aspirina_5_segmentations\Condição 5 - 18_labels.tif
Condição 5 - 18.jpg,ConvPaint,56,133.85294117647058,1009.8676470588235,68.0,58.662950903902264,0.44821229577064514,4.652426491681278,0.24830814527136533,C:\Users\sophi\napari-organoid-segmentation\reports\organoid_measurements_aspirina_5_segmentations\Condição 5 - 18_labels.tif
Condição 5 - 18.jpg,ConvPaint,57,128.8,1142.6,5.0,5.207106781186548,0.5325490236282349,1.2615662610100802,2.3173247538676778,C:\Users\sophi\napari-organoid-segmentation\reports\organoid_measurements_aspirina_5_segmentations\Condição 5 - 18_labels.tif
Condição 5 - 18.jpg,ConvPaint,58,135.44444444444446,1424.3333333333333,9.0,9.414213562373096,0.4801742732524872,1.692568750643269,1.2760987441597629,C:\Users\sophi\napari-organoid-segmentation\reports\organoid_measurements_aspirina_5_segmentations\Condição 5 - 18_labels.tif
Condição 5 - 18.jpg,ConvPaint,59,134.0,1040.0,1.0,0.0,0.37254902720451355,0.5641895835477563,,C:\Users\sophi\napari-organoid-segmentation\reports\organoid_measurements_aspirina_5_segmentations\Condição 5 - 18_labels.tif
Condição 5 - 18.jpg,ConvPaint,60,136.75,1150.25,4.0,3.2071067811865475,0.4421568810939789,1.1283791670955126,4.887007608661263,C:\Users\sophi\napari-organoid-segmentation\reports\organoid_measurements_aspirina_5_segmentations\Condição 5 - 18_labels.tif
Condição 5 - 18.jpg,ConvPaint,61,140.0,1032.5,2.0,0.0,0.41960784792900085,0.7978845608028654,,C:\Users\sophi\napari-organoid-segmentation\reports\organoid_measurements_aspirina_5_segmentations\Condição 5 - 18_labels.tif
Condição 5 - 18.jpg,ConvPaint,62,144.0,1021.0,1.0,0.0,0.40784314274787903,0.5641895835477563,,C:\Users\sophi\napari-organoid-segmentation\reports\organoid_measurements_aspirina_5_segmentations\Condição 5 - 18_labels.tif
Condição 5 - 18.jpg,ConvPaint,63,145.0,1165.0,1.0,0.0,0.4941176474094391,0.5641895835477563,,C:\Users\sophi\napari-organoid-segmentation\reports\organoid_measurements_aspirina_5_segmentations\Condição 5 - 18_labels.tif
Condição 5 - 18.jpg,ConvPaint,64,145.0,1167.0,1.0,0.0,0.48235294222831726,0.5641895835477563,,C:\Users\sophi\napari-organoid-segmentation\reports\organoid_measurements_aspirina_5_segmentations\Condição 5 - 18_labels.tif
Condição 5 - 18.jpg,ConvPaint,65,146.5,1010.5,2.0,0.0,0.42941176891326904,0.7978845608028654,,C:\Users\sophi\napari-organoid-segmentation\reports\organoid_measurements_aspirina_5_segmentations\Condição 5 - 18_labels.tif
Condição 5 - 18.jpg,ConvPaint,66,147.0,1625.0,1.0,0.0,0.501960813999176,0.5641895835477563,,C:\Users\sophi\napari-organoid-segmentation\reports\organoid_measurements_aspirina_5_segmentations\Condição 5 - 18_labels.tif
Condição 5 - 18.jpg,ConvPaint,67,147.0,1803.0,1.0,0.0,0.4117647111415863,0.5641895835477563,,C:\Users\sophi\napari-organoid-segmentation\reports\organoid_measurements_aspirina_5_segmentations\Condição 5 - 18_labels.tif
Condição 5 - 18.jpg,ConvPaint,68,148.33333333333334,1006.3333333333334,3.0,3.414213562373095,0.5254902243614197,0.9772050238058398,3.2340725067158833,C:\Users\sophi\napari-organoid-segmentation\reports\organoid_measurements_aspirina_5_segmentations\Condição 5 - 18_labels.tif
Condição 5 - 18.jpg,ConvPaint,69,148.0,1167.0,1.0,0.0,0.3686274588108063,0.5641895835477563,,C:\Users\sophi\napari-organoid-segmentation\reports\organoid_measurements_aspirina_5_segmentations\Condição 5 - 18_labels.tif
Condição 5 - 18.jpg,ConvPaint,70,150.0,1009.0,1.0,0.0,0.4431372582912445,0.5641895835477563,,C:\Users\sophi\napari-organoid-segmentation\reports\organoid_measurements_aspirina_5_segmentations\Condição 5 - 18_labels.tif
Condição 5 - 18.jpg,ConvPaint,71,150.0,1169.0,1.0,0.0,0.364705890417099,0.5641895835477563,,C:\Users\sophi\napari-organoid-segmentation\reports\organoid_measurements_aspirina_5_segmentations\Condição 5 - 18_labels.tif
Condição 5 - 18.jpg,ConvPaint,72,155.36,1005.76,25.0,17.242640687119284,0.45003920793533325,2.8209479177387813,1.0566771503220858,C:\Users\sophi\napari-organoid-segmentation\reports\organoid_measurements_aspirina_5_segmentations\Condição 5 - 18_labels.tif
Condição 5 - 18.jpg,ConvPaint,73,151.0,1011.0,1.0,0.0,0.4156862795352936,0.5641895835477563,,C:\Users\sophi\napari-organoid-segmentation\reports\organoid_measurements_aspirina_5_segmentations\Condição 5 - 18_labels.tif
Condição 5 - 18.jpg,ConvPaint,74,152.0,675.0,1.0,0.0,0.4627451002597809,0.5641895835477563,,C:\Users\sophi\napari-organoid-segmentation\reports\organoid_measurements_aspirina_5_segmentations\Condição 5 - 18_labels.tif
Condição 5 - 18.jpg,ConvPaint,75,153.8,1804.8,5.0,4.207106781186548,0.39450979232788086,1.2615662610100802,3.5498728546441756,C:\Users\sophi\napari-organoid-segmentation\reports\organoid_measurements_aspirina_5_segmentations\Condição 5 - 18_labels.tif
Condição 5 - 18.jpg,ConvPaint,76,155.5,1627.0,2.0,0.0,0.4156862795352936,0.7978845608028654,,C:\Users\sophi\napari-organoid-segmentation\reports\organoid_measurements_aspirina_5_segmentations\Condição 5 - 18_labels.tif
Condição 5 - 18.jpg,ConvPaint,77,156.0,636.5,2.0,0.0,0.4156862795352936,0.7978845608028654,,C:\Users\sophi\napari-organoid-segmentation\reports\organoid_measurements_aspirina_5_segmentations\Condição 5 - 18_labels.tif
Condição 5 - 18.jpg,ConvPaint,78,156.0,639.0,1.0,0.0,0.38823530077934265,0.5641895835477563,,C:\Users\sophi\napari-organoid-segmentation\reports\organoid_measurements_aspirina_5_segmentations\Condição 5 - 18_labels.tif
Condição 5 - 18.jpg,ConvPaint,79,250.17832492699762,641.1088399256703,30136.0,1488.3067452927976,0.2002384066581726,97.9417517202685,0.1709663228941207,C:\Users\sophi\napari-organoid-segmentation\reports\organoid_measurements_aspirina_5_segmentations\Condição 5 - 18_labels.tif
Condição 5 - 18.jpg,ConvPaint,80,156.6,648.6,5.0,3.0,0.3482353091239929,1.2615662610100802,6.981317007977318,C:\Users\sophi\napari-organoid-segmentation\reports\organoid_measurements_aspirina_5_segmentations\Condição 5 - 18_labels.tif
Condição 5 - 18.jpg,ConvPaint,81,156.0,664.0,1.0,0.0,0.3843137323856354,0.5641895835477563,,C:\Users\sophi\napari-organoid-segmentation\reports\organoid_measurements_aspirina_5_segmentations\Condição 5 - 18_labels.tif
Condição 5 - 18.jpg,ConvPaint,82,157.4,676.8,5.0,3.414213562373095,0.40392154455184937,1.2615662610100802,5.390120844526472,C:\Users\sophi\napari-organoid-segmentation\reports\organoid_measurements_aspirina_5_segmentations\Condição 5 - 18_labels.tif
Condição 5 - 18.jpg,ConvPaint,83,158.58333333333334,685.1666666666666,12.0,9.828427124746192,0.35816994309425354,1.9544100476116797,1.5610724755126884,C:\Users\sophi\napari-organoid-segmentation\reports\organoid_measurements_aspirina_5_segmentations\Condição 5 - 18_labels.tif
Condição 5 - 18.jpg,ConvPaint,84,157.0,616.0,1.0,0.0,0.5960784554481506,0.5641895835477563,,C:\Users\sophi\napari-organoid-segmentation\reports\organoid_measurements_aspirina_5_segmentations\Condição 5 - 18_labels.tif
Condição 5 - 18.jpg,ConvPaint,85,159.0,638.0,1.0,0.0,0.3529411852359772,0.5641895835477563,,C:\Users\sophi\napari-organoid-segmentation\reports\organoid_measurements_aspirina_5_segmentations\Condição 5 - 18_labels.tif
Condição 5 - 18.jpg,ConvPaint,86,160.0,244.0,1.0,0.0,0.4588235318660736,0.5641895835477563,,C:\Users\sophi\napari-organoid-segmentation\reports\organoid_measurements_aspirina_5_segmentations\Condição 5 - 18_labels.tif
Condição 5 - 18.jpg,ConvPaint,87,160.5,608.5,4.0,4.0,0.5323529839515686,1.1283791670955126,3.141592653589793,C:\Users\sophi\napari-organoid-segmentation\reports\organoid_measurements_aspirina_5_segmentations\Condição 5 - 18_labels.tif
Condição 5 - 18.jpg,ConvPaint,88,161.0,611.3333333333334,3.0,1.2071067811865475,0.46666666865348816,0.9772050238058398,25.872580053727066,C:\Users\sophi\napari-organoid-segmentation\reports\organoid_measurements_aspirina_5_segmentations\Condição 5 - 18_labels.tif
Condição 5 - 18.jpg,ConvPaint,89,161.25,618.25,4.0,3.2071067811865475,0.39901962876319885,1.1283791670955126,4.887007608661263,C:\Users\sophi\napari-organoid-segmentation\reports\organoid_measurements_aspirina_5_segmentations\Condição 5 - 18_labels.tif
Condição 5 - 18.jpg,ConvPaint,90,160.44444444444446,633.2222222222222,9.0,9.207106781186548,0.3660130798816681,1.692568750643269,1.3341541561850128,C:\Users\sophi\napari-organoid-segmentation\reports\organoid_measurements_aspirina_5_segmentations\Condição 5 - 18_labels.tif
Condição 5 - 18.jpg,ConvPaint,91,261.0965846492839,229.8946423470845,24507.0,2178.977884892163,0.2540301978588104,88.32225303232565,0.06486260247519456,C:\Users\sophi\napari-organoid-segmentation\reports\organoid_measurements_aspirina_5_segmentations\Condição 5 - 18_labels.tif
Condição 5 - 18.jpg,ConvPaint,92,162.0,250.5,2.0,0.0,0.4176470637321472,0.7978845608028654,,C:\Users\sophi\napari-organoid-segmentation\reports\organoid_measurements_aspirina_5_segmentations\Condição 5 - 18_labels.tif
Condição 5 - 18.jpg,ConvPaint,93,163.0,258.0,1.0,0.0,0.5215686559677124,0.5641895835477563,,C:\Users\sophi\napari-organoid-segmentation\reports\organoid_measurements_aspirina_5_segmentations\Condição 5 - 18_labels.tif
Condição 5 - 18.jpg,ConvPaint,94,164.875,593.375,8.0,7.207106781186548,0.4426470696926117,1.5957691216057308,1.9354320909169331,C:\Users\sophi\napari-organoid-segmentation\reports\organoid_measurements_aspirina_5_segmentations\Condição 5 - 18_labels.tif
Condição 5 - 18.jpg,ConvPaint,95,164.0,596.5,2.0,0.0,0.40784314274787903,0.7978845608028654,,C:\Users\sophi\napari-organoid-segmentation\reports\organoid_measurements_aspirina_5_segmentations\Condição 5 - 18_labels.tif
Condição 5 - 18.jpg,ConvPaint,96,164.0,701.0,1.0,0.0,0.33725491166114807,0.5641895835477563,,C:\Users\sophi\napari-organoid-segmentation\reports\organoid_measurements_aspirina_5_segmentations\Condição 5 - 18_labels.tif
Condição 5 - 18.jpg,ConvPaint,97,164.5,1005.0,2.0,0.0,0.4176470637321472,0.7978845608028654,,C:\Users\sophi\napari-organoid-segmentation\reports\organoid_measurements_aspirina_5_segmentations\Condição 5 - 18_labels.tif
Condição 5 - 18.jpg,ConvPaint,98,165.0,579.0,1.0,0.0,0.529411792755127,0.5641895835477563,,C:\Users\sophi\napari-organoid-segmentation\reports\organoid_measurements_aspirina_5_segmentations\Condição 5 - 18_labels.tif
Condição 5 - 18.jpg,ConvPaint,99,165.0,618.0,1.0,0.0,0.3333333432674408,0.5641895835477563,,C:\Users\sophi\napari-organoid-segmentation\reports\organoid_measurements_aspirina_5_segmentations\Condição 5 - 18_labels.tif
Condição 5 - 18.jpg,ConvPaint,100,165.0,1625.0,1.0,0.0,0.46666666865348816,0.5641895835477563,,C:\Users\sophi\napari-organoid-segmentation\reports\organoid_measurements_aspirina_5_segmentations\Condição 5 - 18_labels.tif
Condição 5 - 18.jpg,ConvPaint,101,167.0,258.6666666666667,3.0,1.4142135623730951,0.3960784375667572,0.9772050238058398,18.849555921538755,C:\Users\sophi\napari-organoid-segmentation\reports\organoid_measurements_aspirina_5_segmentations\Condição 5 - 18_labels.tif
Condição 5 - 18.jpg,ConvPaint,102,166.5,566.0,2.0,0.0,0.46078431606292725,0.7978845608028654,,C:\Users\sophi\napari-organoid-segmentation\reports\organoid_measurements_aspirina_5_segmentations\Condição 5 - 18_labels.tif
Condição 5 - 18.jpg,ConvPaint,103,166.0,598.0,1.0,0.0,0.3529411852359772,0.5641895835477563,,C:\Users\sophi\napari-organoid-segmentation\reports\organoid_measurements_aspirina_5_segmentations\Condição 5 - 18_labels.tif
Condição 5 - 18.jpg,ConvPaint,104,166.0,705.0,1.0,0.0,0.4117647111415863,0.5641895835477563,,C:\Users\sophi\napari-organoid-segmentation\reports\organoid_measurements_aspirina_5_segmentations\Condição 5 - 18_labels.tif
Condição 5 - 18.jpg,ConvPaint,105,167.0,1625.0,1.0,0.0,0.47058823704719543,0.5641895835477563,,C:\Users\sophi\napari-organoid-segmentation\reports\organoid_measurements_aspirina_5_segmentations\Condição 5 - 18_labels.tif
Condição 5 - 18.jpg,ConvPaint,106,168.375,207.875,8.0,8.414213562373096,0.40882351994514465,1.5957691216057308,1.4199491418576702,C:\Users\sophi\napari-organoid-segmentation\reports\organoid_measurements_aspirina_5_segmentations\Condição 5 - 18_labels.tif
Condição 5 - 18.jpg,ConvPaint,107,168.0,263.0,1.0,0.0,0.3686274588108063,0.5641895835477563,,C:\Users\sophi\napari-organoid-segmentation\reports\organoid_measurements_aspirina_5_segmentations\Condição 5 - 18_labels.tif
Condição 5 - 18.jpg,ConvPaint,108,168.5,270.5,4.0,4.0,0.4892157018184662,1.1283791670955126,3.141592653589793,C:\Users\sophi\napari-organoid-segmentation\reports\organoid_measurements_aspirina_5_segmentations\Condição 5 - 18_labels.tif
Condição 5 - 18.jpg,ConvPaint,109,171.65,561.6,20.0,16.035533905932738,0.4782353341579437,2.5231325220201604,0.9774015217322525,C:\Users\sophi\napari-organoid-segmentation\reports\organoid_measurements_aspirina_5_segmentations\Condição 5 - 18_labels.tif
Condição 5 - 18.jpg,ConvPaint,110,168.5,578.5,4.0,4.0,0.4215686321258545,1.1283791670955126,3.141592653589793,C:\Users\sophi\napari-organoid-segmentation\reports\organoid_measurements_aspirina_5_segmentations\Condição 5 - 18_labels.tif
Condição 5 - 18.jpg,ConvPaint,111,170.33333333333334,712.6666666666666,3.0,3.414213562373095,0.44967320561408997,0.9772050238058398,3.2340725067158833,C:\Users\sophi\napari-organoid-segmentation\reports\organoid_measurements_aspirina_5_segmentations\Condição 5 - 18_labels.tif
Condição 5 - 18.jpg,ConvPaint,112,170.0,715.0,1.0,0.0,0.4156862795352936,0.5641895835477563,,C:\Users\sophi\napari-organoid-segmentation\reports\organoid_measurements_aspirina_5_segmentations\Condição 5 - 18_labels.tif
Condição 5 - 18.jpg,ConvPaint,113,171.0,207.5,2.0,0.0,0.3549019694328308,0.7978845608028654,,C:\Users\sophi\napari-organoid-segmentation\reports\organoid_measurements_aspirina_5_segmentations\Condição 5 - 18_labels.tif
Condição 5 - 18.jpg,ConvPaint,114,171.0,1627.0,1.0,0.0,0.46666666865348816,0.5641895835477563,,C:\Users\sophi\napari-organoid-segmentation\reports\organoid_measurements_aspirina_5_segmentations\Condição 5 - 18_labels.tif
Condição 5 - 18.jpg,ConvPaint,115,172.0,204.5,2.0,0.0,0.39411765336990356,0.7978845608028654,,C:\Users\sophi\napari-organoid-segmentation\reports\organoid_measurements_aspirina_5_segmentations\Condição 5 - 18_labels.tif
Condição 5 - 18.jpg,ConvPaint,116,173.0,200.5,2.0,0.0,0.45098039507865906,0.7978845608028654,,C:\Users\sophi\napari-organoid-segmentation\reports\organoid_measurements_aspirina_5_segmentations\Condição 5 - 18_labels.tif
Condição 5 - 18.jpg,ConvPaint,117,174.0,208.5,2.0,0.0,0.30980393290519714,0.7978845608028654,,C:\Users\sophi\napari-organoid-segmentation\reports\organoid_measurements_aspirina_5_segmentations\Condição 5 - 18_labels.tif
Condição 5 - 18.jpg,ConvPaint,118,175.0,1009.0,1.0,0.0,0.3137255012989044,0.5641895835477563,,C:\Users\sophi\napari-organoid-segmentation\reports\organoid_measurements_aspirina_5_segmentations\Condição 5 - 18_labels.tif
Condição 5 - 18.jpg,ConvPaint,119,175.0,1406.0,1.0,0.0,0.364705890417099,0.5641895835477563,,C:\Users\sophi\napari-organoid-segmentation\reports\organoid_measurements_aspirina_5_segmentations\Condição 5 - 18_labels.tif
Condição 5 - 18.jpg,ConvPaint,120,177.30769230769232,186.69230769230768,13.0,15.278174593052023,0.4135746657848358,2.0342144725641096,0.699858560234937,C:\Users\sophi\napari-organoid-segmentation\reports\organoid_measurements_aspirina_5_segmentations\Condição 5 - 18_labels.tif
Condição 5 - 18.jpg,ConvPaint,121,179.64285714285714,180.85714285714286,14.0,10.82842712474619,0.4803921580314636,2.111004122822376,1.500400304239239,C:\Users\sophi\napari-organoid-segmentation\reports\organoid_measurements_aspirina_5_segmentations\Condição 5 - 18_labels.tif
Condição 5 - 18.jpg,ConvPaint,122,180.95833333333334,1193.5416666666667,24.0,16.82842712474619,0.4454248249530792,2.763953195770684,1.0649618563932526,C:\Users\sophi\napari-organoid-segmentation\reports\organoid_measurements_aspirina_5_segmentations\Condição 5 - 18_labels.tif
Condição 5 - 18.jpg,ConvPaint,123,178.5,1404.0,2.0,0.0,0.5078431367874146,0.7978845608028654,,C:\Users\sophi\napari-organoid-segmentation\reports\organoid_measurements_aspirina_5_segmentations\Condição 5 - 18_labels.tif
Condição 5 - 18.jpg,ConvPaint,124,182.9375,561.375,16.0,12.449747468305834,0.4127451181411743,2.256758334191025,1.2972054426585062,C:\Users\sophi\napari-organoid-segmentation\reports\organoid_measurements_aspirina_5_segmentations\Condição 5 - 18_labels.tif
Condição 5 - 18.jpg,ConvPaint,125,180.0,1813.0,1.0,0.0,0.40392157435417175,0.5641895835477563,,C:\Users\sophi\napari-organoid-segmentation\reports\organoid_measurements_aspirina_5_segmentations\Condição 5 - 18_labels.tif
Condição 5 - 18.jpg,ConvPaint,126,181.5,573.0,2.0,0.0,0.38235294818878174,0.7978845608028654,,C:\Users\sophi\napari-organoid-segmentation\reports\organoid_measurements_aspirina_5_segmentations\Condição 5 - 18_labels.tif
Condição 5 - 18.jpg,ConvPaint,127,182.0,188.5,2.0,0.0,0.3588235378265381,0.7978845608028654,,C:\Users\sophi\napari-organoid-segmentation\reports\organoid_measurements_aspirina_5_segmentations\Condição 5 - 18_labels.tif
Condição 5 - 18.jpg,ConvPaint,128,183.28571428571428,1006.8571428571429,7.0,7.621320343559642,0.445938378572464,1.4927053303604616,1.5144239562842172,C:\Users\sophi\napari-organoid-segmentation\reports\organoid_measurements_aspirina_5_segmentations\Condição 5 - 18_labels.tif
Condição 5 - 18.jpg,ConvPaint,129,186.0,563.0,1.0,0.0,0.3803921639919281,0.5641895835477563,,C:\Users\sophi\napari-organoid-segmentation\reports\organoid_measurements_aspirina_5_segmentations\Condição 5 - 18_labels.tif
Condição 5 - 18.jpg,ConvPaint,130,187.0,1401.0,1.0,0.0,0.6352941393852234,0.5641895835477563,,C:\Users\sophi\napari-organoid-segmentation\reports\organoid_measurements_aspirina_5_segmentations\Condição 5 - 18_labels.tif
Condição 5 - 18.jpg,ConvPaint,131,188.25,165.0,4.0,4.621320343559642,0.5882353186607361,1.1283791670955126,2.3536273758173025,C:\Users\sophi\napari-organoid-segmentation\reports\organoid_measurements_aspirina_5_segmentations\Condição 5 - 18_labels.tif
Condição 5 - 18.jpg,ConvPaint,132,188.0,1812.0,1.0,0.0,0.5568627715110779,0.5641895835477563,,C:\Users\sophi\napari-organoid-segmentation\reports\organoid_measurements_aspirina_5_segmentations\Condição 5 - 18_labels.tif
Condição 5 - 18.jpg,ConvPaint,133,196.11111111111111,970.1666666666666,18.0,16.035533905932738,0.4884531795978546,2.393653682408596,0.8796613695590273,C:\Users\sophi\napari-organoid-segmentation\reports\organoid_measurements_aspirina_5_segmentations\Condição 5 - 18_labels.tif
Condição 5 - 18.jpg,ConvPaint,134,194.16666666666666,1006.0,18.0,14.207106781186548,0.4529412090778351,2.393653682408596,1.1206527980881145,C:\Users\sophi\napari-organoid-segmentation\reports\organoid_measurements_aspirina_5_segmentations\Condição 5 - 18_labels.tif
Condição 5 - 18.jpg,ConvPaint,135,197.5,157.5,16.0,12.0,0.5156862735748291,2.256758334191025,1.3962634015954636,C:\Users\sophi\napari-organoid-segmentation\reports\organoid_measurements_aspirina_5_segmentations\Condição 5 - 18_labels.tif
Condição 5 - 18.jpg,ConvPaint,136,196.0,295.0,1.0,0.0,0.5098039507865906,0.5641895835477563,,C:\Users\sophi\napari-organoid-segmentation\reports\organoid_measurements_aspirina_5_segmentations\Condição 5 - 18_labels.tif
Condição 5 - 18.jpg,ConvPaint,137,197.0,975.0,1.0,0.0,0.4901960790157318,0.5641895835477563,,C:\Users\sophi\napari-organoid-segmentation\reports\organoid_measurements_aspirina_5_segmentations\Condição 5 - 18_labels.tif
Condição 5 - 18.jpg,ConvPaint,138,199.0,975.0,1.0,0.0,0.5960784554481506,0.5641895835477563,,C:\Users\sophi\napari-organoid-segmentation\reports\organoid_measurements_aspirina_5_segmentations\Condição 5 - 18_labels.tif
Condição 5 - 18.jpg,ConvPaint,139,200.66666666666666,1006.3333333333334,3.0,3.414213562373095,0.46797385811805725,0.9772050238058398,3.2340725067158833,C:\Users\sophi\napari-organoid-segmentation\reports\organoid_measurements_aspirina_5_segmentations\Condição 5 - 18_labels.tif
Condição 5 - 18.jpg,ConvPaint,140,200.0,1634.0,1.0,0.0,0.4941176474094391,0.5641895835477563,,C:\Users\sophi\napari-organoid-segmentation\reports\organoid_measurements_aspirina_5_segmentations\Condição 5 - 18_labels.tif
Condição 5 - 18.jpg,ConvPaint,141,200.0,1816.0,1.0,0.0,0.5098039507865906,0.5641895835477563,,C:\Users\sophi\napari-organoid-segmentation\reports\organoid_measurements_aspirina_5_segmentations\Condição 5 - 18_labels.tif
Condição 5 - 18.jpg,ConvPaint,142,202.5,1195.0,2.0,0.0,0.3176470696926117,0.7978845608028654,,C:\Users\sophi\napari-organoid-segmentation\reports\organoid_measurements_aspirina_5_segmentations\Condição 5 - 18_labels.tif
Condição 5 - 18.jpg,ConvPaint,143,205.5,156.5,2.0,0.0,0.47058823704719543,0.7978845608028654,,C:\Users\sophi\napari-organoid-segmentation\reports\organoid_measurements_aspirina_5_segmentations\Condição 5 - 18_labels.tif
Condição 5 - 18.jpg,ConvPaint,144,205.0,160.5,2.0,0.0,0.45098039507865906,0.7978845608028654,,C:\Users\sophi\napari-organoid-segmentation\reports\organoid_measurements_aspirina_5_segmentations\Condição 5 - 18_labels.tif
Condição 5 - 18.jpg,ConvPaint,145,206.5,1194.5,4.0,4.0,0.33529412746429443,1.1283791670955126,3.141592653589793,C:\Users\sophi\napari-organoid-segmentation\reports\organoid_measurements_aspirina_5_segmentations\Condição 5 - 18_labels.tif
Condição 5 - 18.jpg,ConvPaint,146,207.0,322.5,2.0,0.0,0.5098039507865906,0.7978845608028654,,C:\Users\sophi\napari-organoid-segmentation\reports\organoid_measurements_aspirina_5_segmentations\Condição 5 - 18_labels.tif
Condição 5 - 18.jpg,ConvPaint,147,210.5,1631.0,2.0,0.0,0.386274516582489,0.7978845608028654,,C:\Users\sophi\napari-organoid-segmentation\reports\organoid_measurements_aspirina_5_segmentations\Condição 5 - 18_labels.tif
Condição 5 - 18.jpg,ConvPaint,148,210.0,1633.0,1.0,0.0,0.49803921580314636,0.5641895835477563,,C:\Users\sophi\napari-organoid-segmentation\reports\organoid_measurements_aspirina_5_segmentations\Condição 5 - 18_labels.tif
Condição 5 - 18.jpg,ConvPaint,149,214.0,532.5714285714286,7.0,5.207106781186548,0.5456582307815552,1.4927053303604616,3.244254655414749,C:\Users\sophi\napari-organoid-segmentation\reports\organoid_measurements_aspirina_5_segmentations\Condição 5 - 18_labels.tif
Condição 5 - 18.jpg,ConvPaint,150,214.66666666666666,1004.3333333333334,3.0,3.414213562373095,0.4888888895511627,0.9772050238058398,3.2340725067158833,C:\Users\sophi\napari-organoid-segmentation\reports\organoid_measurements_aspirina_5_segmentations\Condição 5 - 18_labels.tif
Condição 5 - 18.jpg,ConvPaint,151,215.0,1007.0,1.0,0.0,0.47843137383461,0.5641895835477563,,C:\Users\sophi\napari-organoid-segmentation\reports\organoid_measurements_aspirina_5_segmentations\Condição 5 - 18_labels.tif
Condição 5 - 18.jpg,ConvPaint,152,220.95,1005.45,20.0,18.207106781186546,0.47568631172180176,2.5231325220201604,0.758154961019509,C:\Users\sophi\napari-organoid-segmentation\reports\organoid_measurements_aspirina_5_segmentations\Condição 5 - 18_labels.tif
Condição 5 - 18.jpg,ConvPaint,153,217.0,1404.0,1.0,0.0,0.5843137502670288,0.5641895835477563,,C:\Users\sophi\napari-organoid-segmentation\reports\organoid_measurements_aspirina_5_segmentations\Condição 5 - 18_labels.tif
Condição 5 - 18.jpg,ConvPaint,154,218.0,742.0,1.0,0.0,0.48235294222831726,0.5641895835477563,,C:\Users\sophi\napari-organoid-segmentation\reports\organoid_measurements_aspirina_5_segmentations\Condição 5 - 18_labels.tif
Condição 5 - 18.jpg,ConvPaint,155,219.0,1409.0,1.0,0.0,0.41960784792900085,0.5641895835477563,,C:\Users\sophi\napari-organoid-segmentation\reports\organoid_measurements_aspirina_5_segmentations\Condição 5 - 18_labels.tif
Condição 5 - 18.jpg,ConvPaint,156,220.75,538.75,4.0,3.2071067811865475,0.43431371450424194,1.1283791670955126,4.887007608661263,C:\Users\sophi\napari-organoid-segmentation\reports\organoid_measurements_aspirina_5_segmentations\Condição 5 - 18_labels.tif
Condição 5 - 18.jpg,ConvPaint,157,222.9090909090909,1629.3636363636363,11.0,9.82842712474619,0.4495544135570526,1.8712051592547776,1.430983102553298,C:\Users\sophi\napari-organoid-segmentation\reports\organoid_measurements_aspirina_5_segmentations\Condição 5 - 18_labels.tif
Condição 5 - 18.jpg,ConvPaint,158,227.0,1004.0,1.0,0.0,0.47843137383461,0.5641895835477563,,C:\Users\sophi\napari-organoid-segmentation\reports\organoid_measurements_aspirina_5_segmentations\Condição 5 - 18_labels.tif
Condição 5 - 18.jpg,ConvPaint,159,228.0,1833.0,1.0,0.0,0.4156862795352936,0.5641895835477563,,C:\Users\sophi\napari-organoid-segmentation\reports\organoid_measurements_aspirina_5_segmentations\Condição 5 - 18_labels.tif
Condição 5 - 18.jpg,ConvPaint,160,230.0,533.0,1.0,0.0,0.5843137502670288,0.5641895835477563,,C:\Users\sophi\napari-organoid-segmentation\reports\organoid_measurements_aspirina_5_segmentations\Condição 5 - 18_labels.tif
Condição 5 - 18.jpg,ConvPaint,161,235.97368421052633,999.5263157894736,38.0,32.48528137423857,0.4705882966518402,3.477898169151024,0.45250167905627847,C:\Users\sophi\napari-organoid-segmentation\reports\organoid_measurements_aspirina_5_segmentations\Condição 5 - 18_labels.tif
Condição 5 - 18.jpg,ConvPaint,162,231.0,1004.0,1.0,0.0,0.48235294222831726,0.5641895835477563,,C:\Users\sophi\napari-organoid-segmentation\reports\organoid_measurements_aspirina_5_segmentations\Condição 5 - 18_labels.tif
Condição 5 - 18.jpg,ConvPaint,163,232.5,1836.0,2.0,0.0,0.4156862795352936,0.7978845608028654,,C:\Users\sophi\napari-organoid-segmentation\reports\organoid_measurements_aspirina_5_segmentations\Condição 5 - 18_labels.tif
Condição 5 - 18.jpg,ConvPaint,164,234.2,1186.4,5.0,5.207106781186548,0.2917647063732147,1.2615662610100802,2.3173247538676778,C:\Users\sophi\napari-organoid-segmentation\reports\organoid_measurements_aspirina_5_segmentations\Condição 5 - 18_labels.tif
Condição 5 - 18.jpg,ConvPaint,165,235.8,1010.4,5.0,1.2071067811865475,0.5231372714042664,1.2615662610100802,43.12096675621178,C:\Users\sophi\napari-organoid-segmentation\reports\organoid_measurements_aspirina_5_segmentations\Condição 5 - 18_labels.tif
Condição 5 - 18.jpg,ConvPaint,166,238.66666666666666,1186.6666666666667,3.0,3.414213562373095,0.40130719542503357,0.9772050238058398,3.2340725067158833,C:\Users\sophi\napari-organoid-segmentation\reports\organoid_measurements_aspirina_5_segmentations\Condição 5 - 18_labels.tif
Condição 5 - 18.jpg,ConvPaint,167,239.0,1008.0,1.0,0.0,0.5176470875740051,0.5641895835477563,,C:\Users\sophi\napari-organoid-segmentation\reports\organoid_measurements_aspirina_5_segmentations\Condição 5 - 18_labels.tif
Condição 5 - 18.jpg,ConvPaint,168,246.6595744680851,1021.9574468085107,47.0,36.48528137423857,0.47851482033729553,3.8678889139475245,0.44368252335427705,C:\Users\sophi\napari-organoid-segmentation\reports\organoid_measurements_aspirina_5_segmentations\Condição 5 - 18_labels.tif
Condição 5 - 18.jpg,ConvPaint,169,244.66666666666666,992.875,24.0,19.242640687119284,0.49771246314048767,2.763953195770684,0.8145012681102106,C:\Users\sophi\napari-organoid-segmentation\reports\organoid_measurements_aspirina_5_segmentations\Condição 5 - 18_labels.tif
Condição 5 - 18.jpg,ConvPaint,170,241.5,1008.0,2.0,0.0,0.4745098054409027,0.7978845608028654,,C:\Users\sophi\napari-organoid-segmentation\reports\organoid_measurements_aspirina_5_segmentations\Condição 5 - 18_labels.tif
Condição 5 - 18.jpg,ConvPaint,171,242.28571428571428,1011.2857142857143,7.0,6.0,0.46498599648475647,1.4927053303604616,2.443460952792061,C:\Users\sophi\napari-organoid-segmentation\reports\organoid_measurements_aspirina_5_segmentations\Condição 5 - 18_labels.tif
Condição 5 - 18.jpg,ConvPaint,172,241.0,1420.0,1.0,0.0,0.3803921639919281,0.5641895835477563,,C:\Users\sophi\napari-organoid-segmentation\reports\organoid_measurements_aspirina_5_segmentations\Condição 5 - 18_labels.tif
Condição 5 - 18.jpg,ConvPaint,173,243.0,999.0,1.0,0.0,0.4745098054409027,0.5641895835477563,,C:\Users\sophi\napari-organoid-segmentation\reports\organoid_measurements_aspirina_5_segmentations\Condição 5 - 18_labels.tif
Condição 5 - 18.jpg,ConvPaint,174,244.5,530.5,4.0,4.0,0.49215689301490784,1.1283791670955126,3.141592653589793,C:\Users\sophi\napari-organoid-segmentation\reports\organoid_measurements_aspirina_5_segmentations\Condição 5 - 18_labels.tif
Condição 5 - 18.jpg,ConvPaint,175,244.5,737.5,4.0,4.0,0.4490196108818054,1.1283791670955126,3.141592653589793,C:\Users\sophi\napari-organoid-segmentation\reports\organoid_measurements_aspirina_5_segmentations\Condição 5 - 18_labels.tif
Condição 5 - 18.jpg,ConvPaint,176,248.0,529.0,1.0,0.0,0.545098066329956,0.5641895835477563,,C:\Users\sophi\napari-organoid-segmentation\reports\organoid_measurements_aspirina_5_segmentations\Condição 5 - 18_labels.tif
Condição 5 - 18.jpg,ConvPaint,177,253.77777777777777,530.2592592592592,27.0,21.86396103067893,0.47204068303108215,2.9316150714175193,0.7097672216228275,C:\Users\sophi\napari-organoid-segmentation\reports\organoid_measurements_aspirina_5_segmentations\Condição 5 - 18_labels.tif
Condição 5 - 18.jpg,ConvPaint,178,249.0,1018.0,1.0,0.0,0.4627451002597809,0.5641895835477563,,C:\Users\sophi\napari-organoid-segmentation\reports\organoid_measurements_aspirina_5_segmentations\Condição 5 - 18_labels.tif
Condição 5 - 18.jpg,ConvPaint,179,249.0,1181.0,1.0,0.0,0.3960784375667572,0.5641895835477563,,C:\Users\sophi\napari-organoid-segmentation\reports\organoid_measurements_aspirina_5_segmentations\Condição 5 - 18_labels.tif
Condição 5 - 18.jpg,ConvPaint,180,254.0,1191.0,3.0,1.0,0.4758169949054718,0.9772050238058398,37.69911184307752,C:\Users\sophi\napari-organoid-segmentation\reports\organoid_measurements_aspirina_5_segmentations\Condição 5 - 18_labels.tif
Condição 5 - 18.jpg,ConvPaint,181,259.0,529.0,1.0,0.0,0.5058823823928833,0.5641895835477563,,C:\Users\sophi\napari-organoid-segmentation\reports\organoid_measurements_aspirina_5_segmentations\Condição 5 - 18_labels.tif
Condição 5 - 18.jpg,ConvPaint,182,259.0,1029.0,3.0,1.0,0.5594771504402161,0.9772050238058398,37.69911184307752,C:\Users\sophi\napari-organoid-segmentation\reports\organoid_measurements_aspirina_5_segmentations\Condição 5 - 18_labels.tif
Condição 5 - 18.jpg,ConvPaint,183,261.0,146.0,1.0,0.0,0.3176470696926117,0.5641895835477563,,C:\Users\sophi\napari-organoid-segmentation\reports\organoid_measurements_aspirina_5_segmentations\Condição 5 - 18_labels.tif
Condição 5 - 18.jpg,ConvPaint,184,261.0,1032.0,1.0,0.0,0.5843137502670288,0.5641895835477563,,C:\Users\sophi\napari-organoid-segmentation\reports\organoid_measurements_aspirina_5_segmentations\Condição 5 - 18_labels.tif
Condição 5 - 18.jpg,ConvPaint,185,262.0,743.0,1.0,0.0,0.6039215922355652,0.5641895835477563,,C:\Users\sophi\napari-organoid-segmentation\reports\organoid_measurements_aspirina_5_segmentations\Condição 5 - 18_labels.tif
Condição 5 - 18.jpg,ConvPaint,186,264.5,140.83333333333334,6.0,6.621320343559642,0.5856209397315979,1.381976597885342,1.719776122021775,C:\Users\sophi\napari-organoid-segmentation\reports\organoid_measurements_aspirina_5_segmentations\Condição 5 - 18_labels.tif
Condição 5 - 18.jpg,ConvPaint,187,264.0,743.0,1.0,0.0,0.6039215922355652,0.5641895835477563,,C:\Users\sophi\napari-organoid-segmentation\reports\organoid_measurements_aspirina_5_segmentations\Condição 5 - 18_labels.tif
Condição 5 - 18.jpg,ConvPaint,188,268.52941176470586,1015.0294117647059,34.0,23.035533905932738,0.5034602880477905,3.2897623212397704,0.8051785855900894,C:\Users\sophi\napari-organoid-segmentation\reports\organoid_measurements_aspirina_5_segmentations\Condição 5 - 18_labels.tif
Condição 5 - 18.jpg,ConvPaint,189,264.5,1179.0,2.0,0.0,0.5176470875740051,0.7978845608028654,,C:\Users\sophi\napari-organoid-segmentation\reports\organoid_measurements_aspirina_5_segmentations\Condição 5 - 18_labels.tif
Condição 5 - 18.jpg,ConvPaint,190,267.0,1601.0,1.0,0.0,0.545098066329956,0.5641895835477563,,C:\Users\sophi\napari-organoid-segmentation\reports\organoid_measurements_aspirina_5_segmentations\Condição 5 - 18_labels.tif
Condição 5 - 18.jpg,ConvPaint,191,267.0,1880.0,1.0,0.0,0.4745098054409027,0.5641895835477563,,C:\Users\sophi\napari-organoid-segmentation\reports\organoid_measurements_aspirina_5_segmentations\Condição 5 - 18_labels.tif
Condição 5 - 18.jpg,ConvPaint,192,269.0,1024.0,1.0,0.0,0.5098039507865906,0.5641895835477563,,C:\Users\sophi\napari-organoid-segmentation\reports\organoid_measurements_aspirina_5_segmentations\Condição 5 - 18_labels.tif
Condição 5 - 18.jpg,ConvPaint,193,272.0,1918.5,2.0,0.0,0.36666667461395264,0.7978845608028654,,C:\Users\sophi\napari-organoid-segmentation\reports\organoid_measurements_aspirina_5_segmentations\Condição 5 - 18_labels.tif
Condição 5 - 18.jpg,ConvPaint,194,274.0,1919.0,1.0,0.0,0.40392157435417175,0.5641895835477563,,C:\Users\sophi\napari-organoid-segmentation\reports\organoid_measurements_aspirina_5_segmentations\Condição 5 - 18_labels.tif
Condição 5 - 18.jpg,ConvPaint,195,275.0,536.0,1.0,0.0,0.41960784792900085,0.5641895835477563,,C:\Users\sophi\napari-organoid-segmentation\reports\organoid_measurements_aspirina_5_segmentations\Condição 5 - 18_labels.tif
Condição 5 - 18.jpg,ConvPaint,196,275.0,739.0,1.0,0.0,0.5176470875740051,0.5641895835477563,,C:\Users\sophi\napari-organoid-segmentation\reports\organoid_measurements_aspirina_5_segmentations\Condição 5 - 18_labels.tif
Condição 5 - 18.jpg,ConvPaint,197,275.0,1014.5,2.0,0.0,0.48627451062202454,0.7978845608028654,,C:\Users\sophi\napari-organoid-segmentation\reports\organoid_measurements_aspirina_5_segmentations\Condição 5 - 18_labels.tif
Condição 5 - 18.jpg,ConvPaint,198,275.75,1591.25,4.0,3.2071067811865475,0.3705882430076599,1.1283791670955126,4.887007608661263,C:\Users\sophi\napari-organoid-segmentation\reports\organoid_measurements_aspirina_5_segmentations\Condição 5 - 18_labels.tif
Condição 5 - 18.jpg,ConvPaint,199,277.0,1594.0,3.0,1.0,0.4588235318660736,0.9772050238058398,37.69911184307752,C:\Users\sophi\napari-organoid-segmentation\reports\organoid_measurements_aspirina_5_segmentations\Condição 5 - 18_labels.tif
Condição 5 - 18.jpg,ConvPaint,200,279.0,143.0,1.0,0.0,0.4000000059604645,0.5641895835477563,,C:\Users\sophi\napari-organoid-segmentation\reports\organoid_measurements_aspirina_5_segmentations\Condição 5 - 18_labels.tif
Condição 5 - 18.jpg,ConvPaint,201,279.0,1595.0,1.0,0.0,0.572549045085907,0.5641895835477563,,C:\Users\sophi\napari-organoid-segmentation\reports\organoid_measurements_aspirina_5_segmentations\Condição 5 - 18_labels.tif
Condição 5 - 18.jpg,ConvPaint,202,282.0,142.33333333333334,3.0,1.2071067811865475,0.529411792755127,0.9772050238058398,25.872580053727066,C:\Users\sophi\napari-organoid-segmentation\reports\organoid_measurements_aspirina_5_segmentations\Condição 5 - 18_labels.tif
Condição 5 - 18.jpg,ConvPaint,203,283.0,1586.5,2.0,0.0,0.45490196347236633,0.7978845608028654,,C:\Users\sophi\napari-organoid-segmentation\reports\organoid_measurements_aspirina_5_segmentations\Condição 5 - 18_labels.tif
Condição 5 - 18.jpg,ConvPaint,204,289.0,315.0,1.0,0.0,0.3137255012989044,0.5641895835477563,,C:\Users\sophi\napari-organoid-segmentation\reports\organoid_measurements_aspirina_5_segmentations\Condição 5 - 18_labels.tif
Condição 5 - 18.jpg,ConvPaint,205,291.0,1580.0,1.0,0.0,0.46666666865348816,0.5641895835477563,,C:\Users\sophi\napari-organoid-segmentation\reports\organoid_measurements_aspirina_5_segmentations\Condição 5 - 18_labels.tif
Condição 5 - 18.jpg,ConvPaint,206,292.0,1575.0,1.0,0.0,0.4313725531101227,0.5641895835477563,,C:\Users\sophi\napari-organoid-segmentation\reports\organoid_measurements_aspirina_5_segmentations\Condição 5 - 18_labels.tif
Condição 5 - 18.jpg,ConvPaint,207,293.0,143.0,1.0,0.0,0.5372549295425415,0.5641895835477563,,C:\Users\sophi\napari-organoid-segmentation\reports\organoid_measurements_aspirina_5_segmentations\Condição 5 - 18_labels.tif
Condição 5 - 18.jpg,ConvPaint,208,293.0,319.0,1.0,0.0,0.4274509847164154,0.5641895835477563,,C:\Users\sophi\napari-organoid-segmentation\reports\organoid_measurements_aspirina_5_segmentations\Condição 5 - 18_labels.tif
Condição 5 - 18.jpg,ConvPaint,209,294.0,1150.6666666666667,3.0,1.2071067811865475,0.3660130798816681,0.9772050238058398,25.872580053727066,C:\Users\sophi\napari-organoid-segmentation\reports\organoid_measurements_aspirina_5_segmentations\Condição 5 - 18_labels.tif
Condição 5 - 18.jpg,ConvPaint,210,295.0,155.0,1.0,0.0,0.35686275362968445,0.5641895835477563,,C:\Users\sophi\napari-organoid-segmentation\reports\organoid_measurements_aspirina_5_segmentations\Condição 5 - 18_labels.tif
Condição 5 - 18.jpg,ConvPaint,211,295.0,1472.0,1.0,0.0,0.37254902720451355,0.5641895835477563,,C:\Users\sophi\napari-organoid-segmentation\reports\organoid_measurements_aspirina_5_segmentations\Condição 5 - 18_labels.tif
Condição 5 - 18.jpg,ConvPaint,212,295.0,1562.0,1.0,0.0,0.3686274588108063,0.5641895835477563,,C:\Users\sophi\napari-organoid-segmentation\reports\organoid_measurements_aspirina_5_segmentations\Condição 5 - 18_labels.tif
Condição 5 - 18.jpg,ConvPaint,213,295.0,1564.0,1.0,0.0,0.43921568989753723,0.5641895835477563,,C:\Users\sophi\napari-organoid-segmentation\reports\organoid_measurements_aspirina_5_segmentations\Condição 5 - 18_labels.tif
Condição 5 - 18.jpg,ConvPaint,214,301.0,1068.0,1.0,0.0,0.364705890417099,0.5641895835477563,,C:\Users\sophi\napari-organoid-segmentation\reports\organoid_measurements_aspirina_5_segmentations\Condição 5 - 18_labels.tif
Condição 5 - 18.jpg,ConvPaint,215,301.0,1130.0,1.0,0.0,0.40392157435417175,0.5641895835477563,,C:\Users\sophi\napari-organoid-segmentation\reports\organoid_measurements_aspirina_5_segmentations\Condição 5 - 18_labels.tif
Condição 5 - 18.jpg,ConvPaint,216,301.0,1484.0,1.0,0.0,0.4274509847164154,0.5641895835477563,,C:\Users\sophi\napari-organoid-segmentation\reports\organoid_measurements_aspirina_5_segmentations\Condição 5 - 18_labels.tif
Condição 5 - 18.jpg,ConvPaint,217,301.0,1494.0,1.0,0.0,0.3843137323856354,0.5641895835477563,,C:\Users\sophi\napari-organoid-segmentation\reports\organoid_measurements_aspirina_5_segmentations\Condição 5 - 18_labels.tif
Condição 5 - 18.jpg,ConvPaint,218,301.0,1544.0,1.0,0.0,0.3490196168422699,0.5641895835477563,,C:\Users\sophi\napari-organoid-segmentation\reports\organoid_measurements_aspirina_5_segmentations\Condição 5 - 18_labels.tif
Condição 5 - 18.jpg,ConvPaint,219,302.0,1065.0,1.0,0.0,0.5529412031173706,0.5641895835477563,,C:\Users\sophi\napari-organoid-segmentation\reports\organoid_measurements_aspirina_5_segmentations\Condição 5 - 18_labels.tif
Condição 5 - 18.jpg,ConvPaint,220,303.0,1538.0,1.0,0.0,0.38823530077934265,0.5641895835477563,,C:\Users\sophi\napari-organoid-segmentation\reports\organoid_measurements_aspirina_5_segmentations\Condição 5 - 18_labels.tif
Condição 5 - 18.jpg,ConvPaint,221,304.0,558.0,1.0,0.0,0.45098039507865906,0.5641895835477563,,C:\Users\sophi\napari-organoid-segmentation\reports\organoid_measurements_aspirina_5_segmentations\Condição 5 - 18_labels.tif
Condição 5 - 18.jpg,ConvPaint,222,304.0,1069.0,1.0,0.0,0.47058823704719543,0.5641895835477563,,C:\Users\sophi\napari-organoid-segmentation\reports\organoid_measurements_aspirina_5_segmentations\Condição 5 - 18_labels.tif
Condição 5 - 18.jpg,ConvPaint,223,305.0,1082.0,1.0,0.0,0.33725491166114807,0.5641895835477563,,C:\Users\sophi\napari-organoid-segmentation\reports\organoid_measurements_aspirina_5_segmentations\Condição 5 - 18_labels.tif
Condição 5 - 18.jpg,ConvPaint,224,305.0,1508.0,1.0,0.0,0.3803921639919281,0.5641895835477563,,C:\Users\sophi\napari-organoid-segmentation\reports\organoid_measurements_aspirina_5_segmentations\Condição 5 - 18_labels.tif
Condição 5 - 18.jpg,ConvPaint,225,305.0,1524.0,1.0,0.0,0.35686275362968445,0.5641895835477563,,C:\Users\sophi\napari-organoid-segmentation\reports\organoid_measurements_aspirina_5_segmentations\Condição 5 - 18_labels.tif
Condição 5 - 18.jpg,ConvPaint,226,306.0,1072.0,1.0,0.0,0.47843137383461,0.5641895835477563,,C:\Users\sophi\napari-organoid-segmentation\reports\organoid_measurements_aspirina_5_segmentations\Condição 5 - 18_labels.tif
Condição 5 - 18.jpg,ConvPaint,227,306.5,1076.5,4.0,4.0,0.4333333373069763,1.1283791670955126,3.141592653589793,C:\Users\sophi\napari-organoid-segmentation\reports\organoid_measurements_aspirina_5_segmentations\Condição 5 - 18_labels.tif
Condição 5 - 18.jpg,ConvPaint,228,306.6666666666667,1090.3333333333333,3.0,3.414213562373095,0.47058823704719543,0.9772050238058398,3.2340725067158833,C:\Users\sophi\napari-organoid-segmentation\reports\organoid_measurements_aspirina_5_segmentations\Condição 5 - 18_labels.tif
Condição 5 - 18.jpg,ConvPaint,229,306.5,1139.0,2.0,0.0,0.4686274528503418,0.7978845608028654,,C:\Users\sophi\napari-organoid-segmentation\reports\organoid_measurements_aspirina_5_segmentations\Condição 5 - 18_labels.tif
Condição 5 - 18.jpg,ConvPaint,230,306.6,1512.2,5.0,5.207106781186548,0.4501960873603821,1.2615662610100802,2.3173247538676778,C:\Users\sophi\napari-organoid-segmentation\reports\organoid_measurements_aspirina_5_segmentations\Condição 5 - 18_labels.tif
Condição 5 - 18.jpg,ConvPaint,231,307.0,1084.0,1.0,0.0,0.4470588266849518,0.5641895835477563,,C:\Users\sophi\napari-organoid-segmentation\reports\organoid_measurements_aspirina_5_segmentations\Condição 5 - 18_labels.tif
Condição 5 - 18.jpg,ConvPaint,232,307.0,1518.0,1.0,0.0,0.4274509847164154,0.5641895835477563,,C:\Users\sophi\napari-organoid-segmentation\reports\organoid_measurements_aspirina_5_segmentations\Condição 5 - 18_labels.tif
Condição 5 - 18.jpg,ConvPaint,233,317.30555555555554,309.43055555555554,72.0,53.7634559672906,0.482625275850296,4.787307364817192,0.3130170576871907,C:\Users\sophi\napari-organoid-segmentation\reports\organoid_measurements_aspirina_5_segmentations\Condição 5 - 18_labels.tif
Condição 5 - 18.jpg,ConvPaint,234,308.0,317.0,1.0,0.0,0.5333333611488342,0.5641895835477563,,C:\Users\sophi\napari-organoid-segmentation\reports\organoid_measurements_aspirina_5_segmentations\Condição 5 - 18_labels.tif
Condição 5 - 18.jpg,ConvPaint,235,311.70588235294116,566.2941176470588,17.0,13.242640687119284,0.5513263940811157,2.326213245840639,1.2181747530987574,C:\Users\sophi\napari-organoid-segmentation\reports\organoid_measurements_aspirina_5_segmentations\Condição 5 - 18_labels.tif
Condição 5 - 18.jpg,ConvPaint,236,313.0,158.71428571428572,7.0,6.82842712474619,0.35574230551719666,1.4927053303604616,1.8865422955842652,C:\Users\sophi\napari-organoid-segmentation\reports\organoid_measurements_aspirina_5_segmentations\Condição 5 - 18_labels.tif
Condição 5 - 18.jpg,ConvPaint,237,313.5,301.0,2.0,0.0,0.3764705955982208,0.7978845608028654,,C:\Users\sophi\napari-organoid-segmentation\reports\organoid_measurements_aspirina_5_segmentations\Condição 5 - 18_labels.tif
Condição 5 - 18.jpg,ConvPaint,238,315.0,149.0,1.0,0.0,0.6666666865348816,0.5641895835477563,,C:\Users\sophi\napari-organoid-segmentation\reports\organoid_measurements_aspirina_5_segmentations\Condição 5 - 18_labels.tif
Condição 5 - 18.jpg,ConvPaint,239,317.0,730.8888888888889,9.0,8.035533905932738,0.45141613483428955,1.692568750643269,1.751551445146132,C:\Users\sophi\napari-organoid-segmentation\reports\organoid_measurements_aspirina_5_segmentations\Condição 5 - 18_labels.tif
Condição 5 - 18.jpg,ConvPaint,240,317.0,166.0,1.0,0.0,0.3686274588108063,0.5641895835477563,,C:\Users\sophi\napari-organoid-segmentation\reports\organoid_measurements_aspirina_5_segmentations\Condição 5 - 18_labels.tif
Condição 5 - 18.jpg,ConvPaint,241,317.0,315.0,1.0,0.0,0.47058823704719543,0.5641895835477563,,C:\Users\sophi\napari-organoid-segmentation\reports\organoid_measurements_aspirina_5_segmentations\Condição 5 - 18_labels.tif
Condição 5 - 18.jpg,ConvPaint,242,318.0,163.0,1.0,0.0,0.38823530077934265,0.5641895835477563,,C:\Users\sophi\napari-organoid-segmentation\reports\organoid_measurements_aspirina_5_segmentations\Condição 5 - 18_labels.tif
Condição 5 - 18.jpg,ConvPaint,243,318.6666666666667,300.6666666666667,3.0,3.414213562373095,0.41830065846443176,0.9772050238058398,3.2340725067158833,C:\Users\sophi\napari-organoid-segmentation\reports\organoid_measurements_aspirina_5_segmentations\Condição 5 - 18_labels.tif
Condição 5 - 18.jpg,ConvPaint,244,318.0,572.0,1.0,0.0,0.5960784554481506,0.5641895835477563,,C:\Users\sophi\napari-organoid-segmentation\reports\organoid_measurements_aspirina_5_segmentations\Condição 5 - 18_labels.tif
Condição 5 - 18.jpg,ConvPaint,245,319.0,166.0,1.0,0.0,0.3529411852359772,0.5641895835477563,,C:\Users\sophi\napari-organoid-segmentation\reports\organoid_measurements_aspirina_5_segmentations\Condição 5 - 18_labels.tif
Condição 5 - 18.jpg,ConvPaint,246,319.0,570.0,1.0,0.0,0.5960784554481506,0.5641895835477563,,C:\Users\sophi\napari-organoid-segmentation\reports\organoid_measurements_aspirina_5_segmentations\Condição 5 - 18_labels.tif
Condição 5 - 18.jpg,ConvPaint,247,320.5,298.0,2.0,0.0,0.35686275362968445,0.7978845608028654,,C:\Users\sophi\napari-organoid-segmentation\reports\organoid_measurements_aspirina_5_segmentations\Condição 5 - 18_labels.tif
Condição 5 - 18.jpg,ConvPaint,248,324.0,293.0,1.0,0.0,0.3803921639919281,0.5641895835477563,,C:\Users\sophi\napari-organoid-segmentation\reports\organoid_measurements_aspirina_5_segmentations\Condição 5 - 18_labels.tif
Condição 5 - 18.jpg,ConvPaint,249,326.5,292.0,2.0,0.0,0.3549019694328308,0.7978845608028654,,C:\Users\sophi\napari-organoid-segmentation\reports\organoid_measurements_aspirina_5_segmentations\Condição 5 - 18_labels.tif
Condição 5 - 18.jpg,ConvPaint,250,326.0,584.0,1.0,0.0,0.501960813999176,0.5641895835477563,,C:\Users\sophi\napari-organoid-segmentation\reports\organoid_measurements_aspirina_5_segmentations\Condição 5 - 18_labels.tif
Condição 5 - 18.jpg,ConvPaint,251,327.0,180.0,1.0,0.0,0.4000000059604645,0.5641895835477563,,C:\Users\sophi\napari-organoid-segmentation\reports\organoid_measurements_aspirina_5_segmentations\Condição 5 - 18_labels.tif
Condição 5 - 18.jpg,ConvPaint,252,327.0,306.0,1.0,0.0,0.5176470875740051,0.5641895835477563,,C:\Users\sophi\napari-organoid-segmentation\reports\organoid_measurements_aspirina_5_segmentations\Condição 5 - 18_labels.tif
Condição 5 - 18.jpg,ConvPaint,253,329.5,302.5,8.0,8.0,0.4274510145187378,1.5957691216057308,1.5707963267948966,C:\Users\sophi\napari-organoid-segmentation\reports\organoid_measurements_aspirina_5_segmentations\Condição 5 - 18_labels.tif
Condição 5 - 18.jpg,ConvPaint,254,329.0,298.0,1.0,0.0,0.4431372582912445,0.5641895835477563,,C:\Users\sophi\napari-organoid-segmentation\reports\organoid_measurements_aspirina_5_segmentations\Condição 5 - 18_labels.tif
Condição 5 - 18.jpg,ConvPaint,255,329.0,300.0,1.0,0.0,0.3960784375667572,0.5641895835477563,,C:\Users\sophi\napari-organoid-segmentation\reports\organoid_measurements_aspirina_5_segmentations\Condição 5 - 18_labels.tif
Condição 5 - 18.jpg,ConvPaint,256,329.0,586.0,1.0,0.0,0.4627451002597809,0.5641895835477563,,C:\Users\sophi\napari-organoid-segmentation\reports\organoid_measurements_aspirina_5_segmentations\Condição 5 - 18_labels.tif
Condição 5 - 18.jpg,ConvPaint,257,329.0,588.0,1.0,0.0,0.529411792755127,0.5641895835477563,,C:\Users\sophi\napari-organoid-segmentation\reports\organoid_measurements_aspirina_5_segmentations\Condição 5 - 18_labels.tif
Condição 5 - 18.jpg,ConvPaint,258,329.0,596.5,2.0,0.0,0.4725490212440491,0.7978845608028654,,C:\Users\sophi\napari-organoid-segmentation\reports\organoid_measurements_aspirina_5_segmentations\Condição 5 - 18_labels.tif
Condição 5 - 18.jpg,ConvPaint,259,331.0,586.0,1.0,0.0,0.5529412031173706,0.5641895835477563,,C:\Users\sophi\napari-organoid-segmentation\reports\organoid_measurements_aspirina_5_segmentations\Condição 5 - 18_labels.tif
Condição 5 - 18.jpg,ConvPaint,260,331.0,716.0,1.0,0.0,0.4313725531101227,0.5641895835477563,,C:\Users\sophi\napari-organoid-segmentation\reports\organoid_measurements_aspirina_5_segmentations\Condição 5 - 18_labels.tif
Condição 5 - 18.jpg,ConvPaint,261,332.0,292.0,1.0,0.0,0.3529411852359772,0.5641895835477563,,C:\Users\sophi\napari-organoid-segmentation\reports\organoid_measurements_aspirina_5_segmentations\Condição 5 - 18_labels.tif
Condição 5 - 18.jpg,ConvPaint,262,332.5,298.5,4.0,4.0,0.4421568810939789,1.1283791670955126,3.141592653589793,C:\Users\sophi\napari-organoid-segmentation\reports\organoid_measurements_aspirina_5_segmentations\Condição 5 - 18_labels.tif
Condição 5 - 18.jpg,ConvPaint,263,338.6170212765957,290.97872340425533,47.0,32.071067811865476,0.4300375282764435,3.8678889139475245,0.5742233940176984,C:\Users\sophi\napari-organoid-segmentation\reports\organoid_measurements_aspirina_5_segmentations\Condição 5 - 18_labels.tif
Condição 5 - 18.jpg,ConvPaint,264,334.0,179.5,2.0,0.0,0.35098040103912354,0.7978845608028654,,C:\Users\sophi\napari-organoid-segmentation\reports\organoid_measurements_aspirina_5_segmentations\Condição 5 - 18_labels.tif
Condição 5 - 18.jpg,ConvPaint,265,337.0,622.0,1.0,0.0,0.33725491166114807,0.5641895835477563,,C:\Users\sophi\napari-organoid-segmentation\reports\organoid_measurements_aspirina_5_segmentations\Condição 5 - 18_labels.tif
Condição 5 - 18.jpg,ConvPaint,266,339.0,705.0,1.0,0.0,0.501960813999176,0.5641895835477563,,C:\Users\sophi\napari-organoid-segmentation\reports\organoid_measurements_aspirina_5_segmentations\Condição 5 - 18_labels.tif
Condição 5 - 18.jpg,ConvPaint,267,341.0,690.0,1.0,0.0,0.3686274588108063,0.5641895835477563,,C:\Users\sophi\napari-organoid-segmentation\reports\organoid_measurements_aspirina_5_segmentations\Condição 5 - 18_labels.tif
Condição 5 - 18.jpg,ConvPaint,268,345.0,264.0,1.0,0.0,0.3137255012989044,0.5641895835477563,,C:\Users\sophi\napari-organoid-segmentation\reports\organoid_measurements_aspirina_5_segmentations\Condição 5 - 18_labels.tif
Condição 5 - 18.jpg,ConvPaint,269,345.0,670.0,1.0,0.0,0.32549020648002625,0.5641895835477563,,C:\Users\sophi\napari-organoid-segmentation\reports\organoid_measurements_aspirina_5_segmentations\Condição 5 - 18_labels.tif
Condição 5 - 18.jpg,ConvPaint,270,346.0,652.0,1.0,0.0,0.4431372582912445,0.5641895835477563,,C:\Users\sophi\napari-organoid-segmentation\reports\organoid_measurements_aspirina_5_segmentations\Condição 5 - 18_labels.tif
Condição 5 - 18.jpg,ConvPaint,271,347.0,275.5,2.0,0.0,0.43529412150382996,0.7978845608028654,,C:\Users\sophi\napari-organoid-segmentation\reports\organoid_measurements_aspirina_5_segmentations\Condição 5 - 18_labels.tif
Condição 5 - 18.jpg,ConvPaint,272,348.6666666666667,263.3333333333333,3.0,3.414213562373095,0.38954249024391174,0.9772050238058398,3.2340725067158833,C:\Users\sophi\napari-organoid-segmentation\reports\organoid_measurements_aspirina_5_segmentations\Condição 5 - 18_labels.tif
Condição 5 - 18.jpg,ConvPaint,273,351.0,263.5,2.0,0.0,0.47647058963775635,0.7978845608028654,,C:\Users\sophi\napari-organoid-segmentation\reports\organoid_measurements_aspirina_5_segmentations\Condição 5 - 18_labels.tif
Condição 5 - 18.jpg,ConvPaint,274,354.625,215.5,8.0,7.035533905932738,0.4112744927406311,1.5957691216057308,2.0309803908983444,C:\Users\sophi\napari-organoid-segmentation\reports\organoid_measurements_aspirina_5_segmentations\Condição 5 - 18_labels.tif
Condição 5 - 18.jpg,ConvPaint,275,355.0,256.0,1.0,0.0,0.4627451002597809,0.5641895835477563,,C:\Users\sophi\napari-organoid-segmentation\reports\organoid_measurements_aspirina_5_segmentations\Condição 5 - 18_labels.tif
Condição 5 - 18.jpg,ConvPaint,276,357.0,212.0,7.0,6.82842712474619,0.4302521049976349,1.4927053303604616,1.8865422955842652,C:\Users\sophi\napari-organoid-segmentation\reports\organoid_measurements_aspirina_5_segmentations\Condição 5 - 18_labels.tif
Condição 5 - 18.jpg,ConvPaint,277,357.8,208.2,5.0,4.0,0.4996078610420227,1.2615662610100802,3.9269908169872414,C:\Users\sophi\napari-organoid-segmentation\reports\organoid_measurements_aspirina_5_segmentations\Condição 5 - 18_labels.tif
Condição 5 - 18.jpg,ConvPaint,278,358.6666666666667,204.66666666666666,3.0,3.414213562373095,0.5006535649299622,0.9772050238058398,3.2340725067158833,C:\Users\sophi\napari-organoid-segmentation\reports\organoid_measurements_aspirina_5_segmentations\Condição 5 - 18_labels.tif
Condição 5 - 18.jpg,ConvPaint,279,359.0,237.0,1.0,0.0,0.4627451002597809,0.5641895835477563,,C:\Users\sophi\napari-organoid-segmentation\reports\organoid_measurements_aspirina_5_segmentations\Condição 5 - 18_labels.tif
Condição 5 - 18.jpg,ConvPaint,280,499.0,1911.0,1.0,0.0,0.529411792755127,0.5641895835477563,,C:\Users\sophi\napari-organoid-segmentation\reports\organoid_measurements_aspirina_5_segmentations\Condição 5 - 18_labels.tif
Condição 5 - 18.jpg,ConvPaint,281,505.0,1503.0,1.0,0.0,0.4588235318660736,0.5641895835477563,,C:\Users\sophi\napari-organoid-segmentation\reports\organoid_measurements_aspirina_5_segmentations\Condição 5 - 18_labels.tif
Condição 5 - 18.jpg,ConvPaint,282,616.5001896617125,1525.341287630608,28999.0,1783.7220048756972,0.2289648950099945,96.07636748672249,0.11453508591935105,C:\Users\sophi\napari-organoid-segmentation\reports\organoid_measurements_aspirina_5_segmentations\Condição 5 - 18_labels.tif
Condição 5 - 18.jpg,ConvPaint,283,572.747515444534,1901.9857641686813,3723.0,564.6761902332485,0.2725474536418915,34.42481236350102,0.14672494262109206,C:\Users\sophi\napari-organoid-segmentation\reports\organoid_measurements_aspirina_5_segmentations\Condição 5 - 18_labels.tif
Condição 5 - 18.jpg,ConvPaint,284,509.0,1522.0,1.0,0.0,0.30980393290519714,0.5641895835477563,,C:\Users\sophi\napari-organoid-segmentation\reports\organoid_measurements_aspirina_5_segmentations\Condição 5 - 18_labels.tif
Condição 5 - 18.jpg,ConvPaint,285,512.0,1909.0,1.0,0.0,0.4901960790157318,0.5641895835477563,,C:\Users\sophi\napari-organoid-segmentation\reports\organoid_measurements_aspirina_5_segmentations\Condição 5 - 18_labels.tif
Condição 5 - 18.jpg,ConvPaint,286,518.0,1554.0,1.0,0.0,0.47843137383461,0.5641895835477563,,C:\Users\sophi\napari-organoid-segmentation\reports\organoid_measurements_aspirina_5_segmentations\Condição 5 - 18_labels.tif
Condição 5 - 18.jpg,ConvPaint,287,518.0,1903.0,1.0,0.0,0.5333333611488342,0.5641895835477563,,C:\Users\sophi\napari-organoid-segmentation\reports\organoid_measurements_aspirina_5_segmentations\Condição 5 - 18_labels.tif
Condição 5 - 18.jpg,ConvPaint,288,520.0,1490.0,1.0,0.0,0.364705890417099,0.5641895835477563,,C:\Users\sophi\napari-organoid-segmentation\reports\organoid_measurements_aspirina_5_segmentations\Condição 5 - 18_labels.tif
Condição 5 - 18.jpg,ConvPaint,289,520.0,1903.0,1.0,0.0,0.4313725531101227,0.5641895835477563,,C:\Users\sophi\napari-organoid-segmentation\reports\organoid_measurements_aspirina_5_segmentations\Condição 5 - 18_labels.tif
Condição 5 - 18.jpg,ConvPaint,290,521.0,1488.0,1.0,0.0,0.364705890417099,0.5641895835477563,,C:\Users\sophi\napari-organoid-segmentation\reports\organoid_measurements_aspirina_5_segmentations\Condição 5 - 18_labels.tif
Condição 5 - 18.jpg,ConvPaint,291,522.0,1557.0,1.0,0.0,0.3960784375667572,0.5641895835477563,,C:\Users\sophi\napari-organoid-segmentation\reports\organoid_measurements_aspirina_5_segmentations\Condição 5 - 18_labels.tif
Condição 5 - 18.jpg,ConvPaint,292,524.0,1557.0,1.0,0.0,0.30980393290519714,0.5641895835477563,,C:\Users\sophi\napari-organoid-segmentation\reports\organoid_measurements_aspirina_5_segmentations\Condição 5 - 18_labels.tif
Condição 5 - 18.jpg,ConvPaint,293,528.0,1123.0,1.0,0.0,0.545098066329956,0.5641895835477563,,C:\Users\sophi\napari-organoid-segmentation\reports\organoid_measurements_aspirina_5_segmentations\Condição 5 - 18_labels.tif
Condição 5 - 18.jpg,ConvPaint,294,528.5,1569.0,2.0,0.0,0.42352941632270813,0.7978845608028654,,C:\Users\sophi\napari-organoid-segmentation\reports\organoid_measurements_aspirina_5_segmentations\Condição 5 - 18_labels.tif
Condição 5 - 18.jpg,ConvPaint,295,633.6627011896431,1113.3178872425228,32867.0,1430.1707063234767,0.20187100768089294,102.28338589039106,0.2019268973205827,C:\Users\sophi\napari-organoid-segmentation\reports\organoid_measurements_aspirina_5_segmentations\Condição 5 - 18_labels.tif
Condição 5 - 18.jpg,ConvPaint,296,532.5,1076.0,2.0,0.0,0.5470588207244873,0.7978845608028654,,C:\Users\sophi\napari-organoid-segmentation\reports\organoid_measurements_aspirina_5_segmentations\Condição 5 - 18_labels.tif
Condição 5 - 18.jpg,ConvPaint,297,533.9,1097.0,10.0,9.82842712474619,0.4403921663761139,1.7841241161527712,1.3008937295939074,C:\Users\sophi\napari-organoid-segmentation\reports\organoid_measurements_aspirina_5_segmentations\Condição 5 - 18_labels.tif
Condição 5 - 18.jpg,ConvPaint,298,532.3333333333334,1101.0,3.0,1.4142135623730951,0.5032680034637451,0.9772050238058398,18.849555921538755,C:\Users\sophi\napari-organoid-segmentation\reports\organoid_measurements_aspirina_5_segmentations\Condição 5 - 18_labels.tif
Condição 5 - 18.jpg,ConvPaint,299,532.8,1104.2,5.0,4.0,0.41333332657814026,1.2615662610100802,3.9269908169872414,C:\Users\sophi\napari-organoid-segmentation\reports\organoid_measurements_aspirina_5_segmentations\Condição 5 - 18_labels.tif
Condição 5 - 18.jpg,ConvPaint,300,532.3333333333334,1114.6666666666667,3.0,3.414213562373095,0.48627451062202454,0.9772050238058398,3.2340725067158833,C:\Users\sophi\napari-organoid-segmentation\reports\organoid_measurements_aspirina_5_segmentations\Condição 5 - 18_labels.tif
Condição 5 - 18.jpg,ConvPaint,301,532.5,1142.5,2.0,0.0,0.29411765933036804,0.7978845608028654,,C:\Users\sophi\napari-organoid-segmentation\reports\organoid_measurements_aspirina_5_segmentations\Condição 5 - 18_labels.tif
Condição 5 - 18.jpg,ConvPaint,302,532.5,1575.0,2.0,0.0,0.4470588266849518,0.7978845608028654,,C:\Users\sophi\napari-organoid-segmentation\reports\organoid_measurements_aspirina_5_segmentations\Condição 5 - 18_labels.tif
Condição 5 - 18.jpg,ConvPaint,303,534.0,1109.0,1.0,0.0,0.41960784792900085,0.5641895835477563,,C:\Users\sophi\napari-organoid-segmentation\reports\organoid_measurements_aspirina_5_segmentations\Condição 5 - 18_labels.tif
Condição 5 - 18.jpg,ConvPaint,304,534.0,1111.0,1.0,0.0,0.4117647111415863,0.5641895835477563,,C:\Users\sophi\napari-organoid-segmentation\reports\organoid_measurements_aspirina_5_segmentations\Condição 5 - 18_labels.tif
Condição 5 - 18.jpg,ConvPaint,305,534.0,1884.5,2.0,0.0,0.5333333611488342,0.7978845608028654,,C:\Users\sophi\napari-organoid-segmentation\reports\organoid_measurements_aspirina_5_segmentations\Condição 5 - 18_labels.tif
Condição 5 - 18.jpg,ConvPaint,306,536.0,1086.0,1.0,0.0,0.40784314274787903,0.5641895835477563,,C:\Users\sophi\napari-organoid-segmentation\reports\organoid_measurements_aspirina_5_segmentations\Condição 5 - 18_labels.tif
Condição 5 - 18.jpg,ConvPaint,307,538.0,1084.0,1.0,0.0,0.4000000059604645,0.5641895835477563,,C:\Users\sophi\napari-organoid-segmentation\reports\organoid_measurements_aspirina_5_segmentations\Condição 5 - 18_labels.tif
Condição 5 - 18.jpg,ConvPaint,308,539.0,1882.0,1.0,0.0,0.4313725531101227,0.5641895835477563,,C:\Users\sophi\napari-organoid-segmentation\reports\organoid_measurements_aspirina_5_segmentations\Condição 5 - 18_labels.tif
Condição 5 - 18.jpg,ConvPaint,309,540.5,1582.5,2.0,0.0,0.4117647111415863,0.7978845608028654,,C:\Users\sophi\napari-organoid-segmentation\reports\organoid_measurements_aspirina_5_segmentations\Condição 5 - 18_labels.tif
Condição 5 - 18.jpg,ConvPaint,310,649.4149007687137,682.7064566100605,34213.0,2048.6053018901325,0.22969071567058563,104.35677331158735,0.1024435068163125,C:\Users\sophi\napari-organoid-segmentation\reports\organoid_measurements_aspirina_5_segmentations\Condição 5 - 18_labels.tif
Condição 5 - 18.jpg,ConvPaint,311,542.0,709.0,1.0,0.0,0.4745098054409027,0.5641895835477563,,C:\Users\sophi\napari-organoid-segmentation\reports\organoid_measurements_aspirina_5_segmentations\Condição 5 - 18_labels.tif
Condição 5 - 18.jpg,ConvPaint,312,544.5,678.5,4.0,4.0,0.3401961028575897,1.1283791670955126,3.141592653589793,C:\Users\sophi\napari-organoid-segmentation\reports\organoid_measurements_aspirina_5_segmentations\Condição 5 - 18_labels.tif
Condição 5 - 18.jpg,ConvPaint,313,544.3333333333334,702.3333333333334,3.0,3.414213562373095,0.4274509847164154,0.9772050238058398,3.2340725067158833,C:\Users\sophi\napari-organoid-segmentation\reports\organoid_measurements_aspirina_5_segmentations\Condição 5 - 18_labels.tif
Condição 5 - 18.jpg,ConvPaint,314,544.8333333333334,706.3333333333334,6.0,6.414213562373095,0.3758169710636139,1.381976597885342,1.8326278532479736,C:\Users\sophi\napari-organoid-segmentation\reports\organoid_measurements_aspirina_5_segmentations\Condição 5 - 18_labels.tif
Condição 5 - 18.jpg,ConvPaint,315,544.25,1051.0,4.0,4.621320343559642,0.5245097875595093,1.1283791670955126,2.3536273758173025,C:\Users\sophi\napari-organoid-segmentation\reports\organoid_measurements_aspirina_5_segmentations\Condição 5 - 18_labels.tif
Condição 5 - 18.jpg,ConvPaint,316,549.0,1044.0,3.0,1.0,0.529411792755127,0.9772050238058398,37.69911184307752,C:\Users\sophi\napari-organoid-segmentation\reports\organoid_measurements_aspirina_5_segmentations\Condição 5 - 18_labels.tif
Condição 5 - 18.jpg,ConvPaint,317,551.0,1036.0,1.0,0.0,0.4627451002597809,0.5641895835477563,,C:\Users\sophi\napari-organoid-segmentation\reports\organoid_measurements_aspirina_5_segmentations\Condição 5 - 18_labels.tif
Condição 5 - 18.jpg,ConvPaint,318,551.0,1878.5,2.0,0.0,0.503921627998352,0.7978845608028654,,C:\Users\sophi\napari-organoid-segmentation\reports\organoid_measurements_aspirina_5_segmentations\Condição 5 - 18_labels.tif
Condição 5 - 18.jpg,ConvPaint,319,554.0,1053.0,1.0,0.0,0.30980393290519714,0.5641895835477563,,C:\Users\sophi\napari-organoid-segmentation\reports\organoid_measurements_aspirina_5_segmentations\Condição 5 - 18_labels.tif
Condição 5 - 18.jpg,ConvPaint,320,556.0,1036.0,1.0,0.0,0.5098039507865906,0.5641895835477563,,C:\Users\sophi\napari-organoid-segmentation\reports\organoid_measurements_aspirina_5_segmentations\Condição 5 - 18_labels.tif
Condição 5 - 18.jpg,ConvPaint,321,556.8,1454.2,5.0,4.414213562373095,0.41725486516952515,1.2615662610100802,3.224580228790828,C:\Users\sophi\napari-organoid-segmentation\reports\organoid_measurements_aspirina_5_segmentations\Condição 5 - 18_labels.tif
Condição 5 - 18.jpg,ConvPaint,322,561.0,742.0,1.0,0.0,0.30980393290519714,0.5641895835477563,,C:\Users\sophi\napari-organoid-segmentation\reports\organoid_measurements_aspirina_5_segmentations\Condição 5 - 18_labels.tif
Condição 5 - 18.jpg,ConvPaint,323,561.0,1875.0,1.0,0.0,0.4431372582912445,0.5641895835477563,,C:\Users\sophi\napari-organoid-segmentation\reports\organoid_measurements_aspirina_5_segmentations\Condição 5 - 18_labels.tif
Condição 5 - 18.jpg,ConvPaint,324,563.0,238.0,1.0,0.0,0.7019608020782471,0.5641895835477563,,C:\Users\sophi\napari-organoid-segmentation\reports\organoid_measurements_aspirina_5_segmentations\Condição 5 - 18_labels.tif
Condição 5 - 18.jpg,ConvPaint,325,564.5,240.0,2.0,0.0,0.5647059082984924,0.7978845608028654,,C:\Users\sophi\napari-organoid-segmentation\reports\organoid_measurements_aspirina_5_segmentations\Condição 5 - 18_labels.tif
Condição 5 - 18.jpg,ConvPaint,326,565.0,243.0,1.0,0.0,0.5215686559677124,0.5641895835477563,,C:\Users\sophi\napari-organoid-segmentation\reports\organoid_measurements_aspirina_5_segmentations\Condição 5 - 18_labels.tif
Condição 5 - 18.jpg,ConvPaint,327,664.1551735921269,251.0548113723346,29264.0,1947.1250711497773,0.23397618532180786,96.51435390283899,0.09699645332805876,C:\Users\sophi\napari-organoid-segmentation\reports\organoid_measurements_aspirina_5_segmentations\Condição 5 - 18_labels.tif
Condição 5 - 18.jpg,ConvPaint,328,565.0,272.5,2.0,0.0,0.5156862735748291,0.7978845608028654,,C:\Users\sophi\napari-organoid-segmentation\reports\organoid_measurements_aspirina_5_segmentations\Condição 5 - 18_labels.tif
Condição 5 - 18.jpg,ConvPaint,329,566.6,265.6,5.0,3.6213203435596424,0.4109804034233093,1.2615662610100802,4.791218528467976,C:\Users\sophi\napari-organoid-segmentation\reports\organoid_measurements_aspirina_5_segmentations\Condição 5 - 18_labels.tif
Condição 5 - 18.jpg,ConvPaint,330,566.5,1450.0,2.0,0.0,0.5784313678741455,0.7978845608028654,,C:\Users\sophi\napari-organoid-segmentation\reports\organoid_measurements_aspirina_5_segmentations\Condição 5 - 18_labels.tif
Condição 5 - 18.jpg,ConvPaint,331,568.0,276.75,4.0,3.414213562373095,0.33627453446388245,1.1283791670955126,4.312096675621178,C:\Users\sophi\napari-organoid-segmentation\reports\organoid_measurements_aspirina_5_segmentations\Condição 5 - 18_labels.tif
Condição 5 - 18.jpg,ConvPaint,332,568.3333333333334,290.6666666666667,3.0,3.414213562373095,0.5464052557945251,0.9772050238058398,3.2340725067158833,C:\Users\sophi\napari-organoid-segmentation\reports\organoid_measurements_aspirina_5_segmentations\Condição 5 - 18_labels.tif
Condição 5 - 18.jpg,ConvPaint,333,568.5,295.0,2.0,0.0,0.5549019575119019,0.7978845608028654,,C:\Users\sophi\napari-organoid-segmentation\reports\organoid_measurements_aspirina_5_segmentations\Condição 5 - 18_labels.tif
Condição 5 - 18.jpg,ConvPaint,334,568.0,1616.5,2.0,0.0,0.42941176891326904,0.7978845608028654,,C:\Users\sophi\napari-organoid-segmentation\reports\organoid_measurements_aspirina_5_segmentations\Condição 5 - 18_labels.tif
Condição 5 - 18.jpg,ConvPaint,335,568.5,1874.5,4.0,4.0,0.44117647409439087,1.1283791670955126,3.141592653589793,C:\Users\sophi\napari-organoid-segmentation\reports\organoid_measurements_aspirina_5_segmentations\Condição 5 - 18_labels.tif
Condição 5 - 18.jpg,ConvPaint,336,569.0,257.5,2.0,0.0,0.2960784435272217,0.7978845608028654,,C:\Users\sophi\napari-organoid-segmentation\reports\organoid_measurements_aspirina_5_segmentations\Condição 5 - 18_labels.tif
Condição 5 - 18.jpg,ConvPaint,337,569.5,262.0,2.0,0.0,0.3333333432674408,0.7978845608028654,,C:\Users\sophi\napari-organoid-segmentation\reports\organoid_measurements_aspirina_5_segmentations\Condição 5 - 18_labels.tif
Condição 5 - 18.jpg,ConvPaint,338,569.8,1623.2,5.0,4.621320343559642,0.4501960873603821,1.2615662610100802,2.9420342197716285,C:\Users\sophi\napari-organoid-segmentation\reports\organoid_measurements_aspirina_5_segmentations\Condição 5 - 18_labels.tif
Condição 5 - 18.jpg,ConvPaint,339,569.0,1872.0,1.0,0.0,0.5490196347236633,0.5641895835477563,,C:\Users\sophi\napari-organoid-segmentation\reports\organoid_measurements_aspirina_5_segmentations\Condição 5 - 18_labels.tif
Condição 5 - 18.jpg,ConvPaint,340,571.0,1872.0,1.0,0.0,0.5803921818733215,0.5641895835477563,,C:\Users\sophi\napari-organoid-segmentation\reports\organoid_measurements_aspirina_5_segmentations\Condição 5 - 18_labels.tif
Condição 5 - 18.jpg,ConvPaint,341,575.6666666666666,762.6666666666666,3.0,3.414213562373095,0.3150326907634735,0.9772050238058398,3.2340725067158833,C:\Users\sophi\napari-organoid-segmentation\reports\organoid_measurements_aspirina_5_segmentations\Condição 5 - 18_labels.tif
Condição 5 - 18.jpg,ConvPaint,342,576.0,1029.0,1.0,0.0,0.40392157435417175,0.5641895835477563,,C:\Users\sophi\napari-organoid-segmentation\reports\organoid_measurements_aspirina_5_segmentations\Condição 5 - 18_labels.tif
Condição 5 - 18.jpg,ConvPaint,343,580.0,1020.0,1.0,0.0,0.6549019813537598,0.5641895835477563,,C:\Users\sophi\napari-organoid-segmentation\reports\organoid_measurements_aspirina_5_segmentations\Condição 5 - 18_labels.tif
Condição 5 - 18.jpg,ConvPaint,344,581.0,1205.0,3.0,1.0,0.32418301701545715,0.9772050238058398,37.69911184307752,C:\Users\sophi\napari-organoid-segmentation\reports\organoid_measurements_aspirina_5_segmentations\Condição 5 - 18_labels.tif
Condição 5 - 18.jpg,ConvPaint,345,584.5,1613.0,2.0,0.0,0.3294117748737335,0.7978845608028654,,C:\Users\sophi\napari-organoid-segmentation\reports\organoid_measurements_aspirina_5_segmentations\Condição 5 - 18_labels.tif
Condição 5 - 18.jpg,ConvPaint,346,587.375,1616.5,8.0,7.207106781186548,0.5401960611343384,1.5957691216057308,1.9354320909169331,C:\Users\sophi\napari-organoid-segmentation\reports\organoid_measurements_aspirina_5_segmentations\Condição 5 - 18_labels.tif
Condição 5 - 18.jpg,ConvPaint,347,588.0,205.0,1.0,0.0,0.3686274588108063,0.5641895835477563,,C:\Users\sophi\napari-organoid-segmentation\reports\organoid_measurements_aspirina_5_segmentations\Condição 5 - 18_labels.tif
Condição 5 - 18.jpg,ConvPaint,348,588.0,1447.0,1.0,0.0,0.4156862795352936,0.5641895835477563,,C:\Users\sophi\napari-organoid-segmentation\reports\organoid_measurements_aspirina_5_segmentations\Condição 5 - 18_labels.tif
Condição 5 - 18.jpg,ConvPaint,349,591.0,1443.0,1.0,0.0,0.43921568989753723,0.5641895835477563,,C:\Users\sophi\napari-organoid-segmentation\reports\organoid_measurements_aspirina_5_segmentations\Condição 5 - 18_labels.tif
Condição 5 - 18.jpg,ConvPaint,350,593.0,315.0,1.0,0.0,0.30588236451148987,0.5641895835477563,,C:\Users\sophi\napari-organoid-segmentation\reports\organoid_measurements_aspirina_5_segmentations\Condição 5 - 18_labels.tif
Condição 5 - 18.jpg,ConvPaint,351,596.0,185.0,1.0,0.0,0.3294117748737335,0.5641895835477563,,C:\Users\sophi\napari-organoid-segmentation\reports\organoid_measurements_aspirina_5_segmentations\Condição 5 - 18_labels.tif
Condição 5 - 18.jpg,ConvPaint,352,598.0,184.0,1.0,0.0,0.33725491166114807,0.5641895835477563,,C:\Users\sophi\napari-organoid-segmentation\reports\organoid_measurements_aspirina_5_segmentations\Condição 5 - 18_labels.tif
Condição 5 - 18.jpg,ConvPaint,353,598.0,318.5,2.0,0.0,0.3078431487083435,0.7978845608028654,,C:\Users\sophi\napari-organoid-segmentation\reports\organoid_measurements_aspirina_5_segmentations\Condição 5 - 18_labels.tif
Condição 5 - 18.jpg,ConvPaint,354,598.5,1446.0,2.0,0.0,0.31568628549575806,0.7978845608028654,,C:\Users\sophi\napari-organoid-segmentation\reports\organoid_measurements_aspirina_5_segmentations\Condição 5 - 18_labels.tif
Condição 5 - 18.jpg,ConvPaint,355,598.3333333333334,1880.3333333333333,3.0,3.414213562373095,0.5241830348968506,0.9772050238058398,3.2340725067158833,C:\Users\sophi\napari-organoid-segmentation\reports\organoid_measurements_aspirina_5_segmentations\Condição 5 - 18_labels.tif
Condição 5 - 18.jpg,ConvPaint,356,600.0,160.0,1.0,0.0,0.7215686440467834,0.5641895835477563,,C:\Users\sophi\napari-organoid-segmentation\reports\organoid_measurements_aspirina_5_segmentations\Condição 5 - 18_labels.tif
Condição 5 - 18.jpg,ConvPaint,357,602.0,1881.0,1.0,0.0,0.5098039507865906,0.5641895835477563,,C:\Users\sophi\napari-organoid-segmentation\reports\organoid_measurements_aspirina_5_segmentations\Condição 5 - 18_labels.tif
Condição 5 - 18.jpg,ConvPaint,358,605.5,182.0,2.0,0.0,0.3490196168422699,0.7978845608028654,,C:\Users\sophi\napari-organoid-segmentation\reports\organoid_measurements_aspirina_5_segmentations\Condição 5 - 18_labels.tif
Condição 5 - 18.jpg,ConvPaint,359,606.0,1884.0,1.0,0.0,0.5176470875740051,0.5641895835477563,,C:\Users\sophi\napari-organoid-segmentation\reports\organoid_measurements_aspirina_5_segmentations\Condição 5 - 18_labels.tif
Condição 5 - 18.jpg,ConvPaint,360,607.0,167.5,2.0,0.0,0.3607843220233917,0.7978845608028654,,C:\Users\sophi\napari-organoid-segmentation\reports\organoid_measurements_aspirina_5_segmentations\Condição 5 - 18_labels.tif
Condição 5 - 18.jpg,ConvPaint,361,607.0,1614.5,2.0,0.0,0.4862745404243469,0.7978845608028654,,C:\Users\sophi\napari-organoid-segmentation\reports\organoid_measurements_aspirina_5_segmentations\Condição 5 - 18_labels.tif
Condição 5 - 18.jpg,ConvPaint,362,612.0,168.5,2.0,0.0,0.3450980484485626,0.7978845608028654,,C:\Users\sophi\napari-organoid-segmentation\reports\organoid_measurements_aspirina_5_segmentations\Condição 5 - 18_labels.tif
Condição 5 - 18.jpg,ConvPaint,363,612.75,1008.25,4.0,3.2071067811865475,0.6892156600952148,1.1283791670955126,4.887007608661263,C:\Users\sophi\napari-organoid-segmentation\reports\organoid_measurements_aspirina_5_segmentations\Condição 5 - 18_labels.tif
Condição 5 - 18.jpg,ConvPaint,364,614.0,1215.0,1.0,0.0,0.37254902720451355,0.5641895835477563,,C:\Users\sophi\napari-organoid-segmentation\reports\organoid_measurements_aspirina_5_segmentations\Condição 5 - 18_labels.tif
Condição 5 - 18.jpg,ConvPaint,365,616.0,1008.0,1.0,0.0,0.6509804129600525,0.5641895835477563,,C:\Users\sophi\napari-organoid-segmentation\reports\organoid_measurements_aspirina_5_segmentations\Condição 5 - 18_labels.tif
Condição 5 - 18.jpg,ConvPaint,366,616.5,1217.0,2.0,0.0,0.34705883264541626,0.7978845608028654,,C:\Users\sophi\napari-organoid-segmentation\reports\organoid_measurements_aspirina_5_segmentations\Condição 5 - 18_labels.tif
Condição 5 - 18.jpg,ConvPaint,367,616.0,1894.0,1.0,0.0,0.4431372582912445,0.5641895835477563,,C:\Users\sophi\napari-organoid-segmentation\reports\organoid_measurements_aspirina_5_segmentations\Condição 5 - 18_labels.tif
Condição 5 - 18.jpg,ConvPaint,368,619.2,155.13333333333333,15.0,12.82842712474619,0.4318954348564148,2.1850968611841584,1.1453924082799836,C:\Users\sophi\napari-organoid-segmentation\reports\organoid_measurements_aspirina_5_segmentations\Condição 5 - 18_labels.tif
Condição 5 - 18.jpg,ConvPaint,369,618.0,1892.0,3.0,1.0,0.5934640765190125,0.9772050238058398,37.69911184307752,C:\Users\sophi\napari-organoid-segmentation\reports\organoid_measurements_aspirina_5_segmentations\Condição 5 - 18_labels.tif
Condição 5 - 18.jpg,ConvPaint,370,619.0,1008.0,3.0,1.0,0.5803921818733215,0.9772050238058398,37.69911184307752,C:\Users\sophi\napari-organoid-segmentation\reports\organoid_measurements_aspirina_5_segmentations\Condição 5 - 18_labels.tif
Condição 5 - 18.jpg,ConvPaint,371,620.0,339.0,1.0,0.0,0.41960784792900085,0.5641895835477563,,C:\Users\sophi\napari-organoid-segmentation\reports\organoid_measurements_aspirina_5_segmentations\Condição 5 - 18_labels.tif
Condição 5 - 18.jpg,ConvPaint,372,622.0,1424.0,1.0,0.0,0.5843137502670288,0.5641895835477563,,C:\Users\sophi\napari-organoid-segmentation\reports\organoid_measurements_aspirina_5_segmentations\Condição 5 - 18_labels.tif
Condição 5 - 18.jpg,ConvPaint,373,624.5,1010.0,2.0,0.0,0.5431373119354248,0.7978845608028654,,C:\Users\sophi\napari-organoid-segmentation\reports\organoid_measurements_aspirina_5_segmentations\Condição 5 - 18_labels.tif
Condição 5 - 18.jpg,ConvPaint,374,626.2,162.6,5.0,5.207106781186548,0.39450982213020325,1.2615662610100802,2.3173247538676778,C:\Users\sophi\napari-organoid-segmentation\reports\organoid_measurements_aspirina_5_segmentations\Condição 5 - 18_labels.tif
Condição 5 - 18.jpg,ConvPaint,375,625.0,165.5,2.0,0.0,0.3117647171020508,0.7978845608028654,,C:\Users\sophi\napari-organoid-segmentation\reports\organoid_measurements_aspirina_5_segmentations\Condição 5 - 18_labels.tif
Condição 5 - 18.jpg,ConvPaint,376,625.0,1897.0,1.0,0.0,0.46666666865348816,0.5641895835477563,,C:\Users\sophi\napari-organoid-segmentation\reports\organoid_measurements_aspirina_5_segmentations\Condição 5 - 18_labels.tif
Condição 5 - 18.jpg,ConvPaint,377,628.6666666666666,1618.6666666666667,3.0,3.414213562373095,0.38954249024391174,0.9772050238058398,3.2340725067158833,C:\Users\sophi\napari-organoid-segmentation\reports\organoid_measurements_aspirina_5_segmentations\Condição 5 - 18_labels.tif
Condição 5 - 18.jpg,ConvPaint,378,638.939393939394,1013.7575757575758,33.0,21.449747468305834,0.5054070353507996,3.2410224072142872,0.9013208899649351,C:\Users\sophi\napari-organoid-segmentation\reports\organoid_measurements_aspirina_5_segmentations\Condição 5 - 18_labels.tif
Condição 5 - 18.jpg,ConvPaint,379,634.0,1429.0,1.0,0.0,0.37254902720451355,0.5641895835477563,,C:\Users\sophi\napari-organoid-segmentation\reports\organoid_measurements_aspirina_5_segmentations\Condição 5 - 18_labels.tif
Condição 5 - 18.jpg,ConvPaint,380,636.0,347.0,1.0,0.0,0.33725491166114807,0.5641895835477563,,C:\Users\sophi\napari-organoid-segmentation\reports\organoid_measurements_aspirina_5_segmentations\Condição 5 - 18_labels.tif
Condição 5 - 18.jpg,ConvPaint,381,636.0,798.0,1.0,0.0,0.45098039507865906,0.5641895835477563,,C:\Users\sophi\napari-organoid-segmentation\reports\organoid_measurements_aspirina_5_segmentations\Condição 5 - 18_labels.tif
Condição 5 - 18.jpg,ConvPaint,382,637.5,1614.0,2.0,0.0,0.5588235855102539,0.7978845608028654,,C:\Users\sophi\napari-organoid-segmentation\reports\organoid_measurements_aspirina_5_segmentations\Condição 5 - 18_labels.tif
Condição 5 - 18.jpg,ConvPaint,383,639.0,797.0,1.0,0.0,0.5058823823928833,0.5641895835477563,,C:\Users\sophi\napari-organoid-segmentation\reports\organoid_measurements_aspirina_5_segmentations\Condição 5 - 18_labels.tif
Condição 5 - 18.jpg,ConvPaint,384,649.3118279569892,1897.6129032258063,93.0,51.21320343559643,0.5015391111373901,5.440847306724618,0.4455833231475216,C:\Users\sophi\napari-organoid-segmentation\reports\organoid_measurements_aspirina_5_segmentations\Condição 5 - 18_labels.tif
Condição 5 - 18.jpg,ConvPaint,385,648.0,153.0,1.0,0.0,0.4117647111415863,0.5641895835477563,,C:\Users\sophi\napari-organoid-segmentation\reports\organoid_measurements_aspirina_5_segmentations\Condição 5 - 18_labels.tif
Condição 5 - 18.jpg,ConvPaint,386,648.0,791.0,1.0,0.0,0.3490196168422699,0.5641895835477563,,C:\Users\sophi\napari-organoid-segmentation\reports\organoid_measurements_aspirina_5_segmentations\Condição 5 - 18_labels.tif
Condição 5 - 18.jpg,ConvPaint,387,649.0,578.0,1.0,0.0,0.47058823704719543,0.5641895835477563,,C:\Users\sophi\napari-organoid-segmentation\reports\organoid_measurements_aspirina_5_segmentations\Condição 5 - 18_labels.tif
Condição 5 - 18.jpg,ConvPaint,388,656.8,1908.2,5.0,4.0,0.43843141198158264,1.2615662610100802,3.9269908169872414,C:\Users\sophi\napari-organoid-segmentation\reports\organoid_measurements_aspirina_5_segmentations\Condição 5 - 18_labels.tif
Condição 5 - 18.jpg,ConvPaint,389,658.0,1215.0,1.0,0.0,0.529411792755127,0.5641895835477563,,C:\Users\sophi\napari-organoid-segmentation\reports\organoid_measurements_aspirina_5_segmentations\Condição 5 - 18_labels.tif
Condição 5 - 18.jpg,ConvPaint,390,661.2857142857143,1016.5714285714286,7.0,7.207106781186548,0.492436945438385,1.4927053303604616,1.6935030795523165,C:\Users\sophi\napari-organoid-segmentation\reports\organoid_measurements_aspirina_5_segmentations\Condição 5 - 18_labels.tif
Condição 5 - 18.jpg,ConvPaint,391,672.0,1896.5,2.0,0.0,0.49803924560546875,0.7978845608028654,,C:\Users\sophi\napari-organoid-segmentation\reports\organoid_measurements_aspirina_5_segmentations\Condição 5 - 18_labels.tif
Condição 5 - 18.jpg,ConvPaint,392,674.0,1900.0,1.0,0.0,0.47843137383461,0.5641895835477563,,C:\Users\sophi\napari-organoid-segmentation\reports\organoid_measurements_aspirina_5_segmentations\Condição 5 - 18_labels.tif
Condição 5 - 18.jpg,ConvPaint,393,675.0,1203.0,1.0,0.0,0.3490196168422699,0.5641895835477563,,C:\Users\sophi\napari-organoid-segmentation\reports\organoid_measurements_aspirina_5_segmentations\Condição 5 - 18_labels.tif
Condição 5 - 18.jpg,ConvPaint,394,675.0,1895.0,1.0,0.0,0.501960813999176,0.5641895835477563,,C:\Users\sophi\napari-organoid-segmentation\reports\organoid_measurements_aspirina_5_segmentations\Condição 5 - 18_labels.tif
Condição 5 - 18.jpg,ConvPaint,395,677.5,1599.0,2.0,0.0,0.4627451002597809,0.7978845608028654,,C:\Users\sophi\napari-organoid-segmentation\reports\organoid_measurements_aspirina_5_segmentations\Condição 5 - 18_labels.tif
Condição 5 - 18.jpg,ConvPaint,396,680.6666666666666,1900.6666666666667,3.0,3.414213562373095,0.4718954265117645,0.9772050238058398,3.2340725067158833,C:\Users\sophi\napari-organoid-segmentation\reports\organoid_measurements_aspirina_5_segmentations\Condição 5 - 18_labels.tif
Condição 5 - 18.jpg,ConvPaint,397,682.5,783.0,2.0,0.0,0.6647058725357056,0.7978845608028654,,C:\Users\sophi\napari-organoid-segmentation\reports\organoid_measurements_aspirina_5_segmentations\Condição 5 - 18_labels.tif
Condição 5 - 18.jpg,ConvPaint,398,684.5,1896.0,2.0,0.0,0.6137255430221558,0.7978845608028654,,C:\Users\sophi\napari-organoid-segmentation\reports\organoid_measurements_aspirina_5_segmentations\Condição 5 - 18_labels.tif
Condição 5 - 18.jpg,ConvPaint,399,691.6923076923077,1198.3846153846155,26.0,19.242640687119284,0.38401204347610474,2.876813695875796,0.8823763737860616,C:\Users\sophi\napari-organoid-segmentation\reports\organoid_measurements_aspirina_5_segmentations\Condição 5 - 18_labels.tif
Condição 5 - 18.jpg,ConvPaint,400,689.0,779.0,1.0,0.0,0.49803921580314636,0.5641895835477563,,C:\Users\sophi\napari-organoid-segmentation\reports\organoid_measurements_aspirina_5_segmentations\Condição 5 - 18_labels.tif
Condição 5 - 18.jpg,ConvPaint,401,690.0,773.0,1.0,0.0,0.47058823704719543,0.5641895835477563,,C:\Users\sophi\napari-organoid-segmentation\reports\organoid_measurements_aspirina_5_segmentations\Condição 5 - 18_labels.tif
Condição 5 - 18.jpg,ConvPaint,402,690.0,1027.0,1.0,0.0,0.43921568989753723,0.5641895835477563,,C:\Users\sophi\napari-organoid-segmentation\reports\organoid_measurements_aspirina_5_segmentations\Condição 5 - 18_labels.tif
Condição 5 - 18.jpg,ConvPaint,403,694.0,1028.0,1.0,0.0,0.572549045085907,0.5641895835477563,,C:\Users\sophi\napari-organoid-segmentation\reports\organoid_measurements_aspirina_5_segmentations\Condição 5 - 18_labels.tif
Condição 5 - 18.jpg,ConvPaint,404,695.0,1593.0,1.0,0.0,0.47058823704719543,0.5641895835477563,,C:\Users\sophi\napari-organoid-segmentation\reports\organoid_measurements_aspirina_5_segmentations\Condição 5 - 18_labels.tif
Condição 5 - 18.jpg,ConvPaint,405,699.0,585.0,1.0,0.0,0.6078431606292725,0.5641895835477563,,C:\Users\sophi\napari-organoid-segmentation\reports\organoid_measurements_aspirina_5_segmentations\Condição 5 - 18_labels.tif
Condição 5 - 18.jpg,ConvPaint,406,701.125,1191.875,8.0,7.414213562373095,0.36715686321258545,1.5957691216057308,1.8288145488861385,C:\Users\sophi\napari-organoid-segmentation\reports\organoid_measurements_aspirina_5_segmentations\Condição 5 - 18_labels.tif
Condição 5 - 18.jpg,ConvPaint,407,699.0,1197.0,1.0,0.0,0.3764705955982208,0.5641895835477563,,C:\Users\sophi\napari-organoid-segmentation\reports\organoid_measurements_aspirina_5_segmentations\Condição 5 - 18_labels.tif
Condição 5 - 18.jpg,ConvPaint,408,700.0,351.0,1.0,0.0,0.35686275362968445,0.5641895835477563,,C:\Users\sophi\napari-organoid-segmentation\reports\organoid_measurements_aspirina_5_segmentations\Condição 5 - 18_labels.tif
Condição 5 - 18.jpg,ConvPaint,409,703.0,1583.0,1.0,0.0,0.4431372582912445,0.5641895835477563,,C:\Users\sophi\napari-organoid-segmentation\reports\organoid_measurements_aspirina_5_segmentations\Condição 5 - 18_labels.tif
Condição 5 - 18.jpg,ConvPaint,410,705.0,588.0,1.0,0.0,0.6470588445663452,0.5641895835477563,,C:\Users\sophi\napari-organoid-segmentation\reports\organoid_measurements_aspirina_5_segmentations\Condição 5 - 18_labels.tif
Condição 5 - 18.jpg,ConvPaint,411,707.0,165.0,1.0,0.0,0.686274528503418,0.5641895835477563,,C:\Users\sophi\napari-organoid-segmentation\reports\organoid_measurements_aspirina_5_segmentations\Condição 5 - 18_labels.tif
Condição 5 - 18.jpg,ConvPaint,412,708.0,1193.0,1.0,0.0,0.46666666865348816,0.5641895835477563,,C:\Users\sophi\napari-organoid-segmentation\reports\organoid_measurements_aspirina_5_segmentations\Condição 5 - 18_labels.tif
Condição 5 - 18.jpg,ConvPaint,413,709.0,1570.0,1.0,0.0,0.46666666865348816,0.5641895835477563,,C:\Users\sophi\napari-organoid-segmentation\reports\organoid_measurements_aspirina_5_segmentations\Condição 5 - 18_labels.tif
Condição 5 - 18.jpg,ConvPaint,414,711.0,168.5,2.0,0.0,0.5941176414489746,0.7978845608028654,,C:\Users\sophi\napari-organoid-segmentation\reports\organoid_measurements_aspirina_5_segmentations\Condição 5 - 18_labels.tif
Condição 5 - 18.jpg,ConvPaint,415,711.0,589.0,1.0,0.0,0.6549019813537598,0.5641895835477563,,C:\Users\sophi\napari-organoid-segmentation\reports\organoid_measurements_aspirina_5_segmentations\Condição 5 - 18_labels.tif
Condição 5 - 18.jpg,ConvPaint,416,711.0,1565.0,1.0,0.0,0.43529412150382996,0.5641895835477563,,C:\Users\sophi\napari-organoid-segmentation\reports\organoid_measurements_aspirina_5_segmentations\Condição 5 - 18_labels.tif
Condição 5 - 18.jpg,ConvPaint,417,714.0,767.0,3.0,1.0,0.5424836277961731,0.9772050238058398,37.69911184307752,C:\Users\sophi\napari-organoid-segmentation\reports\organoid_measurements_aspirina_5_segmentations\Condição 5 - 18_labels.tif
Condição 5 - 18.jpg,ConvPaint,418,714.2,1494.4,5.0,5.207106781186548,0.4274509847164154,1.2615662610100802,2.3173247538676778,C:\Users\sophi\napari-organoid-segmentation\reports\organoid_measurements_aspirina_5_segmentations\Condição 5 - 18_labels.tif
Condição 5 - 18.jpg,ConvPaint,419,714.6,1184.2,5.0,5.207106781186548,0.37882351875305176,1.2615662610100802,2.3173247538676778,C:\Users\sophi\napari-organoid-segmentation\reports\organoid_measurements_aspirina_5_segmentations\Condição 5 - 18_labels.tif
Condição 5 - 18.jpg,ConvPaint,420,714.0,1490.0,1.0,0.0,0.45098039507865906,0.5641895835477563,,C:\Users\sophi\napari-organoid-segmentation\reports\organoid_measurements_aspirina_5_segmentations\Condição 5 - 18_labels.tif
Condição 5 - 18.jpg,ConvPaint,421,714.0,1565.0,1.0,0.0,0.4627451002597809,0.5641895835477563,,C:\Users\sophi\napari-organoid-segmentation\reports\organoid_measurements_aspirina_5_segmentations\Condição 5 - 18_labels.tif
Condição 5 - 18.jpg,ConvPaint,422,716.5,1195.0,2.0,0.0,0.5078431367874146,0.7978845608028654,,C:\Users\sophi\napari-organoid-segmentation\reports\organoid_measurements_aspirina_5_segmentations\Condição 5 - 18_labels.tif
Condição 5 - 18.jpg,ConvPaint,423,717.0,592.0,1.0,0.0,0.6509804129600525,0.5641895835477563,,C:\Users\sophi\napari-organoid-segmentation\reports\organoid_measurements_aspirina_5_segmentations\Condição 5 - 18_labels.tif
Condição 5 - 18.jpg,ConvPaint,424,719.0,1505.0,1.0,0.0,0.47843137383461,0.5641895835477563,,C:\Users\sophi\napari-organoid-segmentation\reports\organoid_measurements_aspirina_5_segmentations\Condição 5 - 18_labels.tif
Condição 5 - 18.jpg,ConvPaint,425,721.5,766.5,8.0,8.0,0.5,1.5957691216057308,1.5707963267948966,C:\Users\sophi\napari-organoid-segmentation\reports\organoid_measurements_aspirina_5_segmentations\Condição 5 - 18_labels.tif
Condição 5 - 18.jpg,ConvPaint,426,720.5,1174.0,2.0,0.0,0.364705890417099,0.7978845608028654,,C:\Users\sophi\napari-organoid-segmentation\reports\organoid_measurements_aspirina_5_segmentations\Condição 5 - 18_labels.tif
Condição 5 - 18.jpg,ConvPaint,427,722.0,1524.0,1.0,0.0,0.41960784792900085,0.5641895835477563,,C:\Users\sophi\napari-organoid-segmentation\reports\organoid_measurements_aspirina_5_segmentations\Condição 5 - 18_labels.tif
Condição 5 - 18.jpg,ConvPaint,428,724.5,594.0,2.0,0.0,0.6294118165969849,0.7978845608028654,,C:\Users\sophi\napari-organoid-segmentation\reports\organoid_measurements_aspirina_5_segmentations\Condição 5 - 18_labels.tif
Condição 5 - 18.jpg,ConvPaint,429,724.6,773.6,5.0,3.2071067811865475,0.5066666603088379,1.2615662610100802,6.108759510826579,C:\Users\sophi\napari-organoid-segmentation\reports\organoid_measurements_aspirina_5_segmentations\Condição 5 - 18_labels.tif
Condição 5 - 18.jpg,ConvPaint,430,726.0,743.0,1.0,0.0,0.45098039507865906,0.5641895835477563,,C:\Users\sophi\napari-organoid-segmentation\reports\organoid_measurements_aspirina_5_segmentations\Condição 5 - 18_labels.tif
Condição 5 - 18.jpg,ConvPaint,431,727.0,766.0,1.0,0.0,0.4313725531101227,0.5641895835477563,,C:\Users\sophi\napari-organoid-segmentation\reports\organoid_measurements_aspirina_5_segmentations\Condição 5 - 18_labels.tif
Condição 5 - 18.jpg,ConvPaint,432,727.0,773.0,1.0,0.0,0.47058823704719543,0.5641895835477563,,C:\Users\sophi\napari-organoid-segmentation\reports\organoid_measurements_aspirina_5_segmentations\Condição 5 - 18_labels.tif
Condição 5 - 18.jpg,ConvPaint,433,727.0,1057.0,1.0,0.0,0.45098039507865906,0.5641895835477563,,C:\Users\sophi\napari-organoid-segmentation\reports\organoid_measurements_aspirina_5_segmentations\Condição 5 - 18_labels.tif
Condição 5 - 18.jpg,ConvPaint,434,727.0,1163.0,1.0,0.0,0.4000000059604645,0.5641895835477563,,C:\Users\sophi\napari-organoid-segmentation\reports\organoid_measurements_aspirina_5_segmentations\Condição 5 - 18_labels.tif
Condição 5 - 18.jpg,ConvPaint,435,728.5,1168.0,2.0,0.0,0.4686274528503418,0.7978845608028654,,C:\Users\sophi\napari-organoid-segmentation\reports\organoid_measurements_aspirina_5_segmentations\Condição 5 - 18_labels.tif
Condição 5 - 18.jpg,ConvPaint,436,730.0,1156.0,1.0,0.0,0.4117647111415863,0.5641895835477563,,C:\Users\sophi\napari-organoid-segmentation\reports\organoid_measurements_aspirina_5_segmentations\Condição 5 - 18_labels.tif
Condição 5 - 18.jpg,ConvPaint,437,732.0,774.5,2.0,0.0,0.4529411792755127,0.7978845608028654,,C:\Users\sophi\napari-organoid-segmentation\reports\organoid_measurements_aspirina_5_segmentations\Condição 5 - 18_labels.tif
Condição 5 - 18.jpg,ConvPaint,438,733.0,733.0,1.0,0.0,0.4431372582912445,0.5641895835477563,,C:\Users\sophi\napari-organoid-segmentation\reports\organoid_measurements_aspirina_5_segmentations\Condição 5 - 18_labels.tif
Condição 5 - 18.jpg,ConvPaint,439,733.0,1149.0,1.0,0.0,0.38823530077934265,0.5641895835477563,,C:\Users\sophi\napari-organoid-segmentation\reports\organoid_measurements_aspirina_5_segmentations\Condição 5 - 18_labels.tif
Condição 5 - 18.jpg,ConvPaint,440,734.5,1074.5,4.0,4.0,0.43431374430656433,1.1283791670955126,3.141592653589793,C:\Users\sophi\napari-organoid-segmentation\reports\organoid_measurements_aspirina_5_segmentations\Condição 5 - 18_labels.tif
Condição 5 - 18.jpg,ConvPaint,441,734.0,1156.0,1.0,0.0,0.5490196347236633,0.5641895835477563,,C:\Users\sophi\napari-organoid-segmentation\reports\organoid_measurements_aspirina_5_segmentations\Condição 5 - 18_labels.tif
Condição 5 - 18.jpg,ConvPaint,442,735.0,330.0,1.0,0.0,0.4156862795352936,0.5641895835477563,,C:\Users\sophi\napari-organoid-segmentation\reports\organoid_measurements_aspirina_5_segmentations\Condição 5 - 18_labels.tif
Condição 5 - 18.jpg,ConvPaint,443,735.0,1094.0,1.0,0.0,0.4274509847164154,0.5641895835477563,,C:\Users\sophi\napari-organoid-segmentation\reports\organoid_measurements_aspirina_5_segmentations\Condição 5 - 18_labels.tif
Condição 5 - 18.jpg,ConvPaint,444,736.0,1092.0,1.0,0.0,0.4627451002597809,0.5641895835477563,,C:\Users\sophi\napari-organoid-segmentation\reports\organoid_measurements_aspirina_5_segmentations\Condição 5 - 18_labels.tif
Condição 5 - 18.jpg,ConvPaint,445,736.0,1096.0,1.0,0.0,0.45098039507865906,0.5641895835477563,,C:\Users\sophi\napari-organoid-segmentation\reports\organoid_measurements_aspirina_5_segmentations\Condição 5 - 18_labels.tif
Condição 5 - 18.jpg,ConvPaint,446,737.0,329.0,1.0,0.0,0.3960784375667572,0.5641895835477563,,C:\Users\sophi\napari-organoid-segmentation\reports\organoid_measurements_aspirina_5_segmentations\Condição 5 - 18_labels.tif
Condição 5 - 18.jpg,ConvPaint,447,738.5,766.0,4.0,4.414213562373095,0.44509804248809814,1.1283791670955126,2.5796641830326625,C:\Users\sophi\napari-organoid-segmentation\reports\organoid_measurements_aspirina_5_segmentations\Condição 5 - 18_labels.tif
Condição 5 - 18.jpg,ConvPaint,448,738.5,1068.5,4.0,4.0,0.5323529243469238,1.1283791670955126,3.141592653589793,C:\Users\sophi\napari-organoid-segmentation\reports\organoid_measurements_aspirina_5_segmentations\Condição 5 - 18_labels.tif
Condição 5 - 18.jpg,ConvPaint,449,739.0,329.0,1.0,0.0,0.4627451002597809,0.5641895835477563,,C:\Users\sophi\napari-organoid-segmentation\reports\organoid_measurements_aspirina_5_segmentations\Condição 5 - 18_labels.tif
Condição 5 - 18.jpg,ConvPaint,450,740.9090909090909,773.3636363636364,11.0,9.414213562373096,0.4520499110221863,1.8712051592547776,1.5596762428619324,C:\Users\sophi\napari-organoid-segmentation\reports\organoid_measurements_aspirina_5_segmentations\Condição 5 - 18_labels.tif
Condição 5 - 18.jpg,ConvPaint,451,748.0961538461538,307.71153846153845,52.0,42.72792206135786,0.40550532937049866,4.068428945128219,0.35792304550022264,C:\Users\sophi\napari-organoid-segmentation\reports\organoid_measurements_aspirina_5_segmentations\Condição 5 - 18_labels.tif
Condição 5 - 18.jpg,ConvPaint,452,743.0,1067.0,1.0,0.0,0.5058823823928833,0.5641895835477563,,C:\Users\sophi\napari-organoid-segmentation\reports\organoid_measurements_aspirina_5_segmentations\Condição 5 - 18_labels.tif
Condição 5 - 18.jpg,ConvPaint,453,745.5714285714286,317.64285714285717,14.0,11.621320343559642,0.3837535083293915,2.111004122822376,1.3026476316020286,C:\Users\sophi\napari-organoid-segmentation\reports\organoid_measurements_aspirina_5_segmentations\Condição 5 - 18_labels.tif
Condição 5 - 18.jpg,ConvPaint,454,746.0,770.5,6.0,6.0,0.4241830110549927,1.381976597885342,2.0943951023931953,C:\Users\sophi\napari-organoid-segmentation\reports\organoid_measurements_aspirina_5_segmentations\Condição 5 - 18_labels.tif
Condição 5 - 18.jpg,ConvPaint,455,747.0,624.0,1.0,0.0,0.5843137502670288,0.5641895835477563,,C:\Users\sophi\napari-organoid-segmentation\reports\organoid_measurements_aspirina_5_segmentations\Condição 5 - 18_labels.tif
Condição 5 - 18.jpg,ConvPaint,456,747.0,706.0,1.0,0.0,0.38823530077934265,0.5641895835477563,,C:\Users\sophi\napari-organoid-segmentation\reports\organoid_measurements_aspirina_5_segmentations\Condição 5 - 18_labels.tif
Condição 5 - 18.jpg,ConvPaint,457,753.6266666666667,295.64,75.0,50.42031021678297,0.37824833393096924,4.886025119029199,0.3707320226501951,C:\Users\sophi\napari-organoid-segmentation\reports\organoid_measurements_aspirina_5_segmentations\Condição 5 - 18_labels.tif
Condição 5 - 18.jpg,ConvPaint,458,749.0,304.0,1.0,0.0,0.37254902720451355,0.5641895835477563,,C:\Users\sophi\napari-organoid-segmentation\reports\organoid_measurements_aspirina_5_segmentations\Condição 5 - 18_labels.tif
Condição 5 - 18.jpg,ConvPaint,459,750.5,318.5,4.0,4.0,0.4911764860153198,1.1283791670955126,3.141592653589793,C:\Users\sophi\napari-organoid-segmentation\reports\organoid_measurements_aspirina_5_segmentations\Condição 5 - 18_labels.tif
Condição 5 - 18.jpg,ConvPaint,460,750.6,635.2,5.0,5.207106781186548,0.37254902720451355,1.2615662610100802,2.3173247538676778,C:\Users\sophi\napari-organoid-segmentation\reports\organoid_measurements_aspirina_5_segmentations\Condição 5 - 18_labels.tif
Condição 5 - 18.jpg,ConvPaint,461,750.4,708.8,5.0,5.207106781186548,0.4000000059604645,1.2615662610100802,2.3173247538676778,C:\Users\sophi\napari-organoid-segmentation\reports\organoid_measurements_aspirina_5_segmentations\Condição 5 - 18_labels.tif
Condição 5 - 18.jpg,ConvPaint,462,751.0,316.0,1.0,0.0,0.5176470875740051,0.5641895835477563,,C:\Users\sophi\napari-organoid-segmentation\reports\organoid_measurements_aspirina_5_segmentations\Condição 5 - 18_labels.tif
Condição 5 - 18.jpg,ConvPaint,463,752.5,704.5,2.0,0.0,0.36666667461395264,0.7978845608028654,,C:\Users\sophi\napari-organoid-segmentation\reports\organoid_measurements_aspirina_5_segmentations\Condição 5 - 18_labels.tif
Condição 5 - 18.jpg,ConvPaint,464,752.0,754.0,1.0,0.0,0.3529411852359772,0.5641895835477563,,C:\Users\sophi\napari-organoid-segmentation\reports\organoid_measurements_aspirina_5_segmentations\Condição 5 - 18_labels.tif
Condição 5 - 18.jpg,ConvPaint,465,753.0,214.0,1.0,0.0,0.34117648005485535,0.5641895835477563,,C:\Users\sophi\napari-organoid-segmentation\reports\organoid_measurements_aspirina_5_segmentations\Condição 5 - 18_labels.tif
Condição 5 - 18.jpg,ConvPaint,466,757.0980392156863,282.7843137254902,51.0,28.520815280171306,0.41314876079559326,4.029119531035698,0.7878729105936585,C:\Users\sophi\napari-organoid-segmentation\reports\organoid_measurements_aspirina_5_segmentations\Condição 5 - 18_labels.tif
Condição 5 - 18.jpg,ConvPaint,467,753.0,648.0,1.0,0.0,0.364705890417099,0.5641895835477563,,C:\Users\sophi\napari-organoid-segmentation\reports\organoid_measurements_aspirina_5_segmentations\Condição 5 - 18_labels.tif
Condição 5 - 18.jpg,ConvPaint,468,757.2916666666666,764.875,24.0,17.071067811865476,0.4544117748737335,2.763953195770684,1.0349032021490827,C:\Users\sophi\napari-organoid-segmentation\reports\organoid_measurements_aspirina_5_segmentations\Condição 5 - 18_labels.tif
Condição 5 - 18.jpg,ConvPaint,469,756.5,206.5,2.0,0.0,0.5235294103622437,0.7978845608028654,,C:\Users\sophi\napari-organoid-segmentation\reports\organoid_measurements_aspirina_5_segmentations\Condição 5 - 18_labels.tif
Condição 5 - 18.jpg,ConvPaint,470,757.0,264.3333333333333,3.0,1.2071067811865475,0.3673202693462372,0.9772050238058398,25.872580053727066,C:\Users\sophi\napari-organoid-segmentation\reports\organoid_measurements_aspirina_5_segmentations\Condição 5 - 18_labels.tif
Condição 5 - 18.jpg,ConvPaint,471,756.0,746.0,1.0,0.0,0.41960784792900085,0.5641895835477563,,C:\Users\sophi\napari-organoid-segmentation\reports\organoid_measurements_aspirina_5_segmentations\Condição 5 - 18_labels.tif
Condição 5 - 18.jpg,ConvPaint,472,756.0,751.0,1.0,0.0,0.3843137323856354,0.5641895835477563,,C:\Users\sophi\napari-organoid-segmentation\reports\organoid_measurements_aspirina_5_segmentations\Condição 5 - 18_labels.tif
Condição 5 - 18.jpg,ConvPaint,473,756.0,758.0,1.0,0.0,0.40784314274787903,0.5641895835477563,,C:\Users\sophi\napari-organoid-segmentation\reports\organoid_measurements_aspirina_5_segmentations\Condição 5 - 18_labels.tif
Condição 5 - 18.jpg,ConvPaint,474,757.5,216.0,2.0,0.0,0.37843137979507446,0.7978845608028654,,C:\Users\sophi\napari-organoid-segmentation\reports\organoid_measurements_aspirina_5_segmentations\Condição 5 - 18_labels.tif
Condição 5 - 18.jpg,ConvPaint,475,758.2,268.4,5.0,5.207106781186548,0.37254902720451355,1.2615662610100802,2.3173247538676778,C:\Users\sophi\napari-organoid-segmentation\reports\organoid_measurements_aspirina_5_segmentations\Condição 5 - 18_labels.tif
Condição 5 - 18.jpg,ConvPaint,476,757.0,289.0,1.0,0.0,0.4627451002597809,0.5641895835477563,,C:\Users\sophi\napari-organoid-segmentation\reports\organoid_measurements_aspirina_5_segmentations\Condição 5 - 18_labels.tif
Condição 5 - 18.jpg,ConvPaint,477,757.0,308.5,2.0,0.0,0.47843137383461,0.7978845608028654,,C:\Users\sophi\napari-organoid-segmentation\reports\organoid_measurements_aspirina_5_segmentations\Condição 5 - 18_labels.tif
Condição 5 - 18.jpg,ConvPaint,478,757.5,661.0,2.0,0.0,0.3745098114013672,0.7978845608028654,,C:\Users\sophi\napari-organoid-segmentation\reports\organoid_measurements_aspirina_5_segmentations\Condição 5 - 18_labels.tif
Condição 5 - 18.jpg,ConvPaint,479,758.5,220.5,4.0,4.0,0.3911764919757843,1.1283791670955126,3.141592653589793,C:\Users\sophi\napari-organoid-segmentation\reports\organoid_measurements_aspirina_5_segmentations\Condição 5 - 18_labels.tif
Condição 5 - 18.jpg,ConvPaint,480,758.5,230.0,2.0,0.0,0.343137264251709,0.7978845608028654,,C:\Users\sophi\napari-organoid-segmentation\reports\organoid_measurements_aspirina_5_segmentations\Condição 5 - 18_labels.tif
Condição 5 - 18.jpg,ConvPaint,481,758.5,748.0,2.0,0.0,0.4803921580314636,0.7978845608028654,,C:\Users\sophi\napari-organoid-segmentation\reports\organoid_measurements_aspirina_5_segmentations\Condição 5 - 18_labels.tif
Condição 5 - 18.jpg,ConvPaint,482,758.0,750.0,1.0,0.0,0.4470588266849518,0.5641895835477563,,C:\Users\sophi\napari-organoid-segmentation\reports\organoid_measurements_aspirina_5_segmentations\Condição 5 - 18_labels.tif
Condição 5 - 18.jpg,ConvPaint,483,758.0,758.0,1.0,0.0,0.4117647111415863,0.5641895835477563,,C:\Users\sophi\napari-organoid-segmentation\reports\organoid_measurements_aspirina_5_segmentations\Condição 5 - 18_labels.tif
Condição 5 - 18.jpg,ConvPaint,484,759.0,658.5,2.0,0.0,0.4176470637321472,0.7978845608028654,,C:\Users\sophi\napari-organoid-segmentation\reports\organoid_measurements_aspirina_5_segmentations\Condição 5 - 18_labels.tif
Condição 5 - 18.jpg,ConvPaint,485,761.3333333333334,741.3333333333334,3.0,3.414213562373095,0.5254902243614197,0.9772050238058398,3.2340725067158833,C:\Users\sophi\napari-organoid-segmentation\reports\organoid_measurements_aspirina_5_segmentations\Condição 5 - 18_labels.tif
Condição 5 - 18.jpg,ConvPaint,486,762.3333333333334,236.0,3.0,1.2071067811865475,0.5111111998558044,0.9772050238058398,25.872580053727066,C:\Users\sophi\napari-organoid-segmentation\reports\organoid_measurements_aspirina_5_segmentations\Condição 5 - 18_labels.tif
Condição 5 - 18.jpg,ConvPaint,487,762.6666666666666,262.6666666666667,3.0,3.414213562373095,0.46535947918891907,0.9772050238058398,3.2340725067158833,C:\Users\sophi\napari-organoid-segmentation\reports\organoid_measurements_aspirina_5_segmentations\Condição 5 - 18_labels.tif
Condição 5 - 18.jpg,ConvPaint,488,763.0,249.0,1.0,0.0,0.5176470875740051,0.5641895835477563,,C:\Users\sophi\napari-organoid-segmentation\reports\organoid_measurements_aspirina_5_segmentations\Condição 5 - 18_labels.tif
Condição 5 - 18.jpg,ConvPaint,489,766.0,240.5,2.0,0.0,0.5058823823928833,0.7978845608028654,,C:\Users\sophi\napari-organoid-segmentation\reports\organoid_measurements_aspirina_5_segmentations\Condição 5 - 18_labels.tif
Condição 5 - 18.jpg,ConvPaint,490,793.5,246.5,8.0,8.0,0.49754905700683594,1.5957691216057308,1.5707963267948966,C:\Users\sophi\napari-organoid-segmentation\reports\organoid_measurements_aspirina_5_segmentations\Condição 5 - 18_labels.tif
Condição 5 - 18.jpg,ConvPaint,491,964.0,1631.0,1.0,0.0,0.4941176474094391,0.5641895835477563,,C:\Users\sophi\napari-organoid-segmentation\reports\organoid_measurements_aspirina_5_segmentations\Condição 5 - 18_labels.tif
Condição 5 - 18.jpg,ConvPaint,492,967.7,1629.2,10.0,10.035533905932738,0.43529415130615234,1.7841241161527712,1.2477537933826945,C:\Users\sophi\napari-organoid-segmentation\reports\organoid_measurements_aspirina_5_segmentations\Condição 5 - 18_labels.tif
Condição 5 - 18.jpg,ConvPaint,493,967.5,1623.5,2.0,0.0,0.5392156839370728,0.7978845608028654,,C:\Users\sophi\napari-organoid-segmentation\reports\organoid_measurements_aspirina_5_segmentations\Condição 5 - 18_labels.tif
Condição 5 - 18.jpg,ConvPaint,494,1032.9886829588322,1597.0833196654091,18291.0,980.0203820042827,0.2086241990327835,76.30338215431682,0.23931895493533323,C:\Users\sophi\napari-organoid-segmentation\reports\organoid_measurements_aspirina_5_segmentations\Condição 5 - 18_labels.tif
Condição 5 - 18.jpg,ConvPaint,495,968.5,1618.5,4.0,4.0,0.45196080207824707,1.1283791670955126,3.141592653589793,C:\Users\sophi\napari-organoid-segmentation\reports\organoid_measurements_aspirina_5_segmentations\Condição 5 - 18_labels.tif
Condição 5 - 18.jpg,ConvPaint,496,971.0,1575.0,1.0,0.0,0.4431372582912445,0.5641895835477563,,C:\Users\sophi\napari-organoid-segmentation\reports\organoid_measurements_aspirina_5_segmentations\Condição 5 - 18_labels.tif
Condição 5 - 18.jpg,ConvPaint,497,971.0,1630.0,1.0,0.0,0.4000000059604645,0.5641895835477563,,C:\Users\sophi\napari-organoid-segmentation\reports\organoid_measurements_aspirina_5_segmentations\Condição 5 - 18_labels.tif
Condição 5 - 18.jpg,ConvPaint,498,972.0,1577.0,1.0,0.0,0.32549020648002625,0.5641895835477563,,C:\Users\sophi\napari-organoid-segmentation\reports\organoid_measurements_aspirina_5_segmentations\Condição 5 - 18_labels.tif
Condição 5 - 18.jpg,ConvPaint,499,972.0,1635.0,1.0,0.0,0.3490196168422699,0.5641895835477563,,C:\Users\sophi\napari-organoid-segmentation\reports\organoid_measurements_aspirina_5_segmentations\Condição 5 - 18_labels.tif
Condição 5 - 18.jpg,ConvPaint,500,972.0,1637.0,1.0,0.0,0.38823530077934265,0.5641895835477563,,C:\Users\sophi\napari-organoid-segmentation\reports\organoid_measurements_aspirina_5_segmentations\Condição 5 - 18_labels.tif
Condição 5 - 18.jpg,ConvPaint,501,972.0,1639.0,1.0,0.0,0.4588235318660736,0.5641895835477563,,C:\Users\sophi\napari-organoid-segmentation\reports\organoid_measurements_aspirina_5_segmentations\Condição 5 - 18_labels.tif
Condição 5 - 18.jpg,ConvPaint,502,974.3333333333334,1706.111111111111,9.0,8.414213562373096,0.6069716811180115,1.692568750643269,1.597442784589879,C:\Users\sophi\napari-organoid-segmentation\reports\organoid_measurements_aspirina_5_segmentations\Condição 5 - 18_labels.tif
Condição 5 - 18.jpg,ConvPaint,503,972.5,1733.0,2.0,0.0,0.4549019932746887,0.7978845608028654,,C:\Users\sophi\napari-organoid-segmentation\reports\organoid_measurements_aspirina_5_segmentations\Condição 5 - 18_labels.tif
Condição 5 - 18.jpg,ConvPaint,504,974.0,1638.0,3.0,1.0,0.37385621666908264,0.9772050238058398,37.69911184307752,C:\Users\sophi\napari-organoid-segmentation\reports\organoid_measurements_aspirina_5_segmentations\Condição 5 - 18_labels.tif
Condição 5 - 18.jpg,ConvPaint,505,974.6666666666666,1730.6666666666667,3.0,3.414213562373095,0.6104574799537659,0.9772050238058398,3.2340725067158833,C:\Users\sophi\napari-organoid-segmentation\reports\organoid_measurements_aspirina_5_segmentations\Condição 5 - 18_labels.tif
Condição 5 - 18.jpg,ConvPaint,506,976.8,1634.8,5.0,4.0,0.2886274456977844,1.2615662610100802,3.9269908169872414,C:\Users\sophi\napari-organoid-segmentation\reports\organoid_measurements_aspirina_5_segmentations\Condição 5 - 18_labels.tif
Condição 5 - 18.jpg,ConvPaint,507,977.1666666666666,1713.8333333333333,12.0,9.0,0.033986929804086685,1.9544100476116797,1.8616845354606182,C:\Users\sophi\napari-organoid-segmentation\reports\organoid_measurements_aspirina_5_segmentations\Condição 5 - 18_labels.tif
Condição 5 - 18.jpg,ConvPaint,508,978.0,1641.0,1.0,0.0,0.2705882489681244,0.5641895835477563,,C:\Users\sophi\napari-organoid-segmentation\reports\organoid_measurements_aspirina_5_segmentations\Condição 5 - 18_labels.tif
Condição 5 - 18.jpg,ConvPaint,509,979.0,1705.5,2.0,0.0,0.6666666865348816,0.7978845608028654,,C:\Users\sophi\napari-organoid-segmentation\reports\organoid_measurements_aspirina_5_segmentations\Condição 5 - 18_labels.tif
Condição 5 - 18.jpg,ConvPaint,510,980.5,1807.0,2.0,0.0,0.6098039150238037,0.7978845608028654,,C:\Users\sophi\napari-organoid-segmentation\reports\organoid_measurements_aspirina_5_segmentations\Condição 5 - 18_labels.tif
Condição 5 - 18.jpg,ConvPaint,511,985.0,1752.0,9.0,7.0,0.20174291729927063,1.692568750643269,2.308108888351685,C:\Users\sophi\napari-organoid-segmentation\reports\organoid_measurements_aspirina_5_segmentations\Condição 5 - 18_labels.tif
Condição 5 - 18.jpg,ConvPaint,512,982.0,1652.0,1.0,0.0,0.3333333432674408,0.5641895835477563,,C:\Users\sophi\napari-organoid-segmentation\reports\organoid_measurements_aspirina_5_segmentations\Condição 5 - 18_labels.tif
Condição 5 - 18.jpg,ConvPaint,513,986.5,1755.0,10.0,8.0,0.2482353001832962,1.7841241161527712,1.9634954084936207,C:\Users\sophi\napari-organoid-segmentation\reports\organoid_measurements_aspirina_5_segmentations\Condição 5 - 18_labels.tif
Condição 5 - 18.jpg,ConvPaint,514,985.5,1205.5,16.0,12.0,0.5105392336845398,2.256758334191025,1.3962634015954636,C:\Users\sophi\napari-organoid-segmentation\reports\organoid_measurements_aspirina_5_segmentations\Condição 5 - 18_labels.tif
Condição 5 - 18.jpg,ConvPaint,515,986.5,1838.5,4.0,4.0,0.0,1.1283791670955126,3.141592653589793,C:\Users\sophi\napari-organoid-segmentation\reports\organoid_measurements_aspirina_5_segmentations\Condição 5 - 18_labels.tif
Condição 5 - 18.jpg,ConvPaint,516,987.0,1827.0,1.0,0.0,0.0,0.5641895835477563,,C:\Users\sophi\napari-organoid-segmentation\reports\organoid_measurements_aspirina_5_segmentations\Condição 5 - 18_labels.tif
Condição 5 - 18.jpg,ConvPaint,517,987.0,1841.0,1.0,0.0,0.0,0.5641895835477563,,C:\Users\sophi\napari-organoid-segmentation\reports\organoid_measurements_aspirina_5_segmentations\Condição 5 - 18_labels.tif
Condição 5 - 18.jpg,ConvPaint,518,988.0,1663.0,1.0,0.0,0.4431372582912445,0.5641895835477563,,C:\Users\sophi\napari-organoid-segmentation\reports\organoid_measurements_aspirina_5_segmentations\Condição 5 - 18_labels.tif
Condição 5 - 18.jpg,ConvPaint,519,989.0,1202.5,2.0,0.0,0.5941176414489746,0.7978845608028654,,C:\Users\sophi\napari-organoid-segmentation\reports\organoid_measurements_aspirina_5_segmentations\Condição 5 - 18_labels.tif
Condição 5 - 18.jpg,ConvPaint,520,990.2857142857143,1526.4285714285713,7.0,7.207106781186548,0.4946778416633606,1.4927053303604616,1.6935030795523165,C:\Users\sophi\napari-organoid-segmentation\reports\organoid_measurements_aspirina_5_segmentations\Condição 5 - 18_labels.tif
Condição 5 - 18.jpg,ConvPaint,521,992.5833333333334,1125.5833333333333,12.0,8.414213562373096,0.4696078598499298,1.9544100476116797,2.129923712786505,C:\Users\sophi\napari-organoid-segmentation\reports\organoid_measurements_aspirina_5_segmentations\Condição 5 - 18_labels.tif
Condição 5 - 18.jpg,ConvPaint,522,990.5,1131.0,2.0,0.0,0.6019607782363892,0.7978845608028654,,C:\Users\sophi\napari-organoid-segmentation\reports\organoid_measurements_aspirina_5_segmentations\Condição 5 - 18_labels.tif
Condição 5 - 18.jpg,ConvPaint,523,990.5,1165.8333333333333,6.0,5.207106781186548,0.46339869499206543,1.381976597885342,2.7807897046412133,C:\Users\sophi\napari-organoid-segmentation\reports\organoid_measurements_aspirina_5_segmentations\Condição 5 - 18_labels.tif
Condição 5 - 18.jpg,ConvPaint,524,992.0,1173.0,1.0,0.0,0.48235294222831726,0.5641895835477563,,C:\Users\sophi\napari-organoid-segmentation\reports\organoid_measurements_aspirina_5_segmentations\Condição 5 - 18_labels.tif
Condição 5 - 18.jpg,ConvPaint,525,992.5,1520.5,2.0,0.0,0.5960784554481506,0.7978845608028654,,C:\Users\sophi\napari-organoid-segmentation\reports\organoid_measurements_aspirina_5_segmentations\Condição 5 - 18_labels.tif
Condição 5 - 18.jpg,ConvPaint,526,993.0,1180.0,1.0,0.0,0.501960813999176,0.5641895835477563,,C:\Users\sophi\napari-organoid-segmentation\reports\organoid_measurements_aspirina_5_segmentations\Condição 5 - 18_labels.tif
Condição 5 - 18.jpg,ConvPaint,527,993.0,1710.0,1.0,0.0,0.6784313917160034,0.5641895835477563,,C:\Users\sophi\napari-organoid-segmentation\reports\organoid_measurements_aspirina_5_segmentations\Condição 5 - 18_labels.tif
Condição 5 - 18.jpg,ConvPaint,528,994.0,1174.0,1.0,0.0,0.3960784375667572,0.5641895835477563,,C:\Users\sophi\napari-organoid-segmentation\reports\organoid_measurements_aspirina_5_segmentations\Condição 5 - 18_labels.tif
Condição 5 - 18.jpg,ConvPaint,529,1044.463031161473,1158.2423512747876,14120.0,832.025432638166,0.2015589326620102,67.04129766729702,0.2563134270811483,C:\Users\sophi\napari-organoid-segmentation\reports\organoid_measurements_aspirina_5_segmentations\Condição 5 - 18_labels.tif
Condição 5 - 18.jpg,ConvPaint,530,996.5,1184.5,4.0,4.0,0.4107843041419983,1.1283791670955126,3.141592653589793,C:\Users\sophi\napari-organoid-segmentation\reports\organoid_measurements_aspirina_5_segmentations\Condição 5 - 18_labels.tif
Condição 5 - 18.jpg,ConvPaint,531,996.5,1192.5,4.0,4.0,0.43039217591285706,1.1283791670955126,3.141592653589793,C:\Users\sophi\napari-organoid-segmentation\reports\organoid_measurements_aspirina_5_segmentations\Condição 5 - 18_labels.tif
Condição 5 - 18.jpg,ConvPaint,532,996.0,1729.0,1.0,0.0,0.5568627715110779,0.5641895835477563,,C:\Users\sophi\napari-organoid-segmentation\reports\organoid_measurements_aspirina_5_segmentations\Condição 5 - 18_labels.tif
Condição 5 - 18.jpg,ConvPaint,533,997.0,1122.0,1.0,0.0,0.45098039507865906,0.5641895835477563,,C:\Users\sophi\napari-organoid-segmentation\reports\organoid_measurements_aspirina_5_segmentations\Condição 5 - 18_labels.tif
Condição 5 - 18.jpg,ConvPaint,534,997.0,1197.0,1.0,0.0,0.4431372582912445,0.5641895835477563,,C:\Users\sophi\napari-organoid-segmentation\reports\organoid_measurements_aspirina_5_segmentations\Condição 5 - 18_labels.tif
Condição 5 - 18.jpg,ConvPaint,535,998.0,1706.5,4.0,4.414213562373095,0.5794118046760559,1.1283791670955126,2.5796641830326625,C:\Users\sophi\napari-organoid-segmentation\reports\organoid_measurements_aspirina_5_segmentations\Condição 5 - 18_labels.tif
Condição 5 - 18.jpg,ConvPaint,536,998.0,1740.0,3.0,1.0,0.3973856270313263,0.9772050238058398,37.69911184307752,C:\Users\sophi\napari-organoid-segmentation\reports\organoid_measurements_aspirina_5_segmentations\Condição 5 - 18_labels.tif
Condição 5 - 18.jpg,ConvPaint,537,999.0,1742.5,2.0,0.0,0.0,0.7978845608028654,,C:\Users\sophi\napari-organoid-segmentation\reports\organoid_measurements_aspirina_5_segmentations\Condição 5 - 18_labels.tif
Condição 5 - 18.jpg,ConvPaint,538,1000.0,1204.0,1.0,0.0,0.4313725531101227,0.5641895835477563,,C:\Users\sophi\napari-organoid-segmentation\reports\organoid_measurements_aspirina_5_segmentations\Condição 5 - 18_labels.tif
Condição 5 - 18.jpg,ConvPaint,539,1000.0,1206.0,1.0,0.0,0.4313725531101227,0.5641895835477563,,C:\Users\sophi\napari-organoid-segmentation\reports\organoid_measurements_aspirina_5_segmentations\Condição 5 - 18_labels.tif
Condição 5 - 18.jpg,ConvPaint,540,1000.5,1728.5,4.0,4.0,0.5686274766921997,1.1283791670955126,3.141592653589793,C:\Users\sophi\napari-organoid-segmentation\reports\organoid_measurements_aspirina_5_segmentations\Condição 5 - 18_labels.tif
Condição 5 - 18.jpg,ConvPaint,541,1001.0,1820.0,1.0,0.0,0.6039215922355652,0.5641895835477563,,C:\Users\sophi\napari-organoid-segmentation\reports\organoid_measurements_aspirina_5_segmentations\Condição 5 - 18_labels.tif
Condição 5 - 18.jpg,ConvPaint,542,1002.0,1104.0,1.0,0.0,0.545098066329956,0.5641895835477563,,C:\Users\sophi\napari-organoid-segmentation\reports\organoid_measurements_aspirina_5_segmentations\Condição 5 - 18_labels.tif
Condição 5 - 18.jpg,ConvPaint,543,1003.5,1206.75,4.0,2.2071067811865475,0.30980393290519714,1.1283791670955126,10.31865673213065,C:\Users\sophi\napari-organoid-segmentation\reports\organoid_measurements_aspirina_5_segmentations\Condição 5 - 18_labels.tif
Condição 5 - 18.jpg,ConvPaint,544,1004.0,1704.5,6.0,6.0,0.6575163006782532,1.381976597885342,2.0943951023931953,C:\Users\sophi\napari-organoid-segmentation\reports\organoid_measurements_aspirina_5_segmentations\Condição 5 - 18_labels.tif
Condição 5 - 18.jpg,ConvPaint,545,1003.0,1728.0,1.0,0.0,0.5764706134796143,0.5641895835477563,,C:\Users\sophi\napari-organoid-segmentation\reports\organoid_measurements_aspirina_5_segmentations\Condição 5 - 18_labels.tif
Condição 5 - 18.jpg,ConvPaint,546,1004.2,1798.4,5.0,5.207106781186548,0.05882353335618973,1.2615662610100802,2.3173247538676778,C:\Users\sophi\napari-organoid-segmentation\reports\organoid_measurements_aspirina_5_segmentations\Condição 5 - 18_labels.tif
Condição 5 - 18.jpg,ConvPaint,547,1003.0,1823.0,1.0,0.0,0.6078431606292725,0.5641895835477563,,C:\Users\sophi\napari-organoid-segmentation\reports\organoid_measurements_aspirina_5_segmentations\Condição 5 - 18_labels.tif
Condição 5 - 18.jpg,ConvPaint,548,1005.7647058823529,685.1176470588235,17.0,17.65685424949238,0.3852364718914032,2.326213245840639,0.685223298618051,C:\Users\sophi\napari-organoid-segmentation\reports\organoid_measurements_aspirina_5_segmentations\Condição 5 - 18_labels.tif
Condição 5 - 18.jpg,ConvPaint,549,1004.5,731.0,2.0,0.0,0.4333333373069763,0.7978845608028654,,C:\Users\sophi\napari-organoid-segmentation\reports\organoid_measurements_aspirina_5_segmentations\Condição 5 - 18_labels.tif
Condição 5 - 18.jpg,ConvPaint,550,1005.8571428571429,750.6190476190476,21.0,17.656854249492383,0.40896356105804443,2.5854414729132054,0.8464523100575919,C:\Users\sophi\napari-organoid-segmentation\reports\organoid_measurements_aspirina_5_segmentations\Condição 5 - 18_labels.tif
Condição 5 - 18.jpg,ConvPaint,551,1004.0,1215.0,1.0,0.0,0.45098039507865906,0.5641895835477563,,C:\Users\sophi\napari-organoid-segmentation\reports\organoid_measurements_aspirina_5_segmentations\Condição 5 - 18_labels.tif
Condição 5 - 18.jpg,ConvPaint,552,1004.5,1673.0,2.0,0.0,0.2666666805744171,0.7978845608028654,,C:\Users\sophi\napari-organoid-segmentation\reports\organoid_measurements_aspirina_5_segmentations\Condição 5 - 18_labels.tif
Condição 5 - 18.jpg,ConvPaint,553,1005.0,697.0,1.0,0.0,0.37254902720451355,0.5641895835477563,,C:\Users\sophi\napari-organoid-segmentation\reports\organoid_measurements_aspirina_5_segmentations\Condição 5 - 18_labels.tif
Condição 5 - 18.jpg,ConvPaint,554,1005.0,738.0,1.0,0.0,0.5686274766921997,0.5641895835477563,,C:\Users\sophi\napari-organoid-segmentation\reports\organoid_measurements_aspirina_5_segmentations\Condição 5 - 18_labels.tif
Condição 5 - 18.jpg,ConvPaint,555,1006.0,744.0,1.0,0.0,0.4470588266849518,0.5641895835477563,,C:\Users\sophi\napari-organoid-segmentation\reports\organoid_measurements_aspirina_5_segmentations\Condição 5 - 18_labels.tif
Condição 5 - 18.jpg,ConvPaint,556,1007.0,754.3333333333334,3.0,1.2071067811865475,0.3333333432674408,0.9772050238058398,25.872580053727066,C:\Users\sophi\napari-organoid-segmentation\reports\organoid_measurements_aspirina_5_segmentations\Condição 5 - 18_labels.tif
Condição 5 - 18.jpg,ConvPaint,557,1048.4086169266834,717.1379839948266,12371.0,886.1025971044414,0.2155756652355194,62.75198484494076,0.19799154838112723,C:\Users\sophi\napari-organoid-segmentation\reports\organoid_measurements_aspirina_5_segmentations\Condição 5 - 18_labels.tif
Condição 5 - 18.jpg,ConvPaint,558,1006.0,1097.0,1.0,0.0,0.4313725531101227,0.5641895835477563,,C:\Users\sophi\napari-organoid-segmentation\reports\organoid_measurements_aspirina_5_segmentations\Condição 5 - 18_labels.tif
Condição 5 - 18.jpg,ConvPaint,559,1009.2857142857143,662.5714285714286,7.0,7.207106781186548,0.5518207550048828,1.4927053303604616,1.6935030795523165,C:\Users\sophi\napari-organoid-segmentation\reports\organoid_measurements_aspirina_5_segmentations\Condição 5 - 18_labels.tif
Condição 5 - 18.jpg,ConvPaint,560,1008.0,733.0,1.0,0.0,0.3176470696926117,0.5641895835477563,,C:\Users\sophi\napari-organoid-segmentation\reports\organoid_measurements_aspirina_5_segmentations\Condição 5 - 18_labels.tif
Condição 5 - 18.jpg,ConvPaint,561,1008.5,765.0,2.0,0.0,0.3274509906768799,0.7978845608028654,,C:\Users\sophi\napari-organoid-segmentation\reports\organoid_measurements_aspirina_5_segmentations\Condição 5 - 18_labels.tif
Condição 5 - 18.jpg,ConvPaint,562,1008.4,774.8,5.0,5.207106781186548,0.5592157244682312,1.2615662610100802,2.3173247538676778,C:\Users\sophi\napari-organoid-segmentation\reports\organoid_measurements_aspirina_5_segmentations\Condição 5 - 18_labels.tif
Condição 5 - 18.jpg,ConvPaint,563,1008.0,1096.0,1.0,0.0,0.3490196168422699,0.5641895835477563,,C:\Users\sophi\napari-organoid-segmentation\reports\organoid_measurements_aspirina_5_segmentations\Condição 5 - 18_labels.tif
Condição 5 - 18.jpg,ConvPaint,564,1010.0,1514.0,1.0,0.0,0.29411765933036804,0.5641895835477563,,C:\Users\sophi\napari-organoid-segmentation\reports\organoid_measurements_aspirina_5_segmentations\Condição 5 - 18_labels.tif
Condição 5 - 18.jpg,ConvPaint,565,1012.1666666666666,1228.0,6.0,6.207106781186548,0.41699346899986267,1.381976597885342,1.9569632997809339,C:\Users\sophi\napari-organoid-segmentation\reports\organoid_measurements_aspirina_5_segmentations\Condição 5 - 18_labels.tif
Condição 5 - 18.jpg,ConvPaint,566,1012.0,780.0,3.0,1.0,0.43790850043296814,0.9772050238058398,37.69911184307752,C:\Users\sophi\napari-organoid-segmentation\reports\organoid_measurements_aspirina_5_segmentations\Condição 5 - 18_labels.tif
Condição 5 - 18.jpg,ConvPaint,567,1013.0,1700.0,1.0,0.0,0.4470588266849518,0.5641895835477563,,C:\Users\sophi\napari-organoid-segmentation\reports\organoid_measurements_aspirina_5_segmentations\Condição 5 - 18_labels.tif
Condição 5 - 18.jpg,ConvPaint,568,1016.0,1726.5,4.0,4.414213562373095,0.5715686678886414,1.1283791670955126,2.5796641830326625,C:\Users\sophi\napari-organoid-segmentation\reports\organoid_measurements_aspirina_5_segmentations\Condição 5 - 18_labels.tif
Condição 5 - 18.jpg,ConvPaint,569,1016.0,1077.0,1.0,0.0,0.501960813999176,0.5641895835477563,,C:\Users\sophi\napari-organoid-segmentation\reports\organoid_measurements_aspirina_5_segmentations\Condição 5 - 18_labels.tif
Condição 5 - 18.jpg,ConvPaint,570,1020.0,1689.0,1.0,0.0,0.37254902720451355,0.5641895835477563,,C:\Users\sophi\napari-organoid-segmentation\reports\organoid_measurements_aspirina_5_segmentations\Condição 5 - 18_labels.tif
Condição 5 - 18.jpg,ConvPaint,571,1057.1414798466722,301.20931583226854,8609.0,708.8650070512055,0.21621331572532654,52.348159567994884,0.21529576930921038,C:\Users\sophi\napari-organoid-segmentation\reports\organoid_measurements_aspirina_5_segmentations\Condição 5 - 18_labels.tif
Condição 5 - 18.jpg,ConvPaint,572,1021.3333333333334,646.6666666666666,3.0,3.414213562373095,0.516339898109436,0.9772050238058398,3.2340725067158833,C:\Users\sophi\napari-organoid-segmentation\reports\organoid_measurements_aspirina_5_segmentations\Condição 5 - 18_labels.tif
Condição 5 - 18.jpg,ConvPaint,573,1022.5,271.0,2.0,0.0,0.4313725531101227,0.7978845608028654,,C:\Users\sophi\napari-organoid-segmentation\reports\organoid_measurements_aspirina_5_segmentations\Condição 5 - 18_labels.tif
Condição 5 - 18.jpg,ConvPaint,574,1022.6666666666666,1249.3333333333333,6.0,6.621320343559642,0.5209150910377502,1.381976597885342,1.719776122021775,C:\Users\sophi\napari-organoid-segmentation\reports\organoid_measurements_aspirina_5_segmentations\Condição 5 - 18_labels.tif
Condição 5 - 18.jpg,ConvPaint,575,1023.0,273.0,1.0,0.0,0.4117647111415863,0.5641895835477563,,C:\Users\sophi\napari-organoid-segmentation\reports\organoid_measurements_aspirina_5_segmentations\Condição 5 - 18_labels.tif
Condição 5 - 18.jpg,ConvPaint,576,1024.5,1072.5,4.0,4.0,0.5058823823928833,1.1283791670955126,3.141592653589793,C:\Users\sophi\napari-organoid-segmentation\reports\organoid_measurements_aspirina_5_segmentations\Condição 5 - 18_labels.tif
Condição 5 - 18.jpg,ConvPaint,577,1024.0,1242.0,1.0,0.0,0.45098039507865906,0.5641895835477563,,C:\Users\sophi\napari-organoid-segmentation\reports\organoid_measurements_aspirina_5_segmentations\Condição 5 - 18_labels.tif
Condição 5 - 18.jpg,ConvPaint,578,1024.0,1695.0,1.0,0.0,0.4941176474094391,0.5641895835477563,,C:\Users\sophi\napari-organoid-segmentation\reports\organoid_measurements_aspirina_5_segmentations\Condição 5 - 18_labels.tif
Condição 5 - 18.jpg,ConvPaint,579,1029.0,256.3,10.0,10.207106781186548,0.48000001907348633,1.7841241161527712,1.2061589610298826,C:\Users\sophi\napari-organoid-segmentation\reports\organoid_measurements_aspirina_5_segmentations\Condição 5 - 18_labels.tif
Condição 5 - 18.jpg,ConvPaint,580,1028.0,272.0,1.0,0.0,0.3176470696926117,0.5641895835477563,,C:\Users\sophi\napari-organoid-segmentation\reports\organoid_measurements_aspirina_5_segmentations\Condição 5 - 18_labels.tif
Condição 5 - 18.jpg,ConvPaint,581,1029.5,1069.125,8.0,7.65685424949238,0.4465686082839966,1.5957691216057308,1.714743204844845,C:\Users\sophi\napari-organoid-segmentation\reports\organoid_measurements_aspirina_5_segmentations\Condição 5 - 18_labels.tif
Condição 5 - 18.jpg,ConvPaint,582,1029.0,364.0,1.0,0.0,0.5647059082984924,0.5641895835477563,,C:\Users\sophi\napari-organoid-segmentation\reports\organoid_measurements_aspirina_5_segmentations\Condição 5 - 18_labels.tif
Condição 5 - 18.jpg,ConvPaint,583,1030.6666666666667,252.33333333333334,3.0,3.414213562373095,0.5738562345504761,0.9772050238058398,3.2340725067158833,C:\Users\sophi\napari-organoid-segmentation\reports\organoid_measurements_aspirina_5_segmentations\Condição 5 - 18_labels.tif
Condição 5 - 18.jpg,ConvPaint,584,1030.5,259.0,2.0,0.0,0.42549020051956177,0.7978845608028654,,C:\Users\sophi\napari-organoid-segmentation\reports\organoid_measurements_aspirina_5_segmentations\Condição 5 - 18_labels.tif
Condição 5 - 18.jpg,ConvPaint,585,1033.142857142857,221.71428571428572,7.0,7.621320343559642,0.4633052945137024,1.4927053303604616,1.5144239562842172,C:\Users\sophi\napari-organoid-segmentation\reports\organoid_measurements_aspirina_5_segmentations\Condição 5 - 18_labels.tif
Condição 5 - 18.jpg,ConvPaint,586,1032.5,634.0,2.0,0.0,0.48235297203063965,0.7978845608028654,,C:\Users\sophi\napari-organoid-segmentation\reports\organoid_measurements_aspirina_5_segmentations\Condição 5 - 18_labels.tif
Condição 5 - 18.jpg,ConvPaint,587,1033.5,636.3333333333334,6.0,6.414213562373095,0.46078431606292725,1.381976597885342,1.8326278532479736,C:\Users\sophi\napari-organoid-segmentation\reports\organoid_measurements_aspirina_5_segmentations\Condição 5 - 18_labels.tif
Condição 5 - 18.jpg,ConvPaint,588,1034.0,1277.0,1.0,0.0,0.572549045085907,0.5641895835477563,,C:\Users\sophi\napari-organoid-segmentation\reports\organoid_measurements_aspirina_5_segmentations\Condição 5 - 18_labels.tif
Condição 5 - 18.jpg,ConvPaint,589,1036.0,373.0,1.0,0.0,0.4274509847164154,0.5641895835477563,,C:\Users\sophi\napari-organoid-segmentation\reports\organoid_measurements_aspirina_5_segmentations\Condição 5 - 18_labels.tif
Condição 5 - 18.jpg,ConvPaint,590,1036.0,631.0,1.0,0.0,0.5568627715110779,0.5641895835477563,,C:\Users\sophi\napari-organoid-segmentation\reports\organoid_measurements_aspirina_5_segmentations\Condição 5 - 18_labels.tif
Condição 5 - 18.jpg,ConvPaint,591,1036.0,802.0,1.0,0.0,0.40784314274787903,0.5641895835477563,,C:\Users\sophi\napari-organoid-segmentation\reports\organoid_measurements_aspirina_5_segmentations\Condição 5 - 18_labels.tif
Condição 5 - 18.jpg,ConvPaint,592,1040.0,241.0,1.0,0.0,0.3529411852359772,0.5641895835477563,,C:\Users\sophi\napari-organoid-segmentation\reports\organoid_measurements_aspirina_5_segmentations\Condição 5 - 18_labels.tif
Condição 5 - 18.jpg,ConvPaint,593,1040.0,1064.0,1.0,0.0,0.2823529541492462,0.5641895835477563,,C:\Users\sophi\napari-organoid-segmentation\reports\organoid_measurements_aspirina_5_segmentations\Condição 5 - 18_labels.tif
Condição 5 - 18.jpg,ConvPaint,594,1041.0,1253.0,3.0,1.0,0.29150328040122986,0.9772050238058398,37.69911184307752,C:\Users\sophi\napari-organoid-segmentation\reports\organoid_measurements_aspirina_5_segmentations\Condição 5 - 18_labels.tif
Condição 5 - 18.jpg,ConvPaint,595,1041.0,386.5,2.0,0.0,0.5039215683937073,0.7978845608028654,,C:\Users\sophi\napari-organoid-segmentation\reports\organoid_measurements_aspirina_5_segmentations\Condição 5 - 18_labels.tif
Condição 5 - 18.jpg,ConvPaint,596,1042.0,811.0,1.0,0.0,0.47058823704719543,0.5641895835477563,,C:\Users\sophi\napari-organoid-segmentation\reports\organoid_measurements_aspirina_5_segmentations\Condição 5 - 18_labels.tif
Condição 5 - 18.jpg,ConvPaint,597,1044.0,1058.0,3.0,1.0,0.4601307213306427,0.9772050238058398,37.69911184307752,C:\Users\sophi\napari-organoid-segmentation\reports\organoid_measurements_aspirina_5_segmentations\Condição 5 - 18_labels.tif
Condição 5 - 18.jpg,ConvPaint,598,1046.0,219.0,1.0,0.0,0.4274509847164154,0.5641895835477563,,C:\Users\sophi\napari-organoid-segmentation\reports\organoid_measurements_aspirina_5_segmentations\Condição 5 - 18_labels.tif
Condição 5 - 18.jpg,ConvPaint,599,1047.0,814.0,1.0,0.0,0.46666666865348816,0.5641895835477563,,C:\Users\sophi\napari-organoid-segmentation\reports\organoid_measurements_aspirina_5_segmentations\Condição 5 - 18_labels.tif
Condição 5 - 18.jpg,ConvPaint,600,1048.5,1056.0,2.0,0.0,0.34705883264541626,0.7978845608028654,,C:\Users\sophi\napari-organoid-segmentation\reports\organoid_measurements_aspirina_5_segmentations\Condição 5 - 18_labels.tif
Condição 5 - 18.jpg,ConvPaint,601,1052.0,205.0,1.0,0.0,0.5372549295425415,0.5641895835477563,,C:\Users\sophi\napari-organoid-segmentation\reports\organoid_measurements_aspirina_5_segmentations\Condição 5 - 18_labels.tif
Condição 5 - 18.jpg,ConvPaint,602,1052.0,817.0,1.0,0.0,0.4745098054409027,0.5641895835477563,,C:\Users\sophi\napari-organoid-segmentation\reports\organoid_measurements_aspirina_5_segmentations\Condição 5 - 18_labels.tif
Condição 5 - 18.jpg,ConvPaint,603,1055.0,393.6666666666667,3.0,1.2071067811865475,0.38954249024391174,0.9772050238058398,25.872580053727066,C:\Users\sophi\napari-organoid-segmentation\reports\organoid_measurements_aspirina_5_segmentations\Condição 5 - 18_labels.tif
Condição 5 - 18.jpg,ConvPaint,604,1054.0,817.0,1.0,0.0,0.4431372582912445,0.5641895835477563,,C:\Users\sophi\napari-organoid-segmentation\reports\organoid_measurements_aspirina_5_segmentations\Condição 5 - 18_labels.tif
Condição 5 - 18.jpg,ConvPaint,605,1054.0,1498.0,1.0,0.0,0.27450981736183167,0.5641895835477563,,C:\Users\sophi\napari-organoid-segmentation\reports\organoid_measurements_aspirina_5_segmentations\Condição 5 - 18_labels.tif
Condição 5 - 18.jpg,ConvPaint,606,1057.5,1054.0,2.0,0.0,0.386274516582489,0.7978845608028654,,C:\Users\sophi\napari-organoid-segmentation\reports\organoid_measurements_aspirina_5_segmentations\Condição 5 - 18_labels.tif
Condição 5 - 18.jpg,ConvPaint,607,1066.6666666666667,197.33333333333334,3.0,3.414213562373095,0.35555556416511536,0.9772050238058398,3.2340725067158833,C:\Users\sophi\napari-organoid-segmentation\reports\organoid_measurements_aspirina_5_segmentations\Condição 5 - 18_labels.tif
Condição 5 - 18.jpg,ConvPaint,608,1068.5,402.5,2.0,0.0,0.3803921639919281,0.7978845608028654,,C:\Users\sophi\napari-organoid-segmentation\reports\organoid_measurements_aspirina_5_segmentations\Condição 5 - 18_labels.tif
Condição 5 - 18.jpg,ConvPaint,609,1076.2307692307693,1045.576923076923,26.0,20.242640687119284,0.3930618464946747,2.876813695875796,0.7973497811263616,C:\Users\sophi\napari-organoid-segmentation\reports\organoid_measurements_aspirina_5_segmentations\Condição 5 - 18_labels.tif
Condição 5 - 18.jpg,ConvPaint,610,1072.0,1705.0,1.0,0.0,0.38823530077934265,0.5641895835477563,,C:\Users\sophi\napari-organoid-segmentation\reports\organoid_measurements_aspirina_5_segmentations\Condição 5 - 18_labels.tif
Condição 5 - 18.jpg,ConvPaint,611,1077.0,601.0769230769231,26.0,18.242640687119287,0.44268476963043213,2.876813695875796,0.9817655835924424,C:\Users\sophi\napari-organoid-segmentation\reports\organoid_measurements_aspirina_5_segmentations\Condição 5 - 18_labels.tif
Condição 5 - 18.jpg,ConvPaint,612,1077.1666666666667,189.44444444444446,18.0,12.621320343559642,0.4135076403617859,2.393653682408596,1.4199491418576706,C:\Users\sophi\napari-organoid-segmentation\reports\organoid_measurements_aspirina_5_segmentations\Condição 5 - 18_labels.tif
Condição 5 - 18.jpg,ConvPaint,613,1078.0,1492.5,6.0,6.0,0.4614379107952118,1.381976597885342,2.0943951023931953,C:\Users\sophi\napari-organoid-segmentation\reports\organoid_measurements_aspirina_5_segmentations\Condição 5 - 18_labels.tif
Condição 5 - 18.jpg,ConvPaint,614,1078.0,596.0,1.0,0.0,0.6352941393852234,0.5641895835477563,,C:\Users\sophi\napari-organoid-segmentation\reports\organoid_measurements_aspirina_5_segmentations\Condição 5 - 18_labels.tif
Condição 5 - 19.jpg,ConvPaint,1,0.5,183.0,2.0,0.0,0.5039215683937073,0.7978845608028654,,C:\Users\sophi\napari-organoid-segmentation\reports\organoid_measurements_aspirina_5_segmentations\Condição 5 - 19_labels.tif
Condição 5 - 19.jpg,ConvPaint,2,17.53921568627451,252.1032831737346,4386.0,744.422402257836,0.2725051939487457,37.364517403575626,0.09945797742671782,C:\Users\sophi\napari-organoid-segmentation\reports\organoid_measurements_aspirina_5_segmentations\Condição 5 - 19_labels.tif
Condição 5 - 19.jpg,ConvPaint,3,2.641509433962264,628.1132075471698,53.0,34.31370849898477,0.43965959548950195,4.1073621666150775,0.56565342167796,C:\Users\sophi\napari-organoid-segmentation\reports\organoid_measurements_aspirina_5_segmentations\Condição 5 - 19_labels.tif
Condição 5 - 19.jpg,ConvPaint,4,5.706185567010309,688.758762886598,970.0,357.99494936611666,0.3102082312107086,17.5715847207438,0.09511035420779479,C:\Users\sophi\napari-organoid-segmentation\reports\organoid_measurements_aspirina_5_segmentations\Condição 5 - 19_labels.tif
Condição 5 - 19.jpg,ConvPaint,5,2.0,739.0,1.0,0.0,0.34117648005485535,0.5641895835477563,,C:\Users\sophi\napari-organoid-segmentation\reports\organoid_measurements_aspirina_5_segmentations\Condição 5 - 19_labels.tif
Condição 5 - 19.jpg,ConvPaint,6,4.333333333333333,739.3333333333334,3.0,3.414213562373095,0.3986928164958954,0.9772050238058398,3.2340725067158833,C:\Users\sophi\napari-organoid-segmentation\reports\organoid_measurements_aspirina_5_segmentations\Condição 5 - 19_labels.tif
Condição 5 - 19.jpg,ConvPaint,7,7.0,721.3333333333334,3.0,1.2071067811865475,0.34117648005485535,0.9772050238058398,25.872580053727066,C:\Users\sophi\napari-organoid-segmentation\reports\organoid_measurements_aspirina_5_segmentations\Condição 5 - 19_labels.tif
Condição 5 - 19.jpg,ConvPaint,8,7.0,328.0,1.0,0.0,0.5490196347236633,0.5641895835477563,,C:\Users\sophi\napari-organoid-segmentation\reports\organoid_measurements_aspirina_5_segmentations\Condição 5 - 19_labels.tif
Condição 5 - 19.jpg,ConvPaint,9,7.0,631.0,1.0,0.0,0.4470588266849518,0.5641895835477563,,C:\Users\sophi\napari-organoid-segmentation\reports\organoid_measurements_aspirina_5_segmentations\Condição 5 - 19_labels.tif
Condição 5 - 19.jpg,ConvPaint,10,8.2,634.4,5.0,3.414213562373095,0.4807843267917633,1.2615662610100802,5.390120844526472,C:\Users\sophi\napari-organoid-segmentation\reports\organoid_measurements_aspirina_5_segmentations\Condição 5 - 19_labels.tif
Condição 5 - 19.jpg,ConvPaint,11,7.0,638.0,3.0,1.0,0.4901960790157318,0.9772050238058398,37.69911184307752,C:\Users\sophi\napari-organoid-segmentation\reports\organoid_measurements_aspirina_5_segmentations\Condição 5 - 19_labels.tif
Condição 5 - 19.jpg,ConvPaint,12,7.0,738.0,1.0,0.0,0.43529412150382996,0.5641895835477563,,C:\Users\sophi\napari-organoid-segmentation\reports\organoid_measurements_aspirina_5_segmentations\Condição 5 - 19_labels.tif
Condição 5 - 19.jpg,ConvPaint,13,10.0,625.0,1.0,0.0,0.529411792755127,0.5641895835477563,,C:\Users\sophi\napari-organoid-segmentation\reports\organoid_measurements_aspirina_5_segmentations\Condição 5 - 19_labels.tif
Condição 5 - 19.jpg,ConvPaint,14,13.0,322.0,1.0,0.0,0.47058823704719543,0.5641895835477563,,C:\Users\sophi\napari-organoid-segmentation\reports\organoid_measurements_aspirina_5_segmentations\Condição 5 - 19_labels.tif
Condição 5 - 19.jpg,ConvPaint,15,17.575,690.225,40.0,27.692388155425117,0.40960782766342163,3.5682482323055424,0.6554642878040063,C:\Users\sophi\napari-organoid-segmentation\reports\organoid_measurements_aspirina_5_segmentations\Condição 5 - 19_labels.tif
Condição 5 - 19.jpg,ConvPaint,16,15.0,319.0,1.0,0.0,0.529411792755127,0.5641895835477563,,C:\Users\sophi\napari-organoid-segmentation\reports\organoid_measurements_aspirina_5_segmentations\Condição 5 - 19_labels.tif
Condição 5 - 19.jpg,ConvPaint,17,18.4,709.2,5.0,3.414213562373095,0.4713725447654724,1.2615662610100802,5.390120844526472,C:\Users\sophi\napari-organoid-segmentation\reports\organoid_measurements_aspirina_5_segmentations\Condição 5 - 19_labels.tif
Condição 5 - 19.jpg,ConvPaint,18,19.0,704.5,2.0,0.0,0.4000000059604645,0.7978845608028654,,C:\Users\sophi\napari-organoid-segmentation\reports\organoid_measurements_aspirina_5_segmentations\Condição 5 - 19_labels.tif
Condição 5 - 19.jpg,ConvPaint,19,22.0,703.0,1.0,0.0,0.4627451002597809,0.5641895835477563,,C:\Users\sophi\napari-organoid-segmentation\reports\organoid_measurements_aspirina_5_segmentations\Condição 5 - 19_labels.tif
Condição 5 - 19.jpg,ConvPaint,20,34.0,295.0,1.0,0.0,0.47058823704719543,0.5641895835477563,,C:\Users\sophi\napari-organoid-segmentation\reports\organoid_measurements_aspirina_5_segmentations\Condição 5 - 19_labels.tif
Condição 5 - 19.jpg,ConvPaint,21,43.458333333333336,234.70833333333334,24.0,20.449747468305834,0.423365980386734,2.763953195770684,0.7211825454556919,C:\Users\sophi\napari-organoid-segmentation\reports\organoid_measurements_aspirina_5_segmentations\Condição 5 - 19_labels.tif
Condição 5 - 19.jpg,ConvPaint,22,42.5,221.5,2.0,0.0,0.4470588266849518,0.7978845608028654,,C:\Users\sophi\napari-organoid-segmentation\reports\organoid_measurements_aspirina_5_segmentations\Condição 5 - 19_labels.tif
Condição 5 - 19.jpg,ConvPaint,23,43.0,282.5,2.0,0.0,0.41960784792900085,0.7978845608028654,,C:\Users\sophi\napari-organoid-segmentation\reports\organoid_measurements_aspirina_5_segmentations\Condição 5 - 19_labels.tif
Condição 5 - 19.jpg,ConvPaint,24,44.8,228.8,5.0,4.0,0.46117645502090454,1.2615662610100802,3.9269908169872414,C:\Users\sophi\napari-organoid-segmentation\reports\organoid_measurements_aspirina_5_segmentations\Condição 5 - 19_labels.tif
Condição 5 - 19.jpg,ConvPaint,25,45.0,217.0,1.0,0.0,0.43529412150382996,0.5641895835477563,,C:\Users\sophi\napari-organoid-segmentation\reports\organoid_measurements_aspirina_5_segmentations\Condição 5 - 19_labels.tif
Condição 5 - 19.jpg,ConvPaint,26,46.5,222.5,4.0,4.0,0.45196080207824707,1.1283791670955126,3.141592653589793,C:\Users\sophi\napari-organoid-segmentation\reports\organoid_measurements_aspirina_5_segmentations\Condição 5 - 19_labels.tif
Condição 5 - 19.jpg,ConvPaint,27,46.666666666666664,256.3333333333333,3.0,3.414213562373095,0.4000000059604645,0.9772050238058398,3.2340725067158833,C:\Users\sophi\napari-organoid-segmentation\reports\organoid_measurements_aspirina_5_segmentations\Condição 5 - 19_labels.tif
Condição 5 - 19.jpg,ConvPaint,28,47.0,246.0,1.0,0.0,0.4000000059604645,0.5641895835477563,,C:\Users\sophi\napari-organoid-segmentation\reports\organoid_measurements_aspirina_5_segmentations\Condição 5 - 19_labels.tif
Condição 5 - 19.jpg,ConvPaint,29,47.0,260.0,1.0,0.0,0.38823530077934265,0.5641895835477563,,C:\Users\sophi\napari-organoid-segmentation\reports\organoid_measurements_aspirina_5_segmentations\Condição 5 - 19_labels.tif
Condição 5 - 19.jpg,ConvPaint,30,47.0,265.0,1.0,0.0,0.40392157435417175,0.5641895835477563,,C:\Users\sophi\napari-organoid-segmentation\reports\organoid_measurements_aspirina_5_segmentations\Condição 5 - 19_labels.tif
Condição 5 - 19.jpg,ConvPaint,31,47.5,267.5,2.0,0.0,0.4862745404243469,0.7978845608028654,,C:\Users\sophi\napari-organoid-segmentation\reports\organoid_measurements_aspirina_5_segmentations\Condição 5 - 19_labels.tif
Condição 5 - 19.jpg,ConvPaint,32,49.6875,227.5625,16.0,12.828427124746192,0.4953431487083435,2.256758334191025,1.2217519021653156,C:\Users\sophi\napari-organoid-segmentation\reports\organoid_measurements_aspirina_5_segmentations\Condição 5 - 19_labels.tif
Condição 5 - 19.jpg,ConvPaint,33,50.4,243.2,5.0,5.207106781186548,0.4674510061740875,1.2615662610100802,2.3173247538676778,C:\Users\sophi\napari-organoid-segmentation\reports\organoid_measurements_aspirina_5_segmentations\Condição 5 - 19_labels.tif
Condição 5 - 19.jpg,ConvPaint,34,50.5,246.0,2.0,0.0,0.43529412150382996,0.7978845608028654,,C:\Users\sophi\napari-organoid-segmentation\reports\organoid_measurements_aspirina_5_segmentations\Condição 5 - 19_labels.tif
Condição 5 - 19.jpg,ConvPaint,35,156.5,1910.5,4.0,4.0,0.39313724637031555,1.1283791670955126,3.141592653589793,C:\Users\sophi\napari-organoid-segmentation\reports\organoid_measurements_aspirina_5_segmentations\Condição 5 - 19_labels.tif
Condição 5 - 19.jpg,ConvPaint,36,240.22972972972974,1901.4351716581446,5476.0,628.2914139223983,0.19828343391418457,41.750029182533964,0.17432153999016928,C:\Users\sophi\napari-organoid-segmentation\reports\organoid_measurements_aspirina_5_segmentations\Condição 5 - 19_labels.tif
Condição 5 - 19.jpg,ConvPaint,37,160.0,1539.0,1.0,0.0,0.49803921580314636,0.5641895835477563,,C:\Users\sophi\napari-organoid-segmentation\reports\organoid_measurements_aspirina_5_segmentations\Condição 5 - 19_labels.tif
Condição 5 - 19.jpg,ConvPaint,38,163.0,1537.0,1.0,0.0,0.48235294222831726,0.5641895835477563,,C:\Users\sophi\napari-organoid-segmentation\reports\organoid_measurements_aspirina_5_segmentations\Condição 5 - 19_labels.tif
Condição 5 - 19.jpg,ConvPaint,39,166.66666666666666,1533.0,3.0,1.4142135623730951,0.526797354221344,0.9772050238058398,18.849555921538755,C:\Users\sophi\napari-organoid-segmentation\reports\organoid_measurements_aspirina_5_segmentations\Condição 5 - 19_labels.tif
Condição 5 - 19.jpg,ConvPaint,40,168.0,1536.0,1.0,0.0,0.5254902243614197,0.5641895835477563,,C:\Users\sophi\napari-organoid-segmentation\reports\organoid_measurements_aspirina_5_segmentations\Condição 5 - 19_labels.tif
Condição 5 - 19.jpg,ConvPaint,41,170.5,1532.0,2.0,0.0,0.5882353186607361,0.7978845608028654,,C:\Users\sophi\napari-organoid-segmentation\reports\organoid_measurements_aspirina_5_segmentations\Condição 5 - 19_labels.tif
Condição 5 - 19.jpg,ConvPaint,42,170.5,1542.0,2.0,0.0,0.4117647111415863,0.7978845608028654,,C:\Users\sophi\napari-organoid-segmentation\reports\organoid_measurements_aspirina_5_segmentations\Condição 5 - 19_labels.tif
Condição 5 - 19.jpg,ConvPaint,43,170.5,1894.5,4.0,4.0,0.4205882251262665,1.1283791670955126,3.141592653589793,C:\Users\sophi\napari-organoid-segmentation\reports\organoid_measurements_aspirina_5_segmentations\Condição 5 - 19_labels.tif
Condição 5 - 19.jpg,ConvPaint,44,172.0,1889.0,1.0,0.0,0.4470588266849518,0.5641895835477563,,C:\Users\sophi\napari-organoid-segmentation\reports\organoid_measurements_aspirina_5_segmentations\Condição 5 - 19_labels.tif
Condição 5 - 19.jpg,ConvPaint,45,174.2,1890.6,5.0,5.207106781186548,0.4243137240409851,1.2615662610100802,2.3173247538676778,C:\Users\sophi\napari-organoid-segmentation\reports\organoid_measurements_aspirina_5_segmentations\Condição 5 - 19_labels.tif
Condição 5 - 19.jpg,ConvPaint,46,182.4,1130.2,10.0,10.414213562373096,0.4780392646789551,1.7841241161527712,1.1586623769338389,C:\Users\sophi\napari-organoid-segmentation\reports\organoid_measurements_aspirina_5_segmentations\Condição 5 - 19_labels.tif
Condição 5 - 19.jpg,ConvPaint,47,184.5,1175.0,2.0,0.0,0.5117647647857666,0.7978845608028654,,C:\Users\sophi\napari-organoid-segmentation\reports\organoid_measurements_aspirina_5_segmentations\Condição 5 - 19_labels.tif
Condição 5 - 19.jpg,ConvPaint,48,186.66666666666666,1163.8333333333333,6.0,5.0,0.4163399040699005,1.381976597885342,3.015928947446201,C:\Users\sophi\napari-organoid-segmentation\reports\organoid_measurements_aspirina_5_segmentations\Condição 5 - 19_labels.tif
Condição 5 - 19.jpg,ConvPaint,49,186.0,1594.0,1.0,0.0,0.4431372582912445,0.5641895835477563,,C:\Users\sophi\napari-organoid-segmentation\reports\organoid_measurements_aspirina_5_segmentations\Condição 5 - 19_labels.tif
Condição 5 - 19.jpg,ConvPaint,50,190.0,1128.2692307692307,26.0,17.82842712474619,0.440874844789505,2.876813695875796,1.0279148770982536,C:\Users\sophi\napari-organoid-segmentation\reports\organoid_measurements_aspirina_5_segmentations\Condição 5 - 19_labels.tif
Condição 5 - 19.jpg,ConvPaint,51,188.0,1575.0,1.0,0.0,0.3529411852359772,0.5641895835477563,,C:\Users\sophi\napari-organoid-segmentation\reports\organoid_measurements_aspirina_5_segmentations\Condição 5 - 19_labels.tif
Condição 5 - 19.jpg,ConvPaint,52,287.8631811589198,1572.1699357690447,28958.0,1420.3300858899106,0.19916553795337677,96.00842506837726,0.18038476492462846,C:\Users\sophi\napari-organoid-segmentation\reports\organoid_measurements_aspirina_5_segmentations\Condição 5 - 19_labels.tif
Condição 5 - 19.jpg,ConvPaint,53,191.57142857142858,1562.2857142857142,7.0,7.65685424949238,0.3663865625858307,1.4927053303604616,1.5004003042392393,C:\Users\sophi\napari-organoid-segmentation\reports\organoid_measurements_aspirina_5_segmentations\Condição 5 - 19_labels.tif
Condição 5 - 19.jpg,ConvPaint,54,192.9375,1166.5,16.0,10.449747468305834,0.4009804129600525,2.256758334191025,1.841273302273605,C:\Users\sophi\napari-organoid-segmentation\reports\organoid_measurements_aspirina_5_segmentations\Condição 5 - 19_labels.tif
Condição 5 - 19.jpg,ConvPaint,55,192.0,1171.0,1.0,0.0,0.3803921639919281,0.5641895835477563,,C:\Users\sophi\napari-organoid-segmentation\reports\organoid_measurements_aspirina_5_segmentations\Condição 5 - 19_labels.tif
Condição 5 - 19.jpg,ConvPaint,56,193.0,1552.5,6.0,6.0,0.38692811131477356,1.381976597885342,2.0943951023931953,C:\Users\sophi\napari-organoid-segmentation\reports\organoid_measurements_aspirina_5_segmentations\Condição 5 - 19_labels.tif
Condição 5 - 19.jpg,ConvPaint,57,192.0,1555.0,1.0,0.0,0.4274509847164154,0.5641895835477563,,C:\Users\sophi\napari-organoid-segmentation\reports\organoid_measurements_aspirina_5_segmentations\Condição 5 - 19_labels.tif
Condição 5 - 19.jpg,ConvPaint,58,193.0,1123.0,1.0,0.0,0.49803921580314636,0.5641895835477563,,C:\Users\sophi\napari-organoid-segmentation\reports\organoid_measurements_aspirina_5_segmentations\Condição 5 - 19_labels.tif
Condição 5 - 19.jpg,ConvPaint,59,194.25,1542.75,4.0,3.2071067811865475,0.5049019455909729,1.1283791670955126,4.887007608661263,C:\Users\sophi\napari-organoid-segmentation\reports\organoid_measurements_aspirina_5_segmentations\Condição 5 - 19_labels.tif
Condição 5 - 19.jpg,ConvPaint,60,194.5,1611.0,2.0,0.0,0.4333333373069763,0.7978845608028654,,C:\Users\sophi\napari-organoid-segmentation\reports\organoid_measurements_aspirina_5_segmentations\Condição 5 - 19_labels.tif
Condição 5 - 19.jpg,ConvPaint,61,197.2173913043478,1123.2608695652175,23.0,19.035533905932738,0.42472296953201294,2.7057581899030048,0.7976411947615121,C:\Users\sophi\napari-organoid-segmentation\reports\organoid_measurements_aspirina_5_segmentations\Condição 5 - 19_labels.tif
Condição 5 - 19.jpg,ConvPaint,62,195.0,1170.5,2.0,0.0,0.34705883264541626,0.7978845608028654,,C:\Users\sophi\napari-organoid-segmentation\reports\organoid_measurements_aspirina_5_segmentations\Condição 5 - 19_labels.tif
Condição 5 - 19.jpg,ConvPaint,63,196.0,1148.0,1.0,0.0,0.4156862795352936,0.5641895835477563,,C:\Users\sophi\napari-organoid-segmentation\reports\organoid_measurements_aspirina_5_segmentations\Condição 5 - 19_labels.tif
Condição 5 - 19.jpg,ConvPaint,64,196.5,1609.5,2.0,0.0,0.30392158031463623,0.7978845608028654,,C:\Users\sophi\napari-organoid-segmentation\reports\organoid_measurements_aspirina_5_segmentations\Condição 5 - 19_labels.tif
Condição 5 - 19.jpg,ConvPaint,65,197.6,1169.0,5.0,3.414213562373095,0.33725491166114807,1.2615662610100802,5.390120844526472,C:\Users\sophi\napari-organoid-segmentation\reports\organoid_measurements_aspirina_5_segmentations\Condição 5 - 19_labels.tif
Condição 5 - 19.jpg,ConvPaint,66,197.5,1541.0,2.0,0.0,0.46078431606292725,0.7978845608028654,,C:\Users\sophi\napari-organoid-segmentation\reports\organoid_measurements_aspirina_5_segmentations\Condição 5 - 19_labels.tif
Condição 5 - 19.jpg,ConvPaint,67,198.0,1178.0,1.0,0.0,0.43921568989753723,0.5641895835477563,,C:\Users\sophi\napari-organoid-segmentation\reports\organoid_measurements_aspirina_5_segmentations\Condição 5 - 19_labels.tif
Condição 5 - 19.jpg,ConvPaint,68,308.4677019391032,1131.2635066466116,24599.0,1505.1707063234765,0.22466082870960236,88.48787990586658,0.13644442691265926,C:\Users\sophi\napari-organoid-segmentation\reports\organoid_measurements_aspirina_5_segmentations\Condição 5 - 19_labels.tif
Condição 5 - 19.jpg,ConvPaint,69,202.14285714285714,1118.2857142857142,7.0,6.207106781186548,0.4571428596973419,1.4927053303604616,2.2831238497444226,C:\Users\sophi\napari-organoid-segmentation\reports\organoid_measurements_aspirina_5_segmentations\Condição 5 - 19_labels.tif
Condição 5 - 19.jpg,ConvPaint,70,200.0,1179.0,1.0,0.0,0.4431372582912445,0.5641895835477563,,C:\Users\sophi\napari-organoid-segmentation\reports\organoid_measurements_aspirina_5_segmentations\Condição 5 - 19_labels.tif
Condição 5 - 19.jpg,ConvPaint,71,201.5,1181.0,4.0,2.0,0.4735294282436371,1.1283791670955126,12.566370614359172,C:\Users\sophi\napari-organoid-segmentation\reports\organoid_measurements_aspirina_5_segmentations\Condição 5 - 19_labels.tif
Condição 5 - 19.jpg,ConvPaint,72,202.0,1639.0,1.0,0.0,0.4274509847164154,0.5641895835477563,,C:\Users\sophi\napari-organoid-segmentation\reports\organoid_measurements_aspirina_5_segmentations\Condição 5 - 19_labels.tif
Condição 5 - 19.jpg,ConvPaint,73,205.25,1113.375,16.0,14.035533905932738,0.543872594833374,2.256758334191025,1.0206385582919322,C:\Users\sophi\napari-organoid-segmentation\reports\organoid_measurements_aspirina_5_segmentations\Condição 5 - 19_labels.tif
Condição 5 - 19.jpg,ConvPaint,74,203.0,1136.5,2.0,0.0,0.3549019694328308,0.7978845608028654,,C:\Users\sophi\napari-organoid-segmentation\reports\organoid_measurements_aspirina_5_segmentations\Condição 5 - 19_labels.tif
Condição 5 - 19.jpg,ConvPaint,75,209.0,1118.75,4.0,4.621320343559642,0.4215686321258545,1.1283791670955126,2.3536273758173025,C:\Users\sophi\napari-organoid-segmentation\reports\organoid_measurements_aspirina_5_segmentations\Condição 5 - 19_labels.tif
Condição 5 - 19.jpg,ConvPaint,76,209.0,1519.0,1.0,0.0,0.5254902243614197,0.5641895835477563,,C:\Users\sophi\napari-organoid-segmentation\reports\organoid_measurements_aspirina_5_segmentations\Condição 5 - 19_labels.tif
Condição 5 - 19.jpg,ConvPaint,77,212.0,1519.0,3.0,1.0,0.46666666865348816,0.9772050238058398,37.69911184307752,C:\Users\sophi\napari-organoid-segmentation\reports\organoid_measurements_aspirina_5_segmentations\Condição 5 - 19_labels.tif
Condição 5 - 19.jpg,ConvPaint,78,214.0,1120.0,1.0,0.0,0.4627451002597809,0.5641895835477563,,C:\Users\sophi\napari-organoid-segmentation\reports\organoid_measurements_aspirina_5_segmentations\Condição 5 - 19_labels.tif
Condição 5 - 19.jpg,ConvPaint,79,220.47619047619048,1875.3333333333333,21.0,21.621320343559645,0.4911297857761383,2.5854414729132054,0.5645010265174387,C:\Users\sophi\napari-organoid-segmentation\reports\organoid_measurements_aspirina_5_segmentations\Condição 5 - 19_labels.tif
Condição 5 - 19.jpg,ConvPaint,80,216.0,1123.0,1.0,0.0,0.4156862795352936,0.5641895835477563,,C:\Users\sophi\napari-organoid-segmentation\reports\organoid_measurements_aspirina_5_segmentations\Condição 5 - 19_labels.tif
Condição 5 - 19.jpg,ConvPaint,81,216.33333333333334,1126.6666666666667,3.0,3.414213562373095,0.40784314274787903,0.9772050238058398,3.2340725067158833,C:\Users\sophi\napari-organoid-segmentation\reports\organoid_measurements_aspirina_5_segmentations\Condição 5 - 19_labels.tif
Condição 5 - 19.jpg,ConvPaint,82,216.0,1520.0,1.0,0.0,0.2823529541492462,0.5641895835477563,,C:\Users\sophi\napari-organoid-segmentation\reports\organoid_measurements_aspirina_5_segmentations\Condição 5 - 19_labels.tif
Condição 5 - 19.jpg,ConvPaint,83,218.0,1513.3333333333333,3.0,1.2071067811865475,0.4130719006061554,0.9772050238058398,25.872580053727066,C:\Users\sophi\napari-organoid-segmentation\reports\organoid_measurements_aspirina_5_segmentations\Condição 5 - 19_labels.tif
Condição 5 - 19.jpg,ConvPaint,84,218.0,1132.0,1.0,0.0,0.40392157435417175,0.5641895835477563,,C:\Users\sophi\napari-organoid-segmentation\reports\organoid_measurements_aspirina_5_segmentations\Condição 5 - 19_labels.tif
Condição 5 - 19.jpg,ConvPaint,85,220.16666666666666,1129.3333333333333,6.0,6.414213562373095,0.37124183773994446,1.381976597885342,1.8326278532479736,C:\Users\sophi\napari-organoid-segmentation\reports\organoid_measurements_aspirina_5_segmentations\Condição 5 - 19_labels.tif
Condição 5 - 19.jpg,ConvPaint,86,220.33333333333334,1124.6666666666667,3.0,3.414213562373095,0.3830065429210663,0.9772050238058398,3.2340725067158833,C:\Users\sophi\napari-organoid-segmentation\reports\organoid_measurements_aspirina_5_segmentations\Condição 5 - 19_labels.tif
Condição 5 - 19.jpg,ConvPaint,87,220.0,1650.0,1.0,0.0,0.43921568989753723,0.5641895835477563,,C:\Users\sophi\napari-organoid-segmentation\reports\organoid_measurements_aspirina_5_segmentations\Condição 5 - 19_labels.tif
Condição 5 - 19.jpg,ConvPaint,88,223.0,1114.0,1.0,0.0,0.45098039507865906,0.5641895835477563,,C:\Users\sophi\napari-organoid-segmentation\reports\organoid_measurements_aspirina_5_segmentations\Condição 5 - 19_labels.tif
Condição 5 - 19.jpg,ConvPaint,89,224.5,1492.5,2.0,0.0,0.5823529958724976,0.7978845608028654,,C:\Users\sophi\napari-organoid-segmentation\reports\organoid_measurements_aspirina_5_segmentations\Condição 5 - 19_labels.tif
Condição 5 - 19.jpg,ConvPaint,90,224.33333333333334,1503.1666666666667,6.0,5.0,0.3516339957714081,1.381976597885342,3.015928947446201,C:\Users\sophi\napari-organoid-segmentation\reports\organoid_measurements_aspirina_5_segmentations\Condição 5 - 19_labels.tif
Condição 5 - 19.jpg,ConvPaint,91,226.0,1657.0,1.0,0.0,0.45098039507865906,0.5641895835477563,,C:\Users\sophi\napari-organoid-segmentation\reports\organoid_measurements_aspirina_5_segmentations\Condição 5 - 19_labels.tif
Condição 5 - 19.jpg,ConvPaint,92,230.0909090909091,1101.590909090909,22.0,14.828427124746192,0.48163995146751404,2.6462837142006137,1.2573100023592196,C:\Users\sophi\napari-organoid-segmentation\reports\organoid_measurements_aspirina_5_segmentations\Condição 5 - 19_labels.tif
Condição 5 - 19.jpg,ConvPaint,93,228.5,1490.0,2.0,0.0,0.5686274766921997,0.7978845608028654,,C:\Users\sophi\napari-organoid-segmentation\reports\organoid_measurements_aspirina_5_segmentations\Condição 5 - 19_labels.tif
Condição 5 - 19.jpg,ConvPaint,94,231.0,1187.0,1.0,0.0,0.3764705955982208,0.5641895835477563,,C:\Users\sophi\napari-organoid-segmentation\reports\organoid_measurements_aspirina_5_segmentations\Condição 5 - 19_labels.tif
Condição 5 - 19.jpg,ConvPaint,95,235.0,1097.0,3.0,1.0,0.5045751929283142,0.9772050238058398,37.69911184307752,C:\Users\sophi\napari-organoid-segmentation\reports\organoid_measurements_aspirina_5_segmentations\Condição 5 - 19_labels.tif
Condição 5 - 19.jpg,ConvPaint,96,234.0,1106.0,1.0,0.0,0.32549020648002625,0.5641895835477563,,C:\Users\sophi\napari-organoid-segmentation\reports\organoid_measurements_aspirina_5_segmentations\Condição 5 - 19_labels.tif
Condição 5 - 19.jpg,ConvPaint,97,234.0,1488.0,1.0,0.0,0.5098039507865906,0.5641895835477563,,C:\Users\sophi\napari-organoid-segmentation\reports\organoid_measurements_aspirina_5_segmentations\Condição 5 - 19_labels.tif
Condição 5 - 19.jpg,ConvPaint,98,236.0,1871.8333333333333,6.0,4.207106781186548,0.5084967613220215,1.381976597885342,4.25984742557301,C:\Users\sophi\napari-organoid-segmentation\reports\organoid_measurements_aspirina_5_segmentations\Condição 5 - 19_labels.tif
Condição 5 - 19.jpg,ConvPaint,99,236.33333333333334,1488.6666666666667,3.0,3.414213562373095,0.5477124452590942,0.9772050238058398,3.2340725067158833,C:\Users\sophi\napari-organoid-segmentation\reports\organoid_measurements_aspirina_5_segmentations\Condição 5 - 19_labels.tif
Condição 5 - 19.jpg,ConvPaint,100,236.0,1494.0,1.0,0.0,0.32156863808631897,0.5641895835477563,,C:\Users\sophi\napari-organoid-segmentation\reports\organoid_measurements_aspirina_5_segmentations\Condição 5 - 19_labels.tif
Condição 5 - 19.jpg,ConvPaint,101,240.33333333333334,1084.6666666666667,3.0,3.414213562373095,0.3816993534564972,0.9772050238058398,3.2340725067158833,C:\Users\sophi\napari-organoid-segmentation\reports\organoid_measurements_aspirina_5_segmentations\Condição 5 - 19_labels.tif
Condição 5 - 19.jpg,ConvPaint,102,244.08333333333334,741.75,12.0,11.242640687119284,0.5388888716697693,1.9544100476116797,1.1930384709859614,C:\Users\sophi\napari-organoid-segmentation\reports\organoid_measurements_aspirina_5_segmentations\Condição 5 - 19_labels.tif
Condição 5 - 19.jpg,ConvPaint,103,245.0,1077.2307692307693,13.0,11.449747468305832,0.40573152899742126,2.0342144725641096,1.2461244004839607,C:\Users\sophi\napari-organoid-segmentation\reports\organoid_measurements_aspirina_5_segmentations\Condição 5 - 19_labels.tif
Condição 5 - 19.jpg,ConvPaint,104,244.0,1082.0,1.0,0.0,0.34117648005485535,0.5641895835477563,,C:\Users\sophi\napari-organoid-segmentation\reports\organoid_measurements_aspirina_5_segmentations\Condição 5 - 19_labels.tif
Condição 5 - 19.jpg,ConvPaint,105,249.75,741.75,8.0,8.82842712474619,0.5181372761726379,1.5957691216057308,1.2898320915163313,C:\Users\sophi\napari-organoid-segmentation\reports\organoid_measurements_aspirina_5_segmentations\Condição 5 - 19_labels.tif
Condição 5 - 19.jpg,ConvPaint,106,252.10714285714286,1065.0357142857142,28.0,21.449747468305834,0.4400559961795807,2.985410660720923,0.7647571187581267,C:\Users\sophi\napari-organoid-segmentation\reports\organoid_measurements_aspirina_5_segmentations\Condição 5 - 19_labels.tif
Condição 5 - 19.jpg,ConvPaint,107,248.0,1201.0,1.0,0.0,0.33725491166114807,0.5641895835477563,,C:\Users\sophi\napari-organoid-segmentation\reports\organoid_measurements_aspirina_5_segmentations\Condição 5 - 19_labels.tif
Condição 5 - 19.jpg,ConvPaint,108,248.0,1492.0,1.0,0.0,0.30980393290519714,0.5641895835477563,,C:\Users\sophi\napari-organoid-segmentation\reports\organoid_measurements_aspirina_5_segmentations\Condição 5 - 19_labels.tif
Condição 5 - 19.jpg,ConvPaint,109,249.0,745.0,1.0,0.0,0.4431372582912445,0.5641895835477563,,C:\Users\sophi\napari-organoid-segmentation\reports\organoid_measurements_aspirina_5_segmentations\Condição 5 - 19_labels.tif
Condição 5 - 19.jpg,ConvPaint,110,254.0,667.0,1.0,0.0,0.4627451002597809,0.5641895835477563,,C:\Users\sophi\napari-organoid-segmentation\reports\organoid_measurements_aspirina_5_segmentations\Condição 5 - 19_labels.tif
Condição 5 - 19.jpg,ConvPaint,111,257.2857142857143,680.5238095238095,21.0,16.65685424949238,0.38730159401893616,2.5854414729132054,0.9511372434123696,C:\Users\sophi\napari-organoid-segmentation\reports\organoid_measurements_aspirina_5_segmentations\Condição 5 - 19_labels.tif
Condição 5 - 19.jpg,ConvPaint,112,254.0,708.0,1.0,0.0,0.4941176474094391,0.5641895835477563,,C:\Users\sophi\napari-organoid-segmentation\reports\organoid_measurements_aspirina_5_segmentations\Condição 5 - 19_labels.tif
Condição 5 - 19.jpg,ConvPaint,113,255.5,711.5,2.0,0.0,0.570588231086731,0.7978845608028654,,C:\Users\sophi\napari-organoid-segmentation\reports\organoid_measurements_aspirina_5_segmentations\Condição 5 - 19_labels.tif
Condição 5 - 19.jpg,ConvPaint,114,259.78688524590166,661.983606557377,61.0,37.14213562373095,0.4424944221973419,4.406461512053774,0.555655933251199,C:\Users\sophi\napari-organoid-segmentation\reports\organoid_measurements_aspirina_5_segmentations\Condição 5 - 19_labels.tif
Condição 5 - 19.jpg,ConvPaint,115,256.0,676.0,1.0,0.0,0.40392157435417175,0.5641895835477563,,C:\Users\sophi\napari-organoid-segmentation\reports\organoid_measurements_aspirina_5_segmentations\Condição 5 - 19_labels.tif
Condição 5 - 19.jpg,ConvPaint,116,256.0,684.0,1.0,0.0,0.4470588266849518,0.5641895835477563,,C:\Users\sophi\napari-organoid-segmentation\reports\organoid_measurements_aspirina_5_segmentations\Condição 5 - 19_labels.tif
Condição 5 - 19.jpg,ConvPaint,117,256.0,692.5,2.0,0.0,0.40392157435417175,0.7978845608028654,,C:\Users\sophi\napari-organoid-segmentation\reports\organoid_measurements_aspirina_5_segmentations\Condição 5 - 19_labels.tif
Condição 5 - 19.jpg,ConvPaint,118,257.8333333333333,722.3333333333334,6.0,5.0,0.47385621070861816,1.381976597885342,3.015928947446201,C:\Users\sophi\napari-organoid-segmentation\reports\organoid_measurements_aspirina_5_segmentations\Condição 5 - 19_labels.tif
Condição 5 - 19.jpg,ConvPaint,119,259.6666666666667,671.6666666666666,9.0,8.621320343559642,0.3812636137008667,1.692568750643269,1.5216150964638036,C:\Users\sophi\napari-organoid-segmentation\reports\organoid_measurements_aspirina_5_segmentations\Condição 5 - 19_labels.tif
Condição 5 - 19.jpg,ConvPaint,120,258.0,1066.0,3.0,1.0,0.35424837470054626,0.9772050238058398,37.69911184307752,C:\Users\sophi\napari-organoid-segmentation\reports\organoid_measurements_aspirina_5_segmentations\Condição 5 - 19_labels.tif
Condição 5 - 19.jpg,ConvPaint,121,342.6838387829695,702.6994468043071,20246.0,1298.8387078612623,0.23853272199630737,80.27765539474248,0.15081295539099993,C:\Users\sophi\napari-organoid-segmentation\reports\organoid_measurements_aspirina_5_segmentations\Condição 5 - 19_labels.tif
Condição 5 - 19.jpg,ConvPaint,122,258.6666666666667,741.6666666666666,6.0,6.621320343559642,0.5614379048347473,1.381976597885342,1.719776122021775,C:\Users\sophi\napari-organoid-segmentation\reports\organoid_measurements_aspirina_5_segmentations\Condição 5 - 19_labels.tif
Condição 5 - 19.jpg,ConvPaint,123,258.6666666666667,1062.3333333333333,3.0,3.414213562373095,0.5176470875740051,0.9772050238058398,3.2340725067158833,C:\Users\sophi\napari-organoid-segmentation\reports\organoid_measurements_aspirina_5_segmentations\Condição 5 - 19_labels.tif
Condição 5 - 19.jpg,ConvPaint,124,259.0,677.0,1.0,0.0,0.32156863808631897,0.5641895835477563,,C:\Users\sophi\napari-organoid-segmentation\reports\organoid_measurements_aspirina_5_segmentations\Condição 5 - 19_labels.tif
Condição 5 - 19.jpg,ConvPaint,125,259.6666666666667,684.6666666666666,3.0,3.414213562373095,0.34248366951942444,0.9772050238058398,3.2340725067158833,C:\Users\sophi\napari-organoid-segmentation\reports\organoid_measurements_aspirina_5_segmentations\Condição 5 - 19_labels.tif
Condição 5 - 19.jpg,ConvPaint,126,260.0,1056.0,1.0,0.0,0.5607843399047852,0.5641895835477563,,C:\Users\sophi\napari-organoid-segmentation\reports\organoid_measurements_aspirina_5_segmentations\Condição 5 - 19_labels.tif
Condição 5 - 19.jpg,ConvPaint,127,261.0,652.0,1.0,0.0,0.6000000238418579,0.5641895835477563,,C:\Users\sophi\napari-organoid-segmentation\reports\organoid_measurements_aspirina_5_segmentations\Condição 5 - 19_labels.tif
Condição 5 - 19.jpg,ConvPaint,128,262.5,647.0,2.0,0.0,0.5215686559677124,0.7978845608028654,,C:\Users\sophi\napari-organoid-segmentation\reports\organoid_measurements_aspirina_5_segmentations\Condição 5 - 19_labels.tif
Condição 5 - 19.jpg,ConvPaint,129,265.0769230769231,653.2307692307693,13.0,9.414213562373096,0.41840121150016785,2.0342144725641096,1.8432537415641022,C:\Users\sophi\napari-organoid-segmentation\reports\organoid_measurements_aspirina_5_segmentations\Condição 5 - 19_labels.tif
Condição 5 - 19.jpg,ConvPaint,130,264.8181818181818,673.4545454545455,11.0,9.207106781186548,0.3397504389286041,1.8712051592547776,1.63063285755946,C:\Users\sophi\napari-organoid-segmentation\reports\organoid_measurements_aspirina_5_segmentations\Condição 5 - 19_labels.tif
Condição 5 - 19.jpg,ConvPaint,131,265.0,1205.0,1.0,0.0,0.4274509847164154,0.5641895835477563,,C:\Users\sophi\napari-organoid-segmentation\reports\organoid_measurements_aspirina_5_segmentations\Condição 5 - 19_labels.tif
Condição 5 - 19.jpg,ConvPaint,132,267.0,1205.0,1.0,0.0,0.40392157435417175,0.5641895835477563,,C:\Users\sophi\napari-organoid-segmentation\reports\organoid_measurements_aspirina_5_segmentations\Condição 5 - 19_labels.tif
Condição 5 - 19.jpg,ConvPaint,133,270.5,658.5,4.0,4.0,0.3529411852359772,1.1283791670955126,3.141592653589793,C:\Users\sophi\napari-organoid-segmentation\reports\organoid_measurements_aspirina_5_segmentations\Condição 5 - 19_labels.tif
Condição 5 - 19.jpg,ConvPaint,134,270.0,1056.0,1.0,0.0,0.3450980484485626,0.5641895835477563,,C:\Users\sophi\napari-organoid-segmentation\reports\organoid_measurements_aspirina_5_segmentations\Condição 5 - 19_labels.tif
Condição 5 - 19.jpg,ConvPaint,135,274.04347826086956,1482.9565217391305,23.0,20.242640687119284,0.3798806667327881,2.7057581899030048,0.705347883304089,C:\Users\sophi\napari-organoid-segmentation\reports\organoid_measurements_aspirina_5_segmentations\Condição 5 - 19_labels.tif
Condição 5 - 19.jpg,ConvPaint,136,270.0,1673.0,1.0,0.0,0.29411765933036804,0.5641895835477563,,C:\Users\sophi\napari-organoid-segmentation\reports\organoid_measurements_aspirina_5_segmentations\Condição 5 - 19_labels.tif
Condição 5 - 19.jpg,ConvPaint,137,272.0,1056.5,2.0,0.0,0.3294117748737335,0.7978845608028654,,C:\Users\sophi\napari-organoid-segmentation\reports\organoid_measurements_aspirina_5_segmentations\Condição 5 - 19_labels.tif
Condição 5 - 19.jpg,ConvPaint,138,274.70588235294116,1676.8823529411766,17.0,16.242640687119284,0.5310265421867371,2.326213245840639,0.8097398467322879,C:\Users\sophi\napari-organoid-segmentation\reports\organoid_measurements_aspirina_5_segmentations\Condição 5 - 19_labels.tif
Condição 5 - 19.jpg,ConvPaint,139,276.61538461538464,645.5384615384615,13.0,11.242640687119286,0.4132729768753052,2.0342144725641096,1.2924583435681245,C:\Users\sophi\napari-organoid-segmentation\reports\organoid_measurements_aspirina_5_segmentations\Condição 5 - 19_labels.tif
Condição 5 - 19.jpg,ConvPaint,140,276.6666666666667,754.3333333333334,3.0,3.414213562373095,0.5699346661567688,0.9772050238058398,3.2340725067158833,C:\Users\sophi\napari-organoid-segmentation\reports\organoid_measurements_aspirina_5_segmentations\Condição 5 - 19_labels.tif
Condição 5 - 19.jpg,ConvPaint,141,276.0,1050.0,1.0,0.0,0.4431372582912445,0.5641895835477563,,C:\Users\sophi\napari-organoid-segmentation\reports\organoid_measurements_aspirina_5_segmentations\Condição 5 - 19_labels.tif
Condição 5 - 19.jpg,ConvPaint,142,276.0,1881.0,1.0,0.0,0.46666666865348816,0.5641895835477563,,C:\Users\sophi\napari-organoid-segmentation\reports\organoid_measurements_aspirina_5_segmentations\Condição 5 - 19_labels.tif
Condição 5 - 19.jpg,ConvPaint,143,277.0,751.0,1.0,0.0,0.3450980484485626,0.5641895835477563,,C:\Users\sophi\napari-organoid-segmentation\reports\organoid_measurements_aspirina_5_segmentations\Condição 5 - 19_labels.tif
Condição 5 - 19.jpg,ConvPaint,144,279.1666666666667,650.3333333333334,6.0,5.0,0.37581703066825867,1.381976597885342,3.015928947446201,C:\Users\sophi\napari-organoid-segmentation\reports\organoid_measurements_aspirina_5_segmentations\Condição 5 - 19_labels.tif
Condição 5 - 19.jpg,ConvPaint,145,278.0,1878.0,1.0,0.0,0.5686274766921997,0.5641895835477563,,C:\Users\sophi\napari-organoid-segmentation\reports\organoid_measurements_aspirina_5_segmentations\Condição 5 - 19_labels.tif
Condição 5 - 19.jpg,ConvPaint,146,279.0,1879.6,5.0,4.621320343559642,0.4941176772117615,1.2615662610100802,2.9420342197716285,C:\Users\sophi\napari-organoid-segmentation\reports\organoid_measurements_aspirina_5_segmentations\Condição 5 - 19_labels.tif
Condição 5 - 19.jpg,ConvPaint,147,279.0,754.5,2.0,0.0,0.42941176891326904,0.7978845608028654,,C:\Users\sophi\napari-organoid-segmentation\reports\organoid_measurements_aspirina_5_segmentations\Condição 5 - 19_labels.tif
Condição 5 - 19.jpg,ConvPaint,148,279.0,1480.0,1.0,0.0,0.4745098054409027,0.5641895835477563,,C:\Users\sophi\napari-organoid-segmentation\reports\organoid_measurements_aspirina_5_segmentations\Condição 5 - 19_labels.tif
Condição 5 - 19.jpg,ConvPaint,149,281.25,1045.25,4.0,2.414213562373095,0.508823573589325,1.1283791670955126,8.624193351242356,C:\Users\sophi\napari-organoid-segmentation\reports\organoid_measurements_aspirina_5_segmentations\Condição 5 - 19_labels.tif
Condição 5 - 19.jpg,ConvPaint,150,281.5,1048.0,4.0,2.0,0.4205882251262665,1.1283791670955126,12.566370614359172,C:\Users\sophi\napari-organoid-segmentation\reports\organoid_measurements_aspirina_5_segmentations\Condição 5 - 19_labels.tif
Condição 5 - 19.jpg,ConvPaint,151,281.0,757.0,1.0,0.0,0.47843137383461,0.5641895835477563,,C:\Users\sophi\napari-organoid-segmentation\reports\organoid_measurements_aspirina_5_segmentations\Condição 5 - 19_labels.tif
Condição 5 - 19.jpg,ConvPaint,152,281.5,1050.0,2.0,0.0,0.31960785388946533,0.7978845608028654,,C:\Users\sophi\napari-organoid-segmentation\reports\organoid_measurements_aspirina_5_segmentations\Condição 5 - 19_labels.tif
Condição 5 - 19.jpg,ConvPaint,153,283.1111111111111,1476.4444444444443,9.0,9.207106781186548,0.49760353565216064,1.692568750643269,1.3341541561850128,C:\Users\sophi\napari-organoid-segmentation\reports\organoid_measurements_aspirina_5_segmentations\Condição 5 - 19_labels.tif
Condição 5 - 19.jpg,ConvPaint,154,281.0,1479.0,1.0,0.0,0.4745098054409027,0.5641895835477563,,C:\Users\sophi\napari-organoid-segmentation\reports\organoid_measurements_aspirina_5_segmentations\Condição 5 - 19_labels.tif
Condição 5 - 19.jpg,ConvPaint,155,282.0,753.0,1.0,0.0,0.29019609093666077,0.5641895835477563,,C:\Users\sophi\napari-organoid-segmentation\reports\organoid_measurements_aspirina_5_segmentations\Condição 5 - 19_labels.tif
Condição 5 - 19.jpg,ConvPaint,156,283.0,1479.0,1.0,0.0,0.4117647111415863,0.5641895835477563,,C:\Users\sophi\napari-organoid-segmentation\reports\organoid_measurements_aspirina_5_segmentations\Condição 5 - 19_labels.tif
Condição 5 - 19.jpg,ConvPaint,157,286.0,765.0,1.0,0.0,0.3960784375667572,0.5641895835477563,,C:\Users\sophi\napari-organoid-segmentation\reports\organoid_measurements_aspirina_5_segmentations\Condição 5 - 19_labels.tif
Condição 5 - 19.jpg,ConvPaint,158,286.5,1213.0,2.0,0.0,0.3607843220233917,0.7978845608028654,,C:\Users\sophi\napari-organoid-segmentation\reports\organoid_measurements_aspirina_5_segmentations\Condição 5 - 19_labels.tif
Condição 5 - 19.jpg,ConvPaint,159,288.42857142857144,1217.2857142857142,7.0,7.207106781186548,0.5299720168113708,1.4927053303604616,1.6935030795523165,C:\Users\sophi\napari-organoid-segmentation\reports\organoid_measurements_aspirina_5_segmentations\Condição 5 - 19_labels.tif
Condição 5 - 19.jpg,ConvPaint,160,291.0,1472.3333333333333,3.0,1.2071067811865475,0.5150327086448669,0.9772050238058398,25.872580053727066,C:\Users\sophi\napari-organoid-segmentation\reports\organoid_measurements_aspirina_5_segmentations\Condição 5 - 19_labels.tif
Condição 5 - 19.jpg,ConvPaint,161,292.5,1219.0,2.0,0.0,0.5254902243614197,0.7978845608028654,,C:\Users\sophi\napari-organoid-segmentation\reports\organoid_measurements_aspirina_5_segmentations\Condição 5 - 19_labels.tif
Condição 5 - 19.jpg,ConvPaint,162,293.0,1217.0,1.0,0.0,0.37254902720451355,0.5641895835477563,,C:\Users\sophi\napari-organoid-segmentation\reports\organoid_measurements_aspirina_5_segmentations\Condição 5 - 19_labels.tif
Condição 5 - 19.jpg,ConvPaint,163,294.5,1472.5,2.0,0.0,0.47647058963775635,0.7978845608028654,,C:\Users\sophi\napari-organoid-segmentation\reports\organoid_measurements_aspirina_5_segmentations\Condição 5 - 19_labels.tif
Condição 5 - 19.jpg,ConvPaint,164,295.3333333333333,1218.0,3.0,1.2071067811865475,0.42222222685813904,0.9772050238058398,25.872580053727066,C:\Users\sophi\napari-organoid-segmentation\reports\organoid_measurements_aspirina_5_segmentations\Condição 5 - 19_labels.tif
Condição 5 - 19.jpg,ConvPaint,165,295.0,1475.0,1.0,0.0,0.40784314274787903,0.5641895835477563,,C:\Users\sophi\napari-organoid-segmentation\reports\organoid_measurements_aspirina_5_segmentations\Condição 5 - 19_labels.tif
Condição 5 - 19.jpg,ConvPaint,166,298.0,269.63157894736844,19.0,17.65685424949238,0.4346749782562256,2.4592453796829674,0.7658378043378217,C:\Users\sophi\napari-organoid-segmentation\reports\organoid_measurements_aspirina_5_segmentations\Condição 5 - 19_labels.tif
Condição 5 - 19.jpg,ConvPaint,167,296.0,290.0,1.0,0.0,0.5215686559677124,0.5641895835477563,,C:\Users\sophi\napari-organoid-segmentation\reports\organoid_measurements_aspirina_5_segmentations\Condição 5 - 19_labels.tif
Condição 5 - 19.jpg,ConvPaint,168,296.0,771.0,1.0,0.0,0.3450980484485626,0.5641895835477563,,C:\Users\sophi\napari-organoid-segmentation\reports\organoid_measurements_aspirina_5_segmentations\Condição 5 - 19_labels.tif
Condição 5 - 19.jpg,ConvPaint,169,300.6,294.3333333333333,15.0,10.82842712474619,0.41647058725357056,2.1850968611841584,1.6075717545420418,C:\Users\sophi\napari-organoid-segmentation\reports\organoid_measurements_aspirina_5_segmentations\Condição 5 - 19_labels.tif
Condição 5 - 19.jpg,ConvPaint,170,297.0,1036.0,1.0,0.0,0.43921568989753723,0.5641895835477563,,C:\Users\sophi\napari-organoid-segmentation\reports\organoid_measurements_aspirina_5_segmentations\Condição 5 - 19_labels.tif
Condição 5 - 19.jpg,ConvPaint,171,299.8,1472.9,10.0,9.207106781186548,0.4564705789089203,1.7841241161527712,1.4823935068722365,C:\Users\sophi\napari-organoid-segmentation\reports\organoid_measurements_aspirina_5_segmentations\Condição 5 - 19_labels.tif
Condição 5 - 19.jpg,ConvPaint,172,303.37931034482756,285.0,29.0,25.828427124746188,0.3663285970687866,3.0382538898732494,0.5462757758090684,C:\Users\sophi\napari-organoid-segmentation\reports\organoid_measurements_aspirina_5_segmentations\Condição 5 - 19_labels.tif
Condição 5 - 19.jpg,ConvPaint,173,298.5,1222.0,2.0,0.0,0.4333333373069763,0.7978845608028654,,C:\Users\sophi\napari-organoid-segmentation\reports\organoid_measurements_aspirina_5_segmentations\Condição 5 - 19_labels.tif
Condição 5 - 19.jpg,ConvPaint,174,299.0,285.0,1.0,0.0,0.364705890417099,0.5641895835477563,,C:\Users\sophi\napari-organoid-segmentation\reports\organoid_measurements_aspirina_5_segmentations\Condição 5 - 19_labels.tif
Condição 5 - 19.jpg,ConvPaint,175,401.6260948081264,274.1911060948081,22150.0,1845.592062560786,0.24866411089897156,83.96763649746826,0.08171695347370429,C:\Users\sophi\napari-organoid-segmentation\reports\organoid_measurements_aspirina_5_segmentations\Condição 5 - 19_labels.tif
Condição 5 - 19.jpg,ConvPaint,176,301.0,624.0,3.0,1.0,0.5254902243614197,0.9772050238058398,37.69911184307752,C:\Users\sophi\napari-organoid-segmentation\reports\organoid_measurements_aspirina_5_segmentations\Condição 5 - 19_labels.tif
Condição 5 - 19.jpg,ConvPaint,177,300.0,775.0,1.0,0.0,0.38823530077934265,0.5641895835477563,,C:\Users\sophi\napari-organoid-segmentation\reports\organoid_measurements_aspirina_5_segmentations\Condição 5 - 19_labels.tif
Condição 5 - 19.jpg,ConvPaint,178,302.27272727272725,277.0,11.0,7.621320343559643,0.3440285325050354,1.8712051592547776,2.379809074160912,C:\Users\sophi\napari-organoid-segmentation\reports\organoid_measurements_aspirina_5_segmentations\Condição 5 - 19_labels.tif
Condição 5 - 19.jpg,ConvPaint,179,302.0,258.0,1.0,0.0,0.40784314274787903,0.5641895835477563,,C:\Users\sophi\napari-organoid-segmentation\reports\organoid_measurements_aspirina_5_segmentations\Condição 5 - 19_labels.tif
Condição 5 - 19.jpg,ConvPaint,180,304.8181818181818,300.09090909090907,11.0,9.0,0.384670227766037,1.8712051592547776,1.7065441575055664,C:\Users\sophi\napari-organoid-segmentation\reports\organoid_measurements_aspirina_5_segmentations\Condição 5 - 19_labels.tif
Condição 5 - 19.jpg,ConvPaint,181,305.0,303.90909090909093,11.0,8.82842712474619,0.41996434330940247,1.8712051592547776,1.7735191258349552,C:\Users\sophi\napari-organoid-segmentation\reports\organoid_measurements_aspirina_5_segmentations\Condição 5 - 19_labels.tif
Condição 5 - 19.jpg,ConvPaint,182,304.42857142857144,626.0,7.0,5.414213562373095,0.43753501772880554,1.4927053303604616,3.000800608478478,C:\Users\sophi\napari-organoid-segmentation\reports\organoid_measurements_aspirina_5_segmentations\Condição 5 - 19_labels.tif
Condição 5 - 19.jpg,ConvPaint,183,302.0,1220.0,1.0,0.0,0.3921568691730499,0.5641895835477563,,C:\Users\sophi\napari-organoid-segmentation\reports\organoid_measurements_aspirina_5_segmentations\Condição 5 - 19_labels.tif
Condição 5 - 19.jpg,ConvPaint,184,303.0,630.5,2.0,0.0,0.32549020648002625,0.7978845608028654,,C:\Users\sophi\napari-organoid-segmentation\reports\organoid_measurements_aspirina_5_segmentations\Condição 5 - 19_labels.tif
Condição 5 - 19.jpg,ConvPaint,185,304.6666666666667,1670.6666666666667,3.0,3.414213562373095,0.41699346899986267,0.9772050238058398,3.2340725067158833,C:\Users\sophi\napari-organoid-segmentation\reports\organoid_measurements_aspirina_5_segmentations\Condição 5 - 19_labels.tif
Condição 5 - 19.jpg,ConvPaint,186,307.22222222222223,623.0,9.0,9.207106781186548,0.46928104758262634,1.692568750643269,1.3341541561850128,C:\Users\sophi\napari-organoid-segmentation\reports\organoid_measurements_aspirina_5_segmentations\Condição 5 - 19_labels.tif
Condição 5 - 19.jpg,ConvPaint,187,306.5,1470.5,4.0,4.0,0.48235297203063965,1.1283791670955126,3.141592653589793,C:\Users\sophi\napari-organoid-segmentation\reports\organoid_measurements_aspirina_5_segmentations\Condição 5 - 19_labels.tif
Condição 5 - 19.jpg,ConvPaint,188,307.0,283.0,3.0,1.0,0.335947722196579,0.9772050238058398,37.69911184307752,C:\Users\sophi\napari-organoid-segmentation\reports\organoid_measurements_aspirina_5_segmentations\Condição 5 - 19_labels.tif
Condição 5 - 19.jpg,ConvPaint,189,308.3333333333333,309.44444444444446,9.0,7.621320343559642,0.4505446255207062,1.692568750643269,1.947116515222565,C:\Users\sophi\napari-organoid-segmentation\reports\organoid_measurements_aspirina_5_segmentations\Condição 5 - 19_labels.tif
Condição 5 - 19.jpg,ConvPaint,190,310.5,270.0,2.0,0.0,0.39411765336990356,0.7978845608028654,,C:\Users\sophi\napari-organoid-segmentation\reports\organoid_measurements_aspirina_5_segmentations\Condição 5 - 19_labels.tif
Condição 5 - 19.jpg,ConvPaint,191,312.0,274.2,5.0,5.621320343559642,0.37568628787994385,1.2615662610100802,1.988397451643269,C:\Users\sophi\napari-organoid-segmentation\reports\organoid_measurements_aspirina_5_segmentations\Condição 5 - 19_labels.tif
Condição 5 - 19.jpg,ConvPaint,192,318.3727272727273,315.8818181818182,110.0,74.38477631085024,0.40124768018722534,5.917270272703197,0.24982415463069943,C:\Users\sophi\napari-organoid-segmentation\reports\organoid_measurements_aspirina_5_segmentations\Condição 5 - 19_labels.tif
Condição 5 - 19.jpg,ConvPaint,193,311.0,626.0,1.0,0.0,0.30980393290519714,0.5641895835477563,,C:\Users\sophi\napari-organoid-segmentation\reports\organoid_measurements_aspirina_5_segmentations\Condição 5 - 19_labels.tif
Condição 5 - 19.jpg,ConvPaint,194,312.0,285.5,2.0,0.0,0.33725491166114807,0.7978845608028654,,C:\Users\sophi\napari-organoid-segmentation\reports\organoid_measurements_aspirina_5_segmentations\Condição 5 - 19_labels.tif
Condição 5 - 19.jpg,ConvPaint,195,316.2,302.6,5.0,5.207106781186548,0.39058825373649597,1.2615662610100802,2.3173247538676778,C:\Users\sophi\napari-organoid-segmentation\reports\organoid_measurements_aspirina_5_segmentations\Condição 5 - 19_labels.tif
Condição 5 - 19.jpg,ConvPaint,196,317.5,621.5,16.0,12.0,0.40906864404678345,2.256758334191025,1.3962634015954636,C:\Users\sophi\napari-organoid-segmentation\reports\organoid_measurements_aspirina_5_segmentations\Condição 5 - 19_labels.tif
Condição 5 - 19.jpg,ConvPaint,197,319.0,1901.0,1.0,0.0,0.49803921580314636,0.5641895835477563,,C:\Users\sophi\napari-organoid-segmentation\reports\organoid_measurements_aspirina_5_segmentations\Condição 5 - 19_labels.tif
Condição 5 - 19.jpg,ConvPaint,198,326.4065934065934,228.1098901098901,91.0,69.76345596729058,0.42141783237457275,5.382025607773058,0.2349607300687614,C:\Users\sophi\napari-organoid-segmentation\reports\organoid_measurements_aspirina_5_segmentations\Condição 5 - 19_labels.tif
Condição 5 - 19.jpg,ConvPaint,199,320.5,310.5,4.0,4.0,0.3794117867946625,1.1283791670955126,3.141592653589793,C:\Users\sophi\napari-organoid-segmentation\reports\organoid_measurements_aspirina_5_segmentations\Condição 5 - 19_labels.tif
Condição 5 - 19.jpg,ConvPaint,200,322.53846153846155,1033.2307692307693,13.0,9.621320343559642,0.46033188700675964,2.0342144725641096,1.7647527475721232,C:\Users\sophi\napari-organoid-segmentation\reports\organoid_measurements_aspirina_5_segmentations\Condição 5 - 19_labels.tif
Condição 5 - 19.jpg,ConvPaint,201,324.0,313.0,1.0,0.0,0.34117648005485535,0.5641895835477563,,C:\Users\sophi\napari-organoid-segmentation\reports\organoid_measurements_aspirina_5_segmentations\Condição 5 - 19_labels.tif
Condição 5 - 19.jpg,ConvPaint,202,325.0,1032.0,1.0,0.0,0.45098039507865906,0.5641895835477563,,C:\Users\sophi\napari-organoid-segmentation\reports\organoid_measurements_aspirina_5_segmentations\Condição 5 - 19_labels.tif
Condição 5 - 19.jpg,ConvPaint,203,325.0,1906.0,1.0,0.0,0.501960813999176,0.5641895835477563,,C:\Users\sophi\napari-organoid-segmentation\reports\organoid_measurements_aspirina_5_segmentations\Condição 5 - 19_labels.tif
Condição 5 - 19.jpg,ConvPaint,204,327.0,236.0,1.0,0.0,0.33725491166114807,0.5641895835477563,,C:\Users\sophi\napari-organoid-segmentation\reports\organoid_measurements_aspirina_5_segmentations\Condição 5 - 19_labels.tif
Condição 5 - 19.jpg,ConvPaint,205,328.0,327.0,1.0,0.0,0.4470588266849518,0.5641895835477563,,C:\Users\sophi\napari-organoid-segmentation\reports\organoid_measurements_aspirina_5_segmentations\Condição 5 - 19_labels.tif
Condição 5 - 19.jpg,ConvPaint,206,328.0,1035.0,1.0,0.0,0.35686275362968445,0.5641895835477563,,C:\Users\sophi\napari-organoid-segmentation\reports\organoid_measurements_aspirina_5_segmentations\Condição 5 - 19_labels.tif
Condição 5 - 19.jpg,ConvPaint,207,331.3333333333333,1032.8333333333333,6.0,5.207106781186548,0.4745098054409027,1.381976597885342,2.7807897046412133,C:\Users\sophi\napari-organoid-segmentation\reports\organoid_measurements_aspirina_5_segmentations\Condição 5 - 19_labels.tif
Condição 5 - 19.jpg,ConvPaint,208,330.2,1918.2,5.0,4.0,0.30274510383605957,1.2615662610100802,3.9269908169872414,C:\Users\sophi\napari-organoid-segmentation\reports\organoid_measurements_aspirina_5_segmentations\Condição 5 - 19_labels.tif
Condição 5 - 19.jpg,ConvPaint,209,333.0,1919.0,1.0,0.0,0.40392157435417175,0.5641895835477563,,C:\Users\sophi\napari-organoid-segmentation\reports\organoid_measurements_aspirina_5_segmentations\Condição 5 - 19_labels.tif
Condição 5 - 19.jpg,ConvPaint,210,336.5,218.5,4.0,4.0,0.42058825492858887,1.1283791670955126,3.141592653589793,C:\Users\sophi\napari-organoid-segmentation\reports\organoid_measurements_aspirina_5_segmentations\Condição 5 - 19_labels.tif
Condição 5 - 19.jpg,ConvPaint,211,338.5,785.0,2.0,0.0,0.3803921639919281,0.7978845608028654,,C:\Users\sophi\napari-organoid-segmentation\reports\organoid_measurements_aspirina_5_segmentations\Condição 5 - 19_labels.tif
Condição 5 - 19.jpg,ConvPaint,212,342.75,780.75,4.0,3.2071067811865475,0.3529411852359772,1.1283791670955126,4.887007608661263,C:\Users\sophi\napari-organoid-segmentation\reports\organoid_measurements_aspirina_5_segmentations\Condição 5 - 19_labels.tif
Condição 5 - 19.jpg,ConvPaint,213,344.0,224.0,1.0,0.0,0.3529411852359772,0.5641895835477563,,C:\Users\sophi\napari-organoid-segmentation\reports\organoid_measurements_aspirina_5_segmentations\Condição 5 - 19_labels.tif
Condição 5 - 19.jpg,ConvPaint,214,344.5,230.0,2.0,0.0,0.3294117748737335,0.7978845608028654,,C:\Users\sophi\napari-organoid-segmentation\reports\organoid_measurements_aspirina_5_segmentations\Condição 5 - 19_labels.tif
Condição 5 - 19.jpg,ConvPaint,215,344.6666666666667,338.3333333333333,3.0,3.414213562373095,0.5947712659835815,0.9772050238058398,3.2340725067158833,C:\Users\sophi\napari-organoid-segmentation\reports\organoid_measurements_aspirina_5_segmentations\Condição 5 - 19_labels.tif
Condição 5 - 19.jpg,ConvPaint,216,345.0,1213.0,1.0,0.0,0.3764705955982208,0.5641895835477563,,C:\Users\sophi\napari-organoid-segmentation\reports\organoid_measurements_aspirina_5_segmentations\Condição 5 - 19_labels.tif
Condição 5 - 19.jpg,ConvPaint,217,347.0,1220.5,2.0,0.0,0.42352941632270813,0.7978845608028654,,C:\Users\sophi\napari-organoid-segmentation\reports\organoid_measurements_aspirina_5_segmentations\Condição 5 - 19_labels.tif
Condição 5 - 19.jpg,ConvPaint,218,350.0,339.0,1.0,0.0,0.4117647111415863,0.5641895835477563,,C:\Users\sophi\napari-organoid-segmentation\reports\organoid_measurements_aspirina_5_segmentations\Condição 5 - 19_labels.tif
Condição 5 - 19.jpg,ConvPaint,219,350.5,1216.0,2.0,0.0,0.3803921639919281,0.7978845608028654,,C:\Users\sophi\napari-organoid-segmentation\reports\organoid_measurements_aspirina_5_segmentations\Condição 5 - 19_labels.tif
Condição 5 - 19.jpg,ConvPaint,220,351.5,1218.5,6.0,6.414213562373095,0.39542487263679504,1.381976597885342,1.8326278532479736,C:\Users\sophi\napari-organoid-segmentation\reports\organoid_measurements_aspirina_5_segmentations\Condição 5 - 19_labels.tif
Condição 5 - 19.jpg,ConvPaint,221,351.0,1488.0,1.0,0.0,0.4941176474094391,0.5641895835477563,,C:\Users\sophi\napari-organoid-segmentation\reports\organoid_measurements_aspirina_5_segmentations\Condição 5 - 19_labels.tif
Condição 5 - 19.jpg,ConvPaint,222,352.3333333333333,338.3333333333333,3.0,3.414213562373095,0.4117647111415863,0.9772050238058398,3.2340725067158833,C:\Users\sophi\napari-organoid-segmentation\reports\organoid_measurements_aspirina_5_segmentations\Condição 5 - 19_labels.tif
Condição 5 - 19.jpg,ConvPaint,223,353.0,777.0,1.0,0.0,0.32156863808631897,0.5641895835477563,,C:\Users\sophi\napari-organoid-segmentation\reports\organoid_measurements_aspirina_5_segmentations\Condição 5 - 19_labels.tif
Condição 5 - 19.jpg,ConvPaint,224,354.0,1486.0,1.0,0.0,0.572549045085907,0.5641895835477563,,C:\Users\sophi\napari-organoid-segmentation\reports\organoid_measurements_aspirina_5_segmentations\Condição 5 - 19_labels.tif
Condição 5 - 19.jpg,ConvPaint,225,355.0,777.0,1.0,0.0,0.32156863808631897,0.5641895835477563,,C:\Users\sophi\napari-organoid-segmentation\reports\organoid_measurements_aspirina_5_segmentations\Condição 5 - 19_labels.tif
Condição 5 - 19.jpg,ConvPaint,226,356.0,1489.5,2.0,0.0,0.47647058963775635,0.7978845608028654,,C:\Users\sophi\napari-organoid-segmentation\reports\organoid_measurements_aspirina_5_segmentations\Condição 5 - 19_labels.tif
Condição 5 - 19.jpg,ConvPaint,227,359.0,1215.6666666666667,6.0,5.449747468305834,0.3928104639053345,1.381976597885342,2.5386823159562697,C:\Users\sophi\napari-organoid-segmentation\reports\organoid_measurements_aspirina_5_segmentations\Condição 5 - 19_labels.tif
Condição 5 - 19.jpg,ConvPaint,228,359.0,1046.0,1.0,0.0,0.545098066329956,0.5641895835477563,,C:\Users\sophi\napari-organoid-segmentation\reports\organoid_measurements_aspirina_5_segmentations\Condição 5 - 19_labels.tif
Condição 5 - 19.jpg,ConvPaint,229,360.8,346.2,5.0,5.414213562373095,0.47372549772262573,1.2615662610100802,2.143429006056056,C:\Users\sophi\napari-organoid-segmentation\reports\organoid_measurements_aspirina_5_segmentations\Condição 5 - 19_labels.tif
Condição 5 - 19.jpg,ConvPaint,230,360.5,625.0,2.0,0.0,0.34705883264541626,0.7978845608028654,,C:\Users\sophi\napari-organoid-segmentation\reports\organoid_measurements_aspirina_5_segmentations\Condição 5 - 19_labels.tif
Condição 5 - 19.jpg,ConvPaint,231,361.0,210.0,1.0,0.0,0.32156863808631897,0.5641895835477563,,C:\Users\sophi\napari-organoid-segmentation\reports\organoid_measurements_aspirina_5_segmentations\Condição 5 - 19_labels.tif
Condição 5 - 19.jpg,ConvPaint,232,362.75,1206.25,4.0,3.2071067811865475,0.4058823585510254,1.1283791670955126,4.887007608661263,C:\Users\sophi\napari-organoid-segmentation\reports\organoid_measurements_aspirina_5_segmentations\Condição 5 - 19_labels.tif
Condição 5 - 19.jpg,ConvPaint,233,367.0,1508.0,1.0,0.0,0.4274509847164154,0.5641895835477563,,C:\Users\sophi\napari-organoid-segmentation\reports\organoid_measurements_aspirina_5_segmentations\Condição 5 - 19_labels.tif
Condição 5 - 19.jpg,ConvPaint,234,368.0,1506.0,1.0,0.0,0.47058823704719543,0.5641895835477563,,C:\Users\sophi\napari-organoid-segmentation\reports\organoid_measurements_aspirina_5_segmentations\Condição 5 - 19_labels.tif
Condição 5 - 19.jpg,ConvPaint,235,369.3333333333333,1515.0,3.0,1.4142135623730951,0.4117647111415863,0.9772050238058398,18.849555921538755,C:\Users\sophi\napari-organoid-segmentation\reports\organoid_measurements_aspirina_5_segmentations\Condição 5 - 19_labels.tif
Condição 5 - 19.jpg,ConvPaint,236,370.3333333333333,1202.6666666666667,3.0,3.414213562373095,0.43921568989753723,0.9772050238058398,3.2340725067158833,C:\Users\sophi\napari-organoid-segmentation\reports\organoid_measurements_aspirina_5_segmentations\Condição 5 - 19_labels.tif
Condição 5 - 19.jpg,ConvPaint,237,370.0,1607.0,1.0,0.0,0.43529412150382996,0.5641895835477563,,C:\Users\sophi\napari-organoid-segmentation\reports\organoid_measurements_aspirina_5_segmentations\Condição 5 - 19_labels.tif
Condição 5 - 19.jpg,ConvPaint,238,371.0,1053.5,2.0,0.0,0.6058824062347412,0.7978845608028654,,C:\Users\sophi\napari-organoid-segmentation\reports\organoid_measurements_aspirina_5_segmentations\Condição 5 - 19_labels.tif
Condição 5 - 19.jpg,ConvPaint,239,371.0,1059.0,1.0,0.0,0.529411792755127,0.5641895835477563,,C:\Users\sophi\napari-organoid-segmentation\reports\organoid_measurements_aspirina_5_segmentations\Condição 5 - 19_labels.tif
Condição 5 - 19.jpg,ConvPaint,240,371.5,1195.0,2.0,0.0,0.3803921639919281,0.7978845608028654,,C:\Users\sophi\napari-organoid-segmentation\reports\organoid_measurements_aspirina_5_segmentations\Condição 5 - 19_labels.tif
Condição 5 - 19.jpg,ConvPaint,241,372.0,353.0,1.0,0.0,0.32156863808631897,0.5641895835477563,,C:\Users\sophi\napari-organoid-segmentation\reports\organoid_measurements_aspirina_5_segmentations\Condição 5 - 19_labels.tif
Condição 5 - 19.jpg,ConvPaint,242,372.5,1192.5,2.0,0.0,0.4176470637321472,0.7978845608028654,,C:\Users\sophi\napari-organoid-segmentation\reports\organoid_measurements_aspirina_5_segmentations\Condição 5 - 19_labels.tif
Condição 5 - 19.jpg,ConvPaint,243,372.25,1514.25,4.0,3.2071067811865475,0.5480392575263977,1.1283791670955126,4.887007608661263,C:\Users\sophi\napari-organoid-segmentation\reports\organoid_measurements_aspirina_5_segmentations\Condição 5 - 19_labels.tif
Condição 5 - 19.jpg,ConvPaint,244,373.0,192.0,1.0,0.0,0.6352941393852234,0.5641895835477563,,C:\Users\sophi\napari-organoid-segmentation\reports\organoid_measurements_aspirina_5_segmentations\Condição 5 - 19_labels.tif
Condição 5 - 19.jpg,ConvPaint,245,373.0,197.0,1.0,0.0,0.4901960790157318,0.5641895835477563,,C:\Users\sophi\napari-organoid-segmentation\reports\organoid_measurements_aspirina_5_segmentations\Condição 5 - 19_labels.tif
Condição 5 - 19.jpg,ConvPaint,246,375.0,1066.0,1.0,0.0,0.4745098054409027,0.5641895835477563,,C:\Users\sophi\napari-organoid-segmentation\reports\organoid_measurements_aspirina_5_segmentations\Condição 5 - 19_labels.tif
Condição 5 - 19.jpg,ConvPaint,247,377.6666666666667,1587.6666666666667,3.0,3.414213562373095,0.3490196168422699,0.9772050238058398,3.2340725067158833,C:\Users\sophi\napari-organoid-segmentation\reports\organoid_measurements_aspirina_5_segmentations\Condição 5 - 19_labels.tif
Condição 5 - 19.jpg,ConvPaint,248,378.0,1187.0,1.0,0.0,0.5529412031173706,0.5641895835477563,,C:\Users\sophi\napari-organoid-segmentation\reports\organoid_measurements_aspirina_5_segmentations\Condição 5 - 19_labels.tif
Condição 5 - 19.jpg,ConvPaint,249,378.0,1590.0,1.0,0.0,0.3529411852359772,0.5641895835477563,,C:\Users\sophi\napari-organoid-segmentation\reports\organoid_measurements_aspirina_5_segmentations\Condição 5 - 19_labels.tif
Condição 5 - 19.jpg,ConvPaint,250,381.0,1590.0,1.0,0.0,0.5058823823928833,0.5641895835477563,,C:\Users\sophi\napari-organoid-segmentation\reports\organoid_measurements_aspirina_5_segmentations\Condição 5 - 19_labels.tif
Condição 5 - 19.jpg,ConvPaint,251,383.0,1184.0,1.0,0.0,0.572549045085907,0.5641895835477563,,C:\Users\sophi\napari-organoid-segmentation\reports\organoid_measurements_aspirina_5_segmentations\Condição 5 - 19_labels.tif
Condição 5 - 19.jpg,ConvPaint,252,386.5,778.5,10.0,10.414213562373096,0.40705880522727966,1.7841241161527712,1.1586623769338389,C:\Users\sophi\napari-organoid-segmentation\reports\organoid_measurements_aspirina_5_segmentations\Condição 5 - 19_labels.tif
Condição 5 - 19.jpg,ConvPaint,253,387.0,1081.0,1.0,0.0,0.5803921818733215,0.5641895835477563,,C:\Users\sophi\napari-organoid-segmentation\reports\organoid_measurements_aspirina_5_segmentations\Condição 5 - 19_labels.tif
Condição 5 - 19.jpg,ConvPaint,254,387.0,1093.0,1.0,0.0,0.4000000059604645,0.5641895835477563,,C:\Users\sophi\napari-organoid-segmentation\reports\organoid_measurements_aspirina_5_segmentations\Condição 5 - 19_labels.tif
Condição 5 - 19.jpg,ConvPaint,255,387.0,1167.0,1.0,0.0,0.364705890417099,0.5641895835477563,,C:\Users\sophi\napari-organoid-segmentation\reports\organoid_measurements_aspirina_5_segmentations\Condição 5 - 19_labels.tif
Condição 5 - 19.jpg,ConvPaint,256,387.0,1526.0,1.0,0.0,0.5843137502670288,0.5641895835477563,,C:\Users\sophi\napari-organoid-segmentation\reports\organoid_measurements_aspirina_5_segmentations\Condição 5 - 19_labels.tif
Condição 5 - 19.jpg,ConvPaint,257,388.0,1084.5,2.0,0.0,0.5529412031173706,0.7978845608028654,,C:\Users\sophi\napari-organoid-segmentation\reports\organoid_measurements_aspirina_5_segmentations\Condição 5 - 19_labels.tif
Condição 5 - 19.jpg,ConvPaint,258,390.0,1531.0,1.0,0.0,0.5686274766921997,0.5641895835477563,,C:\Users\sophi\napari-organoid-segmentation\reports\organoid_measurements_aspirina_5_segmentations\Condição 5 - 19_labels.tif
Condição 5 - 19.jpg,ConvPaint,259,390.5,1570.5,2.0,0.0,0.5352941751480103,0.7978845608028654,,C:\Users\sophi\napari-organoid-segmentation\reports\organoid_measurements_aspirina_5_segmentations\Condição 5 - 19_labels.tif
Condição 5 - 19.jpg,ConvPaint,260,391.0,777.0,1.0,0.0,0.4941176474094391,0.5641895835477563,,C:\Users\sophi\napari-organoid-segmentation\reports\organoid_measurements_aspirina_5_segmentations\Condição 5 - 19_labels.tif
Condição 5 - 19.jpg,ConvPaint,261,391.0,1110.0,1.0,0.0,0.40392157435417175,0.5641895835477563,,C:\Users\sophi\napari-organoid-segmentation\reports\organoid_measurements_aspirina_5_segmentations\Condição 5 - 19_labels.tif
Condição 5 - 19.jpg,ConvPaint,262,391.0,1566.0,1.0,0.0,0.43921568989753723,0.5641895835477563,,C:\Users\sophi\napari-organoid-segmentation\reports\organoid_measurements_aspirina_5_segmentations\Condição 5 - 19_labels.tif
Condição 5 - 19.jpg,ConvPaint,263,393.5,1537.75,4.0,2.2071067811865475,0.529411792755127,1.1283791670955126,10.31865673213065,C:\Users\sophi\napari-organoid-segmentation\reports\organoid_measurements_aspirina_5_segmentations\Condição 5 - 19_labels.tif
Condição 5 - 19.jpg,ConvPaint,264,393.0,193.0,1.0,0.0,0.3764705955982208,0.5641895835477563,,C:\Users\sophi\napari-organoid-segmentation\reports\organoid_measurements_aspirina_5_segmentations\Condição 5 - 19_labels.tif
Condição 5 - 19.jpg,ConvPaint,265,394.6666666666667,774.3333333333334,3.0,3.414213562373095,0.43660131096839905,0.9772050238058398,3.2340725067158833,C:\Users\sophi\napari-organoid-segmentation\reports\organoid_measurements_aspirina_5_segmentations\Condição 5 - 19_labels.tif
Condição 5 - 19.jpg,ConvPaint,266,395.0,1096.75,4.0,3.414213562373095,0.615686297416687,1.1283791670955126,4.312096675621178,C:\Users\sophi\napari-organoid-segmentation\reports\organoid_measurements_aspirina_5_segmentations\Condição 5 - 19_labels.tif
Condição 5 - 19.jpg,ConvPaint,267,394.0,1155.0,1.0,0.0,0.3686274588108063,0.5641895835477563,,C:\Users\sophi\napari-organoid-segmentation\reports\organoid_measurements_aspirina_5_segmentations\Condição 5 - 19_labels.tif
Condição 5 - 19.jpg,ConvPaint,268,394.6666666666667,1162.6666666666667,3.0,3.414213562373095,0.4444444477558136,0.9772050238058398,3.2340725067158833,C:\Users\sophi\napari-organoid-segmentation\reports\organoid_measurements_aspirina_5_segmentations\Condição 5 - 19_labels.tif
Condição 5 - 19.jpg,ConvPaint,269,396.0,1151.0,1.0,0.0,0.3490196168422699,0.5641895835477563,,C:\Users\sophi\napari-organoid-segmentation\reports\organoid_measurements_aspirina_5_segmentations\Condição 5 - 19_labels.tif
Condição 5 - 19.jpg,ConvPaint,270,396.6666666666667,1544.6666666666667,3.0,3.414213562373095,0.5228758454322815,0.9772050238058398,3.2340725067158833,C:\Users\sophi\napari-organoid-segmentation\reports\organoid_measurements_aspirina_5_segmentations\Condição 5 - 19_labels.tif
Condição 5 - 19.jpg,ConvPaint,271,399.57142857142856,1113.7142857142858,7.0,7.414213562373096,0.5826330780982971,1.4927053303604616,1.6002127302753708,C:\Users\sophi\napari-organoid-segmentation\reports\organoid_measurements_aspirina_5_segmentations\Condição 5 - 19_labels.tif
Condição 5 - 19.jpg,ConvPaint,272,399.0,1151.0,1.0,0.0,0.48627451062202454,0.5641895835477563,,C:\Users\sophi\napari-organoid-segmentation\reports\organoid_measurements_aspirina_5_segmentations\Condição 5 - 19_labels.tif
Condição 5 - 19.jpg,ConvPaint,273,400.0,1143.0,1.0,0.0,0.3960784375667572,0.5641895835477563,,C:\Users\sophi\napari-organoid-segmentation\reports\organoid_measurements_aspirina_5_segmentations\Condição 5 - 19_labels.tif
Condição 5 - 19.jpg,ConvPaint,274,403.0,1126.5,2.0,0.0,0.5490196347236633,0.7978845608028654,,C:\Users\sophi\napari-organoid-segmentation\reports\organoid_measurements_aspirina_5_segmentations\Condição 5 - 19_labels.tif
Condição 5 - 19.jpg,ConvPaint,275,411.5,761.75,8.0,6.82842712474619,0.4735294282436371,1.5957691216057308,2.156048337810589,C:\Users\sophi\napari-organoid-segmentation\reports\organoid_measurements_aspirina_5_segmentations\Condição 5 - 19_labels.tif
Condição 5 - 19.jpg,ConvPaint,276,412.2,349.6,5.0,5.207106781186548,0.3309803903102875,1.2615662610100802,2.3173247538676778,C:\Users\sophi\napari-organoid-segmentation\reports\organoid_measurements_aspirina_5_segmentations\Condição 5 - 19_labels.tif
Condição 5 - 19.jpg,ConvPaint,277,411.5,362.0,2.0,0.0,0.30588236451148987,0.7978845608028654,,C:\Users\sophi\napari-organoid-segmentation\reports\organoid_measurements_aspirina_5_segmentations\Condição 5 - 19_labels.tif
Condição 5 - 19.jpg,ConvPaint,278,412.0,749.3333333333334,3.0,1.2071067811865475,0.3294117748737335,0.9772050238058398,25.872580053727066,C:\Users\sophi\napari-organoid-segmentation\reports\organoid_measurements_aspirina_5_segmentations\Condição 5 - 19_labels.tif
Condição 5 - 19.jpg,ConvPaint,279,415.7142857142857,365.0,7.0,7.242640687119286,0.5445378422737122,1.4927053303604616,1.676926484963791,C:\Users\sophi\napari-organoid-segmentation\reports\organoid_measurements_aspirina_5_segmentations\Condição 5 - 19_labels.tif
Condição 5 - 19.jpg,ConvPaint,280,419.94444444444446,749.9444444444445,18.0,15.035533905932738,0.3596949875354767,2.393653682408596,1.0005635102174197,C:\Users\sophi\napari-organoid-segmentation\reports\organoid_measurements_aspirina_5_segmentations\Condição 5 - 19_labels.tif
Condição 5 - 19.jpg,ConvPaint,281,418.0,362.0,1.0,0.0,0.364705890417099,0.5641895835477563,,C:\Users\sophi\napari-organoid-segmentation\reports\organoid_measurements_aspirina_5_segmentations\Condição 5 - 19_labels.tif
Condição 5 - 19.jpg,ConvPaint,282,418.6666666666667,754.3333333333334,3.0,3.414213562373095,0.43660131096839905,0.9772050238058398,3.2340725067158833,C:\Users\sophi\napari-organoid-segmentation\reports\organoid_measurements_aspirina_5_segmentations\Condição 5 - 19_labels.tif
Condição 5 - 19.jpg,ConvPaint,283,428.5,358.875,16.0,13.414213562373096,0.39289218187332153,2.256758334191025,1.1173761933213535,C:\Users\sophi\napari-organoid-segmentation\reports\organoid_measurements_aspirina_5_segmentations\Condição 5 - 19_labels.tif
Condição 5 - 19.jpg,ConvPaint,284,426.3333333333333,746.6666666666666,3.0,3.414213562373095,0.48104575276374817,0.9772050238058398,3.2340725067158833,C:\Users\sophi\napari-organoid-segmentation\reports\organoid_measurements_aspirina_5_segmentations\Condição 5 - 19_labels.tif
Condição 5 - 19.jpg,ConvPaint,285,427.0,356.0,1.0,0.0,0.3686274588108063,0.5641895835477563,,C:\Users\sophi\napari-organoid-segmentation\reports\organoid_measurements_aspirina_5_segmentations\Condição 5 - 19_labels.tif
Condição 5 - 19.jpg,ConvPaint,286,428.1111111111111,717.7777777777778,9.0,6.82842712474619,0.3498910665512085,1.692568750643269,2.4255543800369126,C:\Users\sophi\napari-organoid-segmentation\reports\organoid_measurements_aspirina_5_segmentations\Condição 5 - 19_labels.tif
Condição 5 - 19.jpg,ConvPaint,287,429.0,724.5,2.0,0.0,0.42941176891326904,0.7978845608028654,,C:\Users\sophi\napari-organoid-segmentation\reports\organoid_measurements_aspirina_5_segmentations\Condição 5 - 19_labels.tif
Condição 5 - 19.jpg,ConvPaint,288,430.0,728.0,1.0,0.0,0.46666666865348816,0.5641895835477563,,C:\Users\sophi\napari-organoid-segmentation\reports\organoid_measurements_aspirina_5_segmentations\Condição 5 - 19_labels.tif
Condição 5 - 19.jpg,ConvPaint,289,434.0,358.0,1.0,0.0,0.45098039507865906,0.5641895835477563,,C:\Users\sophi\napari-organoid-segmentation\reports\organoid_measurements_aspirina_5_segmentations\Condição 5 - 19_labels.tif
Condição 5 - 19.jpg,ConvPaint,290,436.5,355.0,2.0,0.0,0.35098040103912354,0.7978845608028654,,C:\Users\sophi\napari-organoid-segmentation\reports\organoid_measurements_aspirina_5_segmentations\Condição 5 - 19_labels.tif
Condição 5 - 19.jpg,ConvPaint,291,437.0,206.0,1.0,0.0,0.3529411852359772,0.5641895835477563,,C:\Users\sophi\napari-organoid-segmentation\reports\organoid_measurements_aspirina_5_segmentations\Condição 5 - 19_labels.tif
Condição 5 - 19.jpg,ConvPaint,292,439.0,202.0,1.0,0.0,0.4000000059604645,0.5641895835477563,,C:\Users\sophi\napari-organoid-segmentation\reports\organoid_measurements_aspirina_5_segmentations\Condição 5 - 19_labels.tif
Condição 5 - 19.jpg,ConvPaint,293,439.0,355.0,1.0,0.0,0.40392157435417175,0.5641895835477563,,C:\Users\sophi\napari-organoid-segmentation\reports\organoid_measurements_aspirina_5_segmentations\Condição 5 - 19_labels.tif
Condição 5 - 19.jpg,ConvPaint,294,440.0,204.5,2.0,0.0,0.3901960849761963,0.7978845608028654,,C:\Users\sophi\napari-organoid-segmentation\reports\organoid_measurements_aspirina_5_segmentations\Condição 5 - 19_labels.tif
Condição 5 - 19.jpg,ConvPaint,295,446.75,351.0,4.0,4.621320343559642,0.344117671251297,1.1283791670955126,2.3536273758173025,C:\Users\sophi\napari-organoid-segmentation\reports\organoid_measurements_aspirina_5_segmentations\Condição 5 - 19_labels.tif
Condição 5 - 19.jpg,ConvPaint,296,476.6666666666667,308.3333333333333,3.0,3.414213562373095,0.3333333432674408,0.9772050238058398,3.2340725067158833,C:\Users\sophi\napari-organoid-segmentation\reports\organoid_measurements_aspirina_5_segmentations\Condição 5 - 19_labels.tif
Condição 5 - 19.jpg,ConvPaint,297,484.5,290.25,4.0,3.414213562373095,0.35196080803871155,1.1283791670955126,4.312096675621178,C:\Users\sophi\napari-organoid-segmentation\reports\organoid_measurements_aspirina_5_segmentations\Condição 5 - 19_labels.tif
Condição 5 - 19.jpg,ConvPaint,298,486.5,240.5,4.0,4.0,0.42352941632270813,1.1283791670955126,3.141592653589793,C:\Users\sophi\napari-organoid-segmentation\reports\organoid_measurements_aspirina_5_segmentations\Condição 5 - 19_labels.tif
Condição 5 - 19.jpg,ConvPaint,299,486.8,294.6,5.0,5.207106781186548,0.364705890417099,1.2615662610100802,2.3173247538676778,C:\Users\sophi\napari-organoid-segmentation\reports\organoid_measurements_aspirina_5_segmentations\Condição 5 - 19_labels.tif
Condição 5 - 19.jpg,ConvPaint,300,487.0,243.0,1.0,0.0,0.4588235318660736,0.5641895835477563,,C:\Users\sophi\napari-organoid-segmentation\reports\organoid_measurements_aspirina_5_segmentations\Condição 5 - 19_labels.tif
Condição 5 - 19.jpg,ConvPaint,301,488.0,303.0,1.0,0.0,0.37254902720451355,0.5641895835477563,,C:\Users\sophi\napari-organoid-segmentation\reports\organoid_measurements_aspirina_5_segmentations\Condição 5 - 19_labels.tif
Condição 5 - 19.jpg,ConvPaint,302,490.3333333333333,293.8333333333333,6.0,5.0,0.3673202693462372,1.381976597885342,3.015928947446201,C:\Users\sophi\napari-organoid-segmentation\reports\organoid_measurements_aspirina_5_segmentations\Condição 5 - 19_labels.tif
Condição 5 - 19.jpg,ConvPaint,303,492.0,281.0,1.0,0.0,0.45098039507865906,0.5641895835477563,,C:\Users\sophi\napari-organoid-segmentation\reports\organoid_measurements_aspirina_5_segmentations\Condição 5 - 19_labels.tif
Condição 5 - 19.jpg,ConvPaint,304,494.5,280.5,4.0,4.0,0.5078431367874146,1.1283791670955126,3.141592653589793,C:\Users\sophi\napari-organoid-segmentation\reports\organoid_measurements_aspirina_5_segmentations\Condição 5 - 19_labels.tif
Condição 5 - 19.jpg,ConvPaint,305,616.0,1614.0,1.0,0.0,0.38823530077934265,0.5641895835477563,,C:\Users\sophi\napari-organoid-segmentation\reports\organoid_measurements_aspirina_5_segmentations\Condição 5 - 19_labels.tif
Condição 5 - 19.jpg,ConvPaint,306,616.0,1624.5,2.0,0.0,0.36274510622024536,0.7978845608028654,,C:\Users\sophi\napari-organoid-segmentation\reports\organoid_measurements_aspirina_5_segmentations\Condição 5 - 19_labels.tif
Condição 5 - 19.jpg,ConvPaint,307,719.2924069210567,1611.9885292754518,25892.0,1330.732106143464,0.22047147154808044,90.78369662594,0.18373597241526948,C:\Users\sophi\napari-organoid-segmentation\reports\organoid_measurements_aspirina_5_segmentations\Condição 5 - 19_labels.tif
Condição 5 - 19.jpg,ConvPaint,308,619.0,1597.0,1.0,0.0,0.3960784375667572,0.5641895835477563,,C:\Users\sophi\napari-organoid-segmentation\reports\organoid_measurements_aspirina_5_segmentations\Condição 5 - 19_labels.tif
Condição 5 - 19.jpg,ConvPaint,309,619.0,1621.0,1.0,0.0,0.34117648005485535,0.5641895835477563,,C:\Users\sophi\napari-organoid-segmentation\reports\organoid_measurements_aspirina_5_segmentations\Condição 5 - 19_labels.tif
Condição 5 - 19.jpg,ConvPaint,310,620.5,1588.0,2.0,0.0,0.3921568691730499,0.7978845608028654,,C:\Users\sophi\napari-organoid-segmentation\reports\organoid_measurements_aspirina_5_segmentations\Condição 5 - 19_labels.tif
Condição 5 - 19.jpg,ConvPaint,311,620.6666666666666,1624.6666666666667,3.0,3.414213562373095,0.3294117748737335,0.9772050238058398,3.2340725067158833,C:\Users\sophi\napari-organoid-segmentation\reports\organoid_measurements_aspirina_5_segmentations\Condição 5 - 19_labels.tif
Condição 5 - 19.jpg,ConvPaint,312,620.5,1642.0,2.0,0.0,0.46666666865348816,0.7978845608028654,,C:\Users\sophi\napari-organoid-segmentation\reports\organoid_measurements_aspirina_5_segmentations\Condição 5 - 19_labels.tif
Condição 5 - 19.jpg,ConvPaint,313,621.0,1604.0,1.0,0.0,0.29019609093666077,0.5641895835477563,,C:\Users\sophi\napari-organoid-segmentation\reports\organoid_measurements_aspirina_5_segmentations\Condição 5 - 19_labels.tif
Condição 5 - 19.jpg,ConvPaint,314,625.0,1651.0,1.0,0.0,0.38823530077934265,0.5641895835477563,,C:\Users\sophi\napari-organoid-segmentation\reports\organoid_measurements_aspirina_5_segmentations\Condição 5 - 19_labels.tif
Condição 5 - 19.jpg,ConvPaint,315,628.0,1578.0,1.0,0.0,0.43529412150382996,0.5641895835477563,,C:\Users\sophi\napari-organoid-segmentation\reports\organoid_measurements_aspirina_5_segmentations\Condição 5 - 19_labels.tif
Condição 5 - 19.jpg,ConvPaint,316,629.0,1576.0,1.0,0.0,0.4274509847164154,0.5641895835477563,,C:\Users\sophi\napari-organoid-segmentation\reports\organoid_measurements_aspirina_5_segmentations\Condição 5 - 19_labels.tif
Condição 5 - 19.jpg,ConvPaint,317,633.0,1560.0,5.0,5.414213562373095,0.5396078824996948,1.2615662610100802,2.143429006056056,C:\Users\sophi\napari-organoid-segmentation\reports\organoid_measurements_aspirina_5_segmentations\Condição 5 - 19_labels.tif
Condição 5 - 19.jpg,ConvPaint,318,634.5,1562.5,2.0,0.0,0.46666666865348816,0.7978845608028654,,C:\Users\sophi\napari-organoid-segmentation\reports\organoid_measurements_aspirina_5_segmentations\Condição 5 - 19_labels.tif
Condição 5 - 19.jpg,ConvPaint,319,653.7619047619048,1545.8095238095239,21.0,15.278174593052023,0.4319327175617218,2.5854414729132054,1.1305407511487444,C:\Users\sophi\napari-organoid-segmentation\reports\organoid_measurements_aspirina_5_segmentations\Condição 5 - 19_labels.tif
Condição 5 - 19.jpg,ConvPaint,320,662.1666666666666,1537.9791666666667,48.0,42.970562748477136,0.42042481899261475,3.9088200952233594,0.3266698241892743,C:\Users\sophi\napari-organoid-segmentation\reports\organoid_measurements_aspirina_5_segmentations\Condição 5 - 19_labels.tif
Condição 5 - 19.jpg,ConvPaint,321,656.8,1540.4,5.0,5.207106781186548,0.4313725531101227,1.2615662610100802,2.3173247538676778,C:\Users\sophi\napari-organoid-segmentation\reports\organoid_measurements_aspirina_5_segmentations\Condição 5 - 19_labels.tif
Condição 5 - 19.jpg,ConvPaint,322,667.0,1536.0,1.0,0.0,0.3960784375667572,0.5641895835477563,,C:\Users\sophi\napari-organoid-segmentation\reports\organoid_measurements_aspirina_5_segmentations\Condição 5 - 19_labels.tif
Condição 5 - 19.jpg,ConvPaint,323,673.0,1170.2857142857142,7.0,6.82842712474619,0.4000000059604645,1.4927053303604616,1.8865422955842652,C:\Users\sophi\napari-organoid-segmentation\reports\organoid_measurements_aspirina_5_segmentations\Condição 5 - 19_labels.tif
Condição 5 - 19.jpg,ConvPaint,324,672.5,1206.0,4.0,4.414213562373095,0.5098039507865906,1.1283791670955126,2.5796641830326625,C:\Users\sophi\napari-organoid-segmentation\reports\organoid_measurements_aspirina_5_segmentations\Condição 5 - 19_labels.tif
Condição 5 - 19.jpg,ConvPaint,325,672.5,1532.5,2.0,0.0,0.5196079015731812,0.7978845608028654,,C:\Users\sophi\napari-organoid-segmentation\reports\organoid_measurements_aspirina_5_segmentations\Condição 5 - 19_labels.tif
Condição 5 - 19.jpg,ConvPaint,326,673.4,1918.8,5.0,4.414213562373095,0.30666667222976685,1.2615662610100802,3.224580228790828,C:\Users\sophi\napari-organoid-segmentation\reports\organoid_measurements_aspirina_5_segmentations\Condição 5 - 19_labels.tif
Condição 5 - 19.jpg,ConvPaint,327,673.0,1690.0,1.0,0.0,0.4627451002597809,0.5641895835477563,,C:\Users\sophi\napari-organoid-segmentation\reports\organoid_measurements_aspirina_5_segmentations\Condição 5 - 19_labels.tif
Condição 5 - 19.jpg,ConvPaint,328,760.585856877009,1208.2346472678057,23644.0,1190.938166904124,0.20915193855762482,86.75320713915738,0.20948473773357257,C:\Users\sophi\napari-organoid-segmentation\reports\organoid_measurements_aspirina_5_segmentations\Condição 5 - 19_labels.tif
Condição 5 - 19.jpg,ConvPaint,329,677.3333333333334,1528.6666666666667,9.0,8.207106781186548,0.5137255191802979,1.692568750643269,1.6790831580707237,C:\Users\sophi\napari-organoid-segmentation\reports\organoid_measurements_aspirina_5_segmentations\Condição 5 - 19_labels.tif
Condição 5 - 19.jpg,ConvPaint,330,677.0,1165.0,1.0,0.0,0.4588235318660736,0.5641895835477563,,C:\Users\sophi\napari-organoid-segmentation\reports\organoid_measurements_aspirina_5_segmentations\Condição 5 - 19_labels.tif
Condição 5 - 19.jpg,ConvPaint,331,677.0,1912.0,1.0,0.0,0.43529412150382996,0.5641895835477563,,C:\Users\sophi\napari-organoid-segmentation\reports\organoid_measurements_aspirina_5_segmentations\Condição 5 - 19_labels.tif
Condição 5 - 19.jpg,ConvPaint,332,677.5,1918.0,2.0,0.0,0.3960784375667572,0.7978845608028654,,C:\Users\sophi\napari-organoid-segmentation\reports\organoid_measurements_aspirina_5_segmentations\Condição 5 - 19_labels.tif
Condição 5 - 19.jpg,ConvPaint,333,678.0,1208.0,1.0,0.0,0.29411765933036804,0.5641895835477563,,C:\Users\sophi\napari-organoid-segmentation\reports\organoid_measurements_aspirina_5_segmentations\Condição 5 - 19_labels.tif
Condição 5 - 19.jpg,ConvPaint,334,679.0,1695.0,1.0,0.0,0.5176470875740051,0.5641895835477563,,C:\Users\sophi\napari-organoid-segmentation\reports\organoid_measurements_aspirina_5_segmentations\Condição 5 - 19_labels.tif
Condição 5 - 19.jpg,ConvPaint,335,681.4545454545455,745.6363636363636,11.0,9.414213562373096,0.4901960492134094,1.8712051592547776,1.5596762428619324,C:\Users\sophi\napari-organoid-segmentation\reports\organoid_measurements_aspirina_5_segmentations\Condição 5 - 19_labels.tif
Condição 5 - 19.jpg,ConvPaint,336,680.0,1164.0,1.0,0.0,0.32549020648002625,0.5641895835477563,,C:\Users\sophi\napari-organoid-segmentation\reports\organoid_measurements_aspirina_5_segmentations\Condição 5 - 19_labels.tif
Condição 5 - 19.jpg,ConvPaint,337,681.0,1914.25,4.0,3.414213562373095,0.4333333373069763,1.1283791670955126,4.312096675621178,C:\Users\sophi\napari-organoid-segmentation\reports\organoid_measurements_aspirina_5_segmentations\Condição 5 - 19_labels.tif
Condição 5 - 19.jpg,ConvPaint,338,702.324427480916,1915.328244274809,262.0,132.14823227814082,0.31606048345565796,9.13220620552083,0.188533460619716,C:\Users\sophi\napari-organoid-segmentation\reports\organoid_measurements_aspirina_5_segmentations\Condição 5 - 19_labels.tif
Condição 5 - 19.jpg,ConvPaint,339,682.0,1691.0,3.0,1.0,0.34379085898399353,0.9772050238058398,37.69911184307752,C:\Users\sophi\napari-organoid-segmentation\reports\organoid_measurements_aspirina_5_segmentations\Condição 5 - 19_labels.tif
Condição 5 - 19.jpg,ConvPaint,340,682.4,1155.2,5.0,5.207106781186548,0.4149019718170166,1.2615662610100802,2.3173247538676778,C:\Users\sophi\napari-organoid-segmentation\reports\organoid_measurements_aspirina_5_segmentations\Condição 5 - 19_labels.tif
Condição 5 - 19.jpg,ConvPaint,341,682.0,1158.0,1.0,0.0,0.33725491166114807,0.5641895835477563,,C:\Users\sophi\napari-organoid-segmentation\reports\organoid_measurements_aspirina_5_segmentations\Condição 5 - 19_labels.tif
Condição 5 - 19.jpg,ConvPaint,342,685.5,733.5,16.0,12.0,0.3816176652908325,2.256758334191025,1.3962634015954636,C:\Users\sophi\napari-organoid-segmentation\reports\organoid_measurements_aspirina_5_segmentations\Condição 5 - 19_labels.tif
Condição 5 - 19.jpg,ConvPaint,343,684.5,1150.5,2.0,0.0,0.5078431367874146,0.7978845608028654,,C:\Users\sophi\napari-organoid-segmentation\reports\organoid_measurements_aspirina_5_segmentations\Condição 5 - 19_labels.tif
Condição 5 - 19.jpg,ConvPaint,344,684.5,1912.5,4.0,4.0,0.4156862795352936,1.1283791670955126,3.141592653589793,C:\Users\sophi\napari-organoid-segmentation\reports\organoid_measurements_aspirina_5_segmentations\Condição 5 - 19_labels.tif
Condição 5 - 19.jpg,ConvPaint,345,685.0,729.0,1.0,0.0,0.47843137383461,0.5641895835477563,,C:\Users\sophi\napari-organoid-segmentation\reports\organoid_measurements_aspirina_5_segmentations\Condição 5 - 19_labels.tif
Condição 5 - 19.jpg,ConvPaint,346,685.0,1693.0,1.0,0.0,0.4000000059604645,0.5641895835477563,,C:\Users\sophi\napari-organoid-segmentation\reports\organoid_measurements_aspirina_5_segmentations\Condição 5 - 19_labels.tif
Condição 5 - 19.jpg,ConvPaint,347,776.4505569967954,739.0527239432321,26212.0,1713.1889962867062,0.23314499855041504,91.34297311041239,0.11222754706537576,C:\Users\sophi\napari-organoid-segmentation\reports\organoid_measurements_aspirina_5_segmentations\Condição 5 - 19_labels.tif
Condição 5 - 19.jpg,ConvPaint,348,687.0,729.0,1.0,0.0,0.3490196168422699,0.5641895835477563,,C:\Users\sophi\napari-organoid-segmentation\reports\organoid_measurements_aspirina_5_segmentations\Condição 5 - 19_labels.tif
Condição 5 - 19.jpg,ConvPaint,349,688.7272727272727,1145.2727272727273,11.0,8.621320343559642,0.4887700378894806,1.8712051592547776,1.8597517845668707,C:\Users\sophi\napari-organoid-segmentation\reports\organoid_measurements_aspirina_5_segmentations\Condição 5 - 19_labels.tif
Condição 5 - 19.jpg,ConvPaint,350,688.0,717.0,1.0,0.0,0.4901960790157318,0.5641895835477563,,C:\Users\sophi\napari-organoid-segmentation\reports\organoid_measurements_aspirina_5_segmentations\Condição 5 - 19_labels.tif
Condição 5 - 19.jpg,ConvPaint,351,688.5,1149.5,2.0,0.0,0.35686275362968445,0.7978845608028654,,C:\Users\sophi\napari-organoid-segmentation\reports\organoid_measurements_aspirina_5_segmentations\Condição 5 - 19_labels.tif
Condição 5 - 19.jpg,ConvPaint,352,688.0,1238.0,1.0,0.0,0.48235294222831726,0.5641895835477563,,C:\Users\sophi\napari-organoid-segmentation\reports\organoid_measurements_aspirina_5_segmentations\Condição 5 - 19_labels.tif
Condição 5 - 19.jpg,ConvPaint,353,688.0,1240.0,1.0,0.0,0.5764706134796143,0.5641895835477563,,C:\Users\sophi\napari-organoid-segmentation\reports\organoid_measurements_aspirina_5_segmentations\Condição 5 - 19_labels.tif
Condição 5 - 19.jpg,ConvPaint,354,688.0,1242.0,1.0,0.0,0.5372549295425415,0.5641895835477563,,C:\Users\sophi\napari-organoid-segmentation\reports\organoid_measurements_aspirina_5_segmentations\Condição 5 - 19_labels.tif
Condição 5 - 19.jpg,ConvPaint,355,688.0,1911.0,1.0,0.0,0.43921568989753723,0.5641895835477563,,C:\Users\sophi\napari-organoid-segmentation\reports\organoid_measurements_aspirina_5_segmentations\Condição 5 - 19_labels.tif
Condição 5 - 19.jpg,ConvPaint,356,689.0,726.5,2.0,0.0,0.3274509906768799,0.7978845608028654,,C:\Users\sophi\napari-organoid-segmentation\reports\organoid_measurements_aspirina_5_segmentations\Condição 5 - 19_labels.tif
Condição 5 - 19.jpg,ConvPaint,357,690.0,1231.0,1.0,0.0,0.2705882489681244,0.5641895835477563,,C:\Users\sophi\napari-organoid-segmentation\reports\organoid_measurements_aspirina_5_segmentations\Condição 5 - 19_labels.tif
Condição 5 - 19.jpg,ConvPaint,358,690.0,1237.0,1.0,0.0,0.3960784375667572,0.5641895835477563,,C:\Users\sophi\napari-organoid-segmentation\reports\organoid_measurements_aspirina_5_segmentations\Condição 5 - 19_labels.tif
Condição 5 - 19.jpg,ConvPaint,359,690.0,1241.0,1.0,0.0,0.43921568989753723,0.5641895835477563,,C:\Users\sophi\napari-organoid-segmentation\reports\organoid_measurements_aspirina_5_segmentations\Condição 5 - 19_labels.tif
Condição 5 - 19.jpg,ConvPaint,360,690.0,1534.0,1.0,0.0,0.3176470696926117,0.5641895835477563,,C:\Users\sophi\napari-organoid-segmentation\reports\organoid_measurements_aspirina_5_segmentations\Condição 5 - 19_labels.tif
Condição 5 - 19.jpg,ConvPaint,361,692.0,710.0,1.0,0.0,0.5921568870544434,0.5641895835477563,,C:\Users\sophi\napari-organoid-segmentation\reports\organoid_measurements_aspirina_5_segmentations\Condição 5 - 19_labels.tif
Condição 5 - 19.jpg,ConvPaint,362,692.0,1142.0,1.0,0.0,0.5098039507865906,0.5641895835477563,,C:\Users\sophi\napari-organoid-segmentation\reports\organoid_measurements_aspirina_5_segmentations\Condição 5 - 19_labels.tif
Condição 5 - 19.jpg,ConvPaint,363,692.0,1148.0,1.0,0.0,0.30980393290519714,0.5641895835477563,,C:\Users\sophi\napari-organoid-segmentation\reports\organoid_measurements_aspirina_5_segmentations\Condição 5 - 19_labels.tif
Condição 5 - 19.jpg,ConvPaint,364,692.0,1238.0,1.0,0.0,0.26274511218070984,0.5641895835477563,,C:\Users\sophi\napari-organoid-segmentation\reports\organoid_measurements_aspirina_5_segmentations\Condição 5 - 19_labels.tif
Condição 5 - 19.jpg,ConvPaint,365,692.0,1912.0,1.0,0.0,0.4274509847164154,0.5641895835477563,,C:\Users\sophi\napari-organoid-segmentation\reports\organoid_measurements_aspirina_5_segmentations\Condição 5 - 19_labels.tif
Condição 5 - 19.jpg,ConvPaint,366,694.0,1139.0,1.0,0.0,0.5333333611488342,0.5641895835477563,,C:\Users\sophi\napari-organoid-segmentation\reports\organoid_measurements_aspirina_5_segmentations\Condição 5 - 19_labels.tif
Condição 5 - 19.jpg,ConvPaint,367,696.5,1137.0,4.0,4.414213562373095,0.47745099663734436,1.1283791670955126,2.5796641830326625,C:\Users\sophi\napari-organoid-segmentation\reports\organoid_measurements_aspirina_5_segmentations\Condição 5 - 19_labels.tif
Condição 5 - 19.jpg,ConvPaint,368,696.5,1254.0,2.0,0.0,0.5980392694473267,0.7978845608028654,,C:\Users\sophi\napari-organoid-segmentation\reports\organoid_measurements_aspirina_5_segmentations\Condição 5 - 19_labels.tif
Condição 5 - 19.jpg,ConvPaint,369,698.0,790.0,1.0,0.0,0.3490196168422699,0.5641895835477563,,C:\Users\sophi\napari-organoid-segmentation\reports\organoid_measurements_aspirina_5_segmentations\Condição 5 - 19_labels.tif
Condição 5 - 19.jpg,ConvPaint,370,699.0,1136.5,2.0,0.0,0.33529412746429443,0.7978845608028654,,C:\Users\sophi\napari-organoid-segmentation\reports\organoid_measurements_aspirina_5_segmentations\Condição 5 - 19_labels.tif
Condição 5 - 19.jpg,ConvPaint,371,700.2,1524.4,5.0,5.207106781186548,0.5921568870544434,1.2615662610100802,2.3173247538676778,C:\Users\sophi\napari-organoid-segmentation\reports\organoid_measurements_aspirina_5_segmentations\Condição 5 - 19_labels.tif
Condição 5 - 19.jpg,ConvPaint,372,700.5,799.0,2.0,0.0,0.5901961326599121,0.7978845608028654,,C:\Users\sophi\napari-organoid-segmentation\reports\organoid_measurements_aspirina_5_segmentations\Condição 5 - 19_labels.tif
Condição 5 - 19.jpg,ConvPaint,373,701.5,697.0,2.0,0.0,0.4117647111415863,0.7978845608028654,,C:\Users\sophi\napari-organoid-segmentation\reports\organoid_measurements_aspirina_5_segmentations\Condição 5 - 19_labels.tif
Condição 5 - 19.jpg,ConvPaint,374,702.0,1136.0,1.0,0.0,0.2823529541492462,0.5641895835477563,,C:\Users\sophi\napari-organoid-segmentation\reports\organoid_measurements_aspirina_5_segmentations\Condição 5 - 19_labels.tif
Condição 5 - 19.jpg,ConvPaint,375,704.0,1134.0,1.0,0.0,0.27843138575553894,0.5641895835477563,,C:\Users\sophi\napari-organoid-segmentation\reports\organoid_measurements_aspirina_5_segmentations\Condição 5 - 19_labels.tif
Condição 5 - 19.jpg,ConvPaint,376,707.0,1525.6153846153845,13.0,9.414213562373096,0.48295626044273376,2.0342144725641096,1.8432537415641022,C:\Users\sophi\napari-organoid-segmentation\reports\organoid_measurements_aspirina_5_segmentations\Condição 5 - 19_labels.tif
Condição 5 - 19.jpg,ConvPaint,377,706.0,801.0,1.0,0.0,0.34117648005485535,0.5641895835477563,,C:\Users\sophi\napari-organoid-segmentation\reports\organoid_measurements_aspirina_5_segmentations\Condição 5 - 19_labels.tif
Condição 5 - 19.jpg,ConvPaint,378,708.0,802.0,1.0,0.0,0.32549020648002625,0.5641895835477563,,C:\Users\sophi\napari-organoid-segmentation\reports\organoid_measurements_aspirina_5_segmentations\Condição 5 - 19_labels.tif
Condição 5 - 19.jpg,ConvPaint,379,709.0,810.0,1.0,0.0,0.6117647290229797,0.5641895835477563,,C:\Users\sophi\napari-organoid-segmentation\reports\organoid_measurements_aspirina_5_segmentations\Condição 5 - 19_labels.tif
Condição 5 - 19.jpg,ConvPaint,380,709.5,1266.5,2.0,0.0,0.31960785388946533,0.7978845608028654,,C:\Users\sophi\napari-organoid-segmentation\reports\organoid_measurements_aspirina_5_segmentations\Condição 5 - 19_labels.tif
Condição 5 - 19.jpg,ConvPaint,381,710.4,385.2,5.0,4.414213562373095,0.5286275148391724,1.2615662610100802,3.224580228790828,C:\Users\sophi\napari-organoid-segmentation\reports\organoid_measurements_aspirina_5_segmentations\Condição 5 - 19_labels.tif
Condição 5 - 19.jpg,ConvPaint,382,712.0,1276.0,1.0,0.0,0.529411792755127,0.5641895835477563,,C:\Users\sophi\napari-organoid-segmentation\reports\organoid_measurements_aspirina_5_segmentations\Condição 5 - 19_labels.tif
Condição 5 - 19.jpg,ConvPaint,383,714.0,681.0,1.0,0.0,0.4000000059604645,0.5641895835477563,,C:\Users\sophi\napari-organoid-segmentation\reports\organoid_measurements_aspirina_5_segmentations\Condição 5 - 19_labels.tif
Condição 5 - 19.jpg,ConvPaint,384,715.0,678.0,1.0,0.0,0.501960813999176,0.5641895835477563,,C:\Users\sophi\napari-organoid-segmentation\reports\organoid_measurements_aspirina_5_segmentations\Condição 5 - 19_labels.tif
Condição 5 - 19.jpg,ConvPaint,385,715.0,1119.5,2.0,0.0,0.4333333373069763,0.7978845608028654,,C:\Users\sophi\napari-organoid-segmentation\reports\organoid_measurements_aspirina_5_segmentations\Condição 5 - 19_labels.tif
Condição 5 - 19.jpg,ConvPaint,386,715.5,1274.5,4.0,4.0,0.3117647171020508,1.1283791670955126,3.141592653589793,C:\Users\sophi\napari-organoid-segmentation\reports\organoid_measurements_aspirina_5_segmentations\Condição 5 - 19_labels.tif
Condição 5 - 19.jpg,ConvPaint,387,715.0,1693.0,1.0,0.0,0.3960784375667572,0.5641895835477563,,C:\Users\sophi\napari-organoid-segmentation\reports\organoid_measurements_aspirina_5_segmentations\Condição 5 - 19_labels.tif
Condição 5 - 19.jpg,ConvPaint,388,716.0,682.0,1.0,0.0,0.32549020648002625,0.5641895835477563,,C:\Users\sophi\napari-organoid-segmentation\reports\organoid_measurements_aspirina_5_segmentations\Condição 5 - 19_labels.tif
Condição 5 - 19.jpg,ConvPaint,389,716.0,1122.0,1.0,0.0,0.3490196168422699,0.5641895835477563,,C:\Users\sophi\napari-organoid-segmentation\reports\organoid_measurements_aspirina_5_segmentations\Condição 5 - 19_labels.tif
Condição 5 - 19.jpg,ConvPaint,390,720.4,1121.6,5.0,4.414213562373095,0.30666667222976685,1.2615662610100802,3.224580228790828,C:\Users\sophi\napari-organoid-segmentation\reports\organoid_measurements_aspirina_5_segmentations\Condição 5 - 19_labels.tif
Condição 5 - 19.jpg,ConvPaint,391,719.0,1285.0,1.0,0.0,0.5215686559677124,0.5641895835477563,,C:\Users\sophi\napari-organoid-segmentation\reports\organoid_measurements_aspirina_5_segmentations\Condição 5 - 19_labels.tif
Condição 5 - 19.jpg,ConvPaint,392,719.0,1525.5,2.0,0.0,0.38823530077934265,0.7978845608028654,,C:\Users\sophi\napari-organoid-segmentation\reports\organoid_measurements_aspirina_5_segmentations\Condição 5 - 19_labels.tif
Condição 5 - 19.jpg,ConvPaint,393,720.0,818.0,1.0,0.0,0.37254902720451355,0.5641895835477563,,C:\Users\sophi\napari-organoid-segmentation\reports\organoid_measurements_aspirina_5_segmentations\Condição 5 - 19_labels.tif
Condição 5 - 19.jpg,ConvPaint,394,720.75,820.75,4.0,3.2071067811865475,0.36176472902297974,1.1283791670955126,4.887007608661263,C:\Users\sophi\napari-organoid-segmentation\reports\organoid_measurements_aspirina_5_segmentations\Condição 5 - 19_labels.tif
Condição 5 - 19.jpg,ConvPaint,395,720.0,1114.0,1.0,0.0,0.4627451002597809,0.5641895835477563,,C:\Users\sophi\napari-organoid-segmentation\reports\organoid_measurements_aspirina_5_segmentations\Condição 5 - 19_labels.tif
Condição 5 - 19.jpg,ConvPaint,396,720.0,1287.5,2.0,0.0,0.5058823823928833,0.7978845608028654,,C:\Users\sophi\napari-organoid-segmentation\reports\organoid_measurements_aspirina_5_segmentations\Condição 5 - 19_labels.tif
Condição 5 - 19.jpg,ConvPaint,397,720.0,1522.5,2.0,0.0,0.4313725531101227,0.7978845608028654,,C:\Users\sophi\napari-organoid-segmentation\reports\organoid_measurements_aspirina_5_segmentations\Condição 5 - 19_labels.tif
Condição 5 - 19.jpg,ConvPaint,398,722.0,1114.0,1.0,0.0,0.4470588266849518,0.5641895835477563,,C:\Users\sophi\napari-organoid-segmentation\reports\organoid_measurements_aspirina_5_segmentations\Condição 5 - 19_labels.tif
Condição 5 - 19.jpg,ConvPaint,399,722.0,1288.0,1.0,0.0,0.47843137383461,0.5641895835477563,,C:\Users\sophi\napari-organoid-segmentation\reports\organoid_measurements_aspirina_5_segmentations\Condição 5 - 19_labels.tif
Condição 5 - 19.jpg,ConvPaint,400,729.6444444444444,1521.1333333333334,45.0,37.69238815542512,0.5249672532081604,3.7846987830302403,0.3980293232064165,C:\Users\sophi\napari-organoid-segmentation\reports\organoid_measurements_aspirina_5_segmentations\Condição 5 - 19_labels.tif
Condição 5 - 19.jpg,ConvPaint,401,725.0,1113.5555555555557,9.0,6.82842712474619,0.4897603392601013,1.692568750643269,2.4255543800369126,C:\Users\sophi\napari-organoid-segmentation\reports\organoid_measurements_aspirina_5_segmentations\Condição 5 - 19_labels.tif
Condição 5 - 19.jpg,ConvPaint,402,724.0,1289.0,1.0,0.0,0.40392157435417175,0.5641895835477563,,C:\Users\sophi\napari-organoid-segmentation\reports\organoid_measurements_aspirina_5_segmentations\Condição 5 - 19_labels.tif
Condição 5 - 19.jpg,ConvPaint,403,728.7916666666666,662.5,24.0,15.863961030678928,0.42908498644828796,2.763953195770684,1.1983890634904024,C:\Users\sophi\napari-organoid-segmentation\reports\organoid_measurements_aspirina_5_segmentations\Condição 5 - 19_labels.tif
Condição 5 - 19.jpg,ConvPaint,404,728.0,1295.0,1.0,0.0,0.5372549295425415,0.5641895835477563,,C:\Users\sophi\napari-organoid-segmentation\reports\organoid_measurements_aspirina_5_segmentations\Condição 5 - 19_labels.tif
Condição 5 - 19.jpg,ConvPaint,405,730.0,1115.0,3.0,1.0,0.4745098054409027,0.9772050238058398,37.69911184307752,C:\Users\sophi\napari-organoid-segmentation\reports\organoid_measurements_aspirina_5_segmentations\Condição 5 - 19_labels.tif
Condição 5 - 19.jpg,ConvPaint,406,730.0,827.0,1.0,0.0,0.30980393290519714,0.5641895835477563,,C:\Users\sophi\napari-organoid-segmentation\reports\organoid_measurements_aspirina_5_segmentations\Condição 5 - 19_labels.tif
Condição 5 - 19.jpg,ConvPaint,407,730.0,1291.0,1.0,0.0,0.3019607961177826,0.5641895835477563,,C:\Users\sophi\napari-organoid-segmentation\reports\organoid_measurements_aspirina_5_segmentations\Condição 5 - 19_labels.tif
Condição 5 - 19.jpg,ConvPaint,408,732.75,356.25,4.0,3.2071067811865475,0.4215686321258545,1.1283791670955126,4.887007608661263,C:\Users\sophi\napari-organoid-segmentation\reports\organoid_measurements_aspirina_5_segmentations\Condição 5 - 19_labels.tif
Condição 5 - 19.jpg,ConvPaint,409,732.6666666666666,1702.6666666666667,3.0,3.414213562373095,0.543790876865387,0.9772050238058398,3.2340725067158833,C:\Users\sophi\napari-organoid-segmentation\reports\organoid_measurements_aspirina_5_segmentations\Condição 5 - 19_labels.tif
Condição 5 - 19.jpg,ConvPaint,410,733.0,1116.0,1.0,0.0,0.45098039507865906,0.5641895835477563,,C:\Users\sophi\napari-organoid-segmentation\reports\organoid_measurements_aspirina_5_segmentations\Condição 5 - 19_labels.tif
Condição 5 - 19.jpg,ConvPaint,411,734.5,358.0,2.0,0.0,0.3901960849761963,0.7978845608028654,,C:\Users\sophi\napari-organoid-segmentation\reports\organoid_measurements_aspirina_5_segmentations\Condição 5 - 19_labels.tif
Condição 5 - 19.jpg,ConvPaint,412,734.0,1526.0,1.0,0.0,0.3490196168422699,0.5641895835477563,,C:\Users\sophi\napari-organoid-segmentation\reports\organoid_measurements_aspirina_5_segmentations\Condição 5 - 19_labels.tif
Condição 5 - 19.jpg,ConvPaint,413,736.5714285714286,336.42857142857144,7.0,6.414213562373096,0.47002801299095154,1.4927053303604616,2.138065828789302,C:\Users\sophi\napari-organoid-segmentation\reports\organoid_measurements_aspirina_5_segmentations\Condição 5 - 19_labels.tif
Condição 5 - 19.jpg,ConvPaint,414,735.5,664.0,2.0,0.0,0.36666667461395264,0.7978845608028654,,C:\Users\sophi\napari-organoid-segmentation\reports\organoid_measurements_aspirina_5_segmentations\Condição 5 - 19_labels.tif
Condição 5 - 19.jpg,ConvPaint,415,736.5,339.0,2.0,0.0,0.39803922176361084,0.7978845608028654,,C:\Users\sophi\napari-organoid-segmentation\reports\organoid_measurements_aspirina_5_segmentations\Condição 5 - 19_labels.tif
Condição 5 - 19.jpg,ConvPaint,416,736.0,361.0,1.0,0.0,0.37254902720451355,0.5641895835477563,,C:\Users\sophi\napari-organoid-segmentation\reports\organoid_measurements_aspirina_5_segmentations\Condição 5 - 19_labels.tif
Condição 5 - 19.jpg,ConvPaint,417,737.5333333333333,377.6,15.0,12.828427124746192,0.5291503071784973,2.1850968611841584,1.1453924082799833,C:\Users\sophi\napari-organoid-segmentation\reports\organoid_measurements_aspirina_5_segmentations\Condição 5 - 19_labels.tif
Condição 5 - 19.jpg,ConvPaint,418,738.1666666666666,357.0,6.0,6.207106781186548,0.3745098114013672,1.381976597885342,1.9569632997809339,C:\Users\sophi\napari-organoid-segmentation\reports\organoid_measurements_aspirina_5_segmentations\Condição 5 - 19_labels.tif
Condição 5 - 19.jpg,ConvPaint,419,737.0,1115.0,1.0,0.0,0.47058823704719543,0.5641895835477563,,C:\Users\sophi\napari-organoid-segmentation\reports\organoid_measurements_aspirina_5_segmentations\Condição 5 - 19_labels.tif
Condição 5 - 19.jpg,ConvPaint,420,738.0,334.0,1.0,0.0,0.4000000059604645,0.5641895835477563,,C:\Users\sophi\napari-organoid-segmentation\reports\organoid_measurements_aspirina_5_segmentations\Condição 5 - 19_labels.tif
Condição 5 - 19.jpg,ConvPaint,421,738.5,361.5,8.0,8.0,0.4068627655506134,1.5957691216057308,1.5707963267948966,C:\Users\sophi\napari-organoid-segmentation\reports\organoid_measurements_aspirina_5_segmentations\Condição 5 - 19_labels.tif
Condição 5 - 19.jpg,ConvPaint,422,738.0,650.0,1.0,0.0,0.5098039507865906,0.5641895835477563,,C:\Users\sophi\napari-organoid-segmentation\reports\organoid_measurements_aspirina_5_segmentations\Condição 5 - 19_labels.tif
Condição 5 - 19.jpg,ConvPaint,423,738.0,1302.5,2.0,0.0,0.38823530077934265,0.7978845608028654,,C:\Users\sophi\napari-organoid-segmentation\reports\organoid_measurements_aspirina_5_segmentations\Condição 5 - 19_labels.tif
Condição 5 - 19.jpg,ConvPaint,424,739.0,350.0,1.0,0.0,0.3450980484485626,0.5641895835477563,,C:\Users\sophi\napari-organoid-segmentation\reports\organoid_measurements_aspirina_5_segmentations\Condição 5 - 19_labels.tif
Condição 5 - 19.jpg,ConvPaint,425,739.0,352.0,1.0,0.0,0.37254902720451355,0.5641895835477563,,C:\Users\sophi\napari-organoid-segmentation\reports\organoid_measurements_aspirina_5_segmentations\Condição 5 - 19_labels.tif
Condição 5 - 19.jpg,ConvPaint,426,740.4,366.0,5.0,5.414213562373095,0.4000000059604645,1.2615662610100802,2.143429006056056,C:\Users\sophi\napari-organoid-segmentation\reports\organoid_measurements_aspirina_5_segmentations\Condição 5 - 19_labels.tif
Condição 5 - 19.jpg,ConvPaint,427,741.5,1305.0,4.0,2.0,0.3382353186607361,1.1283791670955126,12.566370614359172,C:\Users\sophi\napari-organoid-segmentation\reports\organoid_measurements_aspirina_5_segmentations\Condição 5 - 19_labels.tif
Condição 5 - 19.jpg,ConvPaint,428,740.3333333333334,1520.3333333333333,3.0,3.414213562373095,0.48235294222831726,0.9772050238058398,3.2340725067158833,C:\Users\sophi\napari-organoid-segmentation\reports\organoid_measurements_aspirina_5_segmentations\Condição 5 - 19_labels.tif
Condição 5 - 19.jpg,ConvPaint,429,741.0,353.0,1.0,0.0,0.38823530077934265,0.5641895835477563,,C:\Users\sophi\napari-organoid-segmentation\reports\organoid_measurements_aspirina_5_segmentations\Condição 5 - 19_labels.tif
Condição 5 - 19.jpg,ConvPaint,430,744.1428571428571,1522.7142857142858,7.0,6.621320343559643,0.4537815451622009,1.4927053303604616,2.00640547569207,C:\Users\sophi\napari-organoid-segmentation\reports\organoid_measurements_aspirina_5_segmentations\Condição 5 - 19_labels.tif
Condição 5 - 19.jpg,ConvPaint,431,743.0,370.0,1.0,0.0,0.4156862795352936,0.5641895835477563,,C:\Users\sophi\napari-organoid-segmentation\reports\organoid_measurements_aspirina_5_segmentations\Condição 5 - 19_labels.tif
Condição 5 - 19.jpg,ConvPaint,432,745.6,308.8,10.0,8.82842712474619,0.4870588183403015,1.7841241161527712,1.612290114395414,C:\Users\sophi\napari-organoid-segmentation\reports\organoid_measurements_aspirina_5_segmentations\Condição 5 - 19_labels.tif
Condição 5 - 19.jpg,ConvPaint,433,745.7380952380952,317.73809523809524,42.0,31.035533905932738,0.38347339630126953,3.656366395715726,0.5479497239386616,C:\Users\sophi\napari-organoid-segmentation\reports\organoid_measurements_aspirina_5_segmentations\Condição 5 - 19_labels.tif
Condição 5 - 19.jpg,ConvPaint,434,828.9774739997275,354.6652436532086,22019.0,1583.5321420372138,0.24330665171146393,83.71896669143072,0.11034526183751232,C:\Users\sophi\napari-organoid-segmentation\reports\organoid_measurements_aspirina_5_segmentations\Condição 5 - 19_labels.tif
Condição 5 - 19.jpg,ConvPaint,435,744.0,342.0,1.0,0.0,0.38823530077934265,0.5641895835477563,,C:\Users\sophi\napari-organoid-segmentation\reports\organoid_measurements_aspirina_5_segmentations\Condição 5 - 19_labels.tif
Condição 5 - 19.jpg,ConvPaint,436,744.5,372.5,4.0,4.0,0.4019607901573181,1.1283791670955126,3.141592653589793,C:\Users\sophi\napari-organoid-segmentation\reports\organoid_measurements_aspirina_5_segmentations\Condição 5 - 19_labels.tif
Condição 5 - 19.jpg,ConvPaint,437,744.3333333333334,376.6666666666667,3.0,3.414213562373095,0.44967320561408997,0.9772050238058398,3.2340725067158833,C:\Users\sophi\napari-organoid-segmentation\reports\organoid_measurements_aspirina_5_segmentations\Condição 5 - 19_labels.tif
Condição 5 - 19.jpg,ConvPaint,438,744.0,379.0,1.0,0.0,0.5333333611488342,0.5641895835477563,,C:\Users\sophi\napari-organoid-segmentation\reports\organoid_measurements_aspirina_5_segmentations\Condição 5 - 19_labels.tif
Condição 5 - 19.jpg,ConvPaint,439,745.0,1307.0,3.0,1.0,0.33986929059028625,0.9772050238058398,37.69911184307752,C:\Users\sophi\napari-organoid-segmentation\reports\organoid_measurements_aspirina_5_segmentations\Condição 5 - 19_labels.tif
Condição 5 - 19.jpg,ConvPaint,440,746.5,355.0,2.0,0.0,0.3607843220233917,0.7978845608028654,,C:\Users\sophi\napari-organoid-segmentation\reports\organoid_measurements_aspirina_5_segmentations\Condição 5 - 19_labels.tif
Condição 5 - 19.jpg,ConvPaint,441,746.0,358.5,2.0,0.0,0.4058823585510254,0.7978845608028654,,C:\Users\sophi\napari-organoid-segmentation\reports\organoid_measurements_aspirina_5_segmentations\Condição 5 - 19_labels.tif
Condição 5 - 19.jpg,ConvPaint,442,746.0,1118.0,1.0,0.0,0.27450981736183167,0.5641895835477563,,C:\Users\sophi\napari-organoid-segmentation\reports\organoid_measurements_aspirina_5_segmentations\Condição 5 - 19_labels.tif
Condição 5 - 19.jpg,ConvPaint,443,747.0,305.5,2.0,0.0,0.4901960790157318,0.7978845608028654,,C:\Users\sophi\napari-organoid-segmentation\reports\organoid_measurements_aspirina_5_segmentations\Condição 5 - 19_labels.tif
Condição 5 - 19.jpg,ConvPaint,444,748.0,345.0,1.0,0.0,0.40392157435417175,0.5641895835477563,,C:\Users\sophi\napari-organoid-segmentation\reports\organoid_measurements_aspirina_5_segmentations\Condição 5 - 19_labels.tif
Condição 5 - 19.jpg,ConvPaint,445,749.0,358.0,1.0,0.0,0.40392157435417175,0.5641895835477563,,C:\Users\sophi\napari-organoid-segmentation\reports\organoid_measurements_aspirina_5_segmentations\Condição 5 - 19_labels.tif
Condição 5 - 19.jpg,ConvPaint,446,750.5,304.0,2.0,0.0,0.4470588266849518,0.7978845608028654,,C:\Users\sophi\napari-organoid-segmentation\reports\organoid_measurements_aspirina_5_segmentations\Condição 5 - 19_labels.tif
Condição 5 - 19.jpg,ConvPaint,447,750.0,353.0,1.0,0.0,0.3529411852359772,0.5641895835477563,,C:\Users\sophi\napari-organoid-segmentation\reports\organoid_measurements_aspirina_5_segmentations\Condição 5 - 19_labels.tif
Condição 5 - 19.jpg,ConvPaint,448,750.3333333333334,838.3333333333334,3.0,3.414213562373095,0.3137255012989044,0.9772050238058398,3.2340725067158833,C:\Users\sophi\napari-organoid-segmentation\reports\organoid_measurements_aspirina_5_segmentations\Condição 5 - 19_labels.tif
Condição 5 - 19.jpg,ConvPaint,449,752.0,326.5,2.0,0.0,0.34705883264541626,0.7978845608028654,,C:\Users\sophi\napari-organoid-segmentation\reports\organoid_measurements_aspirina_5_segmentations\Condição 5 - 19_labels.tif
Condição 5 - 19.jpg,ConvPaint,450,752.5,397.0,2.0,0.0,0.501960813999176,0.7978845608028654,,C:\Users\sophi\napari-organoid-segmentation\reports\organoid_measurements_aspirina_5_segmentations\Condição 5 - 19_labels.tif
Condição 5 - 19.jpg,ConvPaint,451,757.1666666666666,838.8333333333334,6.0,5.414213562373095,0.32875820994377136,1.381976597885342,2.5721148072672673,C:\Users\sophi\napari-organoid-segmentation\reports\organoid_measurements_aspirina_5_segmentations\Condição 5 - 19_labels.tif
Condição 5 - 19.jpg,ConvPaint,452,756.5,409.0,6.0,6.0,0.46928107738494873,1.381976597885342,2.0943951023931953,C:\Users\sophi\napari-organoid-segmentation\reports\organoid_measurements_aspirina_5_segmentations\Condição 5 - 19_labels.tif
Condição 5 - 19.jpg,ConvPaint,453,757.0,1116.0,1.0,0.0,0.32549020648002625,0.5641895835477563,,C:\Users\sophi\napari-organoid-segmentation\reports\organoid_measurements_aspirina_5_segmentations\Condição 5 - 19_labels.tif
Condição 5 - 19.jpg,ConvPaint,454,765.5714285714286,426.4761904761905,42.0,29.899494936611664,0.46984127163887024,3.656366395715726,0.590379746052442,C:\Users\sophi\napari-organoid-segmentation\reports\organoid_measurements_aspirina_5_segmentations\Condição 5 - 19_labels.tif
Condição 5 - 19.jpg,ConvPaint,455,763.0,1527.0,1.0,0.0,0.4588235318660736,0.5641895835477563,,C:\Users\sophi\napari-organoid-segmentation\reports\organoid_measurements_aspirina_5_segmentations\Condição 5 - 19_labels.tif
Condição 5 - 19.jpg,ConvPaint,456,766.0,422.0,1.0,0.0,0.4431372582912445,0.5641895835477563,,C:\Users\sophi\napari-organoid-segmentation\reports\organoid_measurements_aspirina_5_segmentations\Condição 5 - 19_labels.tif
Condição 5 - 19.jpg,ConvPaint,457,766.5,1697.0,2.0,0.0,0.39411765336990356,0.7978845608028654,,C:\Users\sophi\napari-organoid-segmentation\reports\organoid_measurements_aspirina_5_segmentations\Condição 5 - 19_labels.tif
Condição 5 - 19.jpg,ConvPaint,458,767.0,642.0,1.0,0.0,0.3176470696926117,0.5641895835477563,,C:\Users\sophi\napari-organoid-segmentation\reports\organoid_measurements_aspirina_5_segmentations\Condição 5 - 19_labels.tif
Condição 5 - 19.jpg,ConvPaint,459,768.5,841.0,2.0,0.0,0.3450980484485626,0.7978845608028654,,C:\Users\sophi\napari-organoid-segmentation\reports\organoid_measurements_aspirina_5_segmentations\Condição 5 - 19_labels.tif
Condição 5 - 19.jpg,ConvPaint,460,769.0,843.0,3.0,1.0,0.4901960790157318,0.9772050238058398,37.69911184307752,C:\Users\sophi\napari-organoid-segmentation\reports\organoid_measurements_aspirina_5_segmentations\Condição 5 - 19_labels.tif
Condição 5 - 19.jpg,ConvPaint,461,769.0,641.0,1.0,0.0,0.34117648005485535,0.5641895835477563,,C:\Users\sophi\napari-organoid-segmentation\reports\organoid_measurements_aspirina_5_segmentations\Condição 5 - 19_labels.tif
Condição 5 - 19.jpg,ConvPaint,462,770.3333333333334,1697.3333333333333,3.0,3.414213562373095,0.40261438488960266,0.9772050238058398,3.2340725067158833,C:\Users\sophi\napari-organoid-segmentation\reports\organoid_measurements_aspirina_5_segmentations\Condição 5 - 19_labels.tif
Condição 5 - 19.jpg,ConvPaint,463,772.75,276.75,4.0,3.2071067811865475,0.5,1.1283791670955126,4.887007608661263,C:\Users\sophi\napari-organoid-segmentation\reports\organoid_measurements_aspirina_5_segmentations\Condição 5 - 19_labels.tif
Condição 5 - 19.jpg,ConvPaint,464,773.75,281.875,16.0,12.621320343559642,0.41887256503105164,2.256758334191025,1.2621770149845961,C:\Users\sophi\napari-organoid-segmentation\reports\organoid_measurements_aspirina_5_segmentations\Condição 5 - 19_labels.tif
Condição 5 - 19.jpg,ConvPaint,465,772.5,1699.0,2.0,0.0,0.5274510383605957,0.7978845608028654,,C:\Users\sophi\napari-organoid-segmentation\reports\organoid_measurements_aspirina_5_segmentations\Condição 5 - 19_labels.tif
Condição 5 - 19.jpg,ConvPaint,466,773.0,1697.0,1.0,0.0,0.4901960790157318,0.5641895835477563,,C:\Users\sophi\napari-organoid-segmentation\reports\organoid_measurements_aspirina_5_segmentations\Condição 5 - 19_labels.tif
Condição 5 - 19.jpg,ConvPaint,467,774.6666666666666,1694.6666666666667,3.0,3.414213562373095,0.39084967970848083,0.9772050238058398,3.2340725067158833,C:\Users\sophi\napari-organoid-segmentation\reports\organoid_measurements_aspirina_5_segmentations\Condição 5 - 19_labels.tif
Condição 5 - 19.jpg,ConvPaint,468,778.1111111111111,273.77777777777777,27.0,21.449747468305834,0.4740740954875946,2.9316150714175193,0.737444364516765,C:\Users\sophi\napari-organoid-segmentation\reports\organoid_measurements_aspirina_5_segmentations\Condição 5 - 19_labels.tif
Condição 5 - 19.jpg,ConvPaint,469,775.0,277.0,1.0,0.0,0.4274509847164154,0.5641895835477563,,C:\Users\sophi\napari-organoid-segmentation\reports\organoid_measurements_aspirina_5_segmentations\Condição 5 - 19_labels.tif
Condição 5 - 19.jpg,ConvPaint,470,776.5,269.0,2.0,0.0,0.5058823823928833,0.7978845608028654,,C:\Users\sophi\napari-organoid-segmentation\reports\organoid_measurements_aspirina_5_segmentations\Condição 5 - 19_labels.tif
Condição 5 - 19.jpg,ConvPaint,471,778.0,280.0,1.0,0.0,0.4274509847164154,0.5641895835477563,,C:\Users\sophi\napari-organoid-segmentation\reports\organoid_measurements_aspirina_5_segmentations\Condição 5 - 19_labels.tif
Condição 5 - 19.jpg,ConvPaint,472,780.0,268.5,2.0,0.0,0.48627451062202454,0.7978845608028654,,C:\Users\sophi\napari-organoid-segmentation\reports\organoid_measurements_aspirina_5_segmentations\Condição 5 - 19_labels.tif
Condição 5 - 19.jpg,ConvPaint,473,782.0,268.0,1.0,0.0,0.4470588266849518,0.5641895835477563,,C:\Users\sophi\napari-organoid-segmentation\reports\organoid_measurements_aspirina_5_segmentations\Condição 5 - 19_labels.tif
Condição 5 - 19.jpg,ConvPaint,474,782.0,1539.0,1.0,0.0,0.4000000059604645,0.5641895835477563,,C:\Users\sophi\napari-organoid-segmentation\reports\organoid_measurements_aspirina_5_segmentations\Condição 5 - 19_labels.tif
Condição 5 - 19.jpg,ConvPaint,475,783.5,274.0,2.0,0.0,0.35098040103912354,0.7978845608028654,,C:\Users\sophi\napari-organoid-segmentation\reports\organoid_measurements_aspirina_5_segmentations\Condição 5 - 19_labels.tif
Condição 5 - 19.jpg,ConvPaint,476,786.5172413793103,843.3103448275862,29.0,19.44974746830583,0.42271801829338074,3.0382538898732494,0.9633407421740335,C:\Users\sophi\napari-organoid-segmentation\reports\organoid_measurements_aspirina_5_segmentations\Condição 5 - 19_labels.tif
Condição 5 - 19.jpg,ConvPaint,477,784.0,1691.0,1.0,0.0,0.5215686559677124,0.5641895835477563,,C:\Users\sophi\napari-organoid-segmentation\reports\organoid_measurements_aspirina_5_segmentations\Condição 5 - 19_labels.tif
Condição 5 - 19.jpg,ConvPaint,478,785.0,1122.0,1.0,0.0,0.30980393290519714,0.5641895835477563,,C:\Users\sophi\napari-organoid-segmentation\reports\organoid_measurements_aspirina_5_segmentations\Condição 5 - 19_labels.tif
Condição 5 - 19.jpg,ConvPaint,479,786.3333333333334,265.6666666666667,3.0,3.414213562373095,0.4941176474094391,0.9772050238058398,3.2340725067158833,C:\Users\sophi\napari-organoid-segmentation\reports\organoid_measurements_aspirina_5_segmentations\Condição 5 - 19_labels.tif
Condição 5 - 19.jpg,ConvPaint,480,789.0,1543.0,1.0,0.0,0.4274509847164154,0.5641895835477563,,C:\Users\sophi\napari-organoid-segmentation\reports\organoid_measurements_aspirina_5_segmentations\Condição 5 - 19_labels.tif
Condição 5 - 19.jpg,ConvPaint,481,790.6,1314.2,5.0,5.207106781186548,0.5490196347236633,1.2615662610100802,2.3173247538676778,C:\Users\sophi\napari-organoid-segmentation\reports\organoid_measurements_aspirina_5_segmentations\Condição 5 - 19_labels.tif
Condição 5 - 19.jpg,ConvPaint,482,791.0,267.0,1.0,0.0,0.3176470696926117,0.5641895835477563,,C:\Users\sophi\napari-organoid-segmentation\reports\organoid_measurements_aspirina_5_segmentations\Condição 5 - 19_labels.tif
Condição 5 - 19.jpg,ConvPaint,483,792.8,1544.8,5.0,4.0,0.49176469445228577,1.2615662610100802,3.9269908169872414,C:\Users\sophi\napari-organoid-segmentation\reports\organoid_measurements_aspirina_5_segmentations\Condição 5 - 19_labels.tif
Condição 5 - 19.jpg,ConvPaint,484,796.0526315789474,261.6842105263158,19.0,15.86396103067893,0.4666666090488434,2.4592453796829674,0.9487246752632351,C:\Users\sophi\napari-organoid-segmentation\reports\organoid_measurements_aspirina_5_segmentations\Condição 5 - 19_labels.tif
Condição 5 - 19.jpg,ConvPaint,485,793.0,268.5,2.0,0.0,0.3294117748737335,0.7978845608028654,,C:\Users\sophi\napari-organoid-segmentation\reports\organoid_measurements_aspirina_5_segmentations\Condição 5 - 19_labels.tif
Condição 5 - 19.jpg,ConvPaint,486,793.0,841.0,1.0,0.0,0.364705890417099,0.5641895835477563,,C:\Users\sophi\napari-organoid-segmentation\reports\organoid_measurements_aspirina_5_segmentations\Condição 5 - 19_labels.tif
Condição 5 - 19.jpg,ConvPaint,487,794.0,1121.0,1.0,0.0,0.4745098054409027,0.5641895835477563,,C:\Users\sophi\napari-organoid-segmentation\reports\organoid_measurements_aspirina_5_segmentations\Condição 5 - 19_labels.tif
Condição 5 - 19.jpg,ConvPaint,488,794.0,1123.0,1.0,0.0,0.40392157435417175,0.5641895835477563,,C:\Users\sophi\napari-organoid-segmentation\reports\organoid_measurements_aspirina_5_segmentations\Condição 5 - 19_labels.tif
Condição 5 - 19.jpg,ConvPaint,489,799.0,1548.0,1.0,0.0,0.4941176474094391,0.5641895835477563,,C:\Users\sophi\napari-organoid-segmentation\reports\organoid_measurements_aspirina_5_segmentations\Condição 5 - 19_labels.tif
Condição 5 - 19.jpg,ConvPaint,490,800.0,264.0,1.0,0.0,0.3529411852359772,0.5641895835477563,,C:\Users\sophi\napari-organoid-segmentation\reports\organoid_measurements_aspirina_5_segmentations\Condição 5 - 19_labels.tif
Condição 5 - 19.jpg,ConvPaint,491,801.6470588235294,849.4705882352941,17.0,12.82842712474619,0.49365633726119995,2.326213245840639,1.298111396050648,C:\Users\sophi\napari-organoid-segmentation\reports\organoid_measurements_aspirina_5_segmentations\Condição 5 - 19_labels.tif
Condição 5 - 19.jpg,ConvPaint,492,801.2,1557.0,10.0,9.414213562373096,0.4250980317592621,1.7841241161527712,1.4178874935108479,C:\Users\sophi\napari-organoid-segmentation\reports\organoid_measurements_aspirina_5_segmentations\Condição 5 - 19_labels.tif
Condição 5 - 19.jpg,ConvPaint,493,801.0,257.0,1.0,0.0,0.5215686559677124,0.5641895835477563,,C:\Users\sophi\napari-organoid-segmentation\reports\organoid_measurements_aspirina_5_segmentations\Condição 5 - 19_labels.tif
Condição 5 - 19.jpg,ConvPaint,494,801.5,858.5,2.0,0.0,0.5235294103622437,0.7978845608028654,,C:\Users\sophi\napari-organoid-segmentation\reports\organoid_measurements_aspirina_5_segmentations\Condição 5 - 19_labels.tif
Condição 5 - 19.jpg,ConvPaint,495,802.5,862.5,4.0,4.0,0.4735293984413147,1.1283791670955126,3.141592653589793,C:\Users\sophi\napari-organoid-segmentation\reports\organoid_measurements_aspirina_5_segmentations\Condição 5 - 19_labels.tif
Condição 5 - 19.jpg,ConvPaint,496,803.0,259.0,1.0,0.0,0.3843137323856354,0.5641895835477563,,C:\Users\sophi\napari-organoid-segmentation\reports\organoid_measurements_aspirina_5_segmentations\Condição 5 - 19_labels.tif
Condição 5 - 19.jpg,ConvPaint,497,804.3333333333334,264.3333333333333,3.0,3.414213562373095,0.3124183118343353,0.9772050238058398,3.2340725067158833,C:\Users\sophi\napari-organoid-segmentation\reports\organoid_measurements_aspirina_5_segmentations\Condição 5 - 19_labels.tif
Condição 5 - 19.jpg,ConvPaint,498,804.0,1660.0,1.0,0.0,0.48235294222831726,0.5641895835477563,,C:\Users\sophi\napari-organoid-segmentation\reports\organoid_measurements_aspirina_5_segmentations\Condição 5 - 19_labels.tif
Condição 5 - 19.jpg,ConvPaint,499,806.8888888888889,258.77777777777777,9.0,9.414213562373096,0.3956427276134491,1.692568750643269,1.2760987441597629,C:\Users\sophi\napari-organoid-segmentation\reports\organoid_measurements_aspirina_5_segmentations\Condição 5 - 19_labels.tif
Condição 5 - 19.jpg,ConvPaint,500,805.0,1558.0,1.0,0.0,0.4745098054409027,0.5641895835477563,,C:\Users\sophi\napari-organoid-segmentation\reports\organoid_measurements_aspirina_5_segmentations\Condição 5 - 19_labels.tif
Condição 5 - 19.jpg,ConvPaint,501,805.0,1563.0,1.0,0.0,0.4313725531101227,0.5641895835477563,,C:\Users\sophi\napari-organoid-segmentation\reports\organoid_measurements_aspirina_5_segmentations\Condição 5 - 19_labels.tif
Condição 5 - 19.jpg,ConvPaint,502,805.0,1570.0,1.0,0.0,0.32549020648002625,0.5641895835477563,,C:\Users\sophi\napari-organoid-segmentation\reports\organoid_measurements_aspirina_5_segmentations\Condição 5 - 19_labels.tif
Condição 5 - 19.jpg,ConvPaint,503,806.5,256.0,2.0,0.0,0.44117647409439087,0.7978845608028654,,C:\Users\sophi\napari-organoid-segmentation\reports\organoid_measurements_aspirina_5_segmentations\Condição 5 - 19_labels.tif
Condição 5 - 19.jpg,ConvPaint,504,806.0,1665.0,1.0,0.0,0.47843137383461,0.5641895835477563,,C:\Users\sophi\napari-organoid-segmentation\reports\organoid_measurements_aspirina_5_segmentations\Condição 5 - 19_labels.tif
Condição 5 - 19.jpg,ConvPaint,505,807.0,848.0,1.0,0.0,0.572549045085907,0.5641895835477563,,C:\Users\sophi\napari-organoid-segmentation\reports\organoid_measurements_aspirina_5_segmentations\Condição 5 - 19_labels.tif
Condição 5 - 19.jpg,ConvPaint,506,807.0,1282.0,1.0,0.0,0.2980392277240753,0.5641895835477563,,C:\Users\sophi\napari-organoid-segmentation\reports\organoid_measurements_aspirina_5_segmentations\Condição 5 - 19_labels.tif
Condição 5 - 19.jpg,ConvPaint,507,807.0,1628.0,1.0,0.0,0.30980393290519714,0.5641895835477563,,C:\Users\sophi\napari-organoid-segmentation\reports\organoid_measurements_aspirina_5_segmentations\Condição 5 - 19_labels.tif
Condição 5 - 19.jpg,ConvPaint,508,808.0,1567.0,1.0,0.0,0.47843137383461,0.5641895835477563,,C:\Users\sophi\napari-organoid-segmentation\reports\organoid_measurements_aspirina_5_segmentations\Condição 5 - 19_labels.tif
Condição 5 - 19.jpg,ConvPaint,509,809.5,439.0,2.0,0.0,0.3529411852359772,0.7978845608028654,,C:\Users\sophi\napari-organoid-segmentation\reports\organoid_measurements_aspirina_5_segmentations\Condição 5 - 19_labels.tif
Condição 5 - 19.jpg,ConvPaint,510,809.0,830.5,2.0,0.0,0.38235294818878174,0.7978845608028654,,C:\Users\sophi\napari-organoid-segmentation\reports\organoid_measurements_aspirina_5_segmentations\Condição 5 - 19_labels.tif
Condição 5 - 19.jpg,ConvPaint,511,809.0,1622.0,1.0,0.0,0.32156863808631897,0.5641895835477563,,C:\Users\sophi\napari-organoid-segmentation\reports\organoid_measurements_aspirina_5_segmentations\Condição 5 - 19_labels.tif
Condição 5 - 19.jpg,ConvPaint,512,809.6666666666666,1630.6666666666667,3.0,3.414213562373095,0.3516339957714081,0.9772050238058398,3.2340725067158833,C:\Users\sophi\napari-organoid-segmentation\reports\organoid_measurements_aspirina_5_segmentations\Condição 5 - 19_labels.tif
Condição 5 - 19.jpg,ConvPaint,513,812.2352941176471,1573.4705882352941,17.0,15.82842712474619,0.5351787805557251,2.326213245840639,0.8526744766513162,C:\Users\sophi\napari-organoid-segmentation\reports\organoid_measurements_aspirina_5_segmentations\Condição 5 - 19_labels.tif
Condição 5 - 19.jpg,ConvPaint,514,811.0,867.0,1.0,0.0,0.6313725709915161,0.5641895835477563,,C:\Users\sophi\napari-organoid-segmentation\reports\organoid_measurements_aspirina_5_segmentations\Condição 5 - 19_labels.tif
Condição 5 - 19.jpg,ConvPaint,515,811.0,1637.0,1.0,0.0,0.4313725531101227,0.5641895835477563,,C:\Users\sophi\napari-organoid-segmentation\reports\organoid_measurements_aspirina_5_segmentations\Condição 5 - 19_labels.tif
Condição 5 - 19.jpg,ConvPaint,516,813.5,828.75,4.0,2.2071067811865475,0.39411765336990356,1.1283791670955126,10.31865673213065,C:\Users\sophi\napari-organoid-segmentation\reports\organoid_measurements_aspirina_5_segmentations\Condição 5 - 19_labels.tif
Condição 5 - 19.jpg,ConvPaint,517,812.0,1613.0,1.0,0.0,0.3843137323856354,0.5641895835477563,,C:\Users\sophi\napari-organoid-segmentation\reports\organoid_measurements_aspirina_5_segmentations\Condição 5 - 19_labels.tif
Condição 5 - 19.jpg,ConvPaint,518,812.0,1617.0,1.0,0.0,0.3764705955982208,0.5641895835477563,,C:\Users\sophi\napari-organoid-segmentation\reports\organoid_measurements_aspirina_5_segmentations\Condição 5 - 19_labels.tif
Condição 5 - 19.jpg,ConvPaint,519,813.0,1628.3333333333333,3.0,1.2071067811865475,0.43398693203926086,0.9772050238058398,25.872580053727066,C:\Users\sophi\napari-organoid-segmentation\reports\organoid_measurements_aspirina_5_segmentations\Condição 5 - 19_labels.tif
Condição 5 - 19.jpg,ConvPaint,520,812.6666666666666,1632.0,3.0,1.4142135623730951,0.45228758454322815,0.9772050238058398,18.849555921538755,C:\Users\sophi\napari-organoid-segmentation\reports\organoid_measurements_aspirina_5_segmentations\Condição 5 - 19_labels.tif
Condição 5 - 19.jpg,ConvPaint,521,813.0,1586.0,1.0,0.0,0.3529411852359772,0.5641895835477563,,C:\Users\sophi\napari-organoid-segmentation\reports\organoid_measurements_aspirina_5_segmentations\Condição 5 - 19_labels.tif
Condição 5 - 19.jpg,ConvPaint,522,813.0,1620.0,1.0,0.0,0.4000000059604645,0.5641895835477563,,C:\Users\sophi\napari-organoid-segmentation\reports\organoid_measurements_aspirina_5_segmentations\Condição 5 - 19_labels.tif
Condição 5 - 19.jpg,ConvPaint,523,814.6666666666666,1601.6666666666667,6.0,6.621320343559642,0.3803921639919281,1.381976597885342,1.719776122021775,C:\Users\sophi\napari-organoid-segmentation\reports\organoid_measurements_aspirina_5_segmentations\Condição 5 - 19_labels.tif
Condição 5 - 19.jpg,ConvPaint,524,814.0,1606.0,1.0,0.0,0.41960784792900085,0.5641895835477563,,C:\Users\sophi\napari-organoid-segmentation\reports\organoid_measurements_aspirina_5_segmentations\Condição 5 - 19_labels.tif
Condição 5 - 19.jpg,ConvPaint,525,815.0,439.0,1.0,0.0,0.33725491166114807,0.5641895835477563,,C:\Users\sophi\napari-organoid-segmentation\reports\organoid_measurements_aspirina_5_segmentations\Condição 5 - 19_labels.tif
Condição 5 - 19.jpg,ConvPaint,526,815.0,1133.0,1.0,0.0,0.5607843399047852,0.5641895835477563,,C:\Users\sophi\napari-organoid-segmentation\reports\organoid_measurements_aspirina_5_segmentations\Condição 5 - 19_labels.tif
Condição 5 - 19.jpg,ConvPaint,527,815.0,1583.0,3.0,1.0,0.4797385632991791,0.9772050238058398,37.69911184307752,C:\Users\sophi\napari-organoid-segmentation\reports\organoid_measurements_aspirina_5_segmentations\Condição 5 - 19_labels.tif
Condição 5 - 19.jpg,ConvPaint,528,815.0,1638.0,1.0,0.0,0.5529412031173706,0.5641895835477563,,C:\Users\sophi\napari-organoid-segmentation\reports\organoid_measurements_aspirina_5_segmentations\Condição 5 - 19_labels.tif
Condição 5 - 19.jpg,ConvPaint,529,817.0,825.0,3.0,1.0,0.37124183773994446,0.9772050238058398,37.69911184307752,C:\Users\sophi\napari-organoid-segmentation\reports\organoid_measurements_aspirina_5_segmentations\Condição 5 - 19_labels.tif
Condição 5 - 19.jpg,ConvPaint,530,818.0,1584.0,1.0,0.0,0.5254902243614197,0.5641895835477563,,C:\Users\sophi\napari-organoid-segmentation\reports\organoid_measurements_aspirina_5_segmentations\Condição 5 - 19_labels.tif
Condição 5 - 19.jpg,ConvPaint,531,819.3333333333334,1587.0,3.0,1.2071067811865475,0.5477124452590942,0.9772050238058398,25.872580053727066,C:\Users\sophi\napari-organoid-segmentation\reports\organoid_measurements_aspirina_5_segmentations\Condição 5 - 19_labels.tif
Condição 5 - 19.jpg,ConvPaint,532,821.0,266.0,1.0,0.0,0.32156863808631897,0.5641895835477563,,C:\Users\sophi\napari-organoid-segmentation\reports\organoid_measurements_aspirina_5_segmentations\Condição 5 - 19_labels.tif
Condição 5 - 19.jpg,ConvPaint,533,823.1666666666666,815.6666666666666,6.0,5.207106781186548,0.32156863808631897,1.381976597885342,2.7807897046412133,C:\Users\sophi\napari-organoid-segmentation\reports\organoid_measurements_aspirina_5_segmentations\Condição 5 - 19_labels.tif
Condição 5 - 19.jpg,ConvPaint,534,822.4,1142.2,5.0,5.207106781186548,0.6023529767990112,1.2615662610100802,2.3173247538676778,C:\Users\sophi\napari-organoid-segmentation\reports\organoid_measurements_aspirina_5_segmentations\Condição 5 - 19_labels.tif
Condição 5 - 19.jpg,ConvPaint,535,825.7,820.0,10.0,8.414213562373096,0.3894117474555969,1.7841241161527712,1.7749364273220878,C:\Users\sophi\napari-organoid-segmentation\reports\organoid_measurements_aspirina_5_segmentations\Condição 5 - 19_labels.tif
Condição 5 - 19.jpg,ConvPaint,536,826.0,258.0,1.0,0.0,0.5254902243614197,0.5641895835477563,,C:\Users\sophi\napari-organoid-segmentation\reports\organoid_measurements_aspirina_5_segmentations\Condição 5 - 19_labels.tif
Condição 5 - 19.jpg,ConvPaint,537,826.0,1144.0,1.0,0.0,0.6235294342041016,0.5641895835477563,,C:\Users\sophi\napari-organoid-segmentation\reports\organoid_measurements_aspirina_5_segmentations\Condição 5 - 19_labels.tif
Condição 5 - 19.jpg,ConvPaint,538,829.5,1163.0,2.0,0.0,0.4019607901573181,0.7978845608028654,,C:\Users\sophi\napari-organoid-segmentation\reports\organoid_measurements_aspirina_5_segmentations\Condição 5 - 19_labels.tif
Condição 5 - 19.jpg,ConvPaint,539,831.0,438.8333333333333,6.0,6.207106781186548,0.5078431963920593,1.381976597885342,1.9569632997809339,C:\Users\sophi\napari-organoid-segmentation\reports\organoid_measurements_aspirina_5_segmentations\Condição 5 - 19_labels.tif
Condição 5 - 19.jpg,ConvPaint,540,834.0,439.0,1.0,0.0,0.47058823704719543,0.5641895835477563,,C:\Users\sophi\napari-organoid-segmentation\reports\organoid_measurements_aspirina_5_segmentations\Condição 5 - 19_labels.tif
Condição 5 - 19.jpg,ConvPaint,541,834.0,810.0,1.0,0.0,0.4117647111415863,0.5641895835477563,,C:\Users\sophi\napari-organoid-segmentation\reports\organoid_measurements_aspirina_5_segmentations\Condição 5 - 19_labels.tif
Condição 5 - 19.jpg,ConvPaint,542,837.0,1195.0,1.0,0.0,0.4588235318660736,0.5641895835477563,,C:\Users\sophi\napari-organoid-segmentation\reports\organoid_measurements_aspirina_5_segmentations\Condição 5 - 19_labels.tif
Condição 5 - 19.jpg,ConvPaint,543,838.1666666666666,1204.1666666666667,6.0,6.242640687119286,0.3686274588108063,1.381976597885342,1.9347481372744961,C:\Users\sophi\napari-organoid-segmentation\reports\organoid_measurements_aspirina_5_segmentations\Condição 5 - 19_labels.tif
Condição 5 - 19.jpg,ConvPaint,544,838.5,1242.5,4.0,4.0,0.34607842564582825,1.1283791670955126,3.141592653589793,C:\Users\sophi\napari-organoid-segmentation\reports\organoid_measurements_aspirina_5_segmentations\Condição 5 - 19_labels.tif
Condição 5 - 19.jpg,ConvPaint,545,838.5,1251.0,2.0,0.0,0.47843137383461,0.7978845608028654,,C:\Users\sophi\napari-organoid-segmentation\reports\organoid_measurements_aspirina_5_segmentations\Condição 5 - 19_labels.tif
Condição 5 - 19.jpg,ConvPaint,546,841.75,1229.75,12.0,10.0,0.4166666567325592,1.9544100476116797,1.5079644737231006,C:\Users\sophi\napari-organoid-segmentation\reports\organoid_measurements_aspirina_5_segmentations\Condição 5 - 19_labels.tif
Condição 5 - 19.jpg,ConvPaint,547,841.0,1220.0,1.0,0.0,0.34117648005485535,0.5641895835477563,,C:\Users\sophi\napari-organoid-segmentation\reports\organoid_measurements_aspirina_5_segmentations\Condição 5 - 19_labels.tif
Condição 5 - 19.jpg,ConvPaint,548,845.25,687.875,8.0,8.414213562373096,0.3450980484485626,1.5957691216057308,1.4199491418576702,C:\Users\sophi\napari-organoid-segmentation\reports\organoid_measurements_aspirina_5_segmentations\Condição 5 - 19_labels.tif
Condição 5 - 19.jpg,ConvPaint,549,846.0,662.0,5.0,5.414213562373095,0.6000000238418579,1.2615662610100802,2.143429006056056,C:\Users\sophi\napari-organoid-segmentation\reports\organoid_measurements_aspirina_5_segmentations\Condição 5 - 19_labels.tif
Condição 5 - 19.jpg,ConvPaint,550,845.0,803.0,1.0,0.0,0.5176470875740051,0.5641895835477563,,C:\Users\sophi\napari-organoid-segmentation\reports\organoid_measurements_aspirina_5_segmentations\Condição 5 - 19_labels.tif
Condição 5 - 19.jpg,ConvPaint,551,846.5,801.0,2.0,0.0,0.44509804248809814,0.7978845608028654,,C:\Users\sophi\napari-organoid-segmentation\reports\organoid_measurements_aspirina_5_segmentations\Condição 5 - 19_labels.tif
Condição 5 - 19.jpg,ConvPaint,552,848.0,688.0,1.0,0.0,0.34117648005485535,0.5641895835477563,,C:\Users\sophi\napari-organoid-segmentation\reports\organoid_measurements_aspirina_5_segmentations\Condição 5 - 19_labels.tif
Condição 5 - 19.jpg,ConvPaint,553,848.6666666666666,798.6666666666666,3.0,3.414213562373095,0.4470588266849518,0.9772050238058398,3.2340725067158833,C:\Users\sophi\napari-organoid-segmentation\reports\organoid_measurements_aspirina_5_segmentations\Condição 5 - 19_labels.tif
Condição 5 - 19.jpg,ConvPaint,554,850.6666666666666,672.0,3.0,1.4142135623730951,0.47058823704719543,0.9772050238058398,18.849555921538755,C:\Users\sophi\napari-organoid-segmentation\reports\organoid_measurements_aspirina_5_segmentations\Condição 5 - 19_labels.tif
Condição 5 - 19.jpg,ConvPaint,555,853.0,440.5,2.0,0.0,0.6019607782363892,0.7978845608028654,,C:\Users\sophi\napari-organoid-segmentation\reports\organoid_measurements_aspirina_5_segmentations\Condição 5 - 19_labels.tif
Condição 5 - 19.jpg,ConvPaint,556,853.6666666666666,677.0,3.0,1.2071067811865475,0.4941176474094391,0.9772050238058398,25.872580053727066,C:\Users\sophi\napari-organoid-segmentation\reports\organoid_measurements_aspirina_5_segmentations\Condição 5 - 19_labels.tif
Condição 5 - 19.jpg,ConvPaint,557,853.0,686.0,1.0,0.0,0.3960784375667572,0.5641895835477563,,C:\Users\sophi\napari-organoid-segmentation\reports\organoid_measurements_aspirina_5_segmentations\Condição 5 - 19_labels.tif
Condição 5 - 19.jpg,ConvPaint,558,854.0,794.25,4.0,4.621320343559642,0.5176470279693604,1.1283791670955126,2.3536273758173025,C:\Users\sophi\napari-organoid-segmentation\reports\organoid_measurements_aspirina_5_segmentations\Condição 5 - 19_labels.tif
Condição 5 - 19.jpg,ConvPaint,559,854.5,683.0,2.0,0.0,0.4686274528503418,0.7978845608028654,,C:\Users\sophi\napari-organoid-segmentation\reports\organoid_measurements_aspirina_5_segmentations\Condição 5 - 19_labels.tif
Condição 5 - 19.jpg,ConvPaint,560,856.0,721.0,1.0,0.0,0.3333333432674408,0.5641895835477563,,C:\Users\sophi\napari-organoid-segmentation\reports\organoid_measurements_aspirina_5_segmentations\Condição 5 - 19_labels.tif
Condição 5 - 19.jpg,ConvPaint,561,857.5,729.0,2.0,0.0,0.39803922176361084,0.7978845608028654,,C:\Users\sophi\napari-organoid-segmentation\reports\organoid_measurements_aspirina_5_segmentations\Condição 5 - 19_labels.tif
Condição 5 - 19.jpg,ConvPaint,562,858.6666666666666,716.6666666666666,3.0,3.414213562373095,0.4444444477558136,0.9772050238058398,3.2340725067158833,C:\Users\sophi\napari-organoid-segmentation\reports\organoid_measurements_aspirina_5_segmentations\Condição 5 - 19_labels.tif
Condição 5 - 19.jpg,ConvPaint,563,860.0952380952381,775.952380952381,21.0,17.82842712474619,0.3660130798816681,2.5854414729132054,0.8302389391947431,C:\Users\sophi\napari-organoid-segmentation\reports\organoid_measurements_aspirina_5_segmentations\Condição 5 - 19_labels.tif
Condição 5 - 19.jpg,ConvPaint,564,858.5,785.5,2.0,0.0,0.43529412150382996,0.7978845608028654,,C:\Users\sophi\napari-organoid-segmentation\reports\organoid_measurements_aspirina_5_segmentations\Condição 5 - 19_labels.tif
Condição 5 - 19.jpg,ConvPaint,565,859.0,732.0,1.0,0.0,0.43921568989753723,0.5641895835477563,,C:\Users\sophi\napari-organoid-segmentation\reports\organoid_measurements_aspirina_5_segmentations\Condição 5 - 19_labels.tif
Condição 5 - 19.jpg,ConvPaint,566,859.0,734.0,1.0,0.0,0.43921568989753723,0.5641895835477563,,C:\Users\sophi\napari-organoid-segmentation\reports\organoid_measurements_aspirina_5_segmentations\Condição 5 - 19_labels.tif
Condição 5 - 19.jpg,ConvPaint,567,859.0,779.0,1.0,0.0,0.37254902720451355,0.5641895835477563,,C:\Users\sophi\napari-organoid-segmentation\reports\organoid_measurements_aspirina_5_segmentations\Condição 5 - 19_labels.tif
Condição 5 - 19.jpg,ConvPaint,568,861.6666666666666,434.3333333333333,3.0,3.414213562373095,0.2980392277240753,0.9772050238058398,3.2340725067158833,C:\Users\sophi\napari-organoid-segmentation\reports\organoid_measurements_aspirina_5_segmentations\Condição 5 - 19_labels.tif
Condição 5 - 19.jpg,ConvPaint,569,861.0,751.0,1.0,0.0,0.32156863808631897,0.5641895835477563,,C:\Users\sophi\napari-organoid-segmentation\reports\organoid_measurements_aspirina_5_segmentations\Condição 5 - 19_labels.tif
Condição 5 - 19.jpg,ConvPaint,570,861.5,782.0,2.0,0.0,0.4960784316062927,0.7978845608028654,,C:\Users\sophi\napari-organoid-segmentation\reports\organoid_measurements_aspirina_5_segmentations\Condição 5 - 19_labels.tif
Condição 5 - 19.jpg,ConvPaint,571,862.25,747.5,4.0,2.2071067811865475,0.38725489377975464,1.1283791670955126,10.31865673213065,C:\Users\sophi\napari-organoid-segmentation\reports\organoid_measurements_aspirina_5_segmentations\Condição 5 - 19_labels.tif
Condição 5 - 19.jpg,ConvPaint,572,866.2,434.5,10.0,10.207106781186548,0.34470587968826294,1.7841241161527712,1.2061589610298826,C:\Users\sophi\napari-organoid-segmentation\reports\organoid_measurements_aspirina_5_segmentations\Condição 5 - 19_labels.tif
Condição 5 - 19.jpg,ConvPaint,573,865.0,764.0,1.0,0.0,0.3529411852359772,0.5641895835477563,,C:\Users\sophi\napari-organoid-segmentation\reports\organoid_measurements_aspirina_5_segmentations\Condição 5 - 19_labels.tif
Condição 5 - 19.jpg,ConvPaint,574,866.6666666666666,773.8333333333334,6.0,5.0,0.4483660161495209,1.381976597885342,3.015928947446201,C:\Users\sophi\napari-organoid-segmentation\reports\organoid_measurements_aspirina_5_segmentations\Condição 5 - 19_labels.tif
Condição 5 - 19.jpg,ConvPaint,575,871.0,280.5,2.0,0.0,0.6823529601097107,0.7978845608028654,,C:\Users\sophi\napari-organoid-segmentation\reports\organoid_measurements_aspirina_5_segmentations\Condição 5 - 19_labels.tif
Condição 5 - 19.jpg,ConvPaint,576,883.0,297.0,1.0,0.0,0.41960784792900085,0.5641895835477563,,C:\Users\sophi\napari-organoid-segmentation\reports\organoid_measurements_aspirina_5_segmentations\Condição 5 - 19_labels.tif
Condição 5 - 19.jpg,ConvPaint,577,893.0,422.0,1.0,0.0,0.4274509847164154,0.5641895835477563,,C:\Users\sophi\napari-organoid-segmentation\reports\organoid_measurements_aspirina_5_segmentations\Condição 5 - 19_labels.tif
Condição 5 - 19.jpg,ConvPaint,578,895.0,310.0,1.0,0.0,0.6000000238418579,0.5641895835477563,,C:\Users\sophi\napari-organoid-segmentation\reports\organoid_measurements_aspirina_5_segmentations\Condição 5 - 19_labels.tif
Condição 5 - 19.jpg,ConvPaint,579,895.0,424.5,2.0,0.0,0.5647059082984924,0.7978845608028654,,C:\Users\sophi\napari-organoid-segmentation\reports\organoid_measurements_aspirina_5_segmentations\Condição 5 - 19_labels.tif
Condição 5 - 19.jpg,ConvPaint,580,898.6666666666666,416.6666666666667,3.0,3.414213562373095,0.3803921639919281,0.9772050238058398,3.2340725067158833,C:\Users\sophi\napari-organoid-segmentation\reports\organoid_measurements_aspirina_5_segmentations\Condição 5 - 19_labels.tif
Condição 5 - 19.jpg,ConvPaint,581,899.0,312.5,2.0,0.0,0.6666666865348816,0.7978845608028654,,C:\Users\sophi\napari-organoid-segmentation\reports\organoid_measurements_aspirina_5_segmentations\Condição 5 - 19_labels.tif
Condição 5 - 19.jpg,ConvPaint,582,899.0,410.0,1.0,0.0,0.32156863808631897,0.5641895835477563,,C:\Users\sophi\napari-organoid-segmentation\reports\organoid_measurements_aspirina_5_segmentations\Condição 5 - 19_labels.tif
Condição 5 - 19.jpg,ConvPaint,583,902.0,411.0,1.0,0.0,0.3490196168422699,0.5641895835477563,,C:\Users\sophi\napari-organoid-segmentation\reports\organoid_measurements_aspirina_5_segmentations\Condição 5 - 19_labels.tif
Condição 5 - 19.jpg,ConvPaint,584,903.0,408.5,2.0,0.0,0.3607843220233917,0.7978845608028654,,C:\Users\sophi\napari-organoid-segmentation\reports\organoid_measurements_aspirina_5_segmentations\Condição 5 - 19_labels.tif
Condição 5 - 19.jpg,ConvPaint,585,907.0,402.0,1.0,0.0,0.3019607961177826,0.5641895835477563,,C:\Users\sophi\napari-organoid-segmentation\reports\organoid_measurements_aspirina_5_segmentations\Condição 5 - 19_labels.tif
Condição 5 - 19.jpg,ConvPaint,586,907.0,408.0,1.0,0.0,0.4901960790157318,0.5641895835477563,,C:\Users\sophi\napari-organoid-segmentation\reports\organoid_measurements_aspirina_5_segmentations\Condição 5 - 19_labels.tif
Condição 5 - 19.jpg,ConvPaint,587,909.0,343.0,1.0,0.0,0.30588236451148987,0.5641895835477563,,C:\Users\sophi\napari-organoid-segmentation\reports\organoid_measurements_aspirina_5_segmentations\Condição 5 - 19_labels.tif
Condição 5 - 19.jpg,ConvPaint,588,909.0,379.0,1.0,0.0,0.3019607961177826,0.5641895835477563,,C:\Users\sophi\napari-organoid-segmentation\reports\organoid_measurements_aspirina_5_segmentations\Condição 5 - 19_labels.tif
Condição 5 - 19.jpg,ConvPaint,589,911.0,397.0,1.0,0.0,0.37254902720451355,0.5641895835477563,,C:\Users\sophi\napari-organoid-segmentation\reports\organoid_measurements_aspirina_5_segmentations\Condição 5 - 19_labels.tif
Condição 5 - 19.jpg,ConvPaint,590,912.6666666666666,369.1666666666667,6.0,5.0,0.36993464827537537,1.381976597885342,3.015928947446201,C:\Users\sophi\napari-organoid-segmentation\reports\organoid_measurements_aspirina_5_segmentations\Condição 5 - 19_labels.tif
Condição 5 - 19.jpg,ConvPaint,591,913.0,378.0,1.0,0.0,0.32549020648002625,0.5641895835477563,,C:\Users\sophi\napari-organoid-segmentation\reports\organoid_measurements_aspirina_5_segmentations\Condição 5 - 19_labels.tif
Condição 5 - 19.jpg,ConvPaint,592,974.6666666666666,1730.6666666666667,3.0,3.414213562373095,0.558169960975647,0.9772050238058398,3.2340725067158833,C:\Users\sophi\napari-organoid-segmentation\reports\organoid_measurements_aspirina_5_segmentations\Condição 5 - 19_labels.tif
Condição 5 - 19.jpg,ConvPaint,593,977.8,1705.2,5.0,4.207106781186548,0.5490196347236633,1.2615662610100802,3.5498728546441756,C:\Users\sophi\napari-organoid-segmentation\reports\organoid_measurements_aspirina_5_segmentations\Condição 5 - 19_labels.tif
Condição 5 - 19.jpg,ConvPaint,594,977.1666666666666,1713.8333333333333,12.0,9.0,0.03431372717022896,1.9544100476116797,1.8616845354606182,C:\Users\sophi\napari-organoid-segmentation\reports\organoid_measurements_aspirina_5_segmentations\Condição 5 - 19_labels.tif
Condição 5 - 19.jpg,ConvPaint,595,977.625,1737.125,8.0,7.207106781186548,0.2563725709915161,1.5957691216057308,1.9354320909169331,C:\Users\sophi\napari-organoid-segmentation\reports\organoid_measurements_aspirina_5_segmentations\Condição 5 - 19_labels.tif
Condição 5 - 19.jpg,ConvPaint,596,978.0,1845.0,1.0,0.0,0.5215686559677124,0.5641895835477563,,C:\Users\sophi\napari-organoid-segmentation\reports\organoid_measurements_aspirina_5_segmentations\Condição 5 - 19_labels.tif
Condição 5 - 19.jpg,ConvPaint,597,979.0,1712.0,1.0,0.0,0.5529412031173706,0.5641895835477563,,C:\Users\sophi\napari-organoid-segmentation\reports\organoid_measurements_aspirina_5_segmentations\Condição 5 - 19_labels.tif
Condição 5 - 19.jpg,ConvPaint,598,980.0,1807.0,3.0,1.0,0.5333333611488342,0.9772050238058398,37.69911184307752,C:\Users\sophi\napari-organoid-segmentation\reports\organoid_measurements_aspirina_5_segmentations\Condição 5 - 19_labels.tif
Condição 5 - 19.jpg,ConvPaint,599,979.0,1810.0,1.0,0.0,0.5333333611488342,0.5641895835477563,,C:\Users\sophi\napari-organoid-segmentation\reports\organoid_measurements_aspirina_5_segmentations\Condição 5 - 19_labels.tif
Condição 5 - 19.jpg,ConvPaint,600,985.5,1752.0,10.0,8.0,0.18117646872997284,1.7841241161527712,1.9634954084936207,C:\Users\sophi\napari-organoid-segmentation\reports\organoid_measurements_aspirina_5_segmentations\Condição 5 - 19_labels.tif
Condição 5 - 19.jpg,ConvPaint,601,986.5,1755.0,12.0,10.0,0.2486928254365921,1.9544100476116797,1.5079644737231006,C:\Users\sophi\napari-organoid-segmentation\reports\organoid_measurements_aspirina_5_segmentations\Condição 5 - 19_labels.tif
Condição 5 - 19.jpg,ConvPaint,602,983.0,1840.0,1.0,0.0,0.0,0.5641895835477563,,C:\Users\sophi\napari-organoid-segmentation\reports\organoid_measurements_aspirina_5_segmentations\Condição 5 - 19_labels.tif
Condição 5 - 19.jpg,ConvPaint,603,984.0,1836.0,1.0,0.0,0.0,0.5641895835477563,,C:\Users\sophi\napari-organoid-segmentation\reports\organoid_measurements_aspirina_5_segmentations\Condição 5 - 19_labels.tif
Condição 5 - 19.jpg,ConvPaint,604,986.0,1848.0,1.0,0.0,0.5215686559677124,0.5641895835477563,,C:\Users\sophi\napari-organoid-segmentation\reports\organoid_measurements_aspirina_5_segmentations\Condição 5 - 19_labels.tif
Condição 5 - 19.jpg,ConvPaint,605,987.0,1827.0,1.0,0.0,0.0,0.5641895835477563,,C:\Users\sophi\napari-organoid-segmentation\reports\organoid_measurements_aspirina_5_segmentations\Condição 5 - 19_labels.tif
Condição 5 - 19.jpg,ConvPaint,606,987.0,1834.0,1.0,0.0,0.529411792755127,0.5641895835477563,,C:\Users\sophi\napari-organoid-segmentation\reports\organoid_measurements_aspirina_5_segmentations\Condição 5 - 19_labels.tif
Condição 5 - 19.jpg,ConvPaint,607,989.0,1708.0,1.0,0.0,0.529411792755127,0.5641895835477563,,C:\Users\sophi\napari-organoid-segmentation\reports\organoid_measurements_aspirina_5_segmentations\Condição 5 - 19_labels.tif
Condição 5 - 19.jpg,ConvPaint,608,994.6,1804.8,5.0,5.207106781186548,0.5364705920219421,1.2615662610100802,2.3173247538676778,C:\Users\sophi\napari-organoid-segmentation\reports\organoid_measurements_aspirina_5_segmentations\Condição 5 - 19_labels.tif
Condição 5 - 19.jpg,ConvPaint,609,997.75,1705.3333333333333,12.0,10.242640687119284,0.5071895122528076,1.9544100476116797,1.4373655585403928,C:\Users\sophi\napari-organoid-segmentation\reports\organoid_measurements_aspirina_5_segmentations\Condição 5 - 19_labels.tif
Condição 5 - 19.jpg,ConvPaint,610,996.0,1729.0,1.0,0.0,0.5686274766921997,0.5641895835477563,,C:\Users\sophi\napari-organoid-segmentation\reports\organoid_measurements_aspirina_5_segmentations\Condição 5 - 19_labels.tif
Condição 5 - 19.jpg,ConvPaint,611,998.0,1740.0,3.0,1.0,0.36732029914855957,0.9772050238058398,37.69911184307752,C:\Users\sophi\napari-organoid-segmentation\reports\organoid_measurements_aspirina_5_segmentations\Condição 5 - 19_labels.tif
Condição 5 - 19.jpg,ConvPaint,612,999.75,1728.625,8.0,8.242640687119284,0.5392156839370728,1.5957691216057308,1.479677650017442,C:\Users\sophi\napari-organoid-segmentation\reports\organoid_measurements_aspirina_5_segmentations\Condição 5 - 19_labels.tif
Condição 5 - 19.jpg,ConvPaint,613,999.0,1742.5,2.0,0.0,0.0,0.7978845608028654,,C:\Users\sophi\napari-organoid-segmentation\reports\organoid_measurements_aspirina_5_segmentations\Condição 5 - 19_labels.tif
Condição 5 - 19.jpg,ConvPaint,614,1003.0,1706.0,1.0,0.0,0.5254902243614197,0.5641895835477563,,C:\Users\sophi\napari-organoid-segmentation\reports\organoid_measurements_aspirina_5_segmentations\Condição 5 - 19_labels.tif
Condição 5 - 19.jpg,ConvPaint,615,1004.0,1798.5,6.0,6.0,0.07320261746644974,1.381976597885342,2.0943951023931953,C:\Users\sophi\napari-organoid-segmentation\reports\organoid_measurements_aspirina_5_segmentations\Condição 5 - 19_labels.tif
Condição 5 - 19.jpg,ConvPaint,616,1012.0,1793.0,1.0,0.0,0.5333333611488342,0.5641895835477563,,C:\Users\sophi\napari-organoid-segmentation\reports\organoid_measurements_aspirina_5_segmentations\Condição 5 - 19_labels.tif
Condição 5 - 19.jpg,ConvPaint,617,1012.0,1799.0,1.0,0.0,0.5372549295425415,0.5641895835477563,,C:\Users\sophi\napari-organoid-segmentation\reports\organoid_measurements_aspirina_5_segmentations\Condição 5 - 19_labels.tif
Condição 5 - 19.jpg,ConvPaint,618,1015.0,1726.5,2.0,0.0,0.5235294103622437,0.7978845608028654,,C:\Users\sophi\napari-organoid-segmentation\reports\organoid_measurements_aspirina_5_segmentations\Condição 5 - 19_labels.tif
Condição 5 - 19.jpg,ConvPaint,619,1017.0,1634.0,3.0,1.0,0.5084967613220215,0.9772050238058398,37.69911184307752,C:\Users\sophi\napari-organoid-segmentation\reports\organoid_measurements_aspirina_5_segmentations\Condição 5 - 19_labels.tif
Condição 5 - 19.jpg,ConvPaint,620,1021.8,1630.4,5.0,5.207106781186548,0.4713725447654724,1.2615662610100802,2.3173247538676778,C:\Users\sophi\napari-organoid-segmentation\reports\organoid_measurements_aspirina_5_segmentations\Condição 5 - 19_labels.tif
Condição 5 - 19.jpg,ConvPaint,621,1023.4,1652.6,5.0,4.207106781186548,0.3137255012989044,1.2615662610100802,3.5498728546441756,C:\Users\sophi\napari-organoid-segmentation\reports\organoid_measurements_aspirina_5_segmentations\Condição 5 - 19_labels.tif
Condição 5 - 19.jpg,ConvPaint,622,1024.0,1611.0,1.0,0.0,0.47058823704719543,0.5641895835477563,,C:\Users\sophi\napari-organoid-segmentation\reports\organoid_measurements_aspirina_5_segmentations\Condição 5 - 19_labels.tif
Condição 5 - 19.jpg,ConvPaint,623,1024.5,1619.0,2.0,0.0,0.5058823823928833,0.7978845608028654,,C:\Users\sophi\napari-organoid-segmentation\reports\organoid_measurements_aspirina_5_segmentations\Condição 5 - 19_labels.tif
Condição 5 - 19.jpg,ConvPaint,624,1024.0,1643.0,1.0,0.0,0.3137255012989044,0.5641895835477563,,C:\Users\sophi\napari-organoid-segmentation\reports\organoid_measurements_aspirina_5_segmentations\Condição 5 - 19_labels.tif
Condição 5 - 19.jpg,ConvPaint,625,1057.48446858894,1641.9380136509262,7179.0,607.605122421383,0.21963244676589966,47.803207768029885,0.24436047704273922,C:\Users\sophi\napari-organoid-segmentation\reports\organoid_measurements_aspirina_5_segmentations\Condição 5 - 19_labels.tif
Condição 5 - 19.jpg,ConvPaint,626,1025.0,1627.0,1.0,0.0,0.4431372582912445,0.5641895835477563,,C:\Users\sophi\napari-organoid-segmentation\reports\organoid_measurements_aspirina_5_segmentations\Condição 5 - 19_labels.tif
Condição 5 - 19.jpg,ConvPaint,627,1028.0,1605.0,1.0,0.0,0.46666666865348816,0.5641895835477563,,C:\Users\sophi\napari-organoid-segmentation\reports\organoid_measurements_aspirina_5_segmentations\Condição 5 - 19_labels.tif
Condição 5 - 19.jpg,ConvPaint,628,1030.25,1606.25,4.0,2.414213562373095,0.40392157435417175,1.1283791670955126,8.624193351242356,C:\Users\sophi\napari-organoid-segmentation\reports\organoid_measurements_aspirina_5_segmentations\Condição 5 - 19_labels.tif
Condição 5 - 19.jpg,ConvPaint,629,1030.0,1619.0,1.0,0.0,0.35686275362968445,0.5641895835477563,,C:\Users\sophi\napari-organoid-segmentation\reports\organoid_measurements_aspirina_5_segmentations\Condição 5 - 19_labels.tif
Condição 5 - 19.jpg,ConvPaint,630,1036.0,1836.0,1.0,0.0,0.5333333611488342,0.5641895835477563,,C:\Users\sophi\napari-organoid-segmentation\reports\organoid_measurements_aspirina_5_segmentations\Condição 5 - 19_labels.tif
Condição 5 - 19.jpg,ConvPaint,631,1043.9130434782608,1573.391304347826,23.0,18.242640687119284,0.4620630741119385,2.7057581899030048,0.8684849393317762,C:\Users\sophi\napari-organoid-segmentation\reports\organoid_measurements_aspirina_5_segmentations\Condição 5 - 19_labels.tif
Condição 5 - 19.jpg,ConvPaint,632,1044.0,1578.0,1.0,0.0,0.3294117748737335,0.5641895835477563,,C:\Users\sophi\napari-organoid-segmentation\reports\organoid_measurements_aspirina_5_segmentations\Condição 5 - 19_labels.tif
Condição 5 - 19.jpg,ConvPaint,633,1045.0,1580.0,1.0,0.0,0.32156863808631897,0.5641895835477563,,C:\Users\sophi\napari-organoid-segmentation\reports\organoid_measurements_aspirina_5_segmentations\Condição 5 - 19_labels.tif
Condição 5 - 19.jpg,ConvPaint,634,1051.0,1714.0,1.0,0.0,0.4745098054409027,0.5641895835477563,,C:\Users\sophi\napari-organoid-segmentation\reports\organoid_measurements_aspirina_5_segmentations\Condição 5 - 19_labels.tif
Condição 5 - 19.jpg,ConvPaint,635,1056.0,1244.5,2.0,0.0,0.44117647409439087,0.7978845608028654,,C:\Users\sophi\napari-organoid-segmentation\reports\organoid_measurements_aspirina_5_segmentations\Condição 5 - 19_labels.tif
Condição 5 - 19.jpg,ConvPaint,636,1056.0,1564.0,1.0,0.0,0.3529411852359772,0.5641895835477563,,C:\Users\sophi\napari-organoid-segmentation\reports\organoid_measurements_aspirina_5_segmentations\Condição 5 - 19_labels.tif
Condição 5 - 19.jpg,ConvPaint,637,1056.0,1719.0,1.0,0.0,0.43921568989753723,0.5641895835477563,,C:\Users\sophi\napari-organoid-segmentation\reports\organoid_measurements_aspirina_5_segmentations\Condição 5 - 19_labels.tif
Condição 5 - 19.jpg,ConvPaint,638,1071.8501469147893,1232.6366307541625,1021.0,238.25483399593904,0.2837088108062744,18.02760088846129,0.22602275505090097,C:\Users\sophi\napari-organoid-segmentation\reports\organoid_measurements_aspirina_5_segmentations\Condição 5 - 19_labels.tif
Condição 5 - 19.jpg,ConvPaint,639,1060.0,1255.0,1.0,0.0,0.35686275362968445,0.5641895835477563,,C:\Users\sophi\napari-organoid-segmentation\reports\organoid_measurements_aspirina_5_segmentations\Condição 5 - 19_labels.tif
Condição 5 - 19.jpg,ConvPaint,640,1061.0,1204.5,2.0,0.0,0.46666666865348816,0.7978845608028654,,C:\Users\sophi\napari-organoid-segmentation\reports\organoid_measurements_aspirina_5_segmentations\Condição 5 - 19_labels.tif
Condição 5 - 19.jpg,ConvPaint,641,1062.0,1229.0,1.0,0.0,0.29411765933036804,0.5641895835477563,,C:\Users\sophi\napari-organoid-segmentation\reports\organoid_measurements_aspirina_5_segmentations\Condição 5 - 19_labels.tif
Condição 5 - 19.jpg,ConvPaint,642,1063.0,1201.0,1.0,0.0,0.5098039507865906,0.5641895835477563,,C:\Users\sophi\napari-organoid-segmentation\reports\organoid_measurements_aspirina_5_segmentations\Condição 5 - 19_labels.tif
Condição 5 - 19.jpg,ConvPaint,643,1064.0,1212.0,1.0,0.0,0.3019607961177826,0.5641895835477563,,C:\Users\sophi\napari-organoid-segmentation\reports\organoid_measurements_aspirina_5_segmentations\Condição 5 - 19_labels.tif
Condição 5 - 19.jpg,ConvPaint,644,1064.75,1728.75,4.0,3.2071067811865475,0.4696078598499298,1.1283791670955126,4.887007608661263,C:\Users\sophi\napari-organoid-segmentation\reports\organoid_measurements_aspirina_5_segmentations\Condição 5 - 19_labels.tif
Condição 5 - 19.jpg,ConvPaint,645,1067.0,1203.0,1.0,0.0,0.4156862795352936,0.5641895835477563,,C:\Users\sophi\napari-organoid-segmentation\reports\organoid_measurements_aspirina_5_segmentations\Condição 5 - 19_labels.tif
Condição 5 - 19.jpg,ConvPaint,646,1070.5,1193.5,14.0,12.207106781186548,0.5140056014060974,2.111004122822376,1.180626188816438,C:\Users\sophi\napari-organoid-segmentation\reports\organoid_measurements_aspirina_5_segmentations\Condição 5 - 19_labels.tif
Condição 5 - 19.jpg,ConvPaint,647,1068.0,1270.5,2.0,0.0,0.4627451002597809,0.7978845608028654,,C:\Users\sophi\napari-organoid-segmentation\reports\organoid_measurements_aspirina_5_segmentations\Condição 5 - 19_labels.tif
Condição 5 - 19.jpg,ConvPaint,648,1068.6666666666667,1730.3333333333333,3.0,3.414213562373095,0.43921568989753723,0.9772050238058398,3.2340725067158833,C:\Users\sophi\napari-organoid-segmentation\reports\organoid_measurements_aspirina_5_segmentations\Condição 5 - 19_labels.tif
Condição 5 - 19.jpg,ConvPaint,649,1070.0,1269.0,1.0,0.0,0.3843137323856354,0.5641895835477563,,C:\Users\sophi\napari-organoid-segmentation\reports\organoid_measurements_aspirina_5_segmentations\Condição 5 - 19_labels.tif
Condição 5 - 19.jpg,ConvPaint,650,1070.0,1550.0,1.0,0.0,0.3686274588108063,0.5641895835477563,,C:\Users\sophi\napari-organoid-segmentation\reports\organoid_measurements_aspirina_5_segmentations\Condição 5 - 19_labels.tif
Condição 5 - 19.jpg,ConvPaint,651,1072.0,1280.0,1.0,0.0,0.43529412150382996,0.5641895835477563,,C:\Users\sophi\napari-organoid-segmentation\reports\organoid_measurements_aspirina_5_segmentations\Condição 5 - 19_labels.tif
Condição 5 - 19.jpg,ConvPaint,652,1074.5,1733.5,10.0,10.82842712474619,0.4486274719238281,1.7841241161527712,1.071714503028028,C:\Users\sophi\napari-organoid-segmentation\reports\organoid_measurements_aspirina_5_segmentations\Condição 5 - 19_labels.tif
Condição 5 - 19.jpg,ConvPaint,653,1075.8,1269.8,5.0,4.621320343559642,0.3584313988685608,1.2615662610100802,2.9420342197716285,C:\Users\sophi\napari-organoid-segmentation\reports\organoid_measurements_aspirina_5_segmentations\Condição 5 - 19_labels.tif
Condição 5 - 19.jpg,ConvPaint,654,1076.5,1541.0,2.0,0.0,0.503921627998352,0.7978845608028654,,C:\Users\sophi\napari-organoid-segmentation\reports\organoid_measurements_aspirina_5_segmentations\Condição 5 - 19_labels.tif
Condição 5 - 19.jpg,ConvPaint,655,1076.0,1739.0,1.0,0.0,0.5215686559677124,0.5641895835477563,,C:\Users\sophi\napari-organoid-segmentation\reports\organoid_measurements_aspirina_5_segmentations\Condição 5 - 19_labels.tif
Condição 5 - 19.jpg,ConvPaint,656,1079.0,1278.0,1.0,0.0,0.364705890417099,0.5641895835477563,,C:\Users\sophi\napari-organoid-segmentation\reports\organoid_measurements_aspirina_5_segmentations\Condição 5 - 19_labels.tif
Condição 5 - 20.jpg,ConvPaint,1,18.294926413632844,204.31080557707205,5164.0,487.75840533340715,0.2436179667711258,40.5432146265327,0.27276370023588953,C:\Users\sophi\napari-organoid-segmentation\reports\organoid_measurements_aspirina_5_segmentations\Condição 5 - 20_labels.tif
Condição 5 - 20.jpg,ConvPaint,2,0.5,286.5,4.0,4.0,0.4637255072593689,1.1283791670955126,3.141592653589793,C:\Users\sophi\napari-organoid-segmentation\reports\organoid_measurements_aspirina_5_segmentations\Condição 5 - 20_labels.tif
Condição 5 - 20.jpg,ConvPaint,3,25.23693379790941,600.9705882352941,9758.0,681.2558800164657,0.21449993550777435,55.73210806511296,0.26421054705467983,C:\Users\sophi\napari-organoid-segmentation\reports\organoid_measurements_aspirina_5_segmentations\Condição 5 - 20_labels.tif
Condição 5 - 20.jpg,ConvPaint,4,2.5,703.1428571428571,14.0,12.035533905932738,0.34649857878685,2.111004122822376,1.2145270120957958,C:\Users\sophi\napari-organoid-segmentation\reports\organoid_measurements_aspirina_5_segmentations\Condição 5 - 20_labels.tif
Condição 5 - 20.jpg,ConvPaint,5,1.0,937.6666666666666,3.0,1.4142135623730951,0.5202614665031433,0.9772050238058398,18.849555921538755,C:\Users\sophi\napari-organoid-segmentation\reports\organoid_measurements_aspirina_5_segmentations\Condição 5 - 20_labels.tif
Condição 5 - 20.jpg,ConvPaint,6,15.025988207032103,1022.2188250709762,4579.0,456.373629022557,0.20780202746391296,38.1777548951687,0.27627362423934243,C:\Users\sophi\napari-organoid-segmentation\reports\organoid_measurements_aspirina_5_segmentations\Condição 5 - 20_labels.tif
Condição 5 - 20.jpg,ConvPaint,7,1.0,284.0,1.0,0.0,0.3764705955982208,0.5641895835477563,,C:\Users\sophi\napari-organoid-segmentation\reports\organoid_measurements_aspirina_5_segmentations\Condição 5 - 20_labels.tif
Condição 5 - 20.jpg,ConvPaint,8,3.0,128.0,1.0,0.0,0.32549020648002625,0.5641895835477563,,C:\Users\sophi\napari-organoid-segmentation\reports\organoid_measurements_aspirina_5_segmentations\Condição 5 - 20_labels.tif
Condição 5 - 20.jpg,ConvPaint,9,3.0,933.0,1.0,0.0,0.5568627715110779,0.5641895835477563,,C:\Users\sophi\napari-organoid-segmentation\reports\organoid_measurements_aspirina_5_segmentations\Condição 5 - 20_labels.tif
Condição 5 - 20.jpg,ConvPaint,10,8.0,940.0,1.0,0.0,0.4470588266849518,0.5641895835477563,,C:\Users\sophi\napari-organoid-segmentation\reports\organoid_measurements_aspirina_5_segmentations\Condição 5 - 20_labels.tif
Condição 5 - 20.jpg,ConvPaint,11,9.0,705.0,1.0,0.0,0.43529412150382996,0.5641895835477563,,C:\Users\sophi\napari-organoid-segmentation\reports\organoid_measurements_aspirina_5_segmentations\Condição 5 - 20_labels.tif
Condição 5 - 20.jpg,ConvPaint,12,12.5,119.0,2.0,0.0,0.44509804248809814,0.7978845608028654,,C:\Users\sophi\napari-organoid-segmentation\reports\organoid_measurements_aspirina_5_segmentations\Condição 5 - 20_labels.tif
Condição 5 - 20.jpg,ConvPaint,13,12.0,487.0,1.0,0.0,0.43921568989753723,0.5641895835477563,,C:\Users\sophi\napari-organoid-segmentation\reports\organoid_measurements_aspirina_5_segmentations\Condição 5 - 20_labels.tif
Condição 5 - 20.jpg,ConvPaint,14,14.5,500.0,2.0,0.0,0.3549019694328308,0.7978845608028654,,C:\Users\sophi\napari-organoid-segmentation\reports\organoid_measurements_aspirina_5_segmentations\Condição 5 - 20_labels.tif
Condição 5 - 20.jpg,ConvPaint,15,15.0,132.5,2.0,0.0,0.364705890417099,0.7978845608028654,,C:\Users\sophi\napari-organoid-segmentation\reports\organoid_measurements_aspirina_5_segmentations\Condição 5 - 20_labels.tif
Condição 5 - 20.jpg,ConvPaint,16,16.0,1095.0,3.0,1.0,0.38823530077934265,0.9772050238058398,37.69911184307752,C:\Users\sophi\napari-organoid-segmentation\reports\organoid_measurements_aspirina_5_segmentations\Condição 5 - 20_labels.tif
Condição 5 - 20.jpg,ConvPaint,17,17.0,943.0,1.0,0.0,0.4941176474094391,0.5641895835477563,,C:\Users\sophi\napari-organoid-segmentation\reports\organoid_measurements_aspirina_5_segmentations\Condição 5 - 20_labels.tif
Condição 5 - 20.jpg,ConvPaint,18,18.0,495.0,1.0,0.0,0.4313725531101227,0.5641895835477563,,C:\Users\sophi\napari-organoid-segmentation\reports\organoid_measurements_aspirina_5_segmentations\Condição 5 - 20_labels.tif
Condição 5 - 20.jpg,ConvPaint,19,20.25,274.5,4.0,3.414213562373095,0.34117648005485535,1.1283791670955126,4.312096675621178,C:\Users\sophi\napari-organoid-segmentation\reports\organoid_measurements_aspirina_5_segmentations\Condição 5 - 20_labels.tif
Condição 5 - 20.jpg,ConvPaint,20,19.0,1091.0,1.0,0.0,0.364705890417099,0.5641895835477563,,C:\Users\sophi\napari-organoid-segmentation\reports\organoid_measurements_aspirina_5_segmentations\Condição 5 - 20_labels.tif
Condição 5 - 20.jpg,ConvPaint,21,20.0,120.0,1.0,0.0,0.4745098054409027,0.5641895835477563,,C:\Users\sophi\napari-organoid-segmentation\reports\organoid_measurements_aspirina_5_segmentations\Condição 5 - 20_labels.tif
Condição 5 - 20.jpg,ConvPaint,22,20.4,266.2,5.0,5.207106781186548,0.338823527097702,1.2615662610100802,2.3173247538676778,C:\Users\sophi\napari-organoid-segmentation\reports\organoid_measurements_aspirina_5_segmentations\Condição 5 - 20_labels.tif
Condição 5 - 20.jpg,ConvPaint,23,20.666666666666668,277.6666666666667,3.0,3.414213562373095,0.4104575216770172,0.9772050238058398,3.2340725067158833,C:\Users\sophi\napari-organoid-segmentation\reports\organoid_measurements_aspirina_5_segmentations\Condição 5 - 20_labels.tif
Condição 5 - 20.jpg,ConvPaint,24,21.0,492.5,16.0,12.0,0.41519609093666077,2.256758334191025,1.3962634015954636,C:\Users\sophi\napari-organoid-segmentation\reports\organoid_measurements_aspirina_5_segmentations\Condição 5 - 20_labels.tif
Condição 5 - 20.jpg,ConvPaint,25,20.666666666666668,498.6666666666667,3.0,3.414213562373095,0.4091503322124481,0.9772050238058398,3.2340725067158833,C:\Users\sophi\napari-organoid-segmentation\reports\organoid_measurements_aspirina_5_segmentations\Condição 5 - 20_labels.tif
Condição 5 - 20.jpg,ConvPaint,26,22.285714285714285,281.14285714285717,7.0,6.207106781186548,0.48683473467826843,1.4927053303604616,2.2831238497444226,C:\Users\sophi\napari-organoid-segmentation\reports\organoid_measurements_aspirina_5_segmentations\Condição 5 - 20_labels.tif
Condição 5 - 20.jpg,ConvPaint,27,23.0,958.3333333333334,3.0,1.2071067811865475,0.4901960790157318,0.9772050238058398,25.872580053727066,C:\Users\sophi\napari-organoid-segmentation\reports\organoid_measurements_aspirina_5_segmentations\Condição 5 - 20_labels.tif
Condição 5 - 20.jpg,ConvPaint,28,26.428571428571427,497.0,7.0,5.207106781186548,0.4089636206626892,1.4927053303604616,3.244254655414749,C:\Users\sophi\napari-organoid-segmentation\reports\organoid_measurements_aspirina_5_segmentations\Condição 5 - 20_labels.tif
Condição 5 - 20.jpg,ConvPaint,29,26.5,274.5,4.0,4.0,0.40980392694473267,1.1283791670955126,3.141592653589793,C:\Users\sophi\napari-organoid-segmentation\reports\organoid_measurements_aspirina_5_segmentations\Condição 5 - 20_labels.tif
Condição 5 - 20.jpg,ConvPaint,30,27.4,698.0,5.0,4.621320343559642,0.4250980317592621,1.2615662610100802,2.9420342197716285,C:\Users\sophi\napari-organoid-segmentation\reports\organoid_measurements_aspirina_5_segmentations\Condição 5 - 20_labels.tif
Condição 5 - 20.jpg,ConvPaint,31,29.22222222222222,270.6666666666667,9.0,8.0,0.3616557717323303,1.692568750643269,1.7671458676442586,C:\Users\sophi\napari-organoid-segmentation\reports\organoid_measurements_aspirina_5_segmentations\Condição 5 - 20_labels.tif
Condição 5 - 20.jpg,ConvPaint,32,28.5,505.0,2.0,0.0,0.386274516582489,0.7978845608028654,,C:\Users\sophi\napari-organoid-segmentation\reports\organoid_measurements_aspirina_5_segmentations\Condição 5 - 20_labels.tif
Condição 5 - 20.jpg,ConvPaint,33,28.0,695.0,1.0,0.0,0.3529411852359772,0.5641895835477563,,C:\Users\sophi\napari-organoid-segmentation\reports\organoid_measurements_aspirina_5_segmentations\Condição 5 - 20_labels.tif
Condição 5 - 20.jpg,ConvPaint,34,29.0,500.0,1.0,0.0,0.3803921639919281,0.5641895835477563,,C:\Users\sophi\napari-organoid-segmentation\reports\organoid_measurements_aspirina_5_segmentations\Condição 5 - 20_labels.tif
Condição 5 - 20.jpg,ConvPaint,35,29.0,978.0,1.0,0.0,0.3960784375667572,0.5641895835477563,,C:\Users\sophi\napari-organoid-segmentation\reports\organoid_measurements_aspirina_5_segmentations\Condição 5 - 20_labels.tif
Condição 5 - 20.jpg,ConvPaint,36,29.0,1074.0,1.0,0.0,0.3490196168422699,0.5641895835477563,,C:\Users\sophi\napari-organoid-segmentation\reports\organoid_measurements_aspirina_5_segmentations\Condição 5 - 20_labels.tif
Condição 5 - 20.jpg,ConvPaint,37,31.5,265.0,2.0,0.0,0.34705883264541626,0.7978845608028654,,C:\Users\sophi\napari-organoid-segmentation\reports\organoid_measurements_aspirina_5_segmentations\Condição 5 - 20_labels.tif
Condição 5 - 20.jpg,ConvPaint,38,32.333333333333336,506.6666666666667,3.0,3.414213562373095,0.3633987009525299,0.9772050238058398,3.2340725067158833,C:\Users\sophi\napari-organoid-segmentation\reports\organoid_measurements_aspirina_5_segmentations\Condição 5 - 20_labels.tif
Condição 5 - 20.jpg,ConvPaint,39,34.25,150.25,4.0,3.2071067811865475,0.34117648005485535,1.1283791670955126,4.887007608661263,C:\Users\sophi\napari-organoid-segmentation\reports\organoid_measurements_aspirina_5_segmentations\Condição 5 - 20_labels.tif
Condição 5 - 20.jpg,ConvPaint,40,34.5,263.0,2.0,0.0,0.34117648005485535,0.7978845608028654,,C:\Users\sophi\napari-organoid-segmentation\reports\organoid_measurements_aspirina_5_segmentations\Condição 5 - 20_labels.tif
Condição 5 - 20.jpg,ConvPaint,41,34.5,265.0,2.0,0.0,0.40784314274787903,0.7978845608028654,,C:\Users\sophi\napari-organoid-segmentation\reports\organoid_measurements_aspirina_5_segmentations\Condição 5 - 20_labels.tif
Condição 5 - 20.jpg,ConvPaint,42,34.666666666666664,690.6666666666666,3.0,3.414213562373095,0.3620915114879608,0.9772050238058398,3.2340725067158833,C:\Users\sophi\napari-organoid-segmentation\reports\organoid_measurements_aspirina_5_segmentations\Condição 5 - 20_labels.tif
Condição 5 - 20.jpg,ConvPaint,43,35.0,1050.0,1.0,0.0,0.364705890417099,0.5641895835477563,,C:\Users\sophi\napari-organoid-segmentation\reports\organoid_measurements_aspirina_5_segmentations\Condição 5 - 20_labels.tif
Condição 5 - 20.jpg,ConvPaint,44,38.5,250.0,2.0,0.0,0.3392156958580017,0.7978845608028654,,C:\Users\sophi\napari-organoid-segmentation\reports\organoid_measurements_aspirina_5_segmentations\Condição 5 - 20_labels.tif
Condição 5 - 20.jpg,ConvPaint,45,38.75,266.25,4.0,3.2071067811865475,0.4843137264251709,1.1283791670955126,4.887007608661263,C:\Users\sophi\napari-organoid-segmentation\reports\organoid_measurements_aspirina_5_segmentations\Condição 5 - 20_labels.tif
Condição 5 - 20.jpg,ConvPaint,46,38.5,509.0,6.0,6.0,0.3921568691730499,1.381976597885342,2.0943951023931953,C:\Users\sophi\napari-organoid-segmentation\reports\organoid_measurements_aspirina_5_segmentations\Condição 5 - 20_labels.tif
Condição 5 - 20.jpg,ConvPaint,47,38.666666666666664,1030.3333333333333,3.0,3.414213562373095,0.3803921639919281,0.9772050238058398,3.2340725067158833,C:\Users\sophi\napari-organoid-segmentation\reports\organoid_measurements_aspirina_5_segmentations\Condição 5 - 20_labels.tif
Condição 5 - 20.jpg,ConvPaint,48,39.0,1027.0,1.0,0.0,0.3764705955982208,0.5641895835477563,,C:\Users\sophi\napari-organoid-segmentation\reports\organoid_measurements_aspirina_5_segmentations\Condição 5 - 20_labels.tif
Condição 5 - 20.jpg,ConvPaint,49,42.2,234.2,5.0,4.0,0.33803921937942505,1.2615662610100802,3.9269908169872414,C:\Users\sophi\napari-organoid-segmentation\reports\organoid_measurements_aspirina_5_segmentations\Condição 5 - 20_labels.tif
Condição 5 - 20.jpg,ConvPaint,50,43.0,252.0,1.0,0.0,0.37254902720451355,0.5641895835477563,,C:\Users\sophi\napari-organoid-segmentation\reports\organoid_measurements_aspirina_5_segmentations\Condição 5 - 20_labels.tif
Condição 5 - 20.jpg,ConvPaint,51,46.5,186.0,2.0,0.0,0.36274510622024536,0.7978845608028654,,C:\Users\sophi\napari-organoid-segmentation\reports\organoid_measurements_aspirina_5_segmentations\Condição 5 - 20_labels.tif
Condição 5 - 20.jpg,ConvPaint,52,46.5,226.5,4.0,4.0,0.36274510622024536,1.1283791670955126,3.141592653589793,C:\Users\sophi\napari-organoid-segmentation\reports\organoid_measurements_aspirina_5_segmentations\Condição 5 - 20_labels.tif
Condição 5 - 20.jpg,ConvPaint,53,46.5,241.5,8.0,8.0,0.3715686500072479,1.5957691216057308,1.5707963267948966,C:\Users\sophi\napari-organoid-segmentation\reports\organoid_measurements_aspirina_5_segmentations\Condição 5 - 20_labels.tif
Condição 5 - 20.jpg,ConvPaint,54,48.0,201.0,1.0,0.0,0.3686274588108063,0.5641895835477563,,C:\Users\sophi\napari-organoid-segmentation\reports\organoid_measurements_aspirina_5_segmentations\Condição 5 - 20_labels.tif
Condição 5 - 20.jpg,ConvPaint,55,49.0,666.0,1.0,0.0,0.32549020648002625,0.5641895835477563,,C:\Users\sophi\napari-organoid-segmentation\reports\organoid_measurements_aspirina_5_segmentations\Condição 5 - 20_labels.tif
Condição 5 - 20.jpg,ConvPaint,56,50.666666666666664,173.33333333333334,6.0,6.621320343559642,0.36143791675567627,1.381976597885342,1.719776122021775,C:\Users\sophi\napari-organoid-segmentation\reports\organoid_measurements_aspirina_5_segmentations\Condição 5 - 20_labels.tif
Condição 5 - 20.jpg,ConvPaint,57,50.5,220.5,4.0,4.0,0.44607841968536377,1.1283791670955126,3.141592653589793,C:\Users\sophi\napari-organoid-segmentation\reports\organoid_measurements_aspirina_5_segmentations\Condição 5 - 20_labels.tif
Condição 5 - 20.jpg,ConvPaint,58,51.0,665.5,2.0,0.0,0.3549019694328308,0.7978845608028654,,C:\Users\sophi\napari-organoid-segmentation\reports\organoid_measurements_aspirina_5_segmentations\Condição 5 - 20_labels.tif
Condição 5 - 20.jpg,ConvPaint,59,53.333333333333336,178.0,6.0,6.621320343559642,0.3803921639919281,1.381976597885342,1.719776122021775,C:\Users\sophi\napari-organoid-segmentation\reports\organoid_measurements_aspirina_5_segmentations\Condição 5 - 20_labels.tif
Condição 5 - 20.jpg,ConvPaint,60,52.0,201.0,1.0,0.0,0.4000000059604645,0.5641895835477563,,C:\Users\sophi\napari-organoid-segmentation\reports\organoid_measurements_aspirina_5_segmentations\Condição 5 - 20_labels.tif
Condição 5 - 20.jpg,ConvPaint,61,52.5,235.0,2.0,0.0,0.4745098054409027,0.7978845608028654,,C:\Users\sophi\napari-organoid-segmentation\reports\organoid_measurements_aspirina_5_segmentations\Condição 5 - 20_labels.tif
Condição 5 - 20.jpg,ConvPaint,62,53.0,203.0,1.0,0.0,0.4313725531101227,0.5641895835477563,,C:\Users\sophi\napari-organoid-segmentation\reports\organoid_measurements_aspirina_5_segmentations\Condição 5 - 20_labels.tif
Condição 5 - 20.jpg,ConvPaint,63,53.0,533.0,1.0,0.0,0.33725491166114807,0.5641895835477563,,C:\Users\sophi\napari-organoid-segmentation\reports\organoid_measurements_aspirina_5_segmentations\Condição 5 - 20_labels.tif
Condição 5 - 20.jpg,ConvPaint,64,53.0,562.0,1.0,0.0,0.33725491166114807,0.5641895835477563,,C:\Users\sophi\napari-organoid-segmentation\reports\organoid_measurements_aspirina_5_segmentations\Condição 5 - 20_labels.tif
Condição 5 - 20.jpg,ConvPaint,65,54.5,201.0,2.0,0.0,0.4333333373069763,0.7978845608028654,,C:\Users\sophi\napari-organoid-segmentation\reports\organoid_measurements_aspirina_5_segmentations\Condição 5 - 20_labels.tif
Condição 5 - 20.jpg,ConvPaint,66,54.5,551.5,2.0,0.0,0.3450980484485626,0.7978845608028654,,C:\Users\sophi\napari-organoid-segmentation\reports\organoid_measurements_aspirina_5_segmentations\Condição 5 - 20_labels.tif
Condição 5 - 20.jpg,ConvPaint,67,55.0,520.0,1.0,0.0,0.38823530077934265,0.5641895835477563,,C:\Users\sophi\napari-organoid-segmentation\reports\organoid_measurements_aspirina_5_segmentations\Condição 5 - 20_labels.tif
Condição 5 - 20.jpg,ConvPaint,68,56.0,194.0,1.0,0.0,0.3960784375667572,0.5641895835477563,,C:\Users\sophi\napari-organoid-segmentation\reports\organoid_measurements_aspirina_5_segmentations\Condição 5 - 20_labels.tif
Condição 5 - 20.jpg,ConvPaint,69,57.36363636363637,267.72727272727275,11.0,10.621320343559642,0.489126592874527,1.8712051592547776,1.2253087478784972,C:\Users\sophi\napari-organoid-segmentation\reports\organoid_measurements_aspirina_5_segmentations\Condição 5 - 20_labels.tif
Condição 5 - 20.jpg,ConvPaint,70,56.0,271.0,1.0,0.0,0.4745098054409027,0.5641895835477563,,C:\Users\sophi\napari-organoid-segmentation\reports\organoid_measurements_aspirina_5_segmentations\Condição 5 - 20_labels.tif
Condição 5 - 20.jpg,ConvPaint,71,57.8,524.8,5.0,4.207106781186548,0.42588233947753906,1.2615662610100802,3.5498728546441756,C:\Users\sophi\napari-organoid-segmentation\reports\organoid_measurements_aspirina_5_segmentations\Condição 5 - 20_labels.tif
Condição 5 - 20.jpg,ConvPaint,72,58.0,563.0,3.0,1.0,0.36993464827537537,0.9772050238058398,37.69911184307752,C:\Users\sophi\napari-organoid-segmentation\reports\organoid_measurements_aspirina_5_segmentations\Condição 5 - 20_labels.tif
Condição 5 - 20.jpg,ConvPaint,73,57.5,566.0,2.0,0.0,0.33137255907058716,0.7978845608028654,,C:\Users\sophi\napari-organoid-segmentation\reports\organoid_measurements_aspirina_5_segmentations\Condição 5 - 20_labels.tif
Condição 5 - 20.jpg,ConvPaint,74,57.0,593.0,1.0,0.0,0.3764705955982208,0.5641895835477563,,C:\Users\sophi\napari-organoid-segmentation\reports\organoid_measurements_aspirina_5_segmentations\Condição 5 - 20_labels.tif
Condição 5 - 20.jpg,ConvPaint,75,57.5,658.0,2.0,0.0,0.36274510622024536,0.7978845608028654,,C:\Users\sophi\napari-organoid-segmentation\reports\organoid_measurements_aspirina_5_segmentations\Condição 5 - 20_labels.tif
Condição 5 - 20.jpg,ConvPaint,76,59.0,265.0,1.0,0.0,0.6431372761726379,0.5641895835477563,,C:\Users\sophi\napari-organoid-segmentation\reports\organoid_measurements_aspirina_5_segmentations\Condição 5 - 20_labels.tif
Condição 5 - 20.jpg,ConvPaint,77,62.0,600.6666666666666,6.0,4.207106781186548,0.4091503322124481,1.381976597885342,4.25984742557301,C:\Users\sophi\napari-organoid-segmentation\reports\organoid_measurements_aspirina_5_segmentations\Condição 5 - 20_labels.tif
Condição 5 - 20.jpg,ConvPaint,78,64.22222222222223,618.6666666666666,9.0,7.035533905932738,0.3830065429210663,1.692568750643269,2.2848529397606376,C:\Users\sophi\napari-organoid-segmentation\reports\organoid_measurements_aspirina_5_segmentations\Condição 5 - 20_labels.tif
Condição 5 - 20.jpg,ConvPaint,79,62.0,617.0,1.0,0.0,0.37254902720451355,0.5641895835477563,,C:\Users\sophi\napari-organoid-segmentation\reports\organoid_measurements_aspirina_5_segmentations\Condição 5 - 20_labels.tif
Condição 5 - 20.jpg,ConvPaint,80,63.0,188.0,1.0,0.0,0.48235294222831726,0.5641895835477563,,C:\Users\sophi\napari-organoid-segmentation\reports\organoid_measurements_aspirina_5_segmentations\Condição 5 - 20_labels.tif
Condição 5 - 20.jpg,ConvPaint,81,63.0,623.0,1.0,0.0,0.364705890417099,0.5641895835477563,,C:\Users\sophi\napari-organoid-segmentation\reports\organoid_measurements_aspirina_5_segmentations\Condição 5 - 20_labels.tif
Condição 5 - 20.jpg,ConvPaint,82,63.0,655.0,1.0,0.0,0.4117647111415863,0.5641895835477563,,C:\Users\sophi\napari-organoid-segmentation\reports\organoid_measurements_aspirina_5_segmentations\Condição 5 - 20_labels.tif
Condição 5 - 20.jpg,ConvPaint,83,65.96551724137932,543.6206896551724,29.0,20.863961030678926,0.4584178626537323,3.0382538898732494,0.8371713091764064,C:\Users\sophi\napari-organoid-segmentation\reports\organoid_measurements_aspirina_5_segmentations\Condição 5 - 20_labels.tif
Condição 5 - 20.jpg,ConvPaint,84,64.0,596.0,1.0,0.0,0.4901960790157318,0.5641895835477563,,C:\Users\sophi\napari-organoid-segmentation\reports\organoid_measurements_aspirina_5_segmentations\Condição 5 - 20_labels.tif
Condição 5 - 20.jpg,ConvPaint,85,85.0,228.0,1.0,0.0,0.49803921580314636,0.5641895835477563,,C:\Users\sophi\napari-organoid-segmentation\reports\organoid_measurements_aspirina_5_segmentations\Condição 5 - 20_labels.tif
Condição 5 - 20.jpg,ConvPaint,86,180.0,1912.0,1.0,0.0,0.40784314274787903,0.5641895835477563,,C:\Users\sophi\napari-organoid-segmentation\reports\organoid_measurements_aspirina_5_segmentations\Condição 5 - 20_labels.tif
Condição 5 - 20.jpg,ConvPaint,87,184.0,1878.0,1.0,0.0,0.45098039507865906,0.5641895835477563,,C:\Users\sophi\napari-organoid-segmentation\reports\organoid_measurements_aspirina_5_segmentations\Condição 5 - 20_labels.tif
Condição 5 - 20.jpg,ConvPaint,88,284.3548322550524,1870.582738611352,14993.0,1148.1158364337878,0.1710471510887146,69.0827049524957,0.1429311836529969,C:\Users\sophi\napari-organoid-segmentation\reports\organoid_measurements_aspirina_5_segmentations\Condição 5 - 20_labels.tif
Condição 5 - 20.jpg,ConvPaint,89,197.42857142857142,1894.2857142857142,7.0,6.414213562373096,0.424089640378952,1.4927053303604616,2.138065828789302,C:\Users\sophi\napari-organoid-segmentation\reports\organoid_measurements_aspirina_5_segmentations\Condição 5 - 20_labels.tif
Condição 5 - 20.jpg,ConvPaint,90,198.5,1901.5,4.0,2.414213562373095,0.3950980603694916,1.1283791670955126,8.624193351242356,C:\Users\sophi\napari-organoid-segmentation\reports\organoid_measurements_aspirina_5_segmentations\Condição 5 - 20_labels.tif
Condição 5 - 20.jpg,ConvPaint,91,202.1304347826087,1884.695652173913,23.0,18.242640687119284,0.3858482539653778,2.7057581899030048,0.8684849393317762,C:\Users\sophi\napari-organoid-segmentation\reports\organoid_measurements_aspirina_5_segmentations\Condição 5 - 20_labels.tif
Condição 5 - 20.jpg,ConvPaint,92,202.0,1877.0,1.0,0.0,0.4117647111415863,0.5641895835477563,,C:\Users\sophi\napari-organoid-segmentation\reports\organoid_measurements_aspirina_5_segmentations\Condição 5 - 20_labels.tif
Condição 5 - 20.jpg,ConvPaint,93,207.0,1871.0,1.0,0.0,0.3490196168422699,0.5641895835477563,,C:\Users\sophi\napari-organoid-segmentation\reports\organoid_measurements_aspirina_5_segmentations\Condição 5 - 20_labels.tif
Condição 5 - 20.jpg,ConvPaint,94,207.0,1880.0,1.0,0.0,0.3333333432674408,0.5641895835477563,,C:\Users\sophi\napari-organoid-segmentation\reports\organoid_measurements_aspirina_5_segmentations\Condição 5 - 20_labels.tif
Condição 5 - 20.jpg,ConvPaint,95,208.0,1885.0,1.0,0.0,0.2078431397676468,0.5641895835477563,,C:\Users\sophi\napari-organoid-segmentation\reports\organoid_measurements_aspirina_5_segmentations\Condição 5 - 20_labels.tif
Condição 5 - 20.jpg,ConvPaint,96,214.0,1841.0,1.0,0.0,0.3960784375667572,0.5641895835477563,,C:\Users\sophi\napari-organoid-segmentation\reports\organoid_measurements_aspirina_5_segmentations\Condição 5 - 20_labels.tif
Condição 5 - 20.jpg,ConvPaint,97,216.5,1480.5,4.0,4.0,0.3911764621734619,1.1283791670955126,3.141592653589793,C:\Users\sophi\napari-organoid-segmentation\reports\organoid_measurements_aspirina_5_segmentations\Condição 5 - 20_labels.tif
Condição 5 - 20.jpg,ConvPaint,98,216.66666666666666,1836.6666666666667,3.0,3.414213562373095,0.46797385811805725,0.9772050238058398,3.2340725067158833,C:\Users\sophi\napari-organoid-segmentation\reports\organoid_measurements_aspirina_5_segmentations\Condição 5 - 20_labels.tif
Condição 5 - 20.jpg,ConvPaint,99,217.66666666666666,1469.5,6.0,6.414213562373095,0.33725491166114807,1.381976597885342,1.8326278532479736,C:\Users\sophi\napari-organoid-segmentation\reports\organoid_measurements_aspirina_5_segmentations\Condição 5 - 20_labels.tif
Condição 5 - 20.jpg,ConvPaint,100,219.16666666666666,1088.5,6.0,5.207106781186548,0.5124183297157288,1.381976597885342,2.7807897046412133,C:\Users\sophi\napari-organoid-segmentation\reports\organoid_measurements_aspirina_5_segmentations\Condição 5 - 20_labels.tif
Condição 5 - 20.jpg,ConvPaint,101,223.33333333333334,1045.5,18.0,13.82842712474619,0.41917213797569275,2.393653682408596,1.1828694039044791,C:\Users\sophi\napari-organoid-segmentation\reports\organoid_measurements_aspirina_5_segmentations\Condição 5 - 20_labels.tif
Condição 5 - 20.jpg,ConvPaint,102,220.66666666666666,1077.6666666666667,3.0,3.414213562373095,0.4732026159763336,0.9772050238058398,3.2340725067158833,C:\Users\sophi\napari-organoid-segmentation\reports\organoid_measurements_aspirina_5_segmentations\Condição 5 - 20_labels.tif
Condição 5 - 20.jpg,ConvPaint,103,221.66666666666666,1448.9166666666667,12.0,11.414213562373096,0.38006535172462463,1.9544100476116797,1.1574416921432313,C:\Users\sophi\napari-organoid-segmentation\reports\organoid_measurements_aspirina_5_segmentations\Condição 5 - 20_labels.tif
Condição 5 - 20.jpg,ConvPaint,104,220.0,1449.0,1.0,0.0,0.3803921639919281,0.5641895835477563,,C:\Users\sophi\napari-organoid-segmentation\reports\organoid_measurements_aspirina_5_segmentations\Condição 5 - 20_labels.tif
Condição 5 - 20.jpg,ConvPaint,105,316.23397311368404,1473.461768591188,25738.0,1140.134126397017,0.19447526335716248,90.51331311248309,0.24881282963710008,C:\Users\sophi\napari-organoid-segmentation\reports\organoid_measurements_aspirina_5_segmentations\Condição 5 - 20_labels.tif
Condição 5 - 20.jpg,ConvPaint,106,220.0,1481.5,2.0,0.0,0.33725491166114807,0.7978845608028654,,C:\Users\sophi\napari-organoid-segmentation\reports\organoid_measurements_aspirina_5_segmentations\Condição 5 - 20_labels.tif
Condição 5 - 20.jpg,ConvPaint,107,221.0,1082.5,2.0,0.0,0.5058823823928833,0.7978845608028654,,C:\Users\sophi\napari-organoid-segmentation\reports\organoid_measurements_aspirina_5_segmentations\Condição 5 - 20_labels.tif
Condição 5 - 20.jpg,ConvPaint,108,224.0,1051.0,1.0,0.0,0.41960784792900085,0.5641895835477563,,C:\Users\sophi\napari-organoid-segmentation\reports\organoid_measurements_aspirina_5_segmentations\Condição 5 - 20_labels.tif
Condição 5 - 20.jpg,ConvPaint,109,224.0,1077.0,1.0,0.0,0.30588236451148987,0.5641895835477563,,C:\Users\sophi\napari-organoid-segmentation\reports\organoid_measurements_aspirina_5_segmentations\Condição 5 - 20_labels.tif
Condição 5 - 20.jpg,ConvPaint,110,224.0,1080.0,1.0,0.0,0.3333333432674408,0.5641895835477563,,C:\Users\sophi\napari-organoid-segmentation\reports\organoid_measurements_aspirina_5_segmentations\Condição 5 - 20_labels.tif
Condição 5 - 20.jpg,ConvPaint,111,224.0,1497.0,1.0,0.0,0.4156862795352936,0.5641895835477563,,C:\Users\sophi\napari-organoid-segmentation\reports\organoid_measurements_aspirina_5_segmentations\Condição 5 - 20_labels.tif
Condição 5 - 20.jpg,ConvPaint,112,226.0,1010.0,1.0,0.0,0.5098039507865906,0.5641895835477563,,C:\Users\sophi\napari-organoid-segmentation\reports\organoid_measurements_aspirina_5_segmentations\Condição 5 - 20_labels.tif
Condição 5 - 20.jpg,ConvPaint,113,344.50159580531175,1046.1806964550324,35092.0,1709.2600640985715,0.19979070127010345,105.68883822789226,0.1509390781744078,C:\Users\sophi\napari-organoid-segmentation\reports\organoid_measurements_aspirina_5_segmentations\Condição 5 - 20_labels.tif
Condição 5 - 20.jpg,ConvPaint,114,226.0,1059.0,1.0,0.0,0.33725491166114807,0.5641895835477563,,C:\Users\sophi\napari-organoid-segmentation\reports\organoid_measurements_aspirina_5_segmentations\Condição 5 - 20_labels.tif
Condição 5 - 20.jpg,ConvPaint,115,227.0,1497.0,1.0,0.0,0.30980393290519714,0.5641895835477563,,C:\Users\sophi\napari-organoid-segmentation\reports\organoid_measurements_aspirina_5_segmentations\Condição 5 - 20_labels.tif
Condição 5 - 20.jpg,ConvPaint,116,229.42857142857142,1010.5714285714286,7.0,7.207106781186548,0.4801120162010193,1.4927053303604616,1.6935030795523165,C:\Users\sophi\napari-organoid-segmentation\reports\organoid_measurements_aspirina_5_segmentations\Condição 5 - 20_labels.tif
Condição 5 - 20.jpg,ConvPaint,117,230.14285714285714,1431.142857142857,7.0,5.207106781186548,0.46722692251205444,1.4927053303604616,3.244254655414749,C:\Users\sophi\napari-organoid-segmentation\reports\organoid_measurements_aspirina_5_segmentations\Condição 5 - 20_labels.tif
Condição 5 - 20.jpg,ConvPaint,118,230.5,1428.0,2.0,0.0,0.5,0.7978845608028654,,C:\Users\sophi\napari-organoid-segmentation\reports\organoid_measurements_aspirina_5_segmentations\Condição 5 - 20_labels.tif
Condição 5 - 20.jpg,ConvPaint,119,234.5,1022.5714285714286,28.0,18.414213562373096,0.5057423710823059,2.985410660720923,1.0376754548105656,C:\Users\sophi\napari-organoid-segmentation\reports\organoid_measurements_aspirina_5_segmentations\Condição 5 - 20_labels.tif
Condição 5 - 20.jpg,ConvPaint,120,231.0,1102.0,1.0,0.0,0.43921568989753723,0.5641895835477563,,C:\Users\sophi\napari-organoid-segmentation\reports\organoid_measurements_aspirina_5_segmentations\Condição 5 - 20_labels.tif
Condição 5 - 20.jpg,ConvPaint,121,232.0,1029.0,1.0,0.0,0.4431372582912445,0.5641895835477563,,C:\Users\sophi\napari-organoid-segmentation\reports\organoid_measurements_aspirina_5_segmentations\Condição 5 - 20_labels.tif
Condição 5 - 20.jpg,ConvPaint,122,232.0,1093.5,2.0,0.0,0.3607843220233917,0.7978845608028654,,C:\Users\sophi\napari-organoid-segmentation\reports\organoid_measurements_aspirina_5_segmentations\Condição 5 - 20_labels.tif
Condição 5 - 20.jpg,ConvPaint,123,234.75,1104.875,8.0,6.207106781186548,0.375,1.5957691216057308,2.609284399707912,C:\Users\sophi\napari-organoid-segmentation\reports\organoid_measurements_aspirina_5_segmentations\Condição 5 - 20_labels.tif
Condição 5 - 20.jpg,ConvPaint,124,232.6,1821.6,5.0,3.0,0.4901960790157318,1.2615662610100802,6.981317007977318,C:\Users\sophi\napari-organoid-segmentation\reports\organoid_measurements_aspirina_5_segmentations\Condição 5 - 20_labels.tif
Condição 5 - 20.jpg,ConvPaint,125,234.0,1428.75,4.0,4.621320343559642,0.45490196347236633,1.1283791670955126,2.3536273758173025,C:\Users\sophi\napari-organoid-segmentation\reports\organoid_measurements_aspirina_5_segmentations\Condição 5 - 20_labels.tif
Condição 5 - 20.jpg,ConvPaint,126,234.0,1011.0,1.0,0.0,0.5372549295425415,0.5641895835477563,,C:\Users\sophi\napari-organoid-segmentation\reports\organoid_measurements_aspirina_5_segmentations\Condição 5 - 20_labels.tif
Condição 5 - 20.jpg,ConvPaint,127,234.5,1028.0,2.0,0.0,0.4000000059604645,0.7978845608028654,,C:\Users\sophi\napari-organoid-segmentation\reports\organoid_measurements_aspirina_5_segmentations\Condição 5 - 20_labels.tif
Condição 5 - 20.jpg,ConvPaint,128,236.66666666666666,1005.3333333333334,9.0,8.207106781186548,0.4130719006061554,1.692568750643269,1.6790831580707237,C:\Users\sophi\napari-organoid-segmentation\reports\organoid_measurements_aspirina_5_segmentations\Condição 5 - 20_labels.tif
Condição 5 - 20.jpg,ConvPaint,129,237.0,1013.0,1.0,0.0,0.47058823704719543,0.5641895835477563,,C:\Users\sophi\napari-organoid-segmentation\reports\organoid_measurements_aspirina_5_segmentations\Condição 5 - 20_labels.tif
Condição 5 - 20.jpg,ConvPaint,130,238.0,1001.0,1.0,0.0,0.5490196347236633,0.5641895835477563,,C:\Users\sophi\napari-organoid-segmentation\reports\organoid_measurements_aspirina_5_segmentations\Condição 5 - 20_labels.tif
Condição 5 - 20.jpg,ConvPaint,131,238.5,1107.1666666666667,6.0,5.207106781186548,0.38104578852653503,1.381976597885342,2.7807897046412133,C:\Users\sophi\napari-organoid-segmentation\reports\organoid_measurements_aspirina_5_segmentations\Condição 5 - 20_labels.tif
Condição 5 - 20.jpg,ConvPaint,132,238.5,1424.5,2.0,0.0,0.4490196108818054,0.7978845608028654,,C:\Users\sophi\napari-organoid-segmentation\reports\organoid_measurements_aspirina_5_segmentations\Condição 5 - 20_labels.tif
Condição 5 - 20.jpg,ConvPaint,133,240.0,1007.6666666666666,3.0,1.2071067811865475,0.350326806306839,0.9772050238058398,25.872580053727066,C:\Users\sophi\napari-organoid-segmentation\reports\organoid_measurements_aspirina_5_segmentations\Condição 5 - 20_labels.tif
Condição 5 - 20.jpg,ConvPaint,134,240.0,1014.0,1.0,0.0,0.33725491166114807,0.5641895835477563,,C:\Users\sophi\napari-organoid-segmentation\reports\organoid_measurements_aspirina_5_segmentations\Condição 5 - 20_labels.tif
Condição 5 - 20.jpg,ConvPaint,135,241.85714285714286,1823.0,7.0,5.207106781186548,0.456582635641098,1.4927053303604616,3.244254655414749,C:\Users\sophi\napari-organoid-segmentation\reports\organoid_measurements_aspirina_5_segmentations\Condição 5 - 20_labels.tif
Condição 5 - 20.jpg,ConvPaint,136,241.0,1006.0,1.0,0.0,0.38823530077934265,0.5641895835477563,,C:\Users\sophi\napari-organoid-segmentation\reports\organoid_measurements_aspirina_5_segmentations\Condição 5 - 20_labels.tif
Condição 5 - 20.jpg,ConvPaint,137,242.0,1422.6666666666667,3.0,1.2071067811865475,0.49803921580314636,0.9772050238058398,25.872580053727066,C:\Users\sophi\napari-organoid-segmentation\reports\organoid_measurements_aspirina_5_segmentations\Condição 5 - 20_labels.tif
Condição 5 - 20.jpg,ConvPaint,138,242.0,1426.0,1.0,0.0,0.2549019753932953,0.5641895835477563,,C:\Users\sophi\napari-organoid-segmentation\reports\organoid_measurements_aspirina_5_segmentations\Condição 5 - 20_labels.tif
Condição 5 - 20.jpg,ConvPaint,139,242.0,1527.0,1.0,0.0,0.27843138575553894,0.5641895835477563,,C:\Users\sophi\napari-organoid-segmentation\reports\organoid_measurements_aspirina_5_segmentations\Condição 5 - 20_labels.tif
Condição 5 - 20.jpg,ConvPaint,140,252.0,1399.0,1.0,0.0,0.4313725531101227,0.5641895835477563,,C:\Users\sophi\napari-organoid-segmentation\reports\organoid_measurements_aspirina_5_segmentations\Condição 5 - 20_labels.tif
Condição 5 - 20.jpg,ConvPaint,141,252.5,1402.5,4.0,4.0,0.4176470637321472,1.1283791670955126,3.141592653589793,C:\Users\sophi\napari-organoid-segmentation\reports\organoid_measurements_aspirina_5_segmentations\Condição 5 - 20_labels.tif
Condição 5 - 20.jpg,ConvPaint,142,255.0,1400.5,2.0,0.0,0.40784314274787903,0.7978845608028654,,C:\Users\sophi\napari-organoid-segmentation\reports\organoid_measurements_aspirina_5_segmentations\Condição 5 - 20_labels.tif
Condição 5 - 20.jpg,ConvPaint,143,255.0,1403.0,1.0,0.0,0.38823530077934265,0.5641895835477563,,C:\Users\sophi\napari-organoid-segmentation\reports\organoid_measurements_aspirina_5_segmentations\Condição 5 - 20_labels.tif
Condição 5 - 20.jpg,ConvPaint,144,258.5,1820.5,2.0,0.0,0.4117647111415863,0.7978845608028654,,C:\Users\sophi\napari-organoid-segmentation\reports\organoid_measurements_aspirina_5_segmentations\Condição 5 - 20_labels.tif
Condição 5 - 20.jpg,ConvPaint,145,260.5,1116.5,6.0,6.414213562373095,0.33398690819740295,1.381976597885342,1.8326278532479736,C:\Users\sophi\napari-organoid-segmentation\reports\organoid_measurements_aspirina_5_segmentations\Condição 5 - 20_labels.tif
Condição 5 - 20.jpg,ConvPaint,146,259.0,1764.0,1.0,0.0,0.4901960790157318,0.5641895835477563,,C:\Users\sophi\napari-organoid-segmentation\reports\organoid_measurements_aspirina_5_segmentations\Condição 5 - 20_labels.tif
Condição 5 - 20.jpg,ConvPaint,147,261.14285714285717,980.2857142857143,7.0,6.207106781186548,0.4823529124259949,1.4927053303604616,2.2831238497444226,C:\Users\sophi\napari-organoid-segmentation\reports\organoid_measurements_aspirina_5_segmentations\Condição 5 - 20_labels.tif
Condição 5 - 20.jpg,ConvPaint,148,261.5,1121.0,12.0,10.0,0.4591503143310547,1.9544100476116797,1.5079644737231006,C:\Users\sophi\napari-organoid-segmentation\reports\organoid_measurements_aspirina_5_segmentations\Condição 5 - 20_labels.tif
Condição 5 - 20.jpg,ConvPaint,149,260.5,1388.0,2.0,0.0,0.4156862795352936,0.7978845608028654,,C:\Users\sophi\napari-organoid-segmentation\reports\organoid_measurements_aspirina_5_segmentations\Condição 5 - 20_labels.tif
Condição 5 - 20.jpg,ConvPaint,150,260.0,1402.0,1.0,0.0,0.35686275362968445,0.5641895835477563,,C:\Users\sophi\napari-organoid-segmentation\reports\organoid_measurements_aspirina_5_segmentations\Condição 5 - 20_labels.tif
Condição 5 - 20.jpg,ConvPaint,151,262.0,1783.0,1.0,0.0,0.30980393290519714,0.5641895835477563,,C:\Users\sophi\napari-organoid-segmentation\reports\organoid_measurements_aspirina_5_segmentations\Condição 5 - 20_labels.tif
Condição 5 - 20.jpg,ConvPaint,152,262.0,1802.5,2.0,0.0,0.3588235378265381,0.7978845608028654,,C:\Users\sophi\napari-organoid-segmentation\reports\organoid_measurements_aspirina_5_segmentations\Condição 5 - 20_labels.tif
Condição 5 - 20.jpg,ConvPaint,153,264.0,1821.0,3.0,1.0,0.4261437952518463,0.9772050238058398,37.69911184307752,C:\Users\sophi\napari-organoid-segmentation\reports\organoid_measurements_aspirina_5_segmentations\Condição 5 - 20_labels.tif
Condição 5 - 20.jpg,ConvPaint,154,264.5,1390.5,4.0,4.0,0.3715686500072479,1.1283791670955126,3.141592653589793,C:\Users\sophi\napari-organoid-segmentation\reports\organoid_measurements_aspirina_5_segmentations\Condição 5 - 20_labels.tif
Condição 5 - 20.jpg,ConvPaint,155,264.0,1772.0,1.0,0.0,0.3803921639919281,0.5641895835477563,,C:\Users\sophi\napari-organoid-segmentation\reports\organoid_measurements_aspirina_5_segmentations\Condição 5 - 20_labels.tif
Condição 5 - 20.jpg,ConvPaint,156,265.09090909090907,1778.4545454545455,11.0,10.621320343559642,0.33761143684387207,1.8712051592547776,1.2253087478784972,C:\Users\sophi\napari-organoid-segmentation\reports\organoid_measurements_aspirina_5_segmentations\Condição 5 - 20_labels.tif
Condição 5 - 20.jpg,ConvPaint,157,267.0,1776.5,2.0,0.0,0.35686275362968445,0.7978845608028654,,C:\Users\sophi\napari-organoid-segmentation\reports\organoid_measurements_aspirina_5_segmentations\Condição 5 - 20_labels.tif
Condição 5 - 20.jpg,ConvPaint,158,268.0,1795.0,1.0,0.0,0.32156863808631897,0.5641895835477563,,C:\Users\sophi\napari-organoid-segmentation\reports\organoid_measurements_aspirina_5_segmentations\Condição 5 - 20_labels.tif
Condição 5 - 20.jpg,ConvPaint,159,268.0,1810.0,1.0,0.0,0.3294117748737335,0.5641895835477563,,C:\Users\sophi\napari-organoid-segmentation\reports\organoid_measurements_aspirina_5_segmentations\Condição 5 - 20_labels.tif
Condição 5 - 20.jpg,ConvPaint,160,268.0,1815.0,1.0,0.0,0.3803921639919281,0.5641895835477563,,C:\Users\sophi\napari-organoid-segmentation\reports\organoid_measurements_aspirina_5_segmentations\Condição 5 - 20_labels.tif
Condição 5 - 20.jpg,ConvPaint,161,268.6666666666667,1818.3333333333333,3.0,3.414213562373095,0.43660131096839905,0.9772050238058398,3.2340725067158833,C:\Users\sophi\napari-organoid-segmentation\reports\organoid_measurements_aspirina_5_segmentations\Condição 5 - 20_labels.tif
Condição 5 - 20.jpg,ConvPaint,162,269.0,1381.0,1.0,0.0,0.48235294222831726,0.5641895835477563,,C:\Users\sophi\napari-organoid-segmentation\reports\organoid_measurements_aspirina_5_segmentations\Condição 5 - 20_labels.tif
Condição 5 - 20.jpg,ConvPaint,163,269.0,1772.0,1.0,0.0,0.4745098054409027,0.5641895835477563,,C:\Users\sophi\napari-organoid-segmentation\reports\organoid_measurements_aspirina_5_segmentations\Condição 5 - 20_labels.tif
Condição 5 - 20.jpg,ConvPaint,164,269.0,1789.0,1.0,0.0,0.3450980484485626,0.5641895835477563,,C:\Users\sophi\napari-organoid-segmentation\reports\organoid_measurements_aspirina_5_segmentations\Condição 5 - 20_labels.tif
Condição 5 - 20.jpg,ConvPaint,165,270.0,1397.0,1.0,0.0,0.3529411852359772,0.5641895835477563,,C:\Users\sophi\napari-organoid-segmentation\reports\organoid_measurements_aspirina_5_segmentations\Condição 5 - 20_labels.tif
Condição 5 - 20.jpg,ConvPaint,166,271.0,1777.0,1.0,0.0,0.3764705955982208,0.5641895835477563,,C:\Users\sophi\napari-organoid-segmentation\reports\organoid_measurements_aspirina_5_segmentations\Condição 5 - 20_labels.tif
Condição 5 - 20.jpg,ConvPaint,167,273.5,1772.5,8.0,8.0,0.5367647409439087,1.5957691216057308,1.5707963267948966,C:\Users\sophi\napari-organoid-segmentation\reports\organoid_measurements_aspirina_5_segmentations\Condição 5 - 20_labels.tif
Condição 5 - 20.jpg,ConvPaint,168,272.0,1775.0,1.0,0.0,0.4470588266849518,0.5641895835477563,,C:\Users\sophi\napari-organoid-segmentation\reports\organoid_measurements_aspirina_5_segmentations\Condição 5 - 20_labels.tif
Condição 5 - 20.jpg,ConvPaint,169,273.0,978.0,1.0,0.0,0.2549019753932953,0.5641895835477563,,C:\Users\sophi\napari-organoid-segmentation\reports\organoid_measurements_aspirina_5_segmentations\Condição 5 - 20_labels.tif
Condição 5 - 20.jpg,ConvPaint,170,273.0,1778.0,1.0,0.0,0.38823530077934265,0.5641895835477563,,C:\Users\sophi\napari-organoid-segmentation\reports\organoid_measurements_aspirina_5_segmentations\Condição 5 - 20_labels.tif
Condição 5 - 20.jpg,ConvPaint,171,274.0,973.0,1.0,0.0,0.501960813999176,0.5641895835477563,,C:\Users\sophi\napari-organoid-segmentation\reports\organoid_measurements_aspirina_5_segmentations\Condição 5 - 20_labels.tif
Condição 5 - 20.jpg,ConvPaint,172,277.0,682.0,1.0,0.0,0.529411792755127,0.5641895835477563,,C:\Users\sophi\napari-organoid-segmentation\reports\organoid_measurements_aspirina_5_segmentations\Condição 5 - 20_labels.tif
Condição 5 - 20.jpg,ConvPaint,173,277.0,972.0,1.0,0.0,0.48235294222831726,0.5641895835477563,,C:\Users\sophi\napari-organoid-segmentation\reports\organoid_measurements_aspirina_5_segmentations\Condição 5 - 20_labels.tif
Condição 5 - 20.jpg,ConvPaint,174,277.5,1377.5,2.0,0.0,0.5039215683937073,0.7978845608028654,,C:\Users\sophi\napari-organoid-segmentation\reports\organoid_measurements_aspirina_5_segmentations\Condição 5 - 20_labels.tif
Condição 5 - 20.jpg,ConvPaint,175,278.0,1380.0,1.0,0.0,0.40784314274787903,0.5641895835477563,,C:\Users\sophi\napari-organoid-segmentation\reports\organoid_measurements_aspirina_5_segmentations\Condição 5 - 20_labels.tif
Condição 5 - 20.jpg,ConvPaint,176,278.0,1777.0,1.0,0.0,0.4470588266849518,0.5641895835477563,,C:\Users\sophi\napari-organoid-segmentation\reports\organoid_measurements_aspirina_5_segmentations\Condição 5 - 20_labels.tif
Condição 5 - 20.jpg,ConvPaint,177,278.0,1786.0,1.0,0.0,0.33725491166114807,0.5641895835477563,,C:\Users\sophi\napari-organoid-segmentation\reports\organoid_measurements_aspirina_5_segmentations\Condição 5 - 20_labels.tif
Condição 5 - 20.jpg,ConvPaint,178,278.0,1826.0,1.0,0.0,0.3333333432674408,0.5641895835477563,,C:\Users\sophi\napari-organoid-segmentation\reports\organoid_measurements_aspirina_5_segmentations\Condição 5 - 20_labels.tif
Condição 5 - 20.jpg,ConvPaint,179,279.0,971.0,1.0,0.0,0.4901960790157318,0.5641895835477563,,C:\Users\sophi\napari-organoid-segmentation\reports\organoid_measurements_aspirina_5_segmentations\Condição 5 - 20_labels.tif
Condição 5 - 20.jpg,ConvPaint,180,280.5,1778.5,4.0,4.0,0.4127451181411743,1.1283791670955126,3.141592653589793,C:\Users\sophi\napari-organoid-segmentation\reports\organoid_measurements_aspirina_5_segmentations\Condição 5 - 20_labels.tif
Condição 5 - 20.jpg,ConvPaint,181,284.0,1125.0,1.0,0.0,0.3764705955982208,0.5641895835477563,,C:\Users\sophi\napari-organoid-segmentation\reports\organoid_measurements_aspirina_5_segmentations\Condição 5 - 20_labels.tif
Condição 5 - 20.jpg,ConvPaint,182,286.6666666666667,1820.3333333333333,3.0,3.414213562373095,0.40784314274787903,0.9772050238058398,3.2340725067158833,C:\Users\sophi\napari-organoid-segmentation\reports\organoid_measurements_aspirina_5_segmentations\Condição 5 - 20_labels.tif
Condição 5 - 20.jpg,ConvPaint,183,287.0,1559.0,1.0,0.0,0.4901960790157318,0.5641895835477563,,C:\Users\sophi\napari-organoid-segmentation\reports\organoid_measurements_aspirina_5_segmentations\Condição 5 - 20_labels.tif
Condição 5 - 20.jpg,ConvPaint,184,289.4117647058824,1129.3529411764705,17.0,13.207106781186548,0.4692041873931885,2.326213245840639,1.2247386038014783,C:\Users\sophi\napari-organoid-segmentation\reports\organoid_measurements_aspirina_5_segmentations\Condição 5 - 20_labels.tif
Condição 5 - 20.jpg,ConvPaint,185,288.3333333333333,1373.0,3.0,1.2071067811865475,0.40261438488960266,0.9772050238058398,25.872580053727066,C:\Users\sophi\napari-organoid-segmentation\reports\organoid_measurements_aspirina_5_segmentations\Condição 5 - 20_labels.tif
Condição 5 - 20.jpg,ConvPaint,186,291.0,1824.0,1.0,0.0,0.40784314274787903,0.5641895835477563,,C:\Users\sophi\napari-organoid-segmentation\reports\organoid_measurements_aspirina_5_segmentations\Condição 5 - 20_labels.tif
Condição 5 - 20.jpg,ConvPaint,187,293.0,1558.0,1.0,0.0,0.4901960790157318,0.5641895835477563,,C:\Users\sophi\napari-organoid-segmentation\reports\organoid_measurements_aspirina_5_segmentations\Condição 5 - 20_labels.tif
Condição 5 - 20.jpg,ConvPaint,188,294.0,1787.0,4.0,3.414213562373095,0.3705882430076599,1.1283791670955126,4.312096675621178,C:\Users\sophi\napari-organoid-segmentation\reports\organoid_measurements_aspirina_5_segmentations\Condição 5 - 20_labels.tif
Condição 5 - 20.jpg,ConvPaint,189,295.0,1790.0,1.0,0.0,0.37254902720451355,0.5641895835477563,,C:\Users\sophi\napari-organoid-segmentation\reports\organoid_measurements_aspirina_5_segmentations\Condição 5 - 20_labels.tif
Condição 5 - 20.jpg,ConvPaint,190,297.84615384615387,593.5384615384615,13.0,10.82842712474619,0.528205156326294,2.0342144725641096,1.3932288539364366,C:\Users\sophi\napari-organoid-segmentation\reports\organoid_measurements_aspirina_5_segmentations\Condição 5 - 20_labels.tif
Condição 5 - 20.jpg,ConvPaint,191,297.0,1152.5,2.0,0.0,0.46666669845581055,0.7978845608028654,,C:\Users\sophi\napari-organoid-segmentation\reports\organoid_measurements_aspirina_5_segmentations\Condição 5 - 20_labels.tif
Condição 5 - 20.jpg,ConvPaint,192,298.0,1358.0,1.0,0.0,0.5529412031173706,0.5641895835477563,,C:\Users\sophi\napari-organoid-segmentation\reports\organoid_measurements_aspirina_5_segmentations\Condição 5 - 20_labels.tif
Condição 5 - 20.jpg,ConvPaint,193,299.42857142857144,1377.7142857142858,7.0,4.207106781186548,0.4089635908603668,1.4927053303604616,4.969821996501846,C:\Users\sophi\napari-organoid-segmentation\reports\organoid_measurements_aspirina_5_segmentations\Condição 5 - 20_labels.tif
Condição 5 - 20.jpg,ConvPaint,194,299.4,1790.8,5.0,4.414213562373095,0.432941198348999,1.2615662610100802,3.224580228790828,C:\Users\sophi\napari-organoid-segmentation\reports\organoid_measurements_aspirina_5_segmentations\Condição 5 - 20_labels.tif
Condição 5 - 20.jpg,ConvPaint,195,298.0,1815.0,1.0,0.0,0.43921568989753723,0.5641895835477563,,C:\Users\sophi\napari-organoid-segmentation\reports\organoid_measurements_aspirina_5_segmentations\Condição 5 - 20_labels.tif
Condição 5 - 20.jpg,ConvPaint,196,299.0,1356.0,1.0,0.0,0.6000000238418579,0.5641895835477563,,C:\Users\sophi\napari-organoid-segmentation\reports\organoid_measurements_aspirina_5_segmentations\Condição 5 - 20_labels.tif
Condição 5 - 20.jpg,ConvPaint,197,300.3333333333333,1132.3333333333333,3.0,3.414213562373095,0.46405228972435,0.9772050238058398,3.2340725067158833,C:\Users\sophi\napari-organoid-segmentation\reports\organoid_measurements_aspirina_5_segmentations\Condição 5 - 20_labels.tif
Condição 5 - 20.jpg,ConvPaint,198,300.5,1153.75,4.0,3.414213562373095,0.43529412150382996,1.1283791670955126,4.312096675621178,C:\Users\sophi\napari-organoid-segmentation\reports\organoid_measurements_aspirina_5_segmentations\Condição 5 - 20_labels.tif
Condição 5 - 20.jpg,ConvPaint,199,300.0,1382.0,1.0,0.0,0.2862745225429535,0.5641895835477563,,C:\Users\sophi\napari-organoid-segmentation\reports\organoid_measurements_aspirina_5_segmentations\Condição 5 - 20_labels.tif
Condição 5 - 20.jpg,ConvPaint,200,300.0,1797.5,2.0,0.0,0.3588235378265381,0.7978845608028654,,C:\Users\sophi\napari-organoid-segmentation\reports\organoid_measurements_aspirina_5_segmentations\Condição 5 - 20_labels.tif
Condição 5 - 20.jpg,ConvPaint,201,302.2,598.4,5.0,5.207106781186548,0.48941177129745483,1.2615662610100802,2.3173247538676778,C:\Users\sophi\napari-organoid-segmentation\reports\organoid_measurements_aspirina_5_segmentations\Condição 5 - 20_labels.tif
Condição 5 - 20.jpg,ConvPaint,202,301.0,658.5,2.0,0.0,0.529411792755127,0.7978845608028654,,C:\Users\sophi\napari-organoid-segmentation\reports\organoid_measurements_aspirina_5_segmentations\Condição 5 - 20_labels.tif
Condição 5 - 20.jpg,ConvPaint,203,301.5,1372.0,2.0,0.0,0.4431372582912445,0.7978845608028654,,C:\Users\sophi\napari-organoid-segmentation\reports\organoid_measurements_aspirina_5_segmentations\Condição 5 - 20_labels.tif
Condição 5 - 20.jpg,ConvPaint,204,304.4117647058824,1377.0,17.0,13.414213562373096,0.3852364718914032,2.326213245840639,1.1872122054039382,C:\Users\sophi\napari-organoid-segmentation\reports\organoid_measurements_aspirina_5_segmentations\Condição 5 - 20_labels.tif
Condição 5 - 20.jpg,ConvPaint,205,302.3333333333333,1798.6666666666667,3.0,3.414213562373095,0.40130719542503357,0.9772050238058398,3.2340725067158833,C:\Users\sophi\napari-organoid-segmentation\reports\organoid_measurements_aspirina_5_segmentations\Condição 5 - 20_labels.tif
Condição 5 - 20.jpg,ConvPaint,206,302.0,1811.0,1.0,0.0,0.4901960790157318,0.5641895835477563,,C:\Users\sophi\napari-organoid-segmentation\reports\organoid_measurements_aspirina_5_segmentations\Condição 5 - 20_labels.tif
Condição 5 - 20.jpg,ConvPaint,207,303.0,964.0,1.0,0.0,0.4156862795352936,0.5641895835477563,,C:\Users\sophi\napari-organoid-segmentation\reports\organoid_measurements_aspirina_5_segmentations\Condição 5 - 20_labels.tif
Condição 5 - 20.jpg,ConvPaint,208,303.0,1360.0,1.0,0.0,0.47843137383461,0.5641895835477563,,C:\Users\sophi\napari-organoid-segmentation\reports\organoid_measurements_aspirina_5_segmentations\Condição 5 - 20_labels.tif
Condição 5 - 20.jpg,ConvPaint,209,303.0,1362.0,1.0,0.0,0.48235294222831726,0.5641895835477563,,C:\Users\sophi\napari-organoid-segmentation\reports\organoid_measurements_aspirina_5_segmentations\Condição 5 - 20_labels.tif
Condição 5 - 20.jpg,ConvPaint,210,306.93333333333334,647.4,15.0,12.414213562373096,0.37699347734451294,2.1850968611841584,1.2231020623630835,C:\Users\sophi\napari-organoid-segmentation\reports\organoid_measurements_aspirina_5_segmentations\Condição 5 - 20_labels.tif
Condição 5 - 20.jpg,ConvPaint,211,304.0,656.0,1.0,0.0,0.3803921639919281,0.5641895835477563,,C:\Users\sophi\napari-organoid-segmentation\reports\organoid_measurements_aspirina_5_segmentations\Condição 5 - 20_labels.tif
Condição 5 - 20.jpg,ConvPaint,212,304.0,961.5,2.0,0.0,0.5509804487228394,0.7978845608028654,,C:\Users\sophi\napari-organoid-segmentation\reports\organoid_measurements_aspirina_5_segmentations\Condição 5 - 20_labels.tif
Condição 5 - 20.jpg,ConvPaint,213,304.5,1368.0,2.0,0.0,0.3529411852359772,0.7978845608028654,,C:\Users\sophi\napari-organoid-segmentation\reports\organoid_measurements_aspirina_5_segmentations\Condição 5 - 20_labels.tif
Condição 5 - 20.jpg,ConvPaint,214,304.0,1372.0,1.0,0.0,0.4431372582912445,0.5641895835477563,,C:\Users\sophi\napari-organoid-segmentation\reports\organoid_measurements_aspirina_5_segmentations\Condição 5 - 20_labels.tif
Condição 5 - 20.jpg,ConvPaint,215,305.0,689.0,1.0,0.0,0.6117647290229797,0.5641895835477563,,C:\Users\sophi\napari-organoid-segmentation\reports\organoid_measurements_aspirina_5_segmentations\Condição 5 - 20_labels.tif
Condição 5 - 20.jpg,ConvPaint,216,396.81721685960633,647.0439696334719,29111.0,1775.3849557795997,0.21991431713104248,96.26172186646326,0.11605982660803164,C:\Users\sophi\napari-organoid-segmentation\reports\organoid_measurements_aspirina_5_segmentations\Condição 5 - 20_labels.tif
Condição 5 - 20.jpg,ConvPaint,217,308.0,958.0,1.0,0.0,0.5254902243614197,0.5641895835477563,,C:\Users\sophi\napari-organoid-segmentation\reports\organoid_measurements_aspirina_5_segmentations\Condição 5 - 20_labels.tif
Condição 5 - 20.jpg,ConvPaint,218,308.5,1145.0,2.0,0.0,0.5392156839370728,0.7978845608028654,,C:\Users\sophi\napari-organoid-segmentation\reports\organoid_measurements_aspirina_5_segmentations\Condição 5 - 20_labels.tif
Condição 5 - 20.jpg,ConvPaint,219,308.0,1360.0,1.0,0.0,0.5215686559677124,0.5641895835477563,,C:\Users\sophi\napari-organoid-segmentation\reports\organoid_measurements_aspirina_5_segmentations\Condição 5 - 20_labels.tif
Condição 5 - 20.jpg,ConvPaint,220,309.1818181818182,1366.1818181818182,11.0,10.035533905932738,0.4409981966018677,1.8712051592547776,1.3725291727209639,C:\Users\sophi\napari-organoid-segmentation\reports\organoid_measurements_aspirina_5_segmentations\Condição 5 - 20_labels.tif
Condição 5 - 20.jpg,ConvPaint,221,309.22222222222223,1373.4444444444443,9.0,8.207106781186548,0.4448801577091217,1.692568750643269,1.6790831580707237,C:\Users\sophi\napari-organoid-segmentation\reports\organoid_measurements_aspirina_5_segmentations\Condição 5 - 20_labels.tif
Condição 5 - 20.jpg,ConvPaint,222,310.0,1557.0,1.0,0.0,0.4941176474094391,0.5641895835477563,,C:\Users\sophi\napari-organoid-segmentation\reports\organoid_measurements_aspirina_5_segmentations\Condição 5 - 20_labels.tif
Condição 5 - 20.jpg,ConvPaint,223,310.0,1824.0,1.0,0.0,0.4156862795352936,0.5641895835477563,,C:\Users\sophi\napari-organoid-segmentation\reports\organoid_measurements_aspirina_5_segmentations\Condição 5 - 20_labels.tif
Condição 5 - 20.jpg,ConvPaint,224,311.0,626.0,1.0,0.0,0.5098039507865906,0.5641895835477563,,C:\Users\sophi\napari-organoid-segmentation\reports\organoid_measurements_aspirina_5_segmentations\Condição 5 - 20_labels.tif
Condição 5 - 20.jpg,ConvPaint,225,312.5,246.5,4.0,4.0,0.5509804487228394,1.1283791670955126,3.141592653589793,C:\Users\sophi\napari-organoid-segmentation\reports\organoid_measurements_aspirina_5_segmentations\Condição 5 - 20_labels.tif
Condição 5 - 20.jpg,ConvPaint,226,312.0,629.0,1.0,0.0,0.4000000059604645,0.5641895835477563,,C:\Users\sophi\napari-organoid-segmentation\reports\organoid_measurements_aspirina_5_segmentations\Condição 5 - 20_labels.tif
Condição 5 - 20.jpg,ConvPaint,227,313.0,1366.0,1.0,0.0,0.501960813999176,0.5641895835477563,,C:\Users\sophi\napari-organoid-segmentation\reports\organoid_measurements_aspirina_5_segmentations\Condição 5 - 20_labels.tif
Condição 5 - 20.jpg,ConvPaint,228,313.0,1371.0,1.0,0.0,0.4431372582912445,0.5641895835477563,,C:\Users\sophi\napari-organoid-segmentation\reports\organoid_measurements_aspirina_5_segmentations\Condição 5 - 20_labels.tif
Condição 5 - 20.jpg,ConvPaint,229,314.0,948.0,1.0,0.0,0.48235294222831726,0.5641895835477563,,C:\Users\sophi\napari-organoid-segmentation\reports\organoid_measurements_aspirina_5_segmentations\Condição 5 - 20_labels.tif
Condição 5 - 20.jpg,ConvPaint,230,320.3157894736842,233.42105263157896,19.0,13.621320343559644,0.39814242720603943,2.4592453796829674,1.2868414802276327,C:\Users\sophi\napari-organoid-segmentation\reports\organoid_measurements_aspirina_5_segmentations\Condição 5 - 20_labels.tif
Condição 5 - 20.jpg,ConvPaint,231,316.5,236.5,4.0,4.0,0.41470590233802795,1.1283791670955126,3.141592653589793,C:\Users\sophi\napari-organoid-segmentation\reports\organoid_measurements_aspirina_5_segmentations\Condição 5 - 20_labels.tif
Condição 5 - 20.jpg,ConvPaint,232,316.5,718.5,4.0,4.0,0.5480392575263977,1.1283791670955126,3.141592653589793,C:\Users\sophi\napari-organoid-segmentation\reports\organoid_measurements_aspirina_5_segmentations\Condição 5 - 20_labels.tif
Condição 5 - 20.jpg,ConvPaint,233,316.0,1143.0,1.0,0.0,0.3450980484485626,0.5641895835477563,,C:\Users\sophi\napari-organoid-segmentation\reports\organoid_measurements_aspirina_5_segmentations\Condição 5 - 20_labels.tif
Condição 5 - 20.jpg,ConvPaint,234,321.77272727272725,1378.4545454545455,22.0,20.449747468305834,0.45525845885276794,2.6462837142006137,0.6610840000010508,C:\Users\sophi\napari-organoid-segmentation\reports\organoid_measurements_aspirina_5_segmentations\Condição 5 - 20_labels.tif
Condição 5 - 20.jpg,ConvPaint,235,318.0,216.0,1.0,0.0,0.5058823823928833,0.5641895835477563,,C:\Users\sophi\napari-organoid-segmentation\reports\organoid_measurements_aspirina_5_segmentations\Condição 5 - 20_labels.tif
Condição 5 - 20.jpg,ConvPaint,236,318.0,610.0,1.0,0.0,0.47058823704719543,0.5641895835477563,,C:\Users\sophi\napari-organoid-segmentation\reports\organoid_measurements_aspirina_5_segmentations\Condição 5 - 20_labels.tif
Condição 5 - 20.jpg,ConvPaint,237,318.0,1372.0,1.0,0.0,0.49803921580314636,0.5641895835477563,,C:\Users\sophi\napari-organoid-segmentation\reports\organoid_measurements_aspirina_5_segmentations\Condição 5 - 20_labels.tif
Condição 5 - 20.jpg,ConvPaint,238,319.0,1370.0,1.0,0.0,0.46666666865348816,0.5641895835477563,,C:\Users\sophi\napari-organoid-segmentation\reports\organoid_measurements_aspirina_5_segmentations\Condição 5 - 20_labels.tif
Condição 5 - 20.jpg,ConvPaint,239,321.0,216.85714285714286,7.0,5.621320343559642,0.397198885679245,1.4927053303604616,2.7837564323005766,C:\Users\sophi\napari-organoid-segmentation\reports\organoid_measurements_aspirina_5_segmentations\Condição 5 - 20_labels.tif
Condição 5 - 20.jpg,ConvPaint,240,408.81325116909227,255.50478562999868,22881.0,1281.6610383315983,0.2281915545463562,85.34195044508483,0.17504048203697153,C:\Users\sophi\napari-organoid-segmentation\reports\organoid_measurements_aspirina_5_segmentations\Condição 5 - 20_labels.tif
Condição 5 - 20.jpg,ConvPaint,241,321.53333333333336,581.4,15.0,11.242640687119286,0.47111111879348755,2.1850968611841584,1.4912980887324512,C:\Users\sophi\napari-organoid-segmentation\reports\organoid_measurements_aspirina_5_segmentations\Condição 5 - 20_labels.tif
Condição 5 - 20.jpg,ConvPaint,242,320.0,1368.0,1.0,0.0,0.49803921580314636,0.5641895835477563,,C:\Users\sophi\napari-organoid-segmentation\reports\organoid_measurements_aspirina_5_segmentations\Condição 5 - 20_labels.tif
Condição 5 - 20.jpg,ConvPaint,243,321.0,719.0,1.0,0.0,0.3176470696926117,0.5641895835477563,,C:\Users\sophi\napari-organoid-segmentation\reports\organoid_measurements_aspirina_5_segmentations\Condição 5 - 20_labels.tif
Condição 5 - 20.jpg,ConvPaint,244,322.0,723.0,1.0,0.0,0.43529412150382996,0.5641895835477563,,C:\Users\sophi\napari-organoid-segmentation\reports\organoid_measurements_aspirina_5_segmentations\Condição 5 - 20_labels.tif
Condição 5 - 20.jpg,ConvPaint,245,322.5,1147.0,2.0,0.0,0.31960785388946533,0.7978845608028654,,C:\Users\sophi\napari-organoid-segmentation\reports\organoid_measurements_aspirina_5_segmentations\Condição 5 - 20_labels.tif
Condição 5 - 20.jpg,ConvPaint,246,323.0,932.0,1.0,0.0,0.4745098054409027,0.5641895835477563,,C:\Users\sophi\napari-organoid-segmentation\reports\organoid_measurements_aspirina_5_segmentations\Condição 5 - 20_labels.tif
Condição 5 - 20.jpg,ConvPaint,247,323.0,1559.0,1.0,0.0,0.3450980484485626,0.5641895835477563,,C:\Users\sophi\napari-organoid-segmentation\reports\organoid_measurements_aspirina_5_segmentations\Condição 5 - 20_labels.tif
Condição 5 - 20.jpg,ConvPaint,248,324.0,204.0,1.0,0.0,0.4941176474094391,0.5641895835477563,,C:\Users\sophi\napari-organoid-segmentation\reports\organoid_measurements_aspirina_5_segmentations\Condição 5 - 20_labels.tif
Condição 5 - 20.jpg,ConvPaint,249,325.1666666666667,209.41666666666666,12.0,11.035533905932738,0.3937908411026001,1.9544100476116797,1.2382388078556779,C:\Users\sophi\napari-organoid-segmentation\reports\organoid_measurements_aspirina_5_segmentations\Condição 5 - 20_labels.tif
Condição 5 - 20.jpg,ConvPaint,250,324.0,267.0,1.0,0.0,0.3490196168422699,0.5641895835477563,,C:\Users\sophi\napari-organoid-segmentation\reports\organoid_measurements_aspirina_5_segmentations\Condição 5 - 20_labels.tif
Condição 5 - 20.jpg,ConvPaint,251,324.0,568.0,1.0,0.0,0.5647059082984924,0.5641895835477563,,C:\Users\sophi\napari-organoid-segmentation\reports\organoid_measurements_aspirina_5_segmentations\Condição 5 - 20_labels.tif
Condição 5 - 20.jpg,ConvPaint,252,324.0,723.0,1.0,0.0,0.364705890417099,0.5641895835477563,,C:\Users\sophi\napari-organoid-segmentation\reports\organoid_measurements_aspirina_5_segmentations\Condição 5 - 20_labels.tif
Condição 5 - 20.jpg,ConvPaint,253,325.0,725.0,3.0,1.0,0.3529411852359772,0.9772050238058398,37.69911184307752,C:\Users\sophi\napari-organoid-segmentation\reports\organoid_measurements_aspirina_5_segmentations\Condição 5 - 20_labels.tif
Condição 5 - 20.jpg,ConvPaint,254,326.0,576.0,1.0,0.0,0.40784314274787903,0.5641895835477563,,C:\Users\sophi\napari-organoid-segmentation\reports\organoid_measurements_aspirina_5_segmentations\Condição 5 - 20_labels.tif
Condição 5 - 20.jpg,ConvPaint,255,327.7142857142857,580.2857142857143,7.0,5.82842712474619,0.35574230551719666,1.4927053303604616,2.589435887530523,C:\Users\sophi\napari-organoid-segmentation\reports\organoid_measurements_aspirina_5_segmentations\Condição 5 - 20_labels.tif
Condição 5 - 20.jpg,ConvPaint,256,327.0,1151.0,1.0,0.0,0.529411792755127,0.5641895835477563,,C:\Users\sophi\napari-organoid-segmentation\reports\organoid_measurements_aspirina_5_segmentations\Condição 5 - 20_labels.tif
Condição 5 - 20.jpg,ConvPaint,257,328.5,186.5,4.0,4.0,0.5029411911964417,1.1283791670955126,3.141592653589793,C:\Users\sophi\napari-organoid-segmentation\reports\organoid_measurements_aspirina_5_segmentations\Condição 5 - 20_labels.tif
Condição 5 - 20.jpg,ConvPaint,258,328.3333333333333,196.33333333333334,3.0,3.414213562373095,0.4444444477558136,0.9772050238058398,3.2340725067158833,C:\Users\sophi\napari-organoid-segmentation\reports\organoid_measurements_aspirina_5_segmentations\Condição 5 - 20_labels.tif
Condição 5 - 20.jpg,ConvPaint,259,328.0,576.0,1.0,0.0,0.3960784375667572,0.5641895835477563,,C:\Users\sophi\napari-organoid-segmentation\reports\organoid_measurements_aspirina_5_segmentations\Condição 5 - 20_labels.tif
Condição 5 - 20.jpg,ConvPaint,260,330.3888888888889,1368.2222222222222,18.0,15.035533905932738,0.5028322339057922,2.393653682408596,1.0005635102174197,C:\Users\sophi\napari-organoid-segmentation\reports\organoid_measurements_aspirina_5_segmentations\Condição 5 - 20_labels.tif
Condição 5 - 20.jpg,ConvPaint,261,330.0,181.0,1.0,0.0,0.529411792755127,0.5641895835477563,,C:\Users\sophi\napari-organoid-segmentation\reports\organoid_measurements_aspirina_5_segmentations\Condição 5 - 20_labels.tif
Condição 5 - 20.jpg,ConvPaint,262,331.0,202.5,2.0,0.0,0.364705890417099,0.7978845608028654,,C:\Users\sophi\napari-organoid-segmentation\reports\organoid_measurements_aspirina_5_segmentations\Condição 5 - 20_labels.tif
Condição 5 - 20.jpg,ConvPaint,263,331.0,574.0,1.0,0.0,0.3450980484485626,0.5641895835477563,,C:\Users\sophi\napari-organoid-segmentation\reports\organoid_measurements_aspirina_5_segmentations\Condição 5 - 20_labels.tif
Condição 5 - 20.jpg,ConvPaint,264,333.52941176470586,181.64705882352942,17.0,13.414213562373096,0.4500576853752136,2.326213245840639,1.1872122054039382,C:\Users\sophi\napari-organoid-segmentation\reports\organoid_measurements_aspirina_5_segmentations\Condição 5 - 20_labels.tif
Condição 5 - 20.jpg,ConvPaint,265,332.5,217.0,2.0,0.0,0.34705883264541626,0.7978845608028654,,C:\Users\sophi\napari-organoid-segmentation\reports\organoid_measurements_aspirina_5_segmentations\Condição 5 - 20_labels.tif
Condição 5 - 20.jpg,ConvPaint,266,334.1333333333333,1376.8,15.0,14.65685424949238,0.46797385811805725,2.1850968611841584,0.8774443558911519,C:\Users\sophi\napari-organoid-segmentation\reports\organoid_measurements_aspirina_5_segmentations\Condição 5 - 20_labels.tif
Condição 5 - 20.jpg,ConvPaint,267,333.0,187.0,1.0,0.0,0.40392157435417175,0.5641895835477563,,C:\Users\sophi\napari-organoid-segmentation\reports\organoid_measurements_aspirina_5_segmentations\Condição 5 - 20_labels.tif
Condição 5 - 20.jpg,ConvPaint,268,333.0,278.0,1.0,0.0,0.35686275362968445,0.5641895835477563,,C:\Users\sophi\napari-organoid-segmentation\reports\organoid_measurements_aspirina_5_segmentations\Condição 5 - 20_labels.tif
Condição 5 - 20.jpg,ConvPaint,269,334.0,195.0,1.0,0.0,0.38823530077934265,0.5641895835477563,,C:\Users\sophi\napari-organoid-segmentation\reports\organoid_measurements_aspirina_5_segmentations\Condição 5 - 20_labels.tif
Condição 5 - 20.jpg,ConvPaint,270,334.5,1150.5,4.0,4.0,0.4470588266849518,1.1283791670955126,3.141592653589793,C:\Users\sophi\napari-organoid-segmentation\reports\organoid_measurements_aspirina_5_segmentations\Condição 5 - 20_labels.tif
Condição 5 - 20.jpg,ConvPaint,271,335.0,1381.0,1.0,0.0,0.5176470875740051,0.5641895835477563,,C:\Users\sophi\napari-organoid-segmentation\reports\organoid_measurements_aspirina_5_segmentations\Condição 5 - 20_labels.tif
Condição 5 - 20.jpg,ConvPaint,272,335.0,1390.0,1.0,0.0,0.4000000059604645,0.5641895835477563,,C:\Users\sophi\napari-organoid-segmentation\reports\organoid_measurements_aspirina_5_segmentations\Condição 5 - 20_labels.tif
Condição 5 - 20.jpg,ConvPaint,273,343.49411764705883,167.50588235294117,85.0,57.10660171779821,0.4497809112071991,5.201570947860099,0.32753382393588665,C:\Users\sophi\napari-organoid-segmentation\reports\organoid_measurements_aspirina_5_segmentations\Condição 5 - 20_labels.tif
Condição 5 - 20.jpg,ConvPaint,274,336.5,298.0,2.0,0.0,0.47058823704719543,0.7978845608028654,,C:\Users\sophi\napari-organoid-segmentation\reports\organoid_measurements_aspirina_5_segmentations\Condição 5 - 20_labels.tif
Condição 5 - 20.jpg,ConvPaint,275,338.0,293.0,1.0,0.0,0.3960784375667572,0.5641895835477563,,C:\Users\sophi\napari-organoid-segmentation\reports\organoid_measurements_aspirina_5_segmentations\Condição 5 - 20_labels.tif
Condição 5 - 20.jpg,ConvPaint,276,340.25,296.0,4.0,4.621320343559642,0.3686274588108063,1.1283791670955126,2.3536273758173025,C:\Users\sophi\napari-organoid-segmentation\reports\organoid_measurements_aspirina_5_segmentations\Condição 5 - 20_labels.tif
Condição 5 - 20.jpg,ConvPaint,277,340.5,299.0,2.0,0.0,0.35686275362968445,0.7978845608028654,,C:\Users\sophi\napari-organoid-segmentation\reports\organoid_measurements_aspirina_5_segmentations\Condição 5 - 20_labels.tif
Condição 5 - 20.jpg,ConvPaint,278,340.5,307.0,2.0,0.0,0.4803921580314636,0.7978845608028654,,C:\Users\sophi\napari-organoid-segmentation\reports\organoid_measurements_aspirina_5_segmentations\Condição 5 - 20_labels.tif
Condição 5 - 20.jpg,ConvPaint,279,341.5,1393.5,2.0,0.0,0.44117647409439087,0.7978845608028654,,C:\Users\sophi\napari-organoid-segmentation\reports\organoid_measurements_aspirina_5_segmentations\Condição 5 - 20_labels.tif
Condição 5 - 20.jpg,ConvPaint,280,342.5,1150.0,2.0,0.0,0.5,0.7978845608028654,,C:\Users\sophi\napari-organoid-segmentation\reports\organoid_measurements_aspirina_5_segmentations\Condição 5 - 20_labels.tif
Condição 5 - 20.jpg,ConvPaint,281,344.5,176.5,4.0,4.0,0.3480392396450043,1.1283791670955126,3.141592653589793,C:\Users\sophi\napari-organoid-segmentation\reports\organoid_measurements_aspirina_5_segmentations\Condição 5 - 20_labels.tif
Condição 5 - 20.jpg,ConvPaint,282,344.6666666666667,306.3333333333333,6.0,5.414213562373095,0.3620915114879608,1.381976597885342,2.5721148072672673,C:\Users\sophi\napari-organoid-segmentation\reports\organoid_measurements_aspirina_5_segmentations\Condição 5 - 20_labels.tif
Condição 5 - 20.jpg,ConvPaint,283,344.5,932.0,2.0,0.0,0.5921568870544434,0.7978845608028654,,C:\Users\sophi\napari-organoid-segmentation\reports\organoid_measurements_aspirina_5_segmentations\Condição 5 - 20_labels.tif
Condição 5 - 20.jpg,ConvPaint,284,345.5,936.0,4.0,2.0,0.41372549533843994,1.1283791670955126,12.566370614359172,C:\Users\sophi\napari-organoid-segmentation\reports\organoid_measurements_aspirina_5_segmentations\Condição 5 - 20_labels.tif
Condição 5 - 20.jpg,ConvPaint,285,344.5,1147.0,2.0,0.0,0.45098039507865906,0.7978845608028654,,C:\Users\sophi\napari-organoid-segmentation\reports\organoid_measurements_aspirina_5_segmentations\Condição 5 - 20_labels.tif
Condição 5 - 20.jpg,ConvPaint,286,344.0,1393.5,2.0,0.0,0.5,0.7978845608028654,,C:\Users\sophi\napari-organoid-segmentation\reports\organoid_measurements_aspirina_5_segmentations\Condição 5 - 20_labels.tif
Condição 5 - 20.jpg,ConvPaint,287,348.0,305.0,1.0,0.0,0.3176470696926117,0.5641895835477563,,C:\Users\sophi\napari-organoid-segmentation\reports\organoid_measurements_aspirina_5_segmentations\Condição 5 - 20_labels.tif
Condição 5 - 20.jpg,ConvPaint,288,348.5,311.0,2.0,0.0,0.33725491166114807,0.7978845608028654,,C:\Users\sophi\napari-organoid-segmentation\reports\organoid_measurements_aspirina_5_segmentations\Condição 5 - 20_labels.tif
Condição 5 - 20.jpg,ConvPaint,289,349.0,1392.25,4.0,4.621320343559642,0.4705882668495178,1.1283791670955126,2.3536273758173025,C:\Users\sophi\napari-organoid-segmentation\reports\organoid_measurements_aspirina_5_segmentations\Condição 5 - 20_labels.tif
Condição 5 - 20.jpg,ConvPaint,290,348.5,1563.0,2.0,0.0,0.47647058963775635,0.7978845608028654,,C:\Users\sophi\napari-organoid-segmentation\reports\organoid_measurements_aspirina_5_segmentations\Condição 5 - 20_labels.tif
Condição 5 - 20.jpg,ConvPaint,291,349.6666666666667,1844.3333333333333,3.0,3.414213562373095,0.33986929059028625,0.9772050238058398,3.2340725067158833,C:\Users\sophi\napari-organoid-segmentation\reports\organoid_measurements_aspirina_5_segmentations\Condição 5 - 20_labels.tif
Condição 5 - 20.jpg,ConvPaint,292,352.94117647058823,934.6470588235294,17.0,14.414213562373096,0.39377161860466003,2.326213245840639,1.0281982982996207,C:\Users\sophi\napari-organoid-segmentation\reports\organoid_measurements_aspirina_5_segmentations\Condição 5 - 20_labels.tif
Condição 5 - 20.jpg,ConvPaint,293,352.3333333333333,1838.1666666666667,6.0,6.414213562373095,0.41764703392982483,1.381976597885342,1.8326278532479736,C:\Users\sophi\napari-organoid-segmentation\reports\organoid_measurements_aspirina_5_segmentations\Condição 5 - 20_labels.tif
Condição 5 - 20.jpg,ConvPaint,294,352.5,318.5,4.0,4.0,0.344117671251297,1.1283791670955126,3.141592653589793,C:\Users\sophi\napari-organoid-segmentation\reports\organoid_measurements_aspirina_5_segmentations\Condição 5 - 20_labels.tif
Condição 5 - 20.jpg,ConvPaint,295,352.0,743.0,1.0,0.0,0.3529411852359772,0.5641895835477563,,C:\Users\sophi\napari-organoid-segmentation\reports\organoid_measurements_aspirina_5_segmentations\Condição 5 - 20_labels.tif
Condição 5 - 20.jpg,ConvPaint,296,352.0,746.0,1.0,0.0,0.5098039507865906,0.5641895835477563,,C:\Users\sophi\napari-organoid-segmentation\reports\organoid_measurements_aspirina_5_segmentations\Condição 5 - 20_labels.tif
Condição 5 - 20.jpg,ConvPaint,297,352.0,1372.0,1.0,0.0,0.6196078658103943,0.5641895835477563,,C:\Users\sophi\napari-organoid-segmentation\reports\organoid_measurements_aspirina_5_segmentations\Condição 5 - 20_labels.tif
Condição 5 - 20.jpg,ConvPaint,298,354.6666666666667,156.33333333333334,3.0,3.414213562373095,0.6483660340309143,0.9772050238058398,3.2340725067158833,C:\Users\sophi\napari-organoid-segmentation\reports\organoid_measurements_aspirina_5_segmentations\Condição 5 - 20_labels.tif
Condição 5 - 20.jpg,ConvPaint,299,354.5,932.5,2.0,0.0,0.5529412031173706,0.7978845608028654,,C:\Users\sophi\napari-organoid-segmentation\reports\organoid_measurements_aspirina_5_segmentations\Condição 5 - 20_labels.tif
Condição 5 - 20.jpg,ConvPaint,300,354.5,1843.0,2.0,0.0,0.4431372582912445,0.7978845608028654,,C:\Users\sophi\napari-organoid-segmentation\reports\organoid_measurements_aspirina_5_segmentations\Condição 5 - 20_labels.tif
Condição 5 - 20.jpg,ConvPaint,301,355.0,167.0,1.0,0.0,0.3529411852359772,0.5641895835477563,,C:\Users\sophi\napari-organoid-segmentation\reports\organoid_measurements_aspirina_5_segmentations\Condição 5 - 20_labels.tif
Condição 5 - 20.jpg,ConvPaint,302,356.5,162.5,2.0,0.0,0.44509804248809814,0.7978845608028654,,C:\Users\sophi\napari-organoid-segmentation\reports\organoid_measurements_aspirina_5_segmentations\Condição 5 - 20_labels.tif
Condição 5 - 20.jpg,ConvPaint,303,356.5,1143.0,2.0,0.0,0.570588231086731,0.7978845608028654,,C:\Users\sophi\napari-organoid-segmentation\reports\organoid_measurements_aspirina_5_segmentations\Condição 5 - 20_labels.tif
Condição 5 - 20.jpg,ConvPaint,304,358.0,933.0,1.0,0.0,0.5254902243614197,0.5641895835477563,,C:\Users\sophi\napari-organoid-segmentation\reports\organoid_measurements_aspirina_5_segmentations\Condição 5 - 20_labels.tif
Condição 5 - 20.jpg,ConvPaint,305,361.35714285714283,1369.1785714285713,28.0,23.071067811865476,0.4291316568851471,2.985410660720923,0.6610472516738493,C:\Users\sophi\napari-organoid-segmentation\reports\organoid_measurements_aspirina_5_segmentations\Condição 5 - 20_labels.tif
Condição 5 - 20.jpg,ConvPaint,306,360.0,161.5,2.0,0.0,0.5529412031173706,0.7978845608028654,,C:\Users\sophi\napari-organoid-segmentation\reports\organoid_measurements_aspirina_5_segmentations\Condição 5 - 20_labels.tif
Condição 5 - 20.jpg,ConvPaint,307,360.0,166.5,2.0,0.0,0.39411765336990356,0.7978845608028654,,C:\Users\sophi\napari-organoid-segmentation\reports\organoid_measurements_aspirina_5_segmentations\Condição 5 - 20_labels.tif
Condição 5 - 20.jpg,ConvPaint,308,360.0,1857.0,1.0,0.0,0.4117647111415863,0.5641895835477563,,C:\Users\sophi\napari-organoid-segmentation\reports\organoid_measurements_aspirina_5_segmentations\Condição 5 - 20_labels.tif
Condição 5 - 20.jpg,ConvPaint,309,361.0,1852.0,1.0,0.0,0.5098039507865906,0.5641895835477563,,C:\Users\sophi\napari-organoid-segmentation\reports\organoid_measurements_aspirina_5_segmentations\Condição 5 - 20_labels.tif
Condição 5 - 20.jpg,ConvPaint,310,365.0,162.33333333333334,9.0,9.621320343559642,0.48148149251937866,1.692568750643269,1.221751902165316,C:\Users\sophi\napari-organoid-segmentation\reports\organoid_measurements_aspirina_5_segmentations\Condição 5 - 20_labels.tif
Condição 5 - 20.jpg,ConvPaint,311,363.0,1555.0,1.0,0.0,0.46666666865348816,0.5641895835477563,,C:\Users\sophi\napari-organoid-segmentation\reports\organoid_measurements_aspirina_5_segmentations\Condição 5 - 20_labels.tif
Condição 5 - 20.jpg,ConvPaint,312,365.8,338.8,5.0,2.414213562373095,0.3733333349227905,1.2615662610100802,10.780241689052945,C:\Users\sophi\napari-organoid-segmentation\reports\organoid_measurements_aspirina_5_segmentations\Condição 5 - 20_labels.tif
Condição 5 - 20.jpg,ConvPaint,313,365.45454545454544,749.6363636363636,11.0,8.82842712474619,0.3846702575683594,1.8712051592547776,1.7735191258349552,C:\Users\sophi\napari-organoid-segmentation\reports\organoid_measurements_aspirina_5_segmentations\Condição 5 - 20_labels.tif
Condição 5 - 20.jpg,ConvPaint,314,366.5,1402.0,2.0,0.0,0.5235294103622437,0.7978845608028654,,C:\Users\sophi\napari-organoid-segmentation\reports\organoid_measurements_aspirina_5_segmentations\Condição 5 - 20_labels.tif
Condição 5 - 20.jpg,ConvPaint,315,367.6666666666667,176.5,6.0,5.621320343559642,0.364705890417099,1.381976597885342,2.3860769419719228,C:\Users\sophi\napari-organoid-segmentation\reports\organoid_measurements_aspirina_5_segmentations\Condição 5 - 20_labels.tif
Condição 5 - 20.jpg,ConvPaint,316,368.0,342.5,2.0,0.0,0.3588235378265381,0.7978845608028654,,C:\Users\sophi\napari-organoid-segmentation\reports\organoid_measurements_aspirina_5_segmentations\Condição 5 - 20_labels.tif
Condição 5 - 20.jpg,ConvPaint,317,369.3333333333333,1368.3333333333333,9.0,8.207106781186548,0.4932461977005005,1.692568750643269,1.6790831580707237,C:\Users\sophi\napari-organoid-segmentation\reports\organoid_measurements_aspirina_5_segmentations\Condição 5 - 20_labels.tif
Condição 5 - 20.jpg,ConvPaint,318,370.06666666666666,1373.1333333333334,15.0,12.242640687119284,0.44287583231925964,2.1850968611841584,1.2576242881690396,C:\Users\sophi\napari-organoid-segmentation\reports\organoid_measurements_aspirina_5_segmentations\Condição 5 - 20_labels.tif
Condição 5 - 20.jpg,ConvPaint,319,371.0,1918.5,2.0,0.0,0.45490196347236633,0.7978845608028654,,C:\Users\sophi\napari-organoid-segmentation\reports\organoid_measurements_aspirina_5_segmentations\Condição 5 - 20_labels.tif
Condição 5 - 20.jpg,ConvPaint,320,374.5135135135135,164.8108108108108,37.0,29.44974746830583,0.45659777522087097,3.431831258788849,0.5361032474360594,C:\Users\sophi\napari-organoid-segmentation\reports\organoid_measurements_aspirina_5_segmentations\Condição 5 - 20_labels.tif
Condição 5 - 20.jpg,ConvPaint,321,372.3333333333333,1912.6666666666667,3.0,3.414213562373095,0.4405228793621063,0.9772050238058398,3.2340725067158833,C:\Users\sophi\napari-organoid-segmentation\reports\organoid_measurements_aspirina_5_segmentations\Condição 5 - 20_labels.tif
Condição 5 - 20.jpg,ConvPaint,322,373.5,751.0,2.0,0.0,0.36666667461395264,0.7978845608028654,,C:\Users\sophi\napari-organoid-segmentation\reports\organoid_measurements_aspirina_5_segmentations\Condição 5 - 20_labels.tif
Condição 5 - 20.jpg,ConvPaint,323,374.0,748.0,1.0,0.0,0.37254902720451355,0.5641895835477563,,C:\Users\sophi\napari-organoid-segmentation\reports\organoid_measurements_aspirina_5_segmentations\Condição 5 - 20_labels.tif
Condição 5 - 20.jpg,ConvPaint,324,377.1764705882353,937.5882352941177,17.0,15.242640687119284,0.5259515643119812,2.326213245840639,0.919471687743989,C:\Users\sophi\napari-organoid-segmentation\reports\organoid_measurements_aspirina_5_segmentations\Condição 5 - 20_labels.tif
Condição 5 - 20.jpg,ConvPaint,325,375.5,941.5,2.0,0.0,0.3529411852359772,0.7978845608028654,,C:\Users\sophi\napari-organoid-segmentation\reports\organoid_measurements_aspirina_5_segmentations\Condição 5 - 20_labels.tif
Condição 5 - 20.jpg,ConvPaint,326,377.3333333333333,1379.3333333333333,27.0,20.27817459305202,0.43355122208595276,2.9316150714175193,0.8251177166638787,C:\Users\sophi\napari-organoid-segmentation\reports\organoid_measurements_aspirina_5_segmentations\Condição 5 - 20_labels.tif
Condição 5 - 20.jpg,ConvPaint,327,376.0,752.5,2.0,0.0,0.34705883264541626,0.7978845608028654,,C:\Users\sophi\napari-organoid-segmentation\reports\organoid_measurements_aspirina_5_segmentations\Condição 5 - 20_labels.tif
Condição 5 - 20.jpg,ConvPaint,328,377.0,171.0,1.0,0.0,0.3960784375667572,0.5641895835477563,,C:\Users\sophi\napari-organoid-segmentation\reports\organoid_measurements_aspirina_5_segmentations\Condição 5 - 20_labels.tif
Condição 5 - 20.jpg,ConvPaint,329,377.0,755.0,1.0,0.0,0.4745098054409027,0.5641895835477563,,C:\Users\sophi\napari-organoid-segmentation\reports\organoid_measurements_aspirina_5_segmentations\Condição 5 - 20_labels.tif
Condição 5 - 20.jpg,ConvPaint,330,380.0,754.25,4.0,4.621320343559642,0.3813725709915161,1.1283791670955126,2.3536273758173025,C:\Users\sophi\napari-organoid-segmentation\reports\organoid_measurements_aspirina_5_segmentations\Condição 5 - 20_labels.tif
Condição 5 - 20.jpg,ConvPaint,331,381.5,161.5,16.0,12.0,0.5659314393997192,2.256758334191025,1.3962634015954636,C:\Users\sophi\napari-organoid-segmentation\reports\organoid_measurements_aspirina_5_segmentations\Condição 5 - 20_labels.tif
Condição 5 - 20.jpg,ConvPaint,332,382.1764705882353,169.7058823529412,17.0,13.242640687119284,0.40184542536735535,2.326213245840639,1.2181747530987574,C:\Users\sophi\napari-organoid-segmentation\reports\organoid_measurements_aspirina_5_segmentations\Condição 5 - 20_labels.tif
Condição 5 - 20.jpg,ConvPaint,333,383.375,349.25,8.0,8.414213562373096,0.3843137323856354,1.5957691216057308,1.4199491418576702,C:\Users\sophi\napari-organoid-segmentation\reports\organoid_measurements_aspirina_5_segmentations\Condição 5 - 20_labels.tif
Condição 5 - 20.jpg,ConvPaint,334,384.8235294117647,757.8823529411765,17.0,11.621320343559642,0.4913494884967804,2.326213245840639,1.5817864098024634,C:\Users\sophi\napari-organoid-segmentation\reports\organoid_measurements_aspirina_5_segmentations\Condição 5 - 20_labels.tif
Condição 5 - 20.jpg,ConvPaint,335,386.27272727272725,164.9090909090909,11.0,9.242640687119284,0.4021390676498413,1.8712051592547776,1.6181188208743955,C:\Users\sophi\napari-organoid-segmentation\reports\organoid_measurements_aspirina_5_segmentations\Condição 5 - 20_labels.tif
Condição 5 - 20.jpg,ConvPaint,336,384.0,937.0,1.0,0.0,0.5529412031173706,0.5641895835477563,,C:\Users\sophi\napari-organoid-segmentation\reports\organoid_measurements_aspirina_5_segmentations\Condição 5 - 20_labels.tif
Condição 5 - 20.jpg,ConvPaint,337,384.0,1137.0,1.0,0.0,0.46666666865348816,0.5641895835477563,,C:\Users\sophi\napari-organoid-segmentation\reports\organoid_measurements_aspirina_5_segmentations\Condição 5 - 20_labels.tif
Condição 5 - 20.jpg,ConvPaint,338,386.0,352.0,1.0,0.0,0.37254902720451355,0.5641895835477563,,C:\Users\sophi\napari-organoid-segmentation\reports\organoid_measurements_aspirina_5_segmentations\Condição 5 - 20_labels.tif
Condição 5 - 20.jpg,ConvPaint,339,386.0,747.0,1.0,0.0,0.364705890417099,0.5641895835477563,,C:\Users\sophi\napari-organoid-segmentation\reports\organoid_measurements_aspirina_5_segmentations\Condição 5 - 20_labels.tif
Condição 5 - 20.jpg,ConvPaint,340,386.5,1139.0,2.0,0.0,0.47058823704719543,0.7978845608028654,,C:\Users\sophi\napari-organoid-segmentation\reports\organoid_measurements_aspirina_5_segmentations\Condição 5 - 20_labels.tif
Condição 5 - 20.jpg,ConvPaint,341,387.0,169.0,1.0,0.0,0.3843137323856354,0.5641895835477563,,C:\Users\sophi\napari-organoid-segmentation\reports\organoid_measurements_aspirina_5_segmentations\Condição 5 - 20_labels.tif
Condição 5 - 20.jpg,ConvPaint,342,390.0,347.0,1.0,0.0,0.3176470696926117,0.5641895835477563,,C:\Users\sophi\napari-organoid-segmentation\reports\organoid_measurements_aspirina_5_segmentations\Condição 5 - 20_labels.tif
Condição 5 - 20.jpg,ConvPaint,343,390.0,350.0,1.0,0.0,0.40392157435417175,0.5641895835477563,,C:\Users\sophi\napari-organoid-segmentation\reports\organoid_measurements_aspirina_5_segmentations\Condição 5 - 20_labels.tif
Condição 5 - 20.jpg,ConvPaint,344,394.1818181818182,757.0454545454545,22.0,17.035533905932738,0.46648839116096497,2.6462837142006137,0.9526229639294093,C:\Users\sophi\napari-organoid-segmentation\reports\organoid_measurements_aspirina_5_segmentations\Condição 5 - 20_labels.tif
Condição 5 - 20.jpg,ConvPaint,345,393.5,162.5,6.0,6.414213562373095,0.48496735095977783,1.381976597885342,1.8326278532479736,C:\Users\sophi\napari-organoid-segmentation\reports\organoid_measurements_aspirina_5_segmentations\Condição 5 - 20_labels.tif
Condição 5 - 20.jpg,ConvPaint,346,392.5,346.0,2.0,0.0,0.31960785388946533,0.7978845608028654,,C:\Users\sophi\napari-organoid-segmentation\reports\organoid_measurements_aspirina_5_segmentations\Condição 5 - 20_labels.tif
Condição 5 - 20.jpg,ConvPaint,347,393.22222222222223,350.1111111111111,9.0,9.035533905932738,0.40566450357437134,1.692568750643269,1.3853028687892377,C:\Users\sophi\napari-organoid-segmentation\reports\organoid_measurements_aspirina_5_segmentations\Condição 5 - 20_labels.tif
Condição 5 - 20.jpg,ConvPaint,348,393.0,160.0,1.0,0.0,0.6705882549285889,0.5641895835477563,,C:\Users\sophi\napari-organoid-segmentation\reports\organoid_measurements_aspirina_5_segmentations\Condição 5 - 20_labels.tif
Condição 5 - 20.jpg,ConvPaint,349,393.0,754.0,1.0,0.0,0.3764705955982208,0.5641895835477563,,C:\Users\sophi\napari-organoid-segmentation\reports\organoid_measurements_aspirina_5_segmentations\Condição 5 - 20_labels.tif
Condição 5 - 20.jpg,ConvPaint,350,394.2857142857143,1423.857142857143,7.0,7.414213562373096,0.46946778893470764,1.4927053303604616,1.6002127302753708,C:\Users\sophi\napari-organoid-segmentation\reports\organoid_measurements_aspirina_5_segmentations\Condição 5 - 20_labels.tif
Condição 5 - 20.jpg,ConvPaint,351,395.0,1427.0,1.0,0.0,0.4588235318660736,0.5641895835477563,,C:\Users\sophi\napari-organoid-segmentation\reports\organoid_measurements_aspirina_5_segmentations\Condição 5 - 20_labels.tif
Condição 5 - 20.jpg,ConvPaint,352,403.09375,161.78125,32.0,26.86396103067893,0.40306374430656433,3.1915382432114616,0.5572110813734905,C:\Users\sophi\napari-organoid-segmentation\reports\organoid_measurements_aspirina_5_segmentations\Condição 5 - 20_labels.tif
Condição 5 - 20.jpg,ConvPaint,353,398.8,352.6,5.0,5.207106781186548,0.47843137383461,1.2615662610100802,2.3173247538676778,C:\Users\sophi\napari-organoid-segmentation\reports\organoid_measurements_aspirina_5_segmentations\Condição 5 - 20_labels.tif
Condição 5 - 20.jpg,ConvPaint,354,401.95238095238096,751.0,21.0,19.106601717798213,0.3845004439353943,2.5854414729132054,0.7228734220956899,C:\Users\sophi\napari-organoid-segmentation\reports\organoid_measurements_aspirina_5_segmentations\Condição 5 - 20_labels.tif
Condição 5 - 20.jpg,ConvPaint,355,400.2,952.8,5.0,4.0,0.5121568441390991,1.2615662610100802,3.9269908169872414,C:\Users\sophi\napari-organoid-segmentation\reports\organoid_measurements_aspirina_5_segmentations\Condição 5 - 20_labels.tif
Condição 5 - 20.jpg,ConvPaint,356,401.0,955.0,1.0,0.0,0.4745098054409027,0.5641895835477563,,C:\Users\sophi\napari-organoid-segmentation\reports\organoid_measurements_aspirina_5_segmentations\Condição 5 - 20_labels.tif
Condição 5 - 20.jpg,ConvPaint,357,403.0,755.0,1.0,0.0,0.3764705955982208,0.5641895835477563,,C:\Users\sophi\napari-organoid-segmentation\reports\organoid_measurements_aspirina_5_segmentations\Condição 5 - 20_labels.tif
Condição 5 - 20.jpg,ConvPaint,358,403.0,954.0,1.0,0.0,0.4745098054409027,0.5641895835477563,,C:\Users\sophi\napari-organoid-segmentation\reports\organoid_measurements_aspirina_5_segmentations\Condição 5 - 20_labels.tif
Condição 5 - 20.jpg,ConvPaint,359,403.0,1449.0,1.0,0.0,0.38823530077934265,0.5641895835477563,,C:\Users\sophi\napari-organoid-segmentation\reports\organoid_measurements_aspirina_5_segmentations\Condição 5 - 20_labels.tif
Condição 5 - 20.jpg,ConvPaint,360,404.5,174.0,2.0,0.0,0.343137264251709,0.7978845608028654,,C:\Users\sophi\napari-organoid-segmentation\reports\organoid_measurements_aspirina_5_segmentations\Condição 5 - 20_labels.tif
Condição 5 - 20.jpg,ConvPaint,361,404.0,959.0,1.0,0.0,0.47058823704719543,0.5641895835477563,,C:\Users\sophi\napari-organoid-segmentation\reports\organoid_measurements_aspirina_5_segmentations\Condição 5 - 20_labels.tif
Condição 5 - 20.jpg,ConvPaint,362,405.0,754.0,1.0,0.0,0.3843137323856354,0.5641895835477563,,C:\Users\sophi\napari-organoid-segmentation\reports\organoid_measurements_aspirina_5_segmentations\Condição 5 - 20_labels.tif
Condição 5 - 20.jpg,ConvPaint,363,407.0,949.0,1.0,0.0,0.5607843399047852,0.5641895835477563,,C:\Users\sophi\napari-organoid-segmentation\reports\organoid_measurements_aspirina_5_segmentations\Condição 5 - 20_labels.tif
Condição 5 - 20.jpg,ConvPaint,364,407.5,1463.0,2.0,0.0,0.48627451062202454,0.7978845608028654,,C:\Users\sophi\napari-organoid-segmentation\reports\organoid_measurements_aspirina_5_segmentations\Condição 5 - 20_labels.tif
Condição 5 - 20.jpg,ConvPaint,365,407.0,1467.0,1.0,0.0,0.37254902720451355,0.5641895835477563,,C:\Users\sophi\napari-organoid-segmentation\reports\organoid_measurements_aspirina_5_segmentations\Condição 5 - 20_labels.tif
Condição 5 - 20.jpg,ConvPaint,366,408.5,166.5,4.0,4.0,0.364705890417099,1.1283791670955126,3.141592653589793,C:\Users\sophi\napari-organoid-segmentation\reports\organoid_measurements_aspirina_5_segmentations\Condição 5 - 20_labels.tif
Condição 5 - 20.jpg,ConvPaint,367,409.8,754.2,5.0,4.207106781186548,0.4282352924346924,1.2615662610100802,3.5498728546441756,C:\Users\sophi\napari-organoid-segmentation\reports\organoid_measurements_aspirina_5_segmentations\Condição 5 - 20_labels.tif
Condição 5 - 20.jpg,ConvPaint,368,408.0,1134.0,1.0,0.0,0.545098066329956,0.5641895835477563,,C:\Users\sophi\napari-organoid-segmentation\reports\organoid_measurements_aspirina_5_segmentations\Condição 5 - 20_labels.tif
Condição 5 - 20.jpg,ConvPaint,369,409.0,750.0,1.0,0.0,0.3686274588108063,0.5641895835477563,,C:\Users\sophi\napari-organoid-segmentation\reports\organoid_measurements_aspirina_5_segmentations\Condição 5 - 20_labels.tif
Condição 5 - 20.jpg,ConvPaint,370,414.6666666666667,160.47619047619048,21.0,17.242640687119284,0.43660131096839905,2.5854414729132054,0.887608806270552,C:\Users\sophi\napari-organoid-segmentation\reports\organoid_measurements_aspirina_5_segmentations\Condição 5 - 20_labels.tif
Condição 5 - 20.jpg,ConvPaint,371,410.0,172.5,2.0,0.0,0.3294117748737335,0.7978845608028654,,C:\Users\sophi\napari-organoid-segmentation\reports\organoid_measurements_aspirina_5_segmentations\Condição 5 - 20_labels.tif
Condição 5 - 20.jpg,ConvPaint,372,411.5,751.0,2.0,0.0,0.34705883264541626,0.7978845608028654,,C:\Users\sophi\napari-organoid-segmentation\reports\organoid_measurements_aspirina_5_segmentations\Condição 5 - 20_labels.tif
Condição 5 - 20.jpg,ConvPaint,373,411.0,1478.5,2.0,0.0,0.43921568989753723,0.7978845608028654,,C:\Users\sophi\napari-organoid-segmentation\reports\organoid_measurements_aspirina_5_segmentations\Condição 5 - 20_labels.tif
Condição 5 - 20.jpg,ConvPaint,374,412.0,170.0,1.0,0.0,0.32156863808631897,0.5641895835477563,,C:\Users\sophi\napari-organoid-segmentation\reports\organoid_measurements_aspirina_5_segmentations\Condição 5 - 20_labels.tif
Condição 5 - 20.jpg,ConvPaint,375,412.0,347.0,1.0,0.0,0.33725491166114807,0.5641895835477563,,C:\Users\sophi\napari-organoid-segmentation\reports\organoid_measurements_aspirina_5_segmentations\Condição 5 - 20_labels.tif
Condição 5 - 20.jpg,ConvPaint,376,412.0,1473.0,1.0,0.0,0.5215686559677124,0.5641895835477563,,C:\Users\sophi\napari-organoid-segmentation\reports\organoid_measurements_aspirina_5_segmentations\Condição 5 - 20_labels.tif
Condição 5 - 20.jpg,ConvPaint,377,416.0,755.0,5.0,5.414213562373095,0.4596078395843506,1.2615662610100802,2.143429006056056,C:\Users\sophi\napari-organoid-segmentation\reports\organoid_measurements_aspirina_5_segmentations\Condição 5 - 20_labels.tif
Condição 5 - 20.jpg,ConvPaint,378,415.0,1484.0,1.0,0.0,0.4313725531101227,0.5641895835477563,,C:\Users\sophi\napari-organoid-segmentation\reports\organoid_measurements_aspirina_5_segmentations\Condição 5 - 20_labels.tif
Condição 5 - 20.jpg,ConvPaint,379,416.0,1122.0,1.0,0.0,0.37254902720451355,0.5641895835477563,,C:\Users\sophi\napari-organoid-segmentation\reports\organoid_measurements_aspirina_5_segmentations\Condição 5 - 20_labels.tif
Condição 5 - 20.jpg,ConvPaint,380,419.8181818181818,1119.7272727272727,11.0,8.82842712474619,0.3750445544719696,1.8712051592547776,1.7735191258349552,C:\Users\sophi\napari-organoid-segmentation\reports\organoid_measurements_aspirina_5_segmentations\Condição 5 - 20_labels.tif
Condição 5 - 20.jpg,ConvPaint,381,421.0,969.0,1.0,0.0,0.47058823704719543,0.5641895835477563,,C:\Users\sophi\napari-organoid-segmentation\reports\organoid_measurements_aspirina_5_segmentations\Condição 5 - 20_labels.tif
Condição 5 - 20.jpg,ConvPaint,382,427.68,157.2,25.0,19.86396103067893,0.4404705762863159,2.8209479177387813,0.7961926490841549,C:\Users\sophi\napari-organoid-segmentation\reports\organoid_measurements_aspirina_5_segmentations\Condição 5 - 20_labels.tif
Condição 5 - 20.jpg,ConvPaint,383,427.5,164.0,2.0,0.0,0.3686274588108063,0.7978845608028654,,C:\Users\sophi\napari-organoid-segmentation\reports\organoid_measurements_aspirina_5_segmentations\Condição 5 - 20_labels.tif
Condição 5 - 20.jpg,ConvPaint,384,429.0,168.33333333333334,3.0,1.2071067811865475,0.3333333432674408,0.9772050238058398,25.872580053727066,C:\Users\sophi\napari-organoid-segmentation\reports\organoid_measurements_aspirina_5_segmentations\Condição 5 - 20_labels.tif
Condição 5 - 20.jpg,ConvPaint,385,430.25,1120.25,4.0,3.2071067811865475,0.4225490391254425,1.1283791670955126,4.887007608661263,C:\Users\sophi\napari-organoid-segmentation\reports\organoid_measurements_aspirina_5_segmentations\Condição 5 - 20_labels.tif
Condição 5 - 20.jpg,ConvPaint,386,430.5,344.5,4.0,4.0,0.31470590829849243,1.1283791670955126,3.141592653589793,C:\Users\sophi\napari-organoid-segmentation\reports\organoid_measurements_aspirina_5_segmentations\Condição 5 - 20_labels.tif
Condição 5 - 20.jpg,ConvPaint,387,432.5,154.0,2.0,0.0,0.5058823823928833,0.7978845608028654,,C:\Users\sophi\napari-organoid-segmentation\reports\organoid_measurements_aspirina_5_segmentations\Condição 5 - 20_labels.tif
Condição 5 - 20.jpg,ConvPaint,388,432.5,162.5,2.0,0.0,0.3294117748737335,0.7978845608028654,,C:\Users\sophi\napari-organoid-segmentation\reports\organoid_measurements_aspirina_5_segmentations\Condição 5 - 20_labels.tif
Condição 5 - 20.jpg,ConvPaint,389,432.0,995.0,1.0,0.0,0.5568627715110779,0.5641895835477563,,C:\Users\sophi\napari-organoid-segmentation\reports\organoid_measurements_aspirina_5_segmentations\Condição 5 - 20_labels.tif
Condição 5 - 20.jpg,ConvPaint,390,432.6666666666667,1118.3333333333333,3.0,3.414213562373095,0.38954249024391174,0.9772050238058398,3.2340725067158833,C:\Users\sophi\napari-organoid-segmentation\reports\organoid_measurements_aspirina_5_segmentations\Condição 5 - 20_labels.tif
Condição 5 - 20.jpg,ConvPaint,391,435.0,154.5,2.0,0.0,0.5352941751480103,0.7978845608028654,,C:\Users\sophi\napari-organoid-segmentation\reports\organoid_measurements_aspirina_5_segmentations\Condição 5 - 20_labels.tif
Condição 5 - 20.jpg,ConvPaint,392,435.0,747.0,1.0,0.0,0.3960784375667572,0.5641895835477563,,C:\Users\sophi\napari-organoid-segmentation\reports\organoid_measurements_aspirina_5_segmentations\Condição 5 - 20_labels.tif
Condição 5 - 20.jpg,ConvPaint,393,435.0,1115.0,1.0,0.0,0.40784314274787903,0.5641895835477563,,C:\Users\sophi\napari-organoid-segmentation\reports\organoid_measurements_aspirina_5_segmentations\Condição 5 - 20_labels.tif
Condição 5 - 20.jpg,ConvPaint,394,437.0,153.0,1.0,0.0,0.5372549295425415,0.5641895835477563,,C:\Users\sophi\napari-organoid-segmentation\reports\organoid_measurements_aspirina_5_segmentations\Condição 5 - 20_labels.tif
Condição 5 - 20.jpg,ConvPaint,395,437.0,1007.0,1.0,0.0,0.43921568989753723,0.5641895835477563,,C:\Users\sophi\napari-organoid-segmentation\reports\organoid_measurements_aspirina_5_segmentations\Condição 5 - 20_labels.tif
Condição 5 - 20.jpg,ConvPaint,396,438.0,160.5,2.0,0.0,0.3960784375667572,0.7978845608028654,,C:\Users\sophi\napari-organoid-segmentation\reports\organoid_measurements_aspirina_5_segmentations\Condição 5 - 20_labels.tif
Condição 5 - 20.jpg,ConvPaint,397,438.0,347.0,1.0,0.0,0.3450980484485626,0.5641895835477563,,C:\Users\sophi\napari-organoid-segmentation\reports\organoid_measurements_aspirina_5_segmentations\Condição 5 - 20_labels.tif
Condição 5 - 20.jpg,ConvPaint,398,440.0,1113.0,5.0,3.0,0.42352938652038574,1.2615662610100802,6.981317007977318,C:\Users\sophi\napari-organoid-segmentation\reports\organoid_measurements_aspirina_5_segmentations\Condição 5 - 20_labels.tif
Condição 5 - 20.jpg,ConvPaint,399,441.0,345.0,3.0,1.0,0.3803921639919281,0.9772050238058398,37.69911184307752,C:\Users\sophi\napari-organoid-segmentation\reports\organoid_measurements_aspirina_5_segmentations\Condição 5 - 20_labels.tif
Condição 5 - 20.jpg,ConvPaint,400,440.0,350.5,2.0,0.0,0.5176470875740051,0.7978845608028654,,C:\Users\sophi\napari-organoid-segmentation\reports\organoid_measurements_aspirina_5_segmentations\Condição 5 - 20_labels.tif
Condição 5 - 20.jpg,ConvPaint,401,441.7142857142857,746.4285714285714,7.0,7.207106781186548,0.46946778893470764,1.4927053303604616,1.6935030795523165,C:\Users\sophi\napari-organoid-segmentation\reports\organoid_measurements_aspirina_5_segmentations\Condição 5 - 20_labels.tif
Condição 5 - 20.jpg,ConvPaint,402,441.0,1013.0,1.0,0.0,0.37254902720451355,0.5641895835477563,,C:\Users\sophi\napari-organoid-segmentation\reports\organoid_measurements_aspirina_5_segmentations\Condição 5 - 20_labels.tif
Condição 5 - 20.jpg,ConvPaint,403,442.5,348.5,2.0,0.0,0.40980392694473267,0.7978845608028654,,C:\Users\sophi\napari-organoid-segmentation\reports\organoid_measurements_aspirina_5_segmentations\Condição 5 - 20_labels.tif
Condição 5 - 20.jpg,ConvPaint,404,444.0,339.0,1.0,0.0,0.40784314274787903,0.5641895835477563,,C:\Users\sophi\napari-organoid-segmentation\reports\organoid_measurements_aspirina_5_segmentations\Condição 5 - 20_labels.tif
Condição 5 - 20.jpg,ConvPaint,405,446.5,160.5,4.0,4.0,0.4696078300476074,1.1283791670955126,3.141592653589793,C:\Users\sophi\napari-organoid-segmentation\reports\organoid_measurements_aspirina_5_segmentations\Condição 5 - 20_labels.tif
Condição 5 - 20.jpg,ConvPaint,406,446.0,1107.0,1.0,0.0,0.4901960790157318,0.5641895835477563,,C:\Users\sophi\napari-organoid-segmentation\reports\organoid_measurements_aspirina_5_segmentations\Condição 5 - 20_labels.tif
Condição 5 - 20.jpg,ConvPaint,407,451.0,737.0,1.0,0.0,0.4313725531101227,0.5641895835477563,,C:\Users\sophi\napari-organoid-segmentation\reports\organoid_measurements_aspirina_5_segmentations\Condição 5 - 20_labels.tif
Condição 5 - 20.jpg,ConvPaint,408,458.0,185.28571428571428,7.0,6.82842712474619,0.37422969937324524,1.4927053303604616,1.8865422955842652,C:\Users\sophi\napari-organoid-segmentation\reports\organoid_measurements_aspirina_5_segmentations\Condição 5 - 20_labels.tif
Condição 5 - 20.jpg,ConvPaint,409,457.0,735.0,1.0,0.0,0.49803921580314636,0.5641895835477563,,C:\Users\sophi\napari-organoid-segmentation\reports\organoid_measurements_aspirina_5_segmentations\Condição 5 - 20_labels.tif
Condição 5 - 20.jpg,ConvPaint,410,458.0,350.0,1.0,0.0,0.4588235318660736,0.5641895835477563,,C:\Users\sophi\napari-organoid-segmentation\reports\organoid_measurements_aspirina_5_segmentations\Condição 5 - 20_labels.tif
Condição 5 - 20.jpg,ConvPaint,411,460.2,345.6,10.0,8.82842712474619,0.39803922176361084,1.7841241161527712,1.612290114395414,C:\Users\sophi\napari-organoid-segmentation\reports\organoid_measurements_aspirina_5_segmentations\Condição 5 - 20_labels.tif
Condição 5 - 20.jpg,ConvPaint,412,459.0,734.5,2.0,0.0,0.4647058844566345,0.7978845608028654,,C:\Users\sophi\napari-organoid-segmentation\reports\organoid_measurements_aspirina_5_segmentations\Condição 5 - 20_labels.tif
Condição 5 - 20.jpg,ConvPaint,413,459.0,1090.0,1.0,0.0,0.4313725531101227,0.5641895835477563,,C:\Users\sophi\napari-organoid-segmentation\reports\organoid_measurements_aspirina_5_segmentations\Condição 5 - 20_labels.tif
Condição 5 - 20.jpg,ConvPaint,414,460.0,340.0,1.0,0.0,0.40392157435417175,0.5641895835477563,,C:\Users\sophi\napari-organoid-segmentation\reports\organoid_measurements_aspirina_5_segmentations\Condição 5 - 20_labels.tif
Condição 5 - 20.jpg,ConvPaint,415,461.0,175.0,1.0,0.0,0.3450980484485626,0.5641895835477563,,C:\Users\sophi\napari-organoid-segmentation\reports\organoid_measurements_aspirina_5_segmentations\Condição 5 - 20_labels.tif
Condição 5 - 20.jpg,ConvPaint,416,464.4,345.8,10.0,9.035533905932738,0.48549017310142517,1.7841241161527712,1.5392254097658196,C:\Users\sophi\napari-organoid-segmentation\reports\organoid_measurements_aspirina_5_segmentations\Condição 5 - 20_labels.tif
Condição 5 - 20.jpg,ConvPaint,417,463.0,349.0,1.0,0.0,0.4745098054409027,0.5641895835477563,,C:\Users\sophi\napari-organoid-segmentation\reports\organoid_measurements_aspirina_5_segmentations\Condição 5 - 20_labels.tif
Condição 5 - 20.jpg,ConvPaint,418,465.0,168.0,1.0,0.0,0.5568627715110779,0.5641895835477563,,C:\Users\sophi\napari-organoid-segmentation\reports\organoid_measurements_aspirina_5_segmentations\Condição 5 - 20_labels.tif
Condição 5 - 20.jpg,ConvPaint,419,467.0,702.5,2.0,0.0,0.4725490212440491,0.7978845608028654,,C:\Users\sophi\napari-organoid-segmentation\reports\organoid_measurements_aspirina_5_segmentations\Condição 5 - 20_labels.tif
Condição 5 - 20.jpg,ConvPaint,420,467.0,717.0,1.0,0.0,0.47058823704719543,0.5641895835477563,,C:\Users\sophi\napari-organoid-segmentation\reports\organoid_measurements_aspirina_5_segmentations\Condição 5 - 20_labels.tif
Condição 5 - 20.jpg,ConvPaint,421,469.5,177.5,16.0,12.0,0.4000000059604645,2.256758334191025,1.3962634015954636,C:\Users\sophi\napari-organoid-segmentation\reports\organoid_measurements_aspirina_5_segmentations\Condição 5 - 20_labels.tif
Condição 5 - 20.jpg,ConvPaint,422,470.0,185.0,12.0,10.242640687119284,0.34117648005485535,1.9544100476116797,1.4373655585403928,C:\Users\sophi\napari-organoid-segmentation\reports\organoid_measurements_aspirina_5_segmentations\Condição 5 - 20_labels.tif
Condição 5 - 20.jpg,ConvPaint,423,471.875,327.75,8.0,8.621320343559642,0.3553921580314636,1.5957691216057308,1.3525467524122698,C:\Users\sophi\napari-organoid-segmentation\reports\organoid_measurements_aspirina_5_segmentations\Condição 5 - 20_labels.tif
Condição 5 - 20.jpg,ConvPaint,424,473.4,180.8,5.0,4.414213562373095,0.49254903197288513,1.2615662610100802,3.224580228790828,C:\Users\sophi\napari-organoid-segmentation\reports\organoid_measurements_aspirina_5_segmentations\Condição 5 - 20_labels.tif
Condição 5 - 20.jpg,ConvPaint,425,473.0,192.0,1.0,0.0,0.33725491166114807,0.5641895835477563,,C:\Users\sophi\napari-organoid-segmentation\reports\organoid_measurements_aspirina_5_segmentations\Condição 5 - 20_labels.tif
Condição 5 - 20.jpg,ConvPaint,426,474.5,188.5,4.0,4.0,0.34705883264541626,1.1283791670955126,3.141592653589793,C:\Users\sophi\napari-organoid-segmentation\reports\organoid_measurements_aspirina_5_segmentations\Condição 5 - 20_labels.tif
Condição 5 - 20.jpg,ConvPaint,427,476.8,320.6666666666667,15.0,10.414213562373096,0.40026143193244934,2.1850968611841584,1.7379935654007581,C:\Users\sophi\napari-organoid-segmentation\reports\organoid_measurements_aspirina_5_segmentations\Condição 5 - 20_labels.tif
Condição 5 - 20.jpg,ConvPaint,428,474.0,332.0,1.0,0.0,0.3843137323856354,0.5641895835477563,,C:\Users\sophi\napari-organoid-segmentation\reports\organoid_measurements_aspirina_5_segmentations\Condição 5 - 20_labels.tif
Condição 5 - 20.jpg,ConvPaint,429,474.0,590.0,1.0,0.0,0.34117648005485535,0.5641895835477563,,C:\Users\sophi\napari-organoid-segmentation\reports\organoid_measurements_aspirina_5_segmentations\Condição 5 - 20_labels.tif
Condição 5 - 20.jpg,ConvPaint,430,475.0,183.0,1.0,0.0,0.41960784792900085,0.5641895835477563,,C:\Users\sophi\napari-organoid-segmentation\reports\organoid_measurements_aspirina_5_segmentations\Condição 5 - 20_labels.tif
Condição 5 - 20.jpg,ConvPaint,431,475.0,185.0,1.0,0.0,0.45490196347236633,0.5641895835477563,,C:\Users\sophi\napari-organoid-segmentation\reports\organoid_measurements_aspirina_5_segmentations\Condição 5 - 20_labels.tif
Condição 5 - 20.jpg,ConvPaint,432,477.7142857142857,192.57142857142858,7.0,7.207106781186548,0.3512604832649231,1.4927053303604616,1.6935030795523165,C:\Users\sophi\napari-organoid-segmentation\reports\organoid_measurements_aspirina_5_segmentations\Condição 5 - 20_labels.tif
Condição 5 - 20.jpg,ConvPaint,433,476.5,323.0,2.0,0.0,0.3549019694328308,0.7978845608028654,,C:\Users\sophi\napari-organoid-segmentation\reports\organoid_measurements_aspirina_5_segmentations\Condição 5 - 20_labels.tif
Condição 5 - 20.jpg,ConvPaint,434,478.0,195.0,1.0,0.0,0.3450980484485626,0.5641895835477563,,C:\Users\sophi\napari-organoid-segmentation\reports\organoid_measurements_aspirina_5_segmentations\Condição 5 - 20_labels.tif
Condição 5 - 20.jpg,ConvPaint,435,478.6666666666667,327.0,3.0,1.4142135623730951,0.43921568989753723,0.9772050238058398,18.849555921538755,C:\Users\sophi\napari-organoid-segmentation\reports\organoid_measurements_aspirina_5_segmentations\Condição 5 - 20_labels.tif
Condição 5 - 20.jpg,ConvPaint,436,479.0,190.0,1.0,0.0,0.3960784375667572,0.5641895835477563,,C:\Users\sophi\napari-organoid-segmentation\reports\organoid_measurements_aspirina_5_segmentations\Condição 5 - 20_labels.tif
Condição 5 - 20.jpg,ConvPaint,437,482.8,326.4,5.0,4.414213562373095,0.49568629264831543,1.2615662610100802,3.224580228790828,C:\Users\sophi\napari-organoid-segmentation\reports\organoid_measurements_aspirina_5_segmentations\Condição 5 - 20_labels.tif
Condição 5 - 20.jpg,ConvPaint,438,482.6666666666667,658.6666666666666,3.0,3.414213562373095,0.42222222685813904,0.9772050238058398,3.2340725067158833,C:\Users\sophi\napari-organoid-segmentation\reports\organoid_measurements_aspirina_5_segmentations\Condição 5 - 20_labels.tif
Condição 5 - 20.jpg,ConvPaint,439,482.5,665.5,2.0,0.0,0.4725490212440491,0.7978845608028654,,C:\Users\sophi\napari-organoid-segmentation\reports\organoid_measurements_aspirina_5_segmentations\Condição 5 - 20_labels.tif
Condição 5 - 20.jpg,ConvPaint,440,482.5,668.0,2.0,0.0,0.4941176474094391,0.7978845608028654,,C:\Users\sophi\napari-organoid-segmentation\reports\organoid_measurements_aspirina_5_segmentations\Condição 5 - 20_labels.tif
Condição 5 - 20.jpg,ConvPaint,441,485.6363636363636,287.6363636363636,11.0,9.414213562373096,0.344741553068161,1.8712051592547776,1.5596762428619324,C:\Users\sophi\napari-organoid-segmentation\reports\organoid_measurements_aspirina_5_segmentations\Condição 5 - 20_labels.tif
Condição 5 - 20.jpg,ConvPaint,442,485.0,234.0,1.0,0.0,0.33725491166114807,0.5641895835477563,,C:\Users\sophi\napari-organoid-segmentation\reports\organoid_measurements_aspirina_5_segmentations\Condição 5 - 20_labels.tif
Condição 5 - 20.jpg,ConvPaint,443,485.0,304.5,2.0,0.0,0.39803922176361084,0.7978845608028654,,C:\Users\sophi\napari-organoid-segmentation\reports\organoid_measurements_aspirina_5_segmentations\Condição 5 - 20_labels.tif
Condição 5 - 20.jpg,ConvPaint,444,486.0,602.0,1.0,0.0,0.3450980484485626,0.5641895835477563,,C:\Users\sophi\napari-organoid-segmentation\reports\organoid_measurements_aspirina_5_segmentations\Condição 5 - 20_labels.tif
Condição 5 - 20.jpg,ConvPaint,445,487.0,610.5,4.0,4.414213562373095,0.3970588147640228,1.1283791670955126,2.5796641830326625,C:\Users\sophi\napari-organoid-segmentation\reports\organoid_measurements_aspirina_5_segmentations\Condição 5 - 20_labels.tif
Condição 5 - 20.jpg,ConvPaint,446,487.5,323.0,2.0,0.0,0.5098039507865906,0.7978845608028654,,C:\Users\sophi\napari-organoid-segmentation\reports\organoid_measurements_aspirina_5_segmentations\Condição 5 - 20_labels.tif
Condição 5 - 20.jpg,ConvPaint,447,487.0,619.0,1.0,0.0,0.43921568989753723,0.5641895835477563,,C:\Users\sophi\napari-organoid-segmentation\reports\organoid_measurements_aspirina_5_segmentations\Condição 5 - 20_labels.tif
Condição 5 - 20.jpg,ConvPaint,448,489.4,209.8,5.0,2.621320343559643,0.4933333396911621,1.2615662610100802,9.144072744430689,C:\Users\sophi\napari-organoid-segmentation\reports\organoid_measurements_aspirina_5_segmentations\Condição 5 - 20_labels.tif
Condição 5 - 20.jpg,ConvPaint,449,488.0,232.0,1.0,0.0,0.3686274588108063,0.5641895835477563,,C:\Users\sophi\napari-organoid-segmentation\reports\organoid_measurements_aspirina_5_segmentations\Condição 5 - 20_labels.tif
Condição 5 - 20.jpg,ConvPaint,450,488.0,234.0,1.0,0.0,0.364705890417099,0.5641895835477563,,C:\Users\sophi\napari-organoid-segmentation\reports\organoid_measurements_aspirina_5_segmentations\Condição 5 - 20_labels.tif
Condição 5 - 20.jpg,ConvPaint,451,491.25,274.9,20.0,16.621320343559642,0.36725491285324097,2.5231325220201604,0.9097222570155782,C:\Users\sophi\napari-organoid-segmentation\reports\organoid_measurements_aspirina_5_segmentations\Condição 5 - 20_labels.tif
Condição 5 - 20.jpg,ConvPaint,452,493.42622950819674,286.42622950819674,61.0,40.3492424049175,0.40392160415649414,4.406461512053774,0.4708352062528056,C:\Users\sophi\napari-organoid-segmentation\reports\organoid_measurements_aspirina_5_segmentations\Condição 5 - 20_labels.tif
Condição 5 - 20.jpg,ConvPaint,453,489.3,293.7,10.0,8.414213562373096,0.3768627643585205,1.7841241161527712,1.7749364273220878,C:\Users\sophi\napari-organoid-segmentation\reports\organoid_measurements_aspirina_5_segmentations\Condição 5 - 20_labels.tif
Condição 5 - 20.jpg,ConvPaint,454,488.0,308.0,1.0,0.0,0.4313725531101227,0.5641895835477563,,C:\Users\sophi\napari-organoid-segmentation\reports\organoid_measurements_aspirina_5_segmentations\Condição 5 - 20_labels.tif
Condição 5 - 20.jpg,ConvPaint,455,490.5,233.5,8.0,8.0,0.397549033164978,1.5957691216057308,1.5707963267948966,C:\Users\sophi\napari-organoid-segmentation\reports\organoid_measurements_aspirina_5_segmentations\Condição 5 - 20_labels.tif
Condição 5 - 20.jpg,ConvPaint,456,491.14285714285717,237.71428571428572,7.0,6.207106781186548,0.3843137323856354,1.4927053303604616,2.2831238497444226,C:\Users\sophi\napari-organoid-segmentation\reports\organoid_measurements_aspirina_5_segmentations\Condição 5 - 20_labels.tif
Condição 5 - 20.jpg,ConvPaint,457,491.0,570.0,1.0,0.0,0.501960813999176,0.5641895835477563,,C:\Users\sophi\napari-organoid-segmentation\reports\organoid_measurements_aspirina_5_segmentations\Condição 5 - 20_labels.tif
Condição 5 - 20.jpg,ConvPaint,458,493.14285714285717,227.57142857142858,7.0,6.414213562373096,0.40784314274787903,1.4927053303604616,2.138065828789302,C:\Users\sophi\napari-organoid-segmentation\reports\organoid_measurements_aspirina_5_segmentations\Condição 5 - 20_labels.tif
Condição 5 - 20.jpg,ConvPaint,459,494.7692307692308,634.1153846153846,26.0,20.27817459305202,0.4431372284889221,2.876813695875796,0.7945578012318832,C:\Users\sophi\napari-organoid-segmentation\reports\organoid_measurements_aspirina_5_segmentations\Condição 5 - 20_labels.tif
Condição 5 - 20.jpg,ConvPaint,460,494.125,295.0,8.0,7.414213562373095,0.44558823108673096,1.5957691216057308,1.8288145488861385,C:\Users\sophi\napari-organoid-segmentation\reports\organoid_measurements_aspirina_5_segmentations\Condição 5 - 20_labels.tif
Condição 5 - 20.jpg,ConvPaint,461,494.0,241.0,1.0,0.0,0.40392157435417175,0.5641895835477563,,C:\Users\sophi\napari-organoid-segmentation\reports\organoid_measurements_aspirina_5_segmentations\Condição 5 - 20_labels.tif
Condição 5 - 20.jpg,ConvPaint,462,494.75,256.0,4.0,4.621320343559642,0.37254902720451355,1.1283791670955126,2.3536273758173025,C:\Users\sophi\napari-organoid-segmentation\reports\organoid_measurements_aspirina_5_segmentations\Condição 5 - 20_labels.tif
Condição 5 - 20.jpg,ConvPaint,463,495.0,224.0,1.0,0.0,0.4627451002597809,0.5641895835477563,,C:\Users\sophi\napari-organoid-segmentation\reports\organoid_measurements_aspirina_5_segmentations\Condição 5 - 20_labels.tif
Condição 5 - 20.jpg,ConvPaint,464,496.25,247.0,4.0,3.414213562373095,0.4470588266849518,1.1283791670955126,4.312096675621178,C:\Users\sophi\napari-organoid-segmentation\reports\organoid_measurements_aspirina_5_segmentations\Condição 5 - 20_labels.tif
Condição 5 - 20.jpg,ConvPaint,465,496.3333333333333,252.33333333333334,3.0,3.414213562373095,0.43790850043296814,0.9772050238058398,3.2340725067158833,C:\Users\sophi\napari-organoid-segmentation\reports\organoid_measurements_aspirina_5_segmentations\Condição 5 - 20_labels.tif
Condição 5 - 20.jpg,ConvPaint,466,499.60869565217394,261.39130434782606,23.0,16.44974746830583,0.4223358631134033,2.7057581899030048,1.0681179896678035,C:\Users\sophi\napari-organoid-segmentation\reports\organoid_measurements_aspirina_5_segmentations\Condição 5 - 20_labels.tif
Condição 5 - 20.jpg,ConvPaint,467,496.3333333333333,627.3333333333334,3.0,3.414213562373095,0.40392157435417175,0.9772050238058398,3.2340725067158833,C:\Users\sophi\napari-organoid-segmentation\reports\organoid_measurements_aspirina_5_segmentations\Condição 5 - 20_labels.tif
Condição 5 - 20.jpg,ConvPaint,468,499.27272727272725,623.0909090909091,11.0,10.207106781186548,0.40499112010002136,1.8712051592547776,1.3267748571328708,C:\Users\sophi\napari-organoid-segmentation\reports\organoid_measurements_aspirina_5_segmentations\Condição 5 - 20_labels.tif
Condição 5 - 20.jpg,ConvPaint,469,499.0,247.0,1.0,0.0,0.46666666865348816,0.5641895835477563,,C:\Users\sophi\napari-organoid-segmentation\reports\organoid_measurements_aspirina_5_segmentations\Condição 5 - 20_labels.tif
Condição 5 - 20.jpg,ConvPaint,470,499.0,278.0,1.0,0.0,0.4313725531101227,0.5641895835477563,,C:\Users\sophi\napari-organoid-segmentation\reports\organoid_measurements_aspirina_5_segmentations\Condição 5 - 20_labels.tif
Condição 5 - 20.jpg,ConvPaint,471,500.0,281.8333333333333,6.0,5.207106781186548,0.44117650389671326,1.381976597885342,2.7807897046412133,C:\Users\sophi\napari-organoid-segmentation\reports\organoid_measurements_aspirina_5_segmentations\Condição 5 - 20_labels.tif
Condição 5 - 20.jpg,ConvPaint,472,499.0,635.5,2.0,0.0,0.4960784316062927,0.7978845608028654,,C:\Users\sophi\napari-organoid-segmentation\reports\organoid_measurements_aspirina_5_segmentations\Condição 5 - 20_labels.tif
Condição 5 - 20.jpg,ConvPaint,473,500.0,617.0,1.0,0.0,0.4588235318660736,0.5641895835477563,,C:\Users\sophi\napari-organoid-segmentation\reports\organoid_measurements_aspirina_5_segmentations\Condição 5 - 20_labels.tif
Condição 5 - 20.jpg,ConvPaint,474,501.0,288.5,2.0,0.0,0.4529411792755127,0.7978845608028654,,C:\Users\sophi\napari-organoid-segmentation\reports\organoid_measurements_aspirina_5_segmentations\Condição 5 - 20_labels.tif
Condição 5 - 20.jpg,ConvPaint,475,502.6666666666667,625.6666666666666,3.0,3.414213562373095,0.5150327086448669,0.9772050238058398,3.2340725067158833,C:\Users\sophi\napari-organoid-segmentation\reports\organoid_measurements_aspirina_5_segmentations\Condição 5 - 20_labels.tif
Condição 5 - 20.jpg,ConvPaint,476,537.0,219.0,1.0,0.0,0.4901960790157318,0.5641895835477563,,C:\Users\sophi\napari-organoid-segmentation\reports\organoid_measurements_aspirina_5_segmentations\Condição 5 - 20_labels.tif
Condição 5 - 20.jpg,ConvPaint,477,598.0,1900.0,1.0,0.0,0.3686274588108063,0.5641895835477563,,C:\Users\sophi\napari-organoid-segmentation\reports\organoid_measurements_aspirina_5_segmentations\Condição 5 - 20_labels.tif
Condição 5 - 20.jpg,ConvPaint,478,704.5003516669011,1885.3523702349135,14218.0,829.002092041053,0.1841912716627121,67.27354577960891,0.25997831274907673,C:\Users\sophi\napari-organoid-segmentation\reports\organoid_measurements_aspirina_5_segmentations\Condição 5 - 20_labels.tif
Condição 5 - 20.jpg,ConvPaint,479,600.0,1876.0,1.0,0.0,0.3490196168422699,0.5641895835477563,,C:\Users\sophi\napari-organoid-segmentation\reports\organoid_measurements_aspirina_5_segmentations\Condição 5 - 20_labels.tif
Condição 5 - 20.jpg,ConvPaint,480,601.0,1872.0,1.0,0.0,0.4941176474094391,0.5641895835477563,,C:\Users\sophi\napari-organoid-segmentation\reports\organoid_measurements_aspirina_5_segmentations\Condição 5 - 20_labels.tif
Condição 5 - 20.jpg,ConvPaint,481,602.0,1876.0,1.0,0.0,0.29019609093666077,0.5641895835477563,,C:\Users\sophi\napari-organoid-segmentation\reports\organoid_measurements_aspirina_5_segmentations\Condição 5 - 20_labels.tif
Condição 5 - 20.jpg,ConvPaint,482,604.0,1870.0,1.0,0.0,0.43921568989753723,0.5641895835477563,,C:\Users\sophi\napari-organoid-segmentation\reports\organoid_measurements_aspirina_5_segmentations\Condição 5 - 20_labels.tif
Condição 5 - 20.jpg,ConvPaint,483,608.3333333333334,1862.3333333333333,3.0,3.414213562373095,0.41960784792900085,0.9772050238058398,3.2340725067158833,C:\Users\sophi\napari-organoid-segmentation\reports\organoid_measurements_aspirina_5_segmentations\Condição 5 - 20_labels.tif
Condição 5 - 20.jpg,ConvPaint,484,616.0,1858.0,1.0,0.0,0.3529411852359772,0.5641895835477563,,C:\Users\sophi\napari-organoid-segmentation\reports\organoid_measurements_aspirina_5_segmentations\Condição 5 - 20_labels.tif
Condição 5 - 20.jpg,ConvPaint,485,621.125,1544.5,8.0,6.207106781186548,0.45098039507865906,1.5957691216057308,2.609284399707912,C:\Users\sophi\napari-organoid-segmentation\reports\organoid_measurements_aspirina_5_segmentations\Condição 5 - 20_labels.tif
Condição 5 - 20.jpg,ConvPaint,486,633.0,1846.0,1.0,0.0,0.3764705955982208,0.5641895835477563,,C:\Users\sophi\napari-organoid-segmentation\reports\organoid_measurements_aspirina_5_segmentations\Condição 5 - 20_labels.tif
Condição 5 - 20.jpg,ConvPaint,487,638.0,1484.8,5.0,3.82842712474619,0.40784311294555664,1.2615662610100802,4.286858012112113,C:\Users\sophi\napari-organoid-segmentation\reports\organoid_measurements_aspirina_5_segmentations\Condição 5 - 20_labels.tif
Condição 5 - 20.jpg,ConvPaint,488,638.0,1473.0,1.0,0.0,0.4470588266849518,0.5641895835477563,,C:\Users\sophi\napari-organoid-segmentation\reports\organoid_measurements_aspirina_5_segmentations\Condição 5 - 20_labels.tif
Condição 5 - 20.jpg,ConvPaint,489,740.1185076810534,1504.2907350275118,31441.0,1474.543289325507,0.20091502368450165,100.03989769839113,0.1817151599104432,C:\Users\sophi\napari-organoid-segmentation\reports\organoid_measurements_aspirina_5_segmentations\Condição 5 - 20_labels.tif
Condição 5 - 20.jpg,ConvPaint,490,639.0,1470.0,1.0,0.0,0.4156862795352936,0.5641895835477563,,C:\Users\sophi\napari-organoid-segmentation\reports\organoid_measurements_aspirina_5_segmentations\Condição 5 - 20_labels.tif
Condição 5 - 20.jpg,ConvPaint,491,641.5,1465.75,8.0,8.207106781186548,0.4274509847164154,1.5957691216057308,1.4925183627295322,C:\Users\sophi\napari-organoid-segmentation\reports\organoid_measurements_aspirina_5_segmentations\Condição 5 - 20_labels.tif
Condição 5 - 20.jpg,ConvPaint,492,641.0,1496.1666666666667,6.0,6.207106781186548,0.3732026517391205,1.381976597885342,1.9569632997809339,C:\Users\sophi\napari-organoid-segmentation\reports\organoid_measurements_aspirina_5_segmentations\Condição 5 - 20_labels.tif
Condição 5 - 20.jpg,ConvPaint,493,644.5,1521.0,2.0,0.0,0.4745098054409027,0.7978845608028654,,C:\Users\sophi\napari-organoid-segmentation\reports\organoid_measurements_aspirina_5_segmentations\Condição 5 - 20_labels.tif
Condição 5 - 20.jpg,ConvPaint,494,648.8064516129032,1842.483870967742,31.0,25.313708498984763,0.42757752537727356,3.141274657157109,0.6079390052631383,C:\Users\sophi\napari-organoid-segmentation\reports\organoid_measurements_aspirina_5_segmentations\Condição 5 - 20_labels.tif
Condição 5 - 20.jpg,ConvPaint,495,645.0,1442.0,1.0,0.0,0.5058823823928833,0.5641895835477563,,C:\Users\sophi\napari-organoid-segmentation\reports\organoid_measurements_aspirina_5_segmentations\Condição 5 - 20_labels.tif
Condição 5 - 20.jpg,ConvPaint,496,647.0,1519.0,1.0,0.0,0.3803921639919281,0.5641895835477563,,C:\Users\sophi\napari-organoid-segmentation\reports\organoid_measurements_aspirina_5_segmentations\Condição 5 - 20_labels.tif
Condição 5 - 20.jpg,ConvPaint,497,648.0,1503.0,1.0,0.0,0.2823529541492462,0.5641895835477563,,C:\Users\sophi\napari-organoid-segmentation\reports\organoid_measurements_aspirina_5_segmentations\Condição 5 - 20_labels.tif
Condição 5 - 20.jpg,ConvPaint,498,648.0,1537.0,1.0,0.0,0.4313725531101227,0.5641895835477563,,C:\Users\sophi\napari-organoid-segmentation\reports\organoid_measurements_aspirina_5_segmentations\Condição 5 - 20_labels.tif
Condição 5 - 20.jpg,ConvPaint,499,650.75,1540.8125,16.0,12.242640687119286,0.39828431606292725,2.256758334191025,1.3414659073803088,C:\Users\sophi\napari-organoid-segmentation\reports\organoid_measurements_aspirina_5_segmentations\Condição 5 - 20_labels.tif
Condição 5 - 20.jpg,ConvPaint,500,650.0,1438.0,1.0,0.0,0.4274509847164154,0.5641895835477563,,C:\Users\sophi\napari-organoid-segmentation\reports\organoid_measurements_aspirina_5_segmentations\Condição 5 - 20_labels.tif
Condição 5 - 20.jpg,ConvPaint,501,651.0,1537.0,1.0,0.0,0.3137255012989044,0.5641895835477563,,C:\Users\sophi\napari-organoid-segmentation\reports\organoid_measurements_aspirina_5_segmentations\Condição 5 - 20_labels.tif
Condição 5 - 20.jpg,ConvPaint,502,652.5,1544.5,2.0,0.0,0.3843137323856354,0.7978845608028654,,C:\Users\sophi\napari-organoid-segmentation\reports\organoid_measurements_aspirina_5_segmentations\Condição 5 - 20_labels.tif
Condição 5 - 20.jpg,ConvPaint,503,652.5,1548.5,2.0,0.0,0.4019607901573181,0.7978845608028654,,C:\Users\sophi\napari-organoid-segmentation\reports\organoid_measurements_aspirina_5_segmentations\Condição 5 - 20_labels.tif
Condição 5 - 20.jpg,ConvPaint,504,654.5,1552.0,2.0,0.0,0.42352941632270813,0.7978845608028654,,C:\Users\sophi\napari-organoid-segmentation\reports\organoid_measurements_aspirina_5_segmentations\Condição 5 - 20_labels.tif
Condição 5 - 20.jpg,ConvPaint,505,655.0,1554.5,2.0,0.0,0.42352941632270813,0.7978845608028654,,C:\Users\sophi\napari-organoid-segmentation\reports\organoid_measurements_aspirina_5_segmentations\Condição 5 - 20_labels.tif
Condição 5 - 20.jpg,ConvPaint,506,660.0555555555555,1839.388888888889,18.0,15.242640687119286,0.428322434425354,2.393653682408596,0.9735582576112822,C:\Users\sophi\napari-organoid-segmentation\reports\organoid_measurements_aspirina_5_segmentations\Condição 5 - 20_labels.tif
Condição 5 - 20.jpg,ConvPaint,507,665.3333333333334,1838.6666666666667,3.0,3.414213562373095,0.40130719542503357,0.9772050238058398,3.2340725067158833,C:\Users\sophi\napari-organoid-segmentation\reports\organoid_measurements_aspirina_5_segmentations\Condição 5 - 20_labels.tif
Condição 5 - 20.jpg,ConvPaint,508,673.6666666666666,1834.5,6.0,6.414213562373095,0.45228758454322815,1.381976597885342,1.8326278532479736,C:\Users\sophi\napari-organoid-segmentation\reports\organoid_measurements_aspirina_5_segmentations\Condição 5 - 20_labels.tif
Condição 5 - 20.jpg,ConvPaint,509,674.0,1579.0,1.0,0.0,0.40392157435417175,0.5641895835477563,,C:\Users\sophi\napari-organoid-segmentation\reports\organoid_measurements_aspirina_5_segmentations\Condição 5 - 20_labels.tif
Condição 5 - 20.jpg,ConvPaint,510,675.0,1837.0,1.0,0.0,0.3803921639919281,0.5641895835477563,,C:\Users\sophi\napari-organoid-segmentation\reports\organoid_measurements_aspirina_5_segmentations\Condição 5 - 20_labels.tif
Condição 5 - 20.jpg,ConvPaint,511,678.0,1581.0,1.0,0.0,0.37254902720451355,0.5641895835477563,,C:\Users\sophi\napari-organoid-segmentation\reports\organoid_measurements_aspirina_5_segmentations\Condição 5 - 20_labels.tif
Condição 5 - 20.jpg,ConvPaint,512,681.8888888888889,1833.4444444444443,9.0,8.414213562373096,0.4649237394332886,1.692568750643269,1.597442784589879,C:\Users\sophi\napari-organoid-segmentation\reports\organoid_measurements_aspirina_5_segmentations\Condição 5 - 20_labels.tif
Condição 5 - 20.jpg,ConvPaint,513,686.0,1833.0,1.0,0.0,0.40392157435417175,0.5641895835477563,,C:\Users\sophi\napari-organoid-segmentation\reports\organoid_measurements_aspirina_5_segmentations\Condição 5 - 20_labels.tif
Condição 5 - 20.jpg,ConvPaint,514,690.5,1397.0,2.0,0.0,0.5588235855102539,0.7978845608028654,,C:\Users\sophi\napari-organoid-segmentation\reports\organoid_measurements_aspirina_5_segmentations\Condição 5 - 20_labels.tif
Condição 5 - 20.jpg,ConvPaint,515,692.0,1830.0,6.0,4.414213562373095,0.5209150314331055,1.381976597885342,3.8694962745489936,C:\Users\sophi\napari-organoid-segmentation\reports\organoid_measurements_aspirina_5_segmentations\Condição 5 - 20_labels.tif
Condição 5 - 20.jpg,ConvPaint,516,694.6,1402.8,5.0,5.207106781186548,0.46039217710494995,1.2615662610100802,2.3173247538676778,C:\Users\sophi\napari-organoid-segmentation\reports\organoid_measurements_aspirina_5_segmentations\Condição 5 - 20_labels.tif
Condição 5 - 20.jpg,ConvPaint,517,696.6666666666666,1592.3333333333333,3.0,3.414213562373095,0.47843137383461,0.9772050238058398,3.2340725067158833,C:\Users\sophi\napari-organoid-segmentation\reports\organoid_measurements_aspirina_5_segmentations\Condição 5 - 20_labels.tif
Condição 5 - 20.jpg,ConvPaint,518,697.0,1078.5,2.0,0.0,0.5588235855102539,0.7978845608028654,,C:\Users\sophi\napari-organoid-segmentation\reports\organoid_measurements_aspirina_5_segmentations\Condição 5 - 20_labels.tif
Condição 5 - 20.jpg,ConvPaint,519,697.0,1402.0,1.0,0.0,0.5176470875740051,0.5641895835477563,,C:\Users\sophi\napari-organoid-segmentation\reports\organoid_measurements_aspirina_5_segmentations\Condição 5 - 20_labels.tif
Condição 5 - 20.jpg,ConvPaint,520,700.5,1060.0,2.0,0.0,0.4901961088180542,0.7978845608028654,,C:\Users\sophi\napari-organoid-segmentation\reports\organoid_measurements_aspirina_5_segmentations\Condição 5 - 20_labels.tif
Condição 5 - 20.jpg,ConvPaint,521,700.0,1064.0,1.0,0.0,0.5215686559677124,0.5641895835477563,,C:\Users\sophi\napari-organoid-segmentation\reports\organoid_measurements_aspirina_5_segmentations\Condição 5 - 20_labels.tif
Condição 5 - 20.jpg,ConvPaint,522,700.5,1066.5,4.0,4.0,0.45588237047195435,1.1283791670955126,3.141592653589793,C:\Users\sophi\napari-organoid-segmentation\reports\organoid_measurements_aspirina_5_segmentations\Condição 5 - 20_labels.tif
Condição 5 - 20.jpg,ConvPaint,523,700.5,1074.0,2.0,0.0,0.4490196108818054,0.7978845608028654,,C:\Users\sophi\napari-organoid-segmentation\reports\organoid_measurements_aspirina_5_segmentations\Condição 5 - 20_labels.tif
Condição 5 - 20.jpg,ConvPaint,524,700.0,1083.0,1.0,0.0,0.4000000059604645,0.5641895835477563,,C:\Users\sophi\napari-organoid-segmentation\reports\organoid_measurements_aspirina_5_segmentations\Condição 5 - 20_labels.tif
Condição 5 - 20.jpg,ConvPaint,525,700.0,1089.0,1.0,0.0,0.46666666865348816,0.5641895835477563,,C:\Users\sophi\napari-organoid-segmentation\reports\organoid_measurements_aspirina_5_segmentations\Condição 5 - 20_labels.tif
Condição 5 - 20.jpg,ConvPaint,526,701.6666666666666,1093.6666666666667,12.0,9.414213562373096,0.5032679438591003,1.9544100476116797,1.7014649922130174,C:\Users\sophi\napari-organoid-segmentation\reports\organoid_measurements_aspirina_5_segmentations\Condição 5 - 20_labels.tif
Condição 5 - 20.jpg,ConvPaint,527,704.0,1051.0,1.0,0.0,0.5254902243614197,0.5641895835477563,,C:\Users\sophi\napari-organoid-segmentation\reports\organoid_measurements_aspirina_5_segmentations\Condição 5 - 20_labels.tif
Condição 5 - 20.jpg,ConvPaint,528,790.0748132541659,1081.919019344953,26105.0,1397.697618258058,0.22955727577209473,91.15634689273071,0.1679218117645415,C:\Users\sophi\napari-organoid-segmentation\reports\organoid_measurements_aspirina_5_segmentations\Condição 5 - 20_labels.tif
Condição 5 - 20.jpg,ConvPaint,529,704.0,1080.0,1.0,0.0,0.2862745225429535,0.5641895835477563,,C:\Users\sophi\napari-organoid-segmentation\reports\organoid_measurements_aspirina_5_segmentations\Condição 5 - 20_labels.tif
Condição 5 - 20.jpg,ConvPaint,530,704.7142857142857,1103.5714285714287,7.0,7.621320343559642,0.4605042338371277,1.4927053303604616,1.5144239562842172,C:\Users\sophi\napari-organoid-segmentation\reports\organoid_measurements_aspirina_5_segmentations\Condição 5 - 20_labels.tif
Condição 5 - 20.jpg,ConvPaint,531,705.0,1100.0,1.0,0.0,0.4588235318660736,0.5641895835477563,,C:\Users\sophi\napari-organoid-segmentation\reports\organoid_measurements_aspirina_5_segmentations\Condição 5 - 20_labels.tif
Condição 5 - 20.jpg,ConvPaint,532,705.0,1109.0,1.0,0.0,0.4745098054409027,0.5641895835477563,,C:\Users\sophi\napari-organoid-segmentation\reports\organoid_measurements_aspirina_5_segmentations\Condição 5 - 20_labels.tif
Condição 5 - 20.jpg,ConvPaint,533,705.5,1405.5,2.0,0.0,0.3137255012989044,0.7978845608028654,,C:\Users\sophi\napari-organoid-segmentation\reports\organoid_measurements_aspirina_5_segmentations\Condição 5 - 20_labels.tif
Condição 5 - 20.jpg,ConvPaint,534,707.0,1050.0,1.0,0.0,0.2862745225429535,0.5641895835477563,,C:\Users\sophi\napari-organoid-segmentation\reports\organoid_measurements_aspirina_5_segmentations\Condição 5 - 20_labels.tif
Condição 5 - 20.jpg,ConvPaint,535,710.0,1120.4166666666667,12.0,12.828427124746192,0.4421568810939789,1.9544100476116797,0.9163139266239867,C:\Users\sophi\napari-organoid-segmentation\reports\organoid_measurements_aspirina_5_segmentations\Condição 5 - 20_labels.tif
Condição 5 - 20.jpg,ConvPaint,536,711.0,1174.0,1.0,0.0,0.4274509847164154,0.5641895835477563,,C:\Users\sophi\napari-organoid-segmentation\reports\organoid_measurements_aspirina_5_segmentations\Condição 5 - 20_labels.tif
Condição 5 - 20.jpg,ConvPaint,537,711.0,1840.0,1.0,0.0,0.501960813999176,0.5641895835477563,,C:\Users\sophi\napari-organoid-segmentation\reports\organoid_measurements_aspirina_5_segmentations\Condição 5 - 20_labels.tif
Condição 5 - 20.jpg,ConvPaint,538,717.0,1027.0,1.0,0.0,0.4745098054409027,0.5641895835477563,,C:\Users\sophi\napari-organoid-segmentation\reports\organoid_measurements_aspirina_5_segmentations\Condição 5 - 20_labels.tif
Condição 5 - 20.jpg,ConvPaint,539,718.5,1622.5,2.0,0.0,0.5549019575119019,0.7978845608028654,,C:\Users\sophi\napari-organoid-segmentation\reports\organoid_measurements_aspirina_5_segmentations\Condição 5 - 20_labels.tif
Condição 5 - 20.jpg,ConvPaint,540,720.0,1143.0,1.0,0.0,0.40392157435417175,0.5641895835477563,,C:\Users\sophi\napari-organoid-segmentation\reports\organoid_measurements_aspirina_5_segmentations\Condição 5 - 20_labels.tif
Condição 5 - 20.jpg,ConvPaint,541,721.0,1023.0,1.0,0.0,0.5215686559677124,0.5641895835477563,,C:\Users\sophi\napari-organoid-segmentation\reports\organoid_measurements_aspirina_5_segmentations\Condição 5 - 20_labels.tif
Condição 5 - 20.jpg,ConvPaint,542,724.0,1601.0,1.0,0.0,0.35686275362968445,0.5641895835477563,,C:\Users\sophi\napari-organoid-segmentation\reports\organoid_measurements_aspirina_5_segmentations\Condição 5 - 20_labels.tif
Condição 5 - 20.jpg,ConvPaint,543,726.0,1602.0,1.0,0.0,0.33725491166114807,0.5641895835477563,,C:\Users\sophi\napari-organoid-segmentation\reports\organoid_measurements_aspirina_5_segmentations\Condição 5 - 20_labels.tif
Condição 5 - 20.jpg,ConvPaint,544,729.0,663.0,1.0,0.0,0.5137255191802979,0.5641895835477563,,C:\Users\sophi\napari-organoid-segmentation\reports\organoid_measurements_aspirina_5_segmentations\Condição 5 - 20_labels.tif
Condição 5 - 20.jpg,ConvPaint,545,818.400564343057,656.1953739766315,25162.0,1884.1667017101197,0.23683007061481476,89.49476719985667,0.08906690747674068,C:\Users\sophi\napari-organoid-segmentation\reports\organoid_measurements_aspirina_5_segmentations\Condição 5 - 20_labels.tif
Condição 5 - 20.jpg,ConvPaint,546,732.0,1158.0,1.0,0.0,0.5058823823928833,0.5641895835477563,,C:\Users\sophi\napari-organoid-segmentation\reports\organoid_measurements_aspirina_5_segmentations\Condição 5 - 20_labels.tif
Condição 5 - 20.jpg,ConvPaint,547,736.0769230769231,1405.6538461538462,26.0,22.242640687119284,0.48597288131713867,2.876813695875796,0.6604052537644389,C:\Users\sophi\napari-organoid-segmentation\reports\organoid_measurements_aspirina_5_segmentations\Condição 5 - 20_labels.tif
Condição 5 - 20.jpg,ConvPaint,548,733.5,690.5,2.0,0.0,0.5411764979362488,0.7978845608028654,,C:\Users\sophi\napari-organoid-segmentation\reports\organoid_measurements_aspirina_5_segmentations\Condição 5 - 20_labels.tif
Condição 5 - 20.jpg,ConvPaint,549,734.0,643.0,1.0,0.0,0.32549020648002625,0.5641895835477563,,C:\Users\sophi\napari-organoid-segmentation\reports\organoid_measurements_aspirina_5_segmentations\Condição 5 - 20_labels.tif
Condição 5 - 20.jpg,ConvPaint,550,734.0,663.0,1.0,0.0,0.3333333432674408,0.5641895835477563,,C:\Users\sophi\napari-organoid-segmentation\reports\organoid_measurements_aspirina_5_segmentations\Condição 5 - 20_labels.tif
Condição 5 - 20.jpg,ConvPaint,551,734.0,666.0,1.0,0.0,0.29019609093666077,0.5641895835477563,,C:\Users\sophi\napari-organoid-segmentation\reports\organoid_measurements_aspirina_5_segmentations\Condição 5 - 20_labels.tif
Condição 5 - 20.jpg,ConvPaint,552,735.0,668.0,1.0,0.0,0.29411765933036804,0.5641895835477563,,C:\Users\sophi\napari-organoid-segmentation\reports\organoid_measurements_aspirina_5_segmentations\Condição 5 - 20_labels.tif
Condição 5 - 20.jpg,ConvPaint,553,736.5,682.5,4.0,4.0,0.5362744927406311,1.1283791670955126,3.141592653589793,C:\Users\sophi\napari-organoid-segmentation\reports\organoid_measurements_aspirina_5_segmentations\Condição 5 - 20_labels.tif
Condição 5 - 20.jpg,ConvPaint,554,736.0,1161.0,1.0,0.0,0.4313725531101227,0.5641895835477563,,C:\Users\sophi\napari-organoid-segmentation\reports\organoid_measurements_aspirina_5_segmentations\Condição 5 - 20_labels.tif
Condição 5 - 20.jpg,ConvPaint,555,737.0,662.0,1.0,0.0,0.3176470696926117,0.5641895835477563,,C:\Users\sophi\napari-organoid-segmentation\reports\organoid_measurements_aspirina_5_segmentations\Condição 5 - 20_labels.tif
Condição 5 - 20.jpg,ConvPaint,556,737.0,686.0,1.0,0.0,0.5843137502670288,0.5641895835477563,,C:\Users\sophi\napari-organoid-segmentation\reports\organoid_measurements_aspirina_5_segmentations\Condição 5 - 20_labels.tif
Condição 5 - 20.jpg,ConvPaint,557,739.0,697.0,1.0,0.0,0.3490196168422699,0.5641895835477563,,C:\Users\sophi\napari-organoid-segmentation\reports\organoid_measurements_aspirina_5_segmentations\Condição 5 - 20_labels.tif
Condição 5 - 20.jpg,ConvPaint,558,740.3333333333334,702.6666666666666,3.0,3.414213562373095,0.5372549295425415,0.9772050238058398,3.2340725067158833,C:\Users\sophi\napari-organoid-segmentation\reports\organoid_measurements_aspirina_5_segmentations\Condição 5 - 20_labels.tif
Condição 5 - 20.jpg,ConvPaint,559,744.0,1852.75,4.0,4.621320343559642,0.39313727617263794,1.1283791670955126,2.3536273758173025,C:\Users\sophi\napari-organoid-segmentation\reports\organoid_measurements_aspirina_5_segmentations\Condição 5 - 20_labels.tif
Condição 5 - 20.jpg,ConvPaint,560,747.0,614.0,1.0,0.0,0.3450980484485626,0.5641895835477563,,C:\Users\sophi\napari-organoid-segmentation\reports\organoid_measurements_aspirina_5_segmentations\Condição 5 - 20_labels.tif
Condição 5 - 20.jpg,ConvPaint,561,756.4090909090909,268.09090909090907,44.0,27.65685424949238,0.5272727608680725,3.742410318509555,0.722864635719404,C:\Users\sophi\napari-organoid-segmentation\reports\organoid_measurements_aspirina_5_segmentations\Condição 5 - 20_labels.tif
Condição 5 - 20.jpg,ConvPaint,562,752.0,614.0,1.0,0.0,0.40392157435417175,0.5641895835477563,,C:\Users\sophi\napari-organoid-segmentation\reports\organoid_measurements_aspirina_5_segmentations\Condição 5 - 20_labels.tif
Condição 5 - 20.jpg,ConvPaint,563,752.0,996.0,1.0,0.0,0.572549045085907,0.5641895835477563,,C:\Users\sophi\napari-organoid-segmentation\reports\organoid_measurements_aspirina_5_segmentations\Condição 5 - 20_labels.tif
Condição 5 - 20.jpg,ConvPaint,564,753.0,722.5,2.0,0.0,0.6294118165969849,0.7978845608028654,,C:\Users\sophi\napari-organoid-segmentation\reports\organoid_measurements_aspirina_5_segmentations\Condição 5 - 20_labels.tif
Condição 5 - 20.jpg,ConvPaint,565,755.0,1607.0,1.0,0.0,0.32156863808631897,0.5641895835477563,,C:\Users\sophi\napari-organoid-segmentation\reports\organoid_measurements_aspirina_5_segmentations\Condição 5 - 20_labels.tif
Condição 5 - 20.jpg,ConvPaint,566,756.5,207.0,2.0,0.0,0.5,0.7978845608028654,,C:\Users\sophi\napari-organoid-segmentation\reports\organoid_measurements_aspirina_5_segmentations\Condição 5 - 20_labels.tif
Condição 5 - 20.jpg,ConvPaint,567,841.1373152143972,288.1487007620971,21782.0,1947.5098474606275,0.24904553592205048,83.26719606697063,0.0721686020888468,C:\Users\sophi\napari-organoid-segmentation\reports\organoid_measurements_aspirina_5_segmentations\Condição 5 - 20_labels.tif
Condição 5 - 20.jpg,ConvPaint,568,756.0,1617.0,1.0,0.0,0.3490196168422699,0.5641895835477563,,C:\Users\sophi\napari-organoid-segmentation\reports\organoid_measurements_aspirina_5_segmentations\Condição 5 - 20_labels.tif
Condição 5 - 20.jpg,ConvPaint,569,756.0,1852.0,1.0,0.0,0.3921568691730499,0.5641895835477563,,C:\Users\sophi\napari-organoid-segmentation\reports\organoid_measurements_aspirina_5_segmentations\Condição 5 - 20_labels.tif
Condição 5 - 20.jpg,ConvPaint,570,759.0,205.0,1.0,0.0,0.49803921580314636,0.5641895835477563,,C:\Users\sophi\napari-organoid-segmentation\reports\organoid_measurements_aspirina_5_segmentations\Condição 5 - 20_labels.tif
Condição 5 - 20.jpg,ConvPaint,571,760.6428571428571,293.07142857142856,14.0,13.035533905932738,0.39299720525741577,2.111004122822376,1.035333466486809,C:\Users\sophi\napari-organoid-segmentation\reports\organoid_measurements_aspirina_5_segmentations\Condição 5 - 20_labels.tif
Condição 5 - 20.jpg,ConvPaint,572,759.0,1618.0,1.0,0.0,0.40392157435417175,0.5641895835477563,,C:\Users\sophi\napari-organoid-segmentation\reports\organoid_measurements_aspirina_5_segmentations\Condição 5 - 20_labels.tif
Condição 5 - 20.jpg,ConvPaint,573,759.5,1850.0,2.0,0.0,0.49803924560546875,0.7978845608028654,,C:\Users\sophi\napari-organoid-segmentation\reports\organoid_measurements_aspirina_5_segmentations\Condição 5 - 20_labels.tif
Condição 5 - 20.jpg,ConvPaint,574,761.5,1173.0,2.0,0.0,0.3921568691730499,0.7978845608028654,,C:\Users\sophi\napari-organoid-segmentation\reports\organoid_measurements_aspirina_5_segmentations\Condição 5 - 20_labels.tif
Condição 5 - 20.jpg,ConvPaint,575,761.0,1619.0,1.0,0.0,0.4627451002597809,0.5641895835477563,,C:\Users\sophi\napari-organoid-segmentation\reports\organoid_measurements_aspirina_5_segmentations\Condição 5 - 20_labels.tif
Condição 5 - 20.jpg,ConvPaint,576,762.0,1852.0,1.0,0.0,0.501960813999176,0.5641895835477563,,C:\Users\sophi\napari-organoid-segmentation\reports\organoid_measurements_aspirina_5_segmentations\Condição 5 - 20_labels.tif
Condição 5 - 20.jpg,ConvPaint,577,765.3333333333334,260.3333333333333,3.0,3.414213562373095,0.3673202693462372,0.9772050238058398,3.2340725067158833,C:\Users\sophi\napari-organoid-segmentation\reports\organoid_measurements_aspirina_5_segmentations\Condição 5 - 20_labels.tif
Condição 5 - 20.jpg,ConvPaint,578,766.0,290.0,1.0,0.0,0.40392157435417175,0.5641895835477563,,C:\Users\sophi\napari-organoid-segmentation\reports\organoid_measurements_aspirina_5_segmentations\Condição 5 - 20_labels.tif
Condição 5 - 20.jpg,ConvPaint,579,768.0,256.0,1.0,0.0,0.3764705955982208,0.5641895835477563,,C:\Users\sophi\napari-organoid-segmentation\reports\organoid_measurements_aspirina_5_segmentations\Condição 5 - 20_labels.tif
Condição 5 - 20.jpg,ConvPaint,580,769.0,279.0,1.0,0.0,0.32549020648002625,0.5641895835477563,,C:\Users\sophi\napari-organoid-segmentation\reports\organoid_measurements_aspirina_5_segmentations\Condição 5 - 20_labels.tif
Condição 5 - 20.jpg,ConvPaint,581,771.0,986.0,3.0,1.0,0.5607843399047852,0.9772050238058398,37.69911184307752,C:\Users\sophi\napari-organoid-segmentation\reports\organoid_measurements_aspirina_5_segmentations\Condição 5 - 20_labels.tif
Condição 5 - 20.jpg,ConvPaint,582,774.0,233.0,1.0,0.0,0.572549045085907,0.5641895835477563,,C:\Users\sophi\napari-organoid-segmentation\reports\organoid_measurements_aspirina_5_segmentations\Condição 5 - 20_labels.tif
Condição 5 - 20.jpg,ConvPaint,583,776.0,322.5,2.0,0.0,0.3333333432674408,0.7978845608028654,,C:\Users\sophi\napari-organoid-segmentation\reports\organoid_measurements_aspirina_5_segmentations\Condição 5 - 20_labels.tif
Condição 5 - 20.jpg,ConvPaint,584,777.0,1599.0,1.0,0.0,0.364705890417099,0.5641895835477563,,C:\Users\sophi\napari-organoid-segmentation\reports\organoid_measurements_aspirina_5_segmentations\Condição 5 - 20_labels.tif
Condição 5 - 20.jpg,ConvPaint,585,778.6666666666666,946.6666666666666,3.0,3.414213562373095,0.48496732115745544,0.9772050238058398,3.2340725067158833,C:\Users\sophi\napari-organoid-segmentation\reports\organoid_measurements_aspirina_5_segmentations\Condição 5 - 20_labels.tif
Condição 5 - 20.jpg,ConvPaint,586,787.3,976.0,10.0,8.621320343559642,0.60039222240448,1.7841241161527712,1.6906834405153373,C:\Users\sophi\napari-organoid-segmentation\reports\organoid_measurements_aspirina_5_segmentations\Condição 5 - 20_labels.tif
Condição 5 - 20.jpg,ConvPaint,587,787.0,1420.0,1.0,0.0,0.5176470875740051,0.5641895835477563,,C:\Users\sophi\napari-organoid-segmentation\reports\organoid_measurements_aspirina_5_segmentations\Condição 5 - 20_labels.tif
Condição 5 - 20.jpg,ConvPaint,588,791.0,1430.0,1.0,0.0,0.501960813999176,0.5641895835477563,,C:\Users\sophi\napari-organoid-segmentation\reports\organoid_measurements_aspirina_5_segmentations\Condição 5 - 20_labels.tif
Condição 5 - 20.jpg,ConvPaint,589,793.1666666666666,1414.3333333333333,6.0,5.0,0.44771242141723633,1.381976597885342,3.015928947446201,C:\Users\sophi\napari-organoid-segmentation\reports\organoid_measurements_aspirina_5_segmentations\Condição 5 - 20_labels.tif
Condição 5 - 20.jpg,ConvPaint,590,795.0,1430.0,1.0,0.0,0.5176470875740051,0.5641895835477563,,C:\Users\sophi\napari-organoid-segmentation\reports\organoid_measurements_aspirina_5_segmentations\Condição 5 - 20_labels.tif
Condição 5 - 20.jpg,ConvPaint,591,796.0,351.0,1.0,0.0,0.29411765933036804,0.5641895835477563,,C:\Users\sophi\napari-organoid-segmentation\reports\organoid_measurements_aspirina_5_segmentations\Condição 5 - 20_labels.tif
Condição 5 - 20.jpg,ConvPaint,592,798.0,568.0,1.0,0.0,0.5098039507865906,0.5641895835477563,,C:\Users\sophi\napari-organoid-segmentation\reports\organoid_measurements_aspirina_5_segmentations\Condição 5 - 20_labels.tif
Condição 5 - 20.jpg,ConvPaint,593,801.5454545454545,972.3636363636364,11.0,10.0,0.5525846481323242,1.8712051592547776,1.382300767579509,C:\Users\sophi\napari-organoid-segmentation\reports\organoid_measurements_aspirina_5_segmentations\Condição 5 - 20_labels.tif
Condição 5 - 20.jpg,ConvPaint,594,800.0,353.0,1.0,0.0,0.30588236451148987,0.5641895835477563,,C:\Users\sophi\napari-organoid-segmentation\reports\organoid_measurements_aspirina_5_segmentations\Condição 5 - 20_labels.tif
Condição 5 - 20.jpg,ConvPaint,595,800.0,568.0,1.0,0.0,0.46666666865348816,0.5641895835477563,,C:\Users\sophi\napari-organoid-segmentation\reports\organoid_measurements_aspirina_5_segmentations\Condição 5 - 20_labels.tif
Condição 5 - 20.jpg,ConvPaint,596,800.0,1589.0,1.0,0.0,0.43921568989753723,0.5641895835477563,,C:\Users\sophi\napari-organoid-segmentation\reports\organoid_measurements_aspirina_5_segmentations\Condição 5 - 20_labels.tif
Condição 5 - 20.jpg,ConvPaint,597,801.0,355.0,1.0,0.0,0.47843137383461,0.5641895835477563,,C:\Users\sophi\napari-organoid-segmentation\reports\organoid_measurements_aspirina_5_segmentations\Condição 5 - 20_labels.tif
Condição 5 - 20.jpg,ConvPaint,598,806.0,1586.0,1.0,0.0,0.4901960790157318,0.5641895835477563,,C:\Users\sophi\napari-organoid-segmentation\reports\organoid_measurements_aspirina_5_segmentations\Condição 5 - 20_labels.tif
Condição 5 - 20.jpg,ConvPaint,599,808.3333333333334,1874.6666666666667,3.0,3.414213562373095,0.5254902243614197,0.9772050238058398,3.2340725067158833,C:\Users\sophi\napari-organoid-segmentation\reports\organoid_measurements_aspirina_5_segmentations\Condição 5 - 20_labels.tif
Condição 5 - 20.jpg,ConvPaint,600,810.0,754.5,2.0,0.0,0.34117648005485535,0.7978845608028654,,C:\Users\sophi\napari-organoid-segmentation\reports\organoid_measurements_aspirina_5_segmentations\Condição 5 - 20_labels.tif
Condição 5 - 20.jpg,ConvPaint,601,810.0,757.0,1.0,0.0,0.32156863808631897,0.5641895835477563,,C:\Users\sophi\napari-organoid-segmentation\reports\organoid_measurements_aspirina_5_segmentations\Condição 5 - 20_labels.tif
Condição 5 - 20.jpg,ConvPaint,602,812.5,1880.5,6.0,6.414213562373095,0.5039215683937073,1.381976597885342,1.8326278532479736,C:\Users\sophi\napari-organoid-segmentation\reports\organoid_measurements_aspirina_5_segmentations\Condição 5 - 20_labels.tif
Condição 5 - 20.jpg,ConvPaint,603,812.0,204.0,1.0,0.0,0.658823549747467,0.5641895835477563,,C:\Users\sophi\napari-organoid-segmentation\reports\organoid_measurements_aspirina_5_segmentations\Condição 5 - 20_labels.tif
Condição 5 - 20.jpg,ConvPaint,604,813.0,1440.0,1.0,0.0,0.501960813999176,0.5641895835477563,,C:\Users\sophi\napari-organoid-segmentation\reports\organoid_measurements_aspirina_5_segmentations\Condição 5 - 20_labels.tif
Condição 5 - 20.jpg,ConvPaint,605,815.5,1444.25,4.0,2.621320343559643,0.4313725531101227,1.1283791670955126,7.315258195544552,C:\Users\sophi\napari-organoid-segmentation\reports\organoid_measurements_aspirina_5_segmentations\Condição 5 - 20_labels.tif
Condição 5 - 20.jpg,ConvPaint,606,816.5,370.5,4.0,4.0,0.5068627595901489,1.1283791670955126,3.141592653589793,C:\Users\sophi\napari-organoid-segmentation\reports\organoid_measurements_aspirina_5_segmentations\Condição 5 - 20_labels.tif
Condição 5 - 20.jpg,ConvPaint,607,816.0,1888.0,1.0,0.0,0.45098039507865906,0.5641895835477563,,C:\Users\sophi\napari-organoid-segmentation\reports\organoid_measurements_aspirina_5_segmentations\Condição 5 - 20_labels.tif
Condição 5 - 20.jpg,ConvPaint,608,821.5,1900.5,2.0,0.0,0.45098039507865906,0.7978845608028654,,C:\Users\sophi\napari-organoid-segmentation\reports\organoid_measurements_aspirina_5_segmentations\Condição 5 - 20_labels.tif
Condição 5 - 20.jpg,ConvPaint,609,822.8,1917.6,5.0,4.414213562373095,0.4705882668495178,1.2615662610100802,3.224580228790828,C:\Users\sophi\napari-organoid-segmentation\reports\organoid_measurements_aspirina_5_segmentations\Condição 5 - 20_labels.tif
Condição 5 - 20.jpg,ConvPaint,610,823.0,1913.0,1.0,0.0,0.4274509847164154,0.5641895835477563,,C:\Users\sophi\napari-organoid-segmentation\reports\organoid_measurements_aspirina_5_segmentations\Condição 5 - 20_labels.tif
Condição 5 - 20.jpg,ConvPaint,611,824.0,1451.0,1.0,0.0,0.4588235318660736,0.5641895835477563,,C:\Users\sophi\napari-organoid-segmentation\reports\organoid_measurements_aspirina_5_segmentations\Condição 5 - 20_labels.tif
Condição 5 - 20.jpg,ConvPaint,612,826.5,566.0,2.0,0.0,0.3490196168422699,0.7978845608028654,,C:\Users\sophi\napari-organoid-segmentation\reports\organoid_measurements_aspirina_5_segmentations\Condição 5 - 20_labels.tif
Condição 5 - 20.jpg,ConvPaint,613,829.3333333333334,1562.6666666666667,3.0,3.414213562373095,0.45228758454322815,0.9772050238058398,3.2340725067158833,C:\Users\sophi\napari-organoid-segmentation\reports\organoid_measurements_aspirina_5_segmentations\Condição 5 - 20_labels.tif
Condição 5 - 20.jpg,ConvPaint,614,832.0,377.0,1.0,0.0,0.2862745225429535,0.5641895835477563,,C:\Users\sophi\napari-organoid-segmentation\reports\organoid_measurements_aspirina_5_segmentations\Condição 5 - 20_labels.tif
Condição 5 - 20.jpg,ConvPaint,615,834.0,1559.0,1.0,0.0,0.45098039507865906,0.5641895835477563,,C:\Users\sophi\napari-organoid-segmentation\reports\organoid_measurements_aspirina_5_segmentations\Condição 5 - 20_labels.tif
Condição 5 - 20.jpg,ConvPaint,616,838.0,559.0,1.0,0.0,0.3176470696926117,0.5641895835477563,,C:\Users\sophi\napari-organoid-segmentation\reports\organoid_measurements_aspirina_5_segmentations\Condição 5 - 20_labels.tif
Condição 5 - 20.jpg,ConvPaint,617,839.0,1553.0,1.0,0.0,0.43529412150382996,0.5641895835477563,,C:\Users\sophi\napari-organoid-segmentation\reports\organoid_measurements_aspirina_5_segmentations\Condição 5 - 20_labels.tif
Condição 5 - 20.jpg,ConvPaint,618,841.0,1492.0,1.0,0.0,0.4588235318660736,0.5641895835477563,,C:\Users\sophi\napari-organoid-segmentation\reports\organoid_measurements_aspirina_5_segmentations\Condição 5 - 20_labels.tif
Condição 5 - 20.jpg,ConvPaint,619,841.0,1547.0,1.0,0.0,0.35686275362968445,0.5641895835477563,,C:\Users\sophi\napari-organoid-segmentation\reports\organoid_measurements_aspirina_5_segmentations\Condição 5 - 20_labels.tif
Condição 5 - 20.jpg,ConvPaint,620,842.3333333333334,198.66666666666666,3.0,3.414213562373095,0.529411792755127,0.9772050238058398,3.2340725067158833,C:\Users\sophi\napari-organoid-segmentation\reports\organoid_measurements_aspirina_5_segmentations\Condição 5 - 20_labels.tif
Condição 5 - 20.jpg,ConvPaint,621,844.5,757.0,2.0,0.0,0.34117648005485535,0.7978845608028654,,C:\Users\sophi\napari-organoid-segmentation\reports\organoid_measurements_aspirina_5_segmentations\Condição 5 - 20_labels.tif
Condição 5 - 20.jpg,ConvPaint,622,846.0,1540.5,2.0,0.0,0.4882352948188782,0.7978845608028654,,C:\Users\sophi\napari-organoid-segmentation\reports\organoid_measurements_aspirina_5_segmentations\Condição 5 - 20_labels.tif
Condição 5 - 20.jpg,ConvPaint,623,850.5,755.0,2.0,0.0,0.34705883264541626,0.7978845608028654,,C:\Users\sophi\napari-organoid-segmentation\reports\organoid_measurements_aspirina_5_segmentations\Condição 5 - 20_labels.tif
Condição 5 - 20.jpg,ConvPaint,624,850.0,1161.0,1.0,0.0,0.5254902243614197,0.5641895835477563,,C:\Users\sophi\napari-organoid-segmentation\reports\organoid_measurements_aspirina_5_segmentations\Condição 5 - 20_labels.tif
Condição 5 - 20.jpg,ConvPaint,625,854.5,1158.0,2.0,0.0,0.4647058844566345,0.7978845608028654,,C:\Users\sophi\napari-organoid-segmentation\reports\organoid_measurements_aspirina_5_segmentations\Condição 5 - 20_labels.tif
Condição 5 - 20.jpg,ConvPaint,626,856.5,1028.0,2.0,0.0,0.5098039507865906,0.7978845608028654,,C:\Users\sophi\napari-organoid-segmentation\reports\organoid_measurements_aspirina_5_segmentations\Condição 5 - 20_labels.tif
Condição 5 - 20.jpg,ConvPaint,627,857.0,393.0,1.0,0.0,0.5254902243614197,0.5641895835477563,,C:\Users\sophi\napari-organoid-segmentation\reports\organoid_measurements_aspirina_5_segmentations\Condição 5 - 20_labels.tif
Condição 5 - 20.jpg,ConvPaint,628,860.25,390.75,8.0,7.207106781186548,0.4225490093231201,1.5957691216057308,1.9354320909169331,C:\Users\sophi\napari-organoid-segmentation\reports\organoid_measurements_aspirina_5_segmentations\Condição 5 - 20_labels.tif
Condição 5 - 20.jpg,ConvPaint,629,861.3076923076923,1517.0,13.0,10.82842712474619,0.4229260981082916,2.0342144725641096,1.3932288539364366,C:\Users\sophi\napari-organoid-segmentation\reports\organoid_measurements_aspirina_5_segmentations\Condição 5 - 20_labels.tif
Condição 5 - 20.jpg,ConvPaint,630,861.0,562.0,1.0,0.0,0.29019609093666077,0.5641895835477563,,C:\Users\sophi\napari-organoid-segmentation\reports\organoid_measurements_aspirina_5_segmentations\Condição 5 - 20_labels.tif
Condição 5 - 20.jpg,ConvPaint,631,866.5,552.0,2.0,0.0,0.7019608020782471,0.7978845608028654,,C:\Users\sophi\napari-organoid-segmentation\reports\organoid_measurements_aspirina_5_segmentations\Condição 5 - 20_labels.tif
Condição 5 - 20.jpg,ConvPaint,632,867.0,1137.0,1.0,0.0,0.4117647111415863,0.5641895835477563,,C:\Users\sophi\napari-organoid-segmentation\reports\organoid_measurements_aspirina_5_segmentations\Condição 5 - 20_labels.tif
Condição 5 - 20.jpg,ConvPaint,633,870.5,1085.0,2.0,0.0,0.38823530077934265,0.7978845608028654,,C:\Users\sophi\napari-organoid-segmentation\reports\organoid_measurements_aspirina_5_segmentations\Condição 5 - 20_labels.tif
Condição 5 - 20.jpg,ConvPaint,634,871.0,1117.0,1.0,0.0,0.46666666865348816,0.5641895835477563,,C:\Users\sophi\napari-organoid-segmentation\reports\organoid_measurements_aspirina_5_segmentations\Condição 5 - 20_labels.tif
Condição 5 - 20.jpg,ConvPaint,635,877.5106382978723,184.0,47.0,34.86396103067892,0.48385483026504517,3.8678889139475245,0.4859082435340901,C:\Users\sophi\napari-organoid-segmentation\reports\organoid_measurements_aspirina_5_segmentations\Condição 5 - 20_labels.tif
Condição 5 - 20.jpg,ConvPaint,636,872.5,1111.0,2.0,0.0,0.4058823585510254,0.7978845608028654,,C:\Users\sophi\napari-organoid-segmentation\reports\organoid_measurements_aspirina_5_segmentations\Condição 5 - 20_labels.tif
Condição 5 - 20.jpg,ConvPaint,637,873.5,190.0,2.0,0.0,0.48627451062202454,0.7978845608028654,,C:\Users\sophi\napari-organoid-segmentation\reports\organoid_measurements_aspirina_5_segmentations\Condição 5 - 20_labels.tif
Condição 5 - 20.jpg,ConvPaint,638,873.0,386.0,1.0,0.0,0.27843138575553894,0.5641895835477563,,C:\Users\sophi\napari-organoid-segmentation\reports\organoid_measurements_aspirina_5_segmentations\Condição 5 - 20_labels.tif
Condição 5 - 20.jpg,ConvPaint,639,873.0,1095.0,1.0,0.0,0.43529412150382996,0.5641895835477563,,C:\Users\sophi\napari-organoid-segmentation\reports\organoid_measurements_aspirina_5_segmentations\Condição 5 - 20_labels.tif
Condição 5 - 20.jpg,ConvPaint,640,874.5,1093.0,2.0,0.0,0.5137255191802979,0.7978845608028654,,C:\Users\sophi\napari-organoid-segmentation\reports\organoid_measurements_aspirina_5_segmentations\Condição 5 - 20_labels.tif
Condição 5 - 20.jpg,ConvPaint,641,878.0,373.0,1.0,0.0,0.3529411852359772,0.5641895835477563,,C:\Users\sophi\napari-organoid-segmentation\reports\organoid_measurements_aspirina_5_segmentations\Condição 5 - 20_labels.tif
Condição 5 - 20.jpg,ConvPaint,642,885.6179775280899,196.20224719101122,89.0,48.520815280171306,0.42366164922714233,5.322553886092406,0.4750547791309278,C:\Users\sophi\napari-organoid-segmentation\reports\organoid_measurements_aspirina_5_segmentations\Condição 5 - 20_labels.tif
Condição 5 - 20.jpg,ConvPaint,643,881.0,386.5,2.0,0.0,0.40392157435417175,0.7978845608028654,,C:\Users\sophi\napari-organoid-segmentation\reports\organoid_measurements_aspirina_5_segmentations\Condição 5 - 20_labels.tif
Condição 5 - 20.jpg,ConvPaint,644,881.0,713.5,2.0,0.0,0.3294117748737335,0.7978845608028654,,C:\Users\sophi\napari-organoid-segmentation\reports\organoid_measurements_aspirina_5_segmentations\Condição 5 - 20_labels.tif
Condição 5 - 20.jpg,ConvPaint,645,882.0,204.0,1.0,0.0,0.3686274588108063,0.5641895835477563,,C:\Users\sophi\napari-organoid-segmentation\reports\organoid_measurements_aspirina_5_segmentations\Condição 5 - 20_labels.tif
Condição 5 - 20.jpg,ConvPaint,646,884.3333333333334,708.3333333333334,3.0,3.414213562373095,0.5882353186607361,0.9772050238058398,3.2340725067158833,C:\Users\sophi\napari-organoid-segmentation\reports\organoid_measurements_aspirina_5_segmentations\Condição 5 - 20_labels.tif
Condição 5 - 20.jpg,ConvPaint,647,885.0,565.0,1.0,0.0,0.5803921818733215,0.5641895835477563,,C:\Users\sophi\napari-organoid-segmentation\reports\organoid_measurements_aspirina_5_segmentations\Condição 5 - 20_labels.tif
Condição 5 - 20.jpg,ConvPaint,648,885.0,590.0,1.0,0.0,0.32156863808631897,0.5641895835477563,,C:\Users\sophi\napari-organoid-segmentation\reports\organoid_measurements_aspirina_5_segmentations\Condição 5 - 20_labels.tif
Condição 5 - 20.jpg,ConvPaint,649,886.0,181.0,1.0,0.0,0.501960813999176,0.5641895835477563,,C:\Users\sophi\napari-organoid-segmentation\reports\organoid_measurements_aspirina_5_segmentations\Condição 5 - 20_labels.tif
Condição 5 - 20.jpg,ConvPaint,650,886.0,579.0,1.0,0.0,0.3803921639919281,0.5641895835477563,,C:\Users\sophi\napari-organoid-segmentation\reports\organoid_measurements_aspirina_5_segmentations\Condição 5 - 20_labels.tif
Condição 5 - 20.jpg,ConvPaint,651,890.7962962962963,588.2962962962963,54.0,33.86396103067893,0.37109655141830444,4.145929793656026,0.5917361645761638,C:\Users\sophi\napari-organoid-segmentation\reports\organoid_measurements_aspirina_5_segmentations\Condição 5 - 20_labels.tif
Condição 5 - 20.jpg,ConvPaint,652,886.5,694.5,4.0,4.0,0.42941176891326904,1.1283791670955126,3.141592653589793,C:\Users\sophi\napari-organoid-segmentation\reports\organoid_measurements_aspirina_5_segmentations\Condição 5 - 20_labels.tif
Condição 5 - 20.jpg,ConvPaint,653,887.0,367.0,1.0,0.0,0.3764705955982208,0.5641895835477563,,C:\Users\sophi\napari-organoid-segmentation\reports\organoid_measurements_aspirina_5_segmentations\Condição 5 - 20_labels.tif
Condição 5 - 20.jpg,ConvPaint,654,889.7272727272727,596.9090909090909,11.0,10.035533905932738,0.38253119587898254,1.8712051592547776,1.3725291727209639,C:\Users\sophi\napari-organoid-segmentation\reports\organoid_measurements_aspirina_5_segmentations\Condição 5 - 20_labels.tif
Condição 5 - 20.jpg,ConvPaint,655,887.0,709.0,1.0,0.0,0.5529412031173706,0.5641895835477563,,C:\Users\sophi\napari-organoid-segmentation\reports\organoid_measurements_aspirina_5_segmentations\Condição 5 - 20_labels.tif
Condição 5 - 20.jpg,ConvPaint,656,895.8243243243244,184.1216216216216,74.0,42.89949493661167,0.476311594247818,4.853342309955121,0.5052859534651909,C:\Users\sophi\napari-organoid-segmentation\reports\organoid_measurements_aspirina_5_segmentations\Condição 5 - 20_labels.tif
Condição 5 - 20.jpg,ConvPaint,657,893.0,608.0,1.0,0.0,0.364705890417099,0.5641895835477563,,C:\Users\sophi\napari-organoid-segmentation\reports\organoid_measurements_aspirina_5_segmentations\Condição 5 - 20_labels.tif
Condição 5 - 20.jpg,ConvPaint,658,894.0,201.0,1.0,0.0,0.4000000059604645,0.5641895835477563,,C:\Users\sophi\napari-organoid-segmentation\reports\organoid_measurements_aspirina_5_segmentations\Condição 5 - 20_labels.tif
Condição 5 - 20.jpg,ConvPaint,659,894.5,600.0,6.0,6.0,0.3986928164958954,1.381976597885342,2.0943951023931953,C:\Users\sophi\napari-organoid-segmentation\reports\organoid_measurements_aspirina_5_segmentations\Condição 5 - 20_labels.tif
Condição 5 - 20.jpg,ConvPaint,660,894.0,604.0,1.0,0.0,0.4313725531101227,0.5641895835477563,,C:\Users\sophi\napari-organoid-segmentation\reports\organoid_measurements_aspirina_5_segmentations\Condição 5 - 20_labels.tif
Condição 5 - 20.jpg,ConvPaint,661,895.0,596.5,2.0,0.0,0.44509804248809814,0.7978845608028654,,C:\Users\sophi\napari-organoid-segmentation\reports\organoid_measurements_aspirina_5_segmentations\Condição 5 - 20_labels.tif
Condição 5 - 20.jpg,ConvPaint,662,896.0,202.0,1.0,0.0,0.4000000059604645,0.5641895835477563,,C:\Users\sophi\napari-organoid-segmentation\reports\organoid_measurements_aspirina_5_segmentations\Condição 5 - 20_labels.tif
Condição 5 - 20.jpg,ConvPaint,663,897.0,590.0,1.0,0.0,0.4156862795352936,0.5641895835477563,,C:\Users\sophi\napari-organoid-segmentation\reports\organoid_measurements_aspirina_5_segmentations\Condição 5 - 20_labels.tif
Condição 5 - 20.jpg,ConvPaint,664,898.5,582.5,2.0,0.0,0.5215686559677124,0.7978845608028654,,C:\Users\sophi\napari-organoid-segmentation\reports\organoid_measurements_aspirina_5_segmentations\Condição 5 - 20_labels.tif
Condição 5 - 20.jpg,ConvPaint,665,901.0,359.3333333333333,3.0,1.2071067811865475,0.40130719542503357,0.9772050238058398,25.872580053727066,C:\Users\sophi\napari-organoid-segmentation\reports\organoid_measurements_aspirina_5_segmentations\Condição 5 - 20_labels.tif
Condição 5 - 20.jpg,ConvPaint,666,901.0,382.5,2.0,0.0,0.5568627715110779,0.7978845608028654,,C:\Users\sophi\napari-organoid-segmentation\reports\organoid_measurements_aspirina_5_segmentations\Condição 5 - 20_labels.tif
Condição 5 - 20.jpg,ConvPaint,667,901.0,385.0,1.0,0.0,0.6078431606292725,0.5641895835477563,,C:\Users\sophi\napari-organoid-segmentation\reports\organoid_measurements_aspirina_5_segmentations\Condição 5 - 20_labels.tif
Condição 5 - 20.jpg,ConvPaint,668,905.8181818181819,159.27272727272728,11.0,9.207106781186548,0.5611408352851868,1.8712051592547776,1.63063285755946,C:\Users\sophi\napari-organoid-segmentation\reports\organoid_measurements_aspirina_5_segmentations\Condição 5 - 20_labels.tif
Condição 5 - 20.jpg,ConvPaint,669,906.7954545454545,352.02272727272725,44.0,24.86396103067893,0.36827096343040466,3.742410318509555,0.8943796469957289,C:\Users\sophi\napari-organoid-segmentation\reports\organoid_measurements_aspirina_5_segmentations\Condição 5 - 20_labels.tif
Condição 5 - 20.jpg,ConvPaint,670,908.5,185.35714285714286,14.0,9.035533905932738,0.4957982897758484,2.111004122822376,2.1549155736721475,C:\Users\sophi\napari-organoid-segmentation\reports\organoid_measurements_aspirina_5_segmentations\Condição 5 - 20_labels.tif
Condição 5 - 20.jpg,ConvPaint,671,907.4285714285714,229.71428571428572,7.0,7.414213562373096,0.38711485266685486,1.4927053303604616,1.6002127302753708,C:\Users\sophi\napari-organoid-segmentation\reports\organoid_measurements_aspirina_5_segmentations\Condição 5 - 20_labels.tif
Condição 5 - 20.jpg,ConvPaint,672,907.0,299.0,1.0,0.0,0.32156863808631897,0.5641895835477563,,C:\Users\sophi\napari-organoid-segmentation\reports\organoid_measurements_aspirina_5_segmentations\Condição 5 - 20_labels.tif
Condição 5 - 20.jpg,ConvPaint,673,908.2,318.8,5.0,4.0,0.3937254846096039,1.2615662610100802,3.9269908169872414,C:\Users\sophi\napari-organoid-segmentation\reports\organoid_measurements_aspirina_5_segmentations\Condição 5 - 20_labels.tif
Condição 5 - 20.jpg,ConvPaint,674,908.0,304.0,1.0,0.0,0.35686275362968445,0.5641895835477563,,C:\Users\sophi\napari-organoid-segmentation\reports\organoid_measurements_aspirina_5_segmentations\Condição 5 - 20_labels.tif
Condição 5 - 20.jpg,ConvPaint,675,912.1538461538462,312.05128205128204,39.0,26.27817459305202,0.44353950023651123,3.523362819972964,0.7097151621936685,C:\Users\sophi\napari-organoid-segmentation\reports\organoid_measurements_aspirina_5_segmentations\Condição 5 - 20_labels.tif
Condição 5 - 20.jpg,ConvPaint,676,908.875,362.0,8.0,6.207106781186548,0.33578431606292725,1.5957691216057308,2.609284399707912,C:\Users\sophi\napari-organoid-segmentation\reports\organoid_measurements_aspirina_5_segmentations\Condição 5 - 20_labels.tif
Condição 5 - 20.jpg,ConvPaint,677,909.0,212.5,2.0,0.0,0.46078431606292725,0.7978845608028654,,C:\Users\sophi\napari-organoid-segmentation\reports\organoid_measurements_aspirina_5_segmentations\Condição 5 - 20_labels.tif
Condição 5 - 20.jpg,ConvPaint,678,909.0,268.5,2.0,0.0,0.28823530673980713,0.7978845608028654,,C:\Users\sophi\napari-organoid-segmentation\reports\organoid_measurements_aspirina_5_segmentations\Condição 5 - 20_labels.tif
Condição 5 - 20.jpg,ConvPaint,679,910.375,305.625,8.0,7.0,0.3578431308269501,1.5957691216057308,2.0516523452014974,C:\Users\sophi\napari-organoid-segmentation\reports\organoid_measurements_aspirina_5_segmentations\Condição 5 - 20_labels.tif
Condição 5 - 20.jpg,ConvPaint,680,910.1666666666666,341.1666666666667,6.0,6.242640687119286,0.5202614665031433,1.381976597885342,1.9347481372744961,C:\Users\sophi\napari-organoid-segmentation\reports\organoid_measurements_aspirina_5_segmentations\Condição 5 - 20_labels.tif
Condição 5 - 20.jpg,ConvPaint,681,910.5,234.0,2.0,0.0,0.36274510622024536,0.7978845608028654,,C:\Users\sophi\napari-organoid-segmentation\reports\organoid_measurements_aspirina_5_segmentations\Condição 5 - 20_labels.tif
Condição 5 - 20.jpg,ConvPaint,682,910.5,360.0,2.0,0.0,0.3705882430076599,0.7978845608028654,,C:\Users\sophi\napari-organoid-segmentation\reports\organoid_measurements_aspirina_5_segmentations\Condição 5 - 20_labels.tif
Condição 5 - 20.jpg,ConvPaint,683,910.4,368.2,5.0,5.207106781186548,0.46352940797805786,1.2615662610100802,2.3173247538676778,C:\Users\sophi\napari-organoid-segmentation\reports\organoid_measurements_aspirina_5_segmentations\Condição 5 - 20_labels.tif
Condição 5 - 20.jpg,ConvPaint,684,910.0,674.0,1.0,0.0,0.5215686559677124,0.5641895835477563,,C:\Users\sophi\napari-organoid-segmentation\reports\organoid_measurements_aspirina_5_segmentations\Condição 5 - 20_labels.tif
Condição 5 - 20.jpg,ConvPaint,685,911.0,365.0,1.0,0.0,0.4274509847164154,0.5641895835477563,,C:\Users\sophi\napari-organoid-segmentation\reports\organoid_measurements_aspirina_5_segmentations\Condição 5 - 20_labels.tif
Condição 5 - 20.jpg,ConvPaint,686,911.0,372.0,1.0,0.0,0.49803921580314636,0.5641895835477563,,C:\Users\sophi\napari-organoid-segmentation\reports\organoid_measurements_aspirina_5_segmentations\Condição 5 - 20_labels.tif
Condição 5 - 20.jpg,ConvPaint,687,912.5,350.0,2.0,0.0,0.5078431367874146,0.7978845608028654,,C:\Users\sophi\napari-organoid-segmentation\reports\organoid_measurements_aspirina_5_segmentations\Condição 5 - 20_labels.tif
Condição 5 - 20.jpg,ConvPaint,688,913.0,268.0,1.0,0.0,0.4156862795352936,0.5641895835477563,,C:\Users\sophi\napari-organoid-segmentation\reports\organoid_measurements_aspirina_5_segmentations\Condição 5 - 20_labels.tif
Condição 5 - 20.jpg,ConvPaint,689,913.8,317.6,5.0,5.207106781186548,0.4219607710838318,1.2615662610100802,2.3173247538676778,C:\Users\sophi\napari-organoid-segmentation\reports\organoid_measurements_aspirina_5_segmentations\Condição 5 - 20_labels.tif
Condição 5 - 20.jpg,ConvPaint,690,914.5,188.5,4.0,4.0,0.44411763548851013,1.1283791670955126,3.141592653589793,C:\Users\sophi\napari-organoid-segmentation\reports\organoid_measurements_aspirina_5_segmentations\Condição 5 - 20_labels.tif
Condição 5 - 20.jpg,ConvPaint,691,915.0,326.0,1.0,0.0,0.5686274766921997,0.5641895835477563,,C:\Users\sophi\napari-organoid-segmentation\reports\organoid_measurements_aspirina_5_segmentations\Condição 5 - 20_labels.tif
Condição 5 - 20.jpg,ConvPaint,692,924.4761904761905,200.04761904761904,21.0,15.621320343559644,0.43398693203926086,2.5854414729132054,1.081418218471583,C:\Users\sophi\napari-organoid-segmentation\reports\organoid_measurements_aspirina_5_segmentations\Condição 5 - 20_labels.tif
Condição 5 - 20.jpg,ConvPaint,693,922.25,243.75,4.0,3.2071067811865475,0.41470587253570557,1.1283791670955126,4.887007608661263,C:\Users\sophi\napari-organoid-segmentation\reports\organoid_measurements_aspirina_5_segmentations\Condição 5 - 20_labels.tif
Condição 5 - 20.jpg,ConvPaint,694,922.5,246.0,2.0,0.0,0.5313725471496582,0.7978845608028654,,C:\Users\sophi\napari-organoid-segmentation\reports\organoid_measurements_aspirina_5_segmentations\Condição 5 - 20_labels.tif
Condição 5 - 20.jpg,ConvPaint,695,927.0,234.0,1.0,0.0,0.4588235318660736,0.5641895835477563,,C:\Users\sophi\napari-organoid-segmentation\reports\organoid_measurements_aspirina_5_segmentations\Condição 5 - 20_labels.tif
Condição 5 - 20.jpg,ConvPaint,696,928.0,222.0,1.0,0.0,0.43921568989753723,0.5641895835477563,,C:\Users\sophi\napari-organoid-segmentation\reports\organoid_measurements_aspirina_5_segmentations\Condição 5 - 20_labels.tif
Condição 5 - 20.jpg,ConvPaint,697,930.0,202.0,1.0,0.0,0.48235294222831726,0.5641895835477563,,C:\Users\sophi\napari-organoid-segmentation\reports\organoid_measurements_aspirina_5_segmentations\Condição 5 - 20_labels.tif
Condição 5 - 20.jpg,ConvPaint,698,974.25,1730.75,4.0,3.2071067811865475,0.5215686559677124,1.1283791670955126,4.887007608661263,C:\Users\sophi\napari-organoid-segmentation\reports\organoid_measurements_aspirina_5_segmentations\Condição 5 - 20_labels.tif
Condição 5 - 20.jpg,ConvPaint,699,974.5,1707.0,2.0,0.0,0.4843137264251709,0.7978845608028654,,C:\Users\sophi\napari-organoid-segmentation\reports\organoid_measurements_aspirina_5_segmentations\Condição 5 - 20_labels.tif
Condição 5 - 20.jpg,ConvPaint,700,977.8,1705.2,5.0,4.207106781186548,0.527843177318573,1.2615662610100802,3.5498728546441756,C:\Users\sophi\napari-organoid-segmentation\reports\organoid_measurements_aspirina_5_segmentations\Condição 5 - 20_labels.tif
Condição 5 - 20.jpg,ConvPaint,701,978.5,1713.35,20.0,14.82842712474619,0.20274510979652405,2.5231325220201604,1.1430090930538366,C:\Users\sophi\napari-organoid-segmentation\reports\organoid_measurements_aspirina_5_segmentations\Condição 5 - 20_labels.tif
Condição 5 - 20.jpg,ConvPaint,702,977.7142857142857,1737.142857142857,7.0,5.207106781186548,0.25770309567451477,1.4927053303604616,3.244254655414749,C:\Users\sophi\napari-organoid-segmentation\reports\organoid_measurements_aspirina_5_segmentations\Condição 5 - 20_labels.tif
Condição 5 - 20.jpg,ConvPaint,703,976.3333333333334,1742.0,3.0,1.2071067811865475,0.5202614665031433,0.9772050238058398,25.872580053727066,C:\Users\sophi\napari-organoid-segmentation\reports\organoid_measurements_aspirina_5_segmentations\Condição 5 - 20_labels.tif
Condição 5 - 20.jpg,ConvPaint,704,976.0,1755.0,1.0,0.0,0.5098039507865906,0.5641895835477563,,C:\Users\sophi\napari-organoid-segmentation\reports\organoid_measurements_aspirina_5_segmentations\Condição 5 - 20_labels.tif
Condição 5 - 20.jpg,ConvPaint,705,977.0,1764.0,1.0,0.0,0.5098039507865906,0.5641895835477563,,C:\Users\sophi\napari-organoid-segmentation\reports\organoid_measurements_aspirina_5_segmentations\Condição 5 - 20_labels.tif
Condição 5 - 20.jpg,ConvPaint,706,977.0,1768.0,1.0,0.0,0.5058823823928833,0.5641895835477563,,C:\Users\sophi\napari-organoid-segmentation\reports\organoid_measurements_aspirina_5_segmentations\Condição 5 - 20_labels.tif
Condição 5 - 20.jpg,ConvPaint,707,978.0,1729.0,1.0,0.0,0.5215686559677124,0.5641895835477563,,C:\Users\sophi\napari-organoid-segmentation\reports\organoid_measurements_aspirina_5_segmentations\Condição 5 - 20_labels.tif
Condição 5 - 20.jpg,ConvPaint,708,979.1428571428571,1806.857142857143,7.0,6.035533905932738,0.5058823227882385,1.4927053303604616,2.4147741383478594,C:\Users\sophi\napari-organoid-segmentation\reports\organoid_measurements_aspirina_5_segmentations\Condição 5 - 20_labels.tif
Condição 5 - 20.jpg,ConvPaint,709,985.3513513513514,1753.5675675675675,37.0,26.207106781186546,0.3173291087150574,3.431831258788849,0.6769762480967879,C:\Users\sophi\napari-organoid-segmentation\reports\organoid_measurements_aspirina_5_segmentations\Condição 5 - 20_labels.tif
Condição 5 - 20.jpg,ConvPaint,710,981.0,1708.0,1.0,0.0,0.5254902243614197,0.5641895835477563,,C:\Users\sophi\napari-organoid-segmentation\reports\organoid_measurements_aspirina_5_segmentations\Condição 5 - 20_labels.tif
Condição 5 - 20.jpg,ConvPaint,711,984.5,1836.0,2.0,0.0,0.0,0.7978845608028654,,C:\Users\sophi\napari-organoid-segmentation\reports\organoid_measurements_aspirina_5_segmentations\Condição 5 - 20_labels.tif
Condição 5 - 20.jpg,ConvPaint,712,986.0,1848.0,1.0,0.0,0.49803921580314636,0.5641895835477563,,C:\Users\sophi\napari-organoid-segmentation\reports\organoid_measurements_aspirina_5_segmentations\Condição 5 - 20_labels.tif
Condição 5 - 20.jpg,ConvPaint,713,987.0,1827.0,1.0,0.0,0.0,0.5641895835477563,,C:\Users\sophi\napari-organoid-segmentation\reports\organoid_measurements_aspirina_5_segmentations\Condição 5 - 20_labels.tif
Condição 5 - 20.jpg,ConvPaint,714,987.0,1834.0,1.0,0.0,0.5058823823928833,0.5641895835477563,,C:\Users\sophi\napari-organoid-segmentation\reports\organoid_measurements_aspirina_5_segmentations\Condição 5 - 20_labels.tif
Condição 5 - 20.jpg,ConvPaint,715,987.0,1841.0,1.0,0.0,0.0,0.5641895835477563,,C:\Users\sophi\napari-organoid-segmentation\reports\organoid_measurements_aspirina_5_segmentations\Condição 5 - 20_labels.tif
Condição 5 - 20.jpg,ConvPaint,716,994.0,1805.142857142857,7.0,5.414213562373095,0.5081232786178589,1.4927053303604616,3.000800608478478,C:\Users\sophi\napari-organoid-segmentation\reports\organoid_measurements_aspirina_5_segmentations\Condição 5 - 20_labels.tif
Condição 5 - 20.jpg,ConvPaint,717,994.0,1754.0,1.0,0.0,0.5098039507865906,0.5641895835477563,,C:\Users\sophi\napari-organoid-segmentation\reports\organoid_measurements_aspirina_5_segmentations\Condição 5 - 20_labels.tif
Condição 5 - 20.jpg,ConvPaint,718,994.0,1769.0,1.0,0.0,0.5098039507865906,0.5641895835477563,,C:\Users\sophi\napari-organoid-segmentation\reports\organoid_measurements_aspirina_5_segmentations\Condição 5 - 20_labels.tif
Condição 5 - 20.jpg,ConvPaint,719,997.2222222222222,1705.5555555555557,9.0,9.207106781186548,0.48453161120414734,1.692568750643269,1.3341541561850128,C:\Users\sophi\napari-organoid-segmentation\reports\organoid_measurements_aspirina_5_segmentations\Condição 5 - 20_labels.tif
Condição 5 - 20.jpg,ConvPaint,720,996.0,1729.0,1.0,0.0,0.5215686559677124,0.5641895835477563,,C:\Users\sophi\napari-organoid-segmentation\reports\organoid_measurements_aspirina_5_segmentations\Condição 5 - 20_labels.tif
Condição 5 - 20.jpg,ConvPaint,721,996.0,1743.0,1.0,0.0,0.5098039507865906,0.5641895835477563,,C:\Users\sophi\napari-organoid-segmentation\reports\organoid_measurements_aspirina_5_segmentations\Condição 5 - 20_labels.tif
Condição 5 - 20.jpg,ConvPaint,722,996.5,1768.0,2.0,0.0,0.5078431367874146,0.7978845608028654,,C:\Users\sophi\napari-organoid-segmentation\reports\organoid_measurements_aspirina_5_segmentations\Condição 5 - 20_labels.tif
Condição 5 - 20.jpg,ConvPaint,723,998.0,1740.0,3.0,1.0,0.33856210112571716,0.9772050238058398,37.69911184307752,C:\Users\sophi\napari-organoid-segmentation\reports\organoid_measurements_aspirina_5_segmentations\Condição 5 - 20_labels.tif
Condição 5 - 20.jpg,ConvPaint,724,998.6666666666666,1742.6666666666667,3.0,3.414213562373095,0.05098039284348488,0.9772050238058398,3.2340725067158833,C:\Users\sophi\napari-organoid-segmentation\reports\organoid_measurements_aspirina_5_segmentations\Condição 5 - 20_labels.tif
Condição 5 - 20.jpg,ConvPaint,725,998.5,1820.0,2.0,0.0,0.503921627998352,0.7978845608028654,,C:\Users\sophi\napari-organoid-segmentation\reports\organoid_measurements_aspirina_5_segmentations\Condição 5 - 20_labels.tif
Condição 5 - 20.jpg,ConvPaint,726,1000.2,1728.8,5.0,4.0,0.5207843780517578,1.2615662610100802,3.9269908169872414,C:\Users\sophi\napari-organoid-segmentation\reports\organoid_measurements_aspirina_5_segmentations\Condição 5 - 20_labels.tif
Condição 5 - 20.jpg,ConvPaint,727,1000.0,1756.0,1.0,0.0,0.5058823823928833,0.5641895835477563,,C:\Users\sophi\napari-organoid-segmentation\reports\organoid_measurements_aspirina_5_segmentations\Condição 5 - 20_labels.tif
Condição 5 - 20.jpg,ConvPaint,728,1000.5,1841.0,2.0,0.0,0.0,0.7978845608028654,,C:\Users\sophi\napari-organoid-segmentation\reports\organoid_measurements_aspirina_5_segmentations\Condição 5 - 20_labels.tif
Condição 5 - 20.jpg,ConvPaint,729,1001.0,1731.0,1.0,0.0,0.5176470875740051,0.5641895835477563,,C:\Users\sophi\napari-organoid-segmentation\reports\organoid_measurements_aspirina_5_segmentations\Condição 5 - 20_labels.tif
Condição 5 - 20.jpg,ConvPaint,730,1003.0,1706.0,1.0,0.0,0.5215686559677124,0.5641895835477563,,C:\Users\sophi\napari-organoid-segmentation\reports\organoid_measurements_aspirina_5_segmentations\Condição 5 - 20_labels.tif
Condição 5 - 20.jpg,ConvPaint,731,1004.0,1798.5,6.0,6.0,0.06928104907274246,1.381976597885342,2.0943951023931953,C:\Users\sophi\napari-organoid-segmentation\reports\organoid_measurements_aspirina_5_segmentations\Condição 5 - 20_labels.tif
Condição 5 - 20.jpg,ConvPaint,732,1004.0,1735.0,1.0,0.0,0.5176470875740051,0.5641895835477563,,C:\Users\sophi\napari-organoid-segmentation\reports\organoid_measurements_aspirina_5_segmentations\Condição 5 - 20_labels.tif
Condição 5 - 20.jpg,ConvPaint,733,1012.0,1794.0,3.0,1.0,0.5071895718574524,0.9772050238058398,37.69911184307752,C:\Users\sophi\napari-organoid-segmentation\reports\organoid_measurements_aspirina_5_segmentations\Condição 5 - 20_labels.tif
Condição 5 - 20.jpg,ConvPaint,734,1012.0,1798.5,2.0,0.0,0.5058823823928833,0.7978845608028654,,C:\Users\sophi\napari-organoid-segmentation\reports\organoid_measurements_aspirina_5_segmentations\Condição 5 - 20_labels.tif
Condição 5 - 20.jpg,ConvPaint,735,1015.0,1726.5,2.0,0.0,0.5196079015731812,0.7978845608028654,,C:\Users\sophi\napari-organoid-segmentation\reports\organoid_measurements_aspirina_5_segmentations\Condição 5 - 20_labels.tif
Condição 5 - 20.jpg,ConvPaint,736,1036.0,1836.0,1.0,0.0,0.4941176474094391,0.5641895835477563,,C:\Users\sophi\napari-organoid-segmentation\reports\organoid_measurements_aspirina_5_segmentations\Condição 5 - 20_labels.tif
Condição 5 - 20.jpg,ConvPaint,737,1050.111111111111,1625.0555555555557,18.0,16.863961030678926,0.43246185779571533,2.393653682408596,0.7953589806573076,C:\Users\sophi\napari-organoid-segmentation\reports\organoid_measurements_aspirina_5_segmentations\Condição 5 - 20_labels.tif
Condição 5 - 20.jpg,ConvPaint,738,1053.8,1621.7,10.0,8.82842712474619,0.42588233947753906,1.7841241161527712,1.612290114395414,C:\Users\sophi\napari-organoid-segmentation\reports\organoid_measurements_aspirina_5_segmentations\Condição 5 - 20_labels.tif
Condição 5 - 20.jpg,ConvPaint,739,1055.0,1614.0,1.0,0.0,0.40784314274787903,0.5641895835477563,,C:\Users\sophi\napari-organoid-segmentation\reports\organoid_measurements_aspirina_5_segmentations\Condição 5 - 20_labels.tif
Condição 5 - 20.jpg,ConvPaint,740,1057.0,1609.0,1.0,0.0,0.3764705955982208,0.5641895835477563,,C:\Users\sophi\napari-organoid-segmentation\reports\organoid_measurements_aspirina_5_segmentations\Condição 5 - 20_labels.tif
Condição 5 - 20.jpg,ConvPaint,741,1068.7887323943662,1604.2394366197184,71.0,56.14213562373095,0.42236950993537903,4.753945931439391,0.28306772515127804,C:\Users\sophi\napari-organoid-segmentation\reports\organoid_measurements_aspirina_5_segmentations\Condição 5 - 20_labels.tif
Condição 5 - 20.jpg,ConvPaint,742,1060.5,1606.5,4.0,4.0,0.3803921639919281,1.1283791670955126,3.141592653589793,C:\Users\sophi\napari-organoid-segmentation\reports\organoid_measurements_aspirina_5_segmentations\Condição 5 - 20_labels.tif
Condição 5 - 20.jpg,ConvPaint,743,1073.2190476190476,1626.5714285714287,105.0,62.87005768508881,0.3419981002807617,5.781222885281108,0.333819302554038,C:\Users\sophi\napari-organoid-segmentation\reports\organoid_measurements_aspirina_5_segmentations\Condição 5 - 20_labels.tif
Condição 5 - 20.jpg,ConvPaint,744,1071.5,1615.25,12.0,10.414213562373096,0.37973856925964355,1.9544100476116797,1.3903948523206067,C:\Users\sophi\napari-organoid-segmentation\reports\organoid_measurements_aspirina_5_segmentations\Condição 5 - 20_labels.tif
Condição 5 - 20.jpg,ConvPaint,745,1071.0,1609.0,1.0,0.0,0.37254902720451355,0.5641895835477563,,C:\Users\sophi\napari-organoid-segmentation\reports\organoid_measurements_aspirina_5_segmentations\Condição 5 - 20_labels.tif
Condição 5 - 20.jpg,ConvPaint,746,1071.0,1639.0,1.0,0.0,0.40784314274787903,0.5641895835477563,,C:\Users\sophi\napari-organoid-segmentation\reports\organoid_measurements_aspirina_5_segmentations\Condição 5 - 20_labels.tif
Condição 5 - 20.jpg,ConvPaint,747,1073.0,1607.0,1.0,0.0,0.3803921639919281,0.5641895835477563,,C:\Users\sophi\napari-organoid-segmentation\reports\organoid_measurements_aspirina_5_segmentations\Condição 5 - 20_labels.tif
Condição 5 - 20.jpg,ConvPaint,748,1074.5,1641.5,2.0,0.0,0.4117647111415863,0.7978845608028654,,C:\Users\sophi\napari-organoid-segmentation\reports\organoid_measurements_aspirina_5_segmentations\Condição 5 - 20_labels.tif
Condição 5 - 20.jpg,ConvPaint,749,1075.0,1907.0,1.0,0.0,0.3921568691730499,0.5641895835477563,,C:\Users\sophi\napari-organoid-segmentation\reports\organoid_measurements_aspirina_5_segmentations\Condição 5 - 20_labels.tif
Condição 5 - 20.jpg,ConvPaint,750,1075.0,1909.0,1.0,0.0,0.30588236451148987,0.5641895835477563,,C:\Users\sophi\napari-organoid-segmentation\reports\organoid_measurements_aspirina_5_segmentations\Condição 5 - 20_labels.tif
Condição 5 - 20.jpg,ConvPaint,751,1077.625,1912.5416666666667,48.0,36.86396103067893,0.21977125108242035,3.9088200952233594,0.44386112009986856,C:\Users\sophi\napari-organoid-segmentation\reports\organoid_measurements_aspirina_5_segmentations\Condição 5 - 20_labels.tif
Condição 5 - 20.jpg,ConvPaint,752,1078.4,1608.2,5.0,5.207106781186548,0.4125490188598633,1.2615662610100802,2.3173247538676778,C:\Users\sophi\napari-organoid-segmentation\reports\organoid_measurements_aspirina_5_segmentations\Condição 5 - 20_labels.tif
Condição 5 - 20.jpg,ConvPaint,753,1078.3333333333333,1634.3333333333333,3.0,3.414213562373095,0.35424837470054626,0.9772050238058398,3.2340725067158833,C:\Users\sophi\napari-organoid-segmentation\reports\organoid_measurements_aspirina_5_segmentations\Condição 5 - 20_labels.tif
